analysis_row_id,lnp_id,md_source_lnp_id,transfection_active,seed,model,fold,probability,prediction
130,193,LNP193,1,2000,baseline,0,0.6151391246534483,1
131,194,LNP194,1,2000,baseline,1,0.5771643790516046,1
132,195,LNP195,0,2000,baseline,2,0.9349744925213677,1
294,782,LNP782,1,2000,baseline,3,0.4713394755526437,0
357,875,LNP782,1,2000,baseline,3,0.5200164117216771,1
295,783,LNP854,0,2000,baseline,4,0.9766086029376188,1
366,911,LNP854,1,2000,baseline,4,0.4852847043296059,0
272,636,LNP858,0,2000,baseline,5,0.45735056503599253,0
288,687,LNP858,0,2000,baseline,5,0.5062038971613837,1
293,781,LNP858,1,2000,baseline,5,0.4372116761471031,0
367,922,LNP858,0,2000,baseline,5,0.4381252764357034,0
368,923,LNP858,0,2000,baseline,5,0.4381252764357034,0
369,931,LNP858,0,2000,baseline,5,0.48860649456398064,0
130,193,LNP193,1,2000,baseline_plus_md,0,0.7052842410195558,1
131,194,LNP194,1,2000,baseline_plus_md,1,0.5539260476436493,1
132,195,LNP195,0,2000,baseline_plus_md,2,0.7841258966727713,1
294,782,LNP782,1,2000,baseline_plus_md,3,0.5621593506496929,1
357,875,LNP782,1,2000,baseline_plus_md,3,0.5804766617396068,1
295,783,LNP854,0,2000,baseline_plus_md,4,0.9704518333690886,1
366,911,LNP854,1,2000,baseline_plus_md,4,0.6784986010409308,1
272,636,LNP858,0,2000,baseline_plus_md,5,0.47535536836258996,0
288,687,LNP858,0,2000,baseline_plus_md,5,0.5276502569964878,1
293,781,LNP858,1,2000,baseline_plus_md,5,0.46429386042608173,0
367,922,LNP858,0,2000,baseline_plus_md,5,0.4612518330090545,0
368,923,LNP858,0,2000,baseline_plus_md,5,0.4612518330090545,0
369,931,LNP858,0,2000,baseline_plus_md,5,0.5122840953803258,1
130,193,LNP193,1,2001,baseline,0,0.6120269939842511,1
131,194,LNP194,1,2001,baseline,1,0.5678650472894505,1
132,195,LNP195,0,2001,baseline,2,0.9288452481954319,1
294,782,LNP782,1,2001,baseline,3,0.47652907382828863,0
357,875,LNP782,1,2001,baseline,3,0.5106731099462666,1
295,783,LNP854,0,2001,baseline,4,0.9793959260354821,1
366,911,LNP854,1,2001,baseline,4,0.4632054954550305,0
272,636,LNP858,0,2001,baseline,5,0.4543622656826034,0
288,687,LNP858,0,2001,baseline,5,0.5107515667410223,1
293,781,LNP858,1,2001,baseline,5,0.43680274187307894,0
367,922,LNP858,0,2001,baseline,5,0.4326081170534545,0
368,923,LNP858,0,2001,baseline,5,0.4326081170534545,0
369,931,LNP858,0,2001,baseline,5,0.4851869924264477,0
130,193,LNP193,1,2001,baseline_plus_md,0,0.6892788535001962,1
131,194,LNP194,1,2001,baseline_plus_md,1,0.5511806721345998,1
132,195,LNP195,0,2001,baseline_plus_md,2,0.7580835622710623,1
294,782,LNP782,1,2001,baseline_plus_md,3,0.562651744871871,1
357,875,LNP782,1,2001,baseline_plus_md,3,0.5776878287844653,1
295,783,LNP854,0,2001,baseline_plus_md,4,0.9698653255177463,1
366,911,LNP854,1,2001,baseline_plus_md,4,0.6507673573246555,1
272,636,LNP858,0,2001,baseline_plus_md,5,0.47522233254810337,0
288,687,LNP858,0,2001,baseline_plus_md,5,0.5143163267891565,1
293,781,LNP858,1,2001,baseline_plus_md,5,0.46168066588143625,0
367,922,LNP858,0,2001,baseline_plus_md,5,0.46632081739658804,0
368,923,LNP858,0,2001,baseline_plus_md,5,0.46632081739658804,0
369,931,LNP858,0,2001,baseline_plus_md,5,0.5036561536289831,1
130,193,LNP193,1,2002,baseline,0,0.6075290671583436,1
131,194,LNP194,1,2002,baseline,1,0.5713240974345225,1
132,195,LNP195,0,2002,baseline,2,0.9274579787043022,1
294,782,LNP782,1,2002,baseline,3,0.47438238296236607,0
357,875,LNP782,1,2002,baseline,3,0.5044546784669454,1
295,783,LNP854,0,2002,baseline,4,0.9846167571873308,1
366,911,LNP854,1,2002,baseline,4,0.5097216238895504,1
272,636,LNP858,0,2002,baseline,5,0.46424820916509496,0
288,687,LNP858,0,2002,baseline,5,0.5074322106211551,1
293,781,LNP858,1,2002,baseline,5,0.44272043138731637,0
367,922,LNP858,0,2002,baseline,5,0.4473362322531176,0
368,923,LNP858,0,2002,baseline,5,0.4473362322531176,0
369,931,LNP858,0,2002,baseline,5,0.49005576761971187,0
130,193,LNP193,1,2002,baseline_plus_md,0,0.6964982371897694,1
131,194,LNP194,1,2002,baseline_plus_md,1,0.592856418552249,1
132,195,LNP195,0,2002,baseline_plus_md,2,0.7780750534188035,1
294,782,LNP782,1,2002,baseline_plus_md,3,0.5606505546194754,1
357,875,LNP782,1,2002,baseline_plus_md,3,0.576291696585282,1
295,783,LNP854,0,2002,baseline_plus_md,4,0.9718300914562392,1
366,911,LNP854,1,2002,baseline_plus_md,4,0.6760455690227033,1
272,636,LNP858,0,2002,baseline_plus_md,5,0.4773785154964311,0
288,687,LNP858,0,2002,baseline_plus_md,5,0.5185778003876664,1
293,781,LNP858,1,2002,baseline_plus_md,5,0.46176591629008124,0
367,922,LNP858,0,2002,baseline_plus_md,5,0.46549179110970657,0
368,923,LNP858,0,2002,baseline_plus_md,5,0.46549179110970657,0
369,931,LNP858,0,2002,baseline_plus_md,5,0.5053562996661656,1
130,193,LNP193,1,2003,baseline,0,0.6166621086526584,1
131,194,LNP194,1,2003,baseline,1,0.570328921182313,1
132,195,LNP195,0,2003,baseline,2,0.9373729350714646,1
294,782,LNP782,1,2003,baseline,3,0.4719258673911069,0
357,875,LNP782,1,2003,baseline,3,0.5073897919628267,1
295,783,LNP854,0,2003,baseline,4,0.9844099400460959,1
366,911,LNP854,1,2003,baseline,4,0.5166567629145289,1
272,636,LNP858,0,2003,baseline,5,0.46089250512205043,0
288,687,LNP858,0,2003,baseline,5,0.5068387973918719,1
293,781,LNP858,1,2003,baseline,5,0.4369837749633195,0
367,922,LNP858,0,2003,baseline,5,0.4387370217165667,0
368,923,LNP858,0,2003,baseline,5,0.4387370217165667,0
369,931,LNP858,0,2003,baseline,5,0.4837453630484372,0
130,193,LNP193,1,2003,baseline_plus_md,0,0.7115012457021015,1
131,194,LNP194,1,2003,baseline_plus_md,1,0.5806999922028292,1
132,195,LNP195,0,2003,baseline_plus_md,2,0.7703784531440782,1
294,782,LNP782,1,2003,baseline_plus_md,3,0.5690203072643195,1
357,875,LNP782,1,2003,baseline_plus_md,3,0.5894352956770442,1
295,783,LNP854,0,2003,baseline_plus_md,4,0.9714075102916203,1
366,911,LNP854,1,2003,baseline_plus_md,4,0.6495555081146666,1
272,636,LNP858,0,2003,baseline_plus_md,5,0.47410870725608895,0
288,687,LNP858,0,2003,baseline_plus_md,5,0.5185562205271317,1
293,781,LNP858,1,2003,baseline_plus_md,5,0.4676106913830729,0
367,922,LNP858,0,2003,baseline_plus_md,5,0.4617818674292491,0
368,923,LNP858,0,2003,baseline_plus_md,5,0.4617818674292491,0
369,931,LNP858,0,2003,baseline_plus_md,5,0.5043985726194837,1
130,193,LNP193,1,2004,baseline,0,0.621201047222712,1
131,194,LNP194,1,2004,baseline,1,0.5650156238786974,1
132,195,LNP195,0,2004,baseline,2,0.9337392971611719,1
294,782,LNP782,1,2004,baseline,3,0.4713010444779919,0
357,875,LNP782,1,2004,baseline,3,0.5066593568391596,1
295,783,LNP854,0,2004,baseline,4,0.9760938575522095,1
366,911,LNP854,1,2004,baseline,4,0.49950205644737955,0
272,636,LNP858,0,2004,baseline,5,0.4566796319977324,0
288,687,LNP858,0,2004,baseline,5,0.512222781658529,1
293,781,LNP858,1,2004,baseline,5,0.4398641558072557,0
367,922,LNP858,0,2004,baseline,5,0.44305769837579845,0
368,923,LNP858,0,2004,baseline,5,0.44305769837579845,0
369,931,LNP858,0,2004,baseline,5,0.49685120878695593,0
130,193,LNP193,1,2004,baseline_plus_md,0,0.7069837881020682,1
131,194,LNP194,1,2004,baseline_plus_md,1,0.5769694246875626,1
132,195,LNP195,0,2004,baseline_plus_md,2,0.7900944558913311,1
294,782,LNP782,1,2004,baseline_plus_md,3,0.5720653619309971,1
357,875,LNP782,1,2004,baseline_plus_md,3,0.5948086176661693,1
295,783,LNP854,0,2004,baseline_plus_md,4,0.9763289169314088,1
366,911,LNP854,1,2004,baseline_plus_md,4,0.6780578104080132,1
272,636,LNP858,0,2004,baseline_plus_md,5,0.4792586955350741,0
288,687,LNP858,0,2004,baseline_plus_md,5,0.5161099162098242,1
293,781,LNP858,1,2004,baseline_plus_md,5,0.4654938145826929,0
367,922,LNP858,0,2004,baseline_plus_md,5,0.46535176912814746,0
368,923,LNP858,0,2004,baseline_plus_md,5,0.46535176912814746,0
369,931,LNP858,0,2004,baseline_plus_md,5,0.5011387762386839,1
130,193,LNP193,1,2005,baseline,0,0.6146501602747688,1
131,194,LNP194,1,2005,baseline,1,0.5649609813804227,1
132,195,LNP195,0,2005,baseline,2,0.9165949047888385,1
294,782,LNP782,1,2005,baseline,3,0.4745967934061962,0
357,875,LNP782,1,2005,baseline,3,0.5075348949225249,1
295,783,LNP854,0,2005,baseline,4,0.9758225868324243,1
366,911,LNP854,1,2005,baseline,4,0.48879377396563184,0
272,636,LNP858,0,2005,baseline,5,0.4613578076158054,0
288,687,LNP858,0,2005,baseline,5,0.5092079762380329,1
293,781,LNP858,1,2005,baseline,5,0.43710185523485234,0
367,922,LNP858,0,2005,baseline,5,0.44290723041522795,0
368,923,LNP858,0,2005,baseline,5,0.44290723041522795,0
369,931,LNP858,0,2005,baseline,5,0.4878398304948869,0
130,193,LNP193,1,2005,baseline_plus_md,0,0.7038136469046364,1
131,194,LNP194,1,2005,baseline_plus_md,1,0.5711374508880539,1
132,195,LNP195,0,2005,baseline_plus_md,2,0.7797120535714285,1
294,782,LNP782,1,2005,baseline_plus_md,3,0.5674830779544167,1
357,875,LNP782,1,2005,baseline_plus_md,3,0.5771764250219625,1
295,783,LNP854,0,2005,baseline_plus_md,4,0.9729942576846304,1
366,911,LNP854,1,2005,baseline_plus_md,4,0.6831893707353603,1
272,636,LNP858,0,2005,baseline_plus_md,5,0.4604497557802418,0
288,687,LNP858,0,2005,baseline_plus_md,5,0.5054715885226629,1
293,781,LNP858,1,2005,baseline_plus_md,5,0.44823497403420975,0
367,922,LNP858,0,2005,baseline_plus_md,5,0.45421779329827916,0
368,923,LNP858,0,2005,baseline_plus_md,5,0.45421779329827916,0
369,931,LNP858,0,2005,baseline_plus_md,5,0.4971111989122731,0
130,193,LNP193,1,2006,baseline,0,0.6087993721208883,1
131,194,LNP194,1,2006,baseline,1,0.5834146543767291,1
132,195,LNP195,0,2006,baseline,2,0.9218313222724988,1
294,782,LNP782,1,2006,baseline,3,0.46633752940832823,0
357,875,LNP782,1,2006,baseline,3,0.5002726491537361,1
295,783,LNP854,0,2006,baseline,4,0.9751065452202381,1
366,911,LNP854,1,2006,baseline,4,0.470310488479129,0
272,636,LNP858,0,2006,baseline,5,0.46423087373695404,0
288,687,LNP858,0,2006,baseline,5,0.5049415315432,1
293,781,LNP858,1,2006,baseline,5,0.4449352388163186,0
367,922,LNP858,0,2006,baseline,5,0.4414954841265638,0
368,923,LNP858,0,2006,baseline,5,0.4414954841265638,0
369,931,LNP858,0,2006,baseline,5,0.48254434539601326,0
130,193,LNP193,1,2006,baseline_plus_md,0,0.6979205917592075,1
131,194,LNP194,1,2006,baseline_plus_md,1,0.5753948477549842,1
132,195,LNP195,0,2006,baseline_plus_md,2,0.7695196695665447,1
294,782,LNP782,1,2006,baseline_plus_md,3,0.5688269417744248,1
357,875,LNP782,1,2006,baseline_plus_md,3,0.5873185341813975,1
295,783,LNP854,0,2006,baseline_plus_md,4,0.9717082752669591,1
366,911,LNP854,1,2006,baseline_plus_md,4,0.667017484597524,1
272,636,LNP858,0,2006,baseline_plus_md,5,0.48639836477723036,0
288,687,LNP858,0,2006,baseline_plus_md,5,0.5218364990543737,1
293,781,LNP858,1,2006,baseline_plus_md,5,0.47436959493596,0
367,922,LNP858,0,2006,baseline_plus_md,5,0.4736855220643871,0
368,923,LNP858,0,2006,baseline_plus_md,5,0.4736855220643871,0
369,931,LNP858,0,2006,baseline_plus_md,5,0.5080594427773171,1
130,193,LNP193,1,2007,baseline,0,0.6194075497663273,1
131,194,LNP194,1,2007,baseline,1,0.5679022680282266,1
132,195,LNP195,0,2007,baseline,2,0.9210168460012207,1
294,782,LNP782,1,2007,baseline,3,0.47794917069607,0
357,875,LNP782,1,2007,baseline,3,0.5223124132042448,1
295,783,LNP854,0,2007,baseline,4,0.9818760704840795,1
366,911,LNP854,1,2007,baseline,4,0.4823768717006548,0
272,636,LNP858,0,2007,baseline,5,0.4544297135090035,0
288,687,LNP858,0,2007,baseline,5,0.49581645177074185,0
293,781,LNP858,1,2007,baseline,5,0.44073923731852666,0
367,922,LNP858,0,2007,baseline,5,0.442142556221846,0
368,923,LNP858,0,2007,baseline,5,0.442142556221846,0
369,931,LNP858,0,2007,baseline,5,0.4819194459987358,0
130,193,LNP193,1,2007,baseline_plus_md,0,0.6944128319772247,1
131,194,LNP194,1,2007,baseline_plus_md,1,0.5718483067499677,1
132,195,LNP195,0,2007,baseline_plus_md,2,0.8028921995080084,1
294,782,LNP782,1,2007,baseline_plus_md,3,0.5649032439938931,1
357,875,LNP782,1,2007,baseline_plus_md,3,0.5803016022563015,1
295,783,LNP854,0,2007,baseline_plus_md,4,0.980301553237016,1
366,911,LNP854,1,2007,baseline_plus_md,4,0.6589225115106244,1
272,636,LNP858,0,2007,baseline_plus_md,5,0.4758838687126723,0
288,687,LNP858,0,2007,baseline_plus_md,5,0.5163846325686994,1
293,781,LNP858,1,2007,baseline_plus_md,5,0.45771670601425946,0
367,922,LNP858,0,2007,baseline_plus_md,5,0.4589033492321525,0
368,923,LNP858,0,2007,baseline_plus_md,5,0.4589033492321525,0
369,931,LNP858,0,2007,baseline_plus_md,5,0.4984661621502287,0
130,193,LNP193,1,2008,baseline,0,0.6136862308570266,1
131,194,LNP194,1,2008,baseline,1,0.5744883672709191,1
132,195,LNP195,0,2008,baseline,2,0.9338564706331249,1
294,782,LNP782,1,2008,baseline,3,0.4771411775805259,0
357,875,LNP782,1,2008,baseline,3,0.5063417738555378,1
295,783,LNP854,0,2008,baseline,4,0.983355583319466,1
366,911,LNP854,1,2008,baseline,4,0.48653149463876,0
272,636,LNP858,0,2008,baseline,5,0.4654940706139616,0
288,687,LNP858,0,2008,baseline,5,0.5242083546958927,1
293,781,LNP858,1,2008,baseline,5,0.4464960547409451,0
367,922,LNP858,0,2008,baseline,5,0.4520407877856784,0
368,923,LNP858,0,2008,baseline,5,0.4520407877856784,0
369,931,LNP858,0,2008,baseline,5,0.5115757789383164,1
130,193,LNP193,1,2008,baseline_plus_md,0,0.7006455431853966,1
131,194,LNP194,1,2008,baseline_plus_md,1,0.565911912475098,1
132,195,LNP195,0,2008,baseline_plus_md,2,0.7841166246947501,1
294,782,LNP782,1,2008,baseline_plus_md,3,0.5602340676262298,1
357,875,LNP782,1,2008,baseline_plus_md,3,0.575949337977265,1
295,783,LNP854,0,2008,baseline_plus_md,4,0.9772812353283008,1
366,911,LNP854,1,2008,baseline_plus_md,4,0.6745820026842725,1
272,636,LNP858,0,2008,baseline_plus_md,5,0.46761324089819634,0
288,687,LNP858,0,2008,baseline_plus_md,5,0.5021651086640735,1
293,781,LNP858,1,2008,baseline_plus_md,5,0.45787861788232304,0
367,922,LNP858,0,2008,baseline_plus_md,5,0.45392907783903325,0
368,923,LNP858,0,2008,baseline_plus_md,5,0.45392907783903325,0
369,931,LNP858,0,2008,baseline_plus_md,5,0.4882148922138569,0
130,193,LNP193,1,2009,baseline,0,0.6159932231846171,1
131,194,LNP194,1,2009,baseline,1,0.5606319831257928,1
132,195,LNP195,0,2009,baseline,2,0.9269716599780936,1
294,782,LNP782,1,2009,baseline,3,0.4714639104470591,0
357,875,LNP782,1,2009,baseline,3,0.5056612177222364,1
295,783,LNP854,0,2009,baseline,4,0.9821370216250012,1
366,911,LNP854,1,2009,baseline,4,0.49265691717672633,0
272,636,LNP858,0,2009,baseline,5,0.4643748584109899,0
288,687,LNP858,0,2009,baseline,5,0.5122397182243789,1
293,781,LNP858,1,2009,baseline,5,0.442103033014164,0
367,922,LNP858,0,2009,baseline,5,0.44680180646293743,0
368,923,LNP858,0,2009,baseline,5,0.44680180646293743,0
369,931,LNP858,0,2009,baseline,5,0.493877524862185,0
130,193,LNP193,1,2009,baseline_plus_md,0,0.6919056740619165,1
131,194,LNP194,1,2009,baseline_plus_md,1,0.5712377433880155,1
132,195,LNP195,0,2009,baseline_plus_md,2,0.7606807182809021,1
294,782,LNP782,1,2009,baseline_plus_md,3,0.5673907864482919,1
357,875,LNP782,1,2009,baseline_plus_md,3,0.5875571052356474,1
295,783,LNP854,0,2009,baseline_plus_md,4,0.9655110382417961,1
366,911,LNP854,1,2009,baseline_plus_md,4,0.6985400800338235,1
272,636,LNP858,0,2009,baseline_plus_md,5,0.4712032957582529,0
288,687,LNP858,0,2009,baseline_plus_md,5,0.5138378410804916,1
293,781,LNP858,1,2009,baseline_plus_md,5,0.4571159941709509,0
367,922,LNP858,0,2009,baseline_plus_md,5,0.4627031153830724,0
368,923,LNP858,0,2009,baseline_plus_md,5,0.4627031153830724,0
369,931,LNP858,0,2009,baseline_plus_md,5,0.5060095582522086,1
130,193,LNP193,1,2010,baseline,0,0.6136902914468394,1
131,194,LNP194,1,2010,baseline,1,0.5679405584839157,1
132,195,LNP195,0,2010,baseline,2,0.928344084428643,1
294,782,LNP782,1,2010,baseline,3,0.46955315263505004,0
357,875,LNP782,1,2010,baseline,3,0.508849724395222,1
295,783,LNP854,0,2010,baseline,4,0.9778938153873382,1
366,911,LNP854,1,2010,baseline,4,0.4402756770579617,0
272,636,LNP858,0,2010,baseline,5,0.4583457701008908,0
288,687,LNP858,0,2010,baseline,5,0.5161985178433445,1
293,781,LNP858,1,2010,baseline,5,0.43652037327549337,0
367,922,LNP858,0,2010,baseline,5,0.4441322058873263,0
368,923,LNP858,0,2010,baseline,5,0.4441322058873263,0
369,931,LNP858,0,2010,baseline,5,0.5012228684926948,1
130,193,LNP193,1,2010,baseline_plus_md,0,0.6934296939676188,1
131,194,LNP194,1,2010,baseline_plus_md,1,0.5732947257745199,1
132,195,LNP195,0,2010,baseline_plus_md,2,0.7811485615079363,1
294,782,LNP782,1,2010,baseline_plus_md,3,0.5749920702112675,1
357,875,LNP782,1,2010,baseline_plus_md,3,0.590365227925325,1
295,783,LNP854,0,2010,baseline_plus_md,4,0.9777227131280067,1
366,911,LNP854,1,2010,baseline_plus_md,4,0.6769524020813599,1
272,636,LNP858,0,2010,baseline_plus_md,5,0.4751701811260665,0
288,687,LNP858,0,2010,baseline_plus_md,5,0.5143025561040298,1
293,781,LNP858,1,2010,baseline_plus_md,5,0.4659439906498758,0
367,922,LNP858,0,2010,baseline_plus_md,5,0.45824738170326657,0
368,923,LNP858,0,2010,baseline_plus_md,5,0.45824738170326657,0
369,931,LNP858,0,2010,baseline_plus_md,5,0.4947507884272617,0
130,193,LNP193,1,2011,baseline,0,0.6113004010517117,1
131,194,LNP194,1,2011,baseline,1,0.575820223184201,1
132,195,LNP195,0,2011,baseline,2,0.9301527878779716,1
294,782,LNP782,1,2011,baseline,3,0.4731359136152332,0
357,875,LNP782,1,2011,baseline,3,0.5205041674382563,1
295,783,LNP854,0,2011,baseline,4,0.9785020027278003,1
366,911,LNP854,1,2011,baseline,4,0.4651777672260444,0
272,636,LNP858,0,2011,baseline,5,0.45629610266119736,0
288,687,LNP858,0,2011,baseline,5,0.5124903577525115,1
293,781,LNP858,1,2011,baseline,5,0.4371492772643712,0
367,922,LNP858,0,2011,baseline,5,0.4394517664418607,0
368,923,LNP858,0,2011,baseline,5,0.4394517664418607,0
369,931,LNP858,0,2011,baseline,5,0.49524017737733067,0
130,193,LNP193,1,2011,baseline_plus_md,0,0.7085347953008865,1
131,194,LNP194,1,2011,baseline_plus_md,1,0.5666000977617363,1
132,195,LNP195,0,2011,baseline_plus_md,2,0.7453154571123319,1
294,782,LNP782,1,2011,baseline_plus_md,3,0.5582896109496015,1
357,875,LNP782,1,2011,baseline_plus_md,3,0.5814476961707108,1
295,783,LNP854,0,2011,baseline_plus_md,4,0.9731753981549112,1
366,911,LNP854,1,2011,baseline_plus_md,4,0.6757318477646842,1
272,636,LNP858,0,2011,baseline_plus_md,5,0.48717272318026467,0
288,687,LNP858,0,2011,baseline_plus_md,5,0.5191527551022472,1
293,781,LNP858,1,2011,baseline_plus_md,5,0.4771528819104232,0
367,922,LNP858,0,2011,baseline_plus_md,5,0.4720482643058055,0
368,923,LNP858,0,2011,baseline_plus_md,5,0.4720482643058055,0
369,931,LNP858,0,2011,baseline_plus_md,5,0.504479234178726,1
130,193,LNP193,1,2012,baseline,0,0.6173114580681379,1
131,194,LNP194,1,2012,baseline,1,0.5731521262510354,1
132,195,LNP195,0,2012,baseline,2,0.9371660561660562,1
294,782,LNP782,1,2012,baseline,3,0.4747954127199373,0
357,875,LNP782,1,2012,baseline,3,0.5101685867847506,1
295,783,LNP854,0,2012,baseline,4,0.9798486956065402,1
366,911,LNP854,1,2012,baseline,4,0.47333390531804603,0
272,636,LNP858,0,2012,baseline,5,0.4590677269945232,0
288,687,LNP858,0,2012,baseline,5,0.5014879089367636,1
293,781,LNP858,1,2012,baseline,5,0.4416570127088083,0
367,922,LNP858,0,2012,baseline,5,0.4430603316121274,0
368,923,LNP858,0,2012,baseline,5,0.4430603316121274,0
369,931,LNP858,0,2012,baseline,5,0.48675666795552247,0
130,193,LNP193,1,2012,baseline_plus_md,0,0.6928971992868553,1
131,194,LNP194,1,2012,baseline_plus_md,1,0.6043551601680734,1
132,195,LNP195,0,2012,baseline_plus_md,2,0.7722148580586079,1
294,782,LNP782,1,2012,baseline_plus_md,3,0.5663940711040591,1
357,875,LNP782,1,2012,baseline_plus_md,3,0.5896250457414793,1
295,783,LNP854,0,2012,baseline_plus_md,4,0.9678135464018505,1
366,911,LNP854,1,2012,baseline_plus_md,4,0.6868381225993164,1
272,636,LNP858,0,2012,baseline_plus_md,5,0.47305736964265094,0
288,687,LNP858,0,2012,baseline_plus_md,5,0.5050327716915826,1
293,781,LNP858,1,2012,baseline_plus_md,5,0.4627771117061428,0
367,922,LNP858,0,2012,baseline_plus_md,5,0.4564844980697792,0
368,923,LNP858,0,2012,baseline_plus_md,5,0.4564844980697792,0
369,931,LNP858,0,2012,baseline_plus_md,5,0.48943392609273656,0
130,193,LNP193,1,2013,baseline,0,0.6118165026224388,1
131,194,LNP194,1,2013,baseline,1,0.5705962678410789,1
132,195,LNP195,0,2013,baseline,2,0.9150047695360196,1
294,782,LNP782,1,2013,baseline,3,0.46892420493573783,0
357,875,LNP782,1,2013,baseline,3,0.49940613816545015,0
295,783,LNP854,0,2013,baseline,4,0.9797953936081711,1
366,911,LNP854,1,2013,baseline,4,0.4869050989247256,0
272,636,LNP858,0,2013,baseline,5,0.45581327932511423,0
288,687,LNP858,0,2013,baseline,5,0.5057523312862249,1
293,781,LNP858,1,2013,baseline,5,0.4360216126584471,0
367,922,LNP858,0,2013,baseline,5,0.43943070356753816,0
368,923,LNP858,0,2013,baseline,5,0.43943070356753816,0
369,931,LNP858,0,2013,baseline,5,0.487065462599356,0
130,193,LNP193,1,2013,baseline_plus_md,0,0.7081023374746026,1
131,194,LNP194,1,2013,baseline_plus_md,1,0.5839673911795238,1
132,195,LNP195,0,2013,baseline_plus_md,2,0.7572597489316242,1
294,782,LNP782,1,2013,baseline_plus_md,3,0.565800971281845,1
357,875,LNP782,1,2013,baseline_plus_md,3,0.5876931674315415,1
295,783,LNP854,0,2013,baseline_plus_md,4,0.9788319020537186,1
366,911,LNP854,1,2013,baseline_plus_md,4,0.6360814491060806,1
272,636,LNP858,0,2013,baseline_plus_md,5,0.4712359739373004,0
288,687,LNP858,0,2013,baseline_plus_md,5,0.5110394979416756,1
293,781,LNP858,1,2013,baseline_plus_md,5,0.4643411326674589,0
367,922,LNP858,0,2013,baseline_plus_md,5,0.46057580077712706,0
368,923,LNP858,0,2013,baseline_plus_md,5,0.46057580077712706,0
369,931,LNP858,0,2013,baseline_plus_md,5,0.499617239644417,0
130,193,LNP193,1,2014,baseline,0,0.6153799249789664,1
131,194,LNP194,1,2014,baseline,1,0.5788201470260398,1
132,195,LNP195,0,2014,baseline,2,0.9187745626084443,1
294,782,LNP782,1,2014,baseline,3,0.47127702272226,0
357,875,LNP782,1,2014,baseline,3,0.5108178602413271,1
295,783,LNP854,0,2014,baseline,4,0.9800497994528028,1
366,911,LNP854,1,2014,baseline,4,0.4675694493482483,0
272,636,LNP858,0,2014,baseline,5,0.45449365674110476,0
288,687,LNP858,0,2014,baseline,5,0.5070419050614118,1
293,781,LNP858,1,2014,baseline,5,0.43643810118554854,0
367,922,LNP858,0,2014,baseline,5,0.4416256913731393,0
368,923,LNP858,0,2014,baseline,5,0.4416256913731393,0
369,931,LNP858,0,2014,baseline,5,0.4928887665332729,0
130,193,LNP193,1,2014,baseline_plus_md,0,0.7048503718167197,1
131,194,LNP194,1,2014,baseline_plus_md,1,0.5991772304149144,1
132,195,LNP195,0,2014,baseline_plus_md,2,0.764746852106227,1
294,782,LNP782,1,2014,baseline_plus_md,3,0.5772907800585797,1
357,875,LNP782,1,2014,baseline_plus_md,3,0.5905168495021147,1
295,783,LNP854,0,2014,baseline_plus_md,4,0.9668099096113183,1
366,911,LNP854,1,2014,baseline_plus_md,4,0.6668714013257633,1
272,636,LNP858,0,2014,baseline_plus_md,5,0.4892972195465836,0
288,687,LNP858,0,2014,baseline_plus_md,5,0.5201796337010564,1
293,781,LNP858,1,2014,baseline_plus_md,5,0.46757102907039283,0
367,922,LNP858,0,2014,baseline_plus_md,5,0.4737128039621679,0
368,923,LNP858,0,2014,baseline_plus_md,5,0.4737128039621679,0
369,931,LNP858,0,2014,baseline_plus_md,5,0.5046989338453564,1
130,193,LNP193,1,2015,baseline,0,0.6180155759485823,1
131,194,LNP194,1,2015,baseline,1,0.5740019829394094,1
132,195,LNP195,0,2015,baseline,2,0.9345143658424908,1
294,782,LNP782,1,2015,baseline,3,0.4685929230461388,0
357,875,LNP782,1,2015,baseline,3,0.49648797585357357,0
295,783,LNP854,0,2015,baseline,4,0.9756233818981961,1
366,911,LNP854,1,2015,baseline,4,0.5113320241713911,1
272,636,LNP858,0,2015,baseline,5,0.46059975421708726,0
288,687,LNP858,0,2015,baseline,5,0.5093634700763916,1
293,781,LNP858,1,2015,baseline,5,0.44160173834407096,0
367,922,LNP858,0,2015,baseline,5,0.4438383905807233,0
368,923,LNP858,0,2015,baseline,5,0.4438383905807233,0
369,931,LNP858,0,2015,baseline,5,0.4914882897012108,0
130,193,LNP193,1,2015,baseline_plus_md,0,0.7120488652925967,1
131,194,LNP194,1,2015,baseline_plus_md,1,0.5764407448387926,1
132,195,LNP195,0,2015,baseline_plus_md,2,0.7789690743284485,1
294,782,LNP782,1,2015,baseline_plus_md,3,0.5520791724994265,1
357,875,LNP782,1,2015,baseline_plus_md,3,0.5672167098799575,1
295,783,LNP854,0,2015,baseline_plus_md,4,0.9712757520495309,1
366,911,LNP854,1,2015,baseline_plus_md,4,0.6720143464839191,1
272,636,LNP858,0,2015,baseline_plus_md,5,0.4733821274722051,0
288,687,LNP858,0,2015,baseline_plus_md,5,0.5180026091147455,1
293,781,LNP858,1,2015,baseline_plus_md,5,0.461762583821411,0
367,922,LNP858,0,2015,baseline_plus_md,5,0.4613529066929839,0
368,923,LNP858,0,2015,baseline_plus_md,5,0.4613529066929839,0
369,931,LNP858,0,2015,baseline_plus_md,5,0.5049317216688578,1
130,193,LNP193,1,2016,baseline,0,0.6217954938468782,1
131,194,LNP194,1,2016,baseline,1,0.5739145951515012,1
132,195,LNP195,0,2016,baseline,2,0.9260678901368239,1
294,782,LNP782,1,2016,baseline,3,0.47451333583524546,0
357,875,LNP782,1,2016,baseline,3,0.5141407182524221,1
295,783,LNP854,0,2016,baseline,4,0.9785835643526585,1
366,911,LNP854,1,2016,baseline,4,0.4776354650911108,0
272,636,LNP858,0,2016,baseline,5,0.46190259761551905,0
288,687,LNP858,0,2016,baseline,5,0.5186498944363451,1
293,781,LNP858,1,2016,baseline,5,0.44454148650440733,0
367,922,LNP858,0,2016,baseline,5,0.4437424244553455,0
368,923,LNP858,0,2016,baseline,5,0.4437424244553455,0
369,931,LNP858,0,2016,baseline,5,0.49641324219969263,0
130,193,LNP193,1,2016,baseline_plus_md,0,0.6977146992994732,1
131,194,LNP194,1,2016,baseline_plus_md,1,0.5616762098216659,1
132,195,LNP195,0,2016,baseline_plus_md,2,0.7899473398333687,1
294,782,LNP782,1,2016,baseline_plus_md,3,0.5654520288152232,1
357,875,LNP782,1,2016,baseline_plus_md,3,0.58479040178375,1
295,783,LNP854,0,2016,baseline_plus_md,4,0.9849882481603225,1
366,911,LNP854,1,2016,baseline_plus_md,4,0.6811191069070743,1
272,636,LNP858,0,2016,baseline_plus_md,5,0.46453940709666064,0
288,687,LNP858,0,2016,baseline_plus_md,5,0.5071850397577734,1
293,781,LNP858,1,2016,baseline_plus_md,5,0.4511217483665015,0
367,922,LNP858,0,2016,baseline_plus_md,5,0.45316675197400547,0
368,923,LNP858,0,2016,baseline_plus_md,5,0.45316675197400547,0
369,931,LNP858,0,2016,baseline_plus_md,5,0.4945227020954356,0
130,193,LNP193,1,2017,baseline,0,0.619295848135372,1
131,194,LNP194,1,2017,baseline,1,0.5775167920512881,1
132,195,LNP195,0,2017,baseline,2,0.9411532794207425,1
294,782,LNP782,1,2017,baseline,3,0.46197460497880016,0
357,875,LNP782,1,2017,baseline,3,0.49895649117134055,0
295,783,LNP854,0,2017,baseline,4,0.9811995609044496,1
366,911,LNP854,1,2017,baseline,4,0.48099761323849965,0
272,636,LNP858,0,2017,baseline,5,0.46102391747213284,0
288,687,LNP858,0,2017,baseline,5,0.5071443411660862,1
293,781,LNP858,1,2017,baseline,5,0.42977391747213184,0
367,922,LNP858,0,2017,baseline,5,0.439473592796808,0
368,923,LNP858,0,2017,baseline,5,0.439473592796808,0
369,931,LNP858,0,2017,baseline,5,0.48563009152683634,0
130,193,LNP193,1,2017,baseline_plus_md,0,0.7001705861004277,1
131,194,LNP194,1,2017,baseline_plus_md,1,0.5618041782842889,1
132,195,LNP195,0,2017,baseline_plus_md,2,0.7661884643134639,1
294,782,LNP782,1,2017,baseline_plus_md,3,0.5702705085762513,1
357,875,LNP782,1,2017,baseline_plus_md,3,0.5901049405675891,1
295,783,LNP854,0,2017,baseline_plus_md,4,0.9729540053995237,1
366,911,LNP854,1,2017,baseline_plus_md,4,0.6564977656793957,1
272,636,LNP858,0,2017,baseline_plus_md,5,0.47059288753033585,0
288,687,LNP858,0,2017,baseline_plus_md,5,0.5096518291047571,1
293,781,LNP858,1,2017,baseline_plus_md,5,0.4554515184827166,0
367,922,LNP858,0,2017,baseline_plus_md,5,0.45702416458661266,0
368,923,LNP858,0,2017,baseline_plus_md,5,0.45702416458661266,0
369,931,LNP858,0,2017,baseline_plus_md,5,0.494622067199995,0
130,193,LNP193,1,2018,baseline,0,0.615446465254455,1
131,194,LNP194,1,2018,baseline,1,0.5751377177508298,1
132,195,LNP195,0,2018,baseline,2,0.9236102413721899,1
294,782,LNP782,1,2018,baseline,3,0.463332863723164,0
357,875,LNP782,1,2018,baseline,3,0.5045131137810646,1
295,783,LNP854,0,2018,baseline,4,0.9774023243438922,1
366,911,LNP854,1,2018,baseline,4,0.5071916754962564,1
272,636,LNP858,0,2018,baseline,5,0.47320266423687735,0
288,687,LNP858,0,2018,baseline,5,0.5133825007402433,1
293,781,LNP858,1,2018,baseline,5,0.45093083884005125,0
367,922,LNP858,0,2018,baseline,5,0.4526894968487094,0
368,923,LNP858,0,2018,baseline,5,0.4526894968487094,0
369,931,LNP858,0,2018,baseline,5,0.4917600259927679,0
130,193,LNP193,1,2018,baseline_plus_md,0,0.6868413345616399,1
131,194,LNP194,1,2018,baseline_plus_md,1,0.5596698235007128,1
132,195,LNP195,0,2018,baseline_plus_md,2,0.7684216842185592,1
294,782,LNP782,1,2018,baseline_plus_md,3,0.5740129996429527,1
357,875,LNP782,1,2018,baseline_plus_md,3,0.5904428879738927,1
295,783,LNP854,0,2018,baseline_plus_md,4,0.9687642201718449,1
366,911,LNP854,1,2018,baseline_plus_md,4,0.6420728086570926,1
272,636,LNP858,0,2018,baseline_plus_md,5,0.47034884020498224,0
288,687,LNP858,0,2018,baseline_plus_md,5,0.5110560129342138,1
293,781,LNP858,1,2018,baseline_plus_md,5,0.45368217353831514,0
367,922,LNP858,0,2018,baseline_plus_md,5,0.4572103120664538,0
368,923,LNP858,0,2018,baseline_plus_md,5,0.4572103120664538,0
369,931,LNP858,0,2018,baseline_plus_md,5,0.4973267560799565,0
130,193,LNP193,1,2019,baseline,0,0.6198268116852386,1
131,194,LNP194,1,2019,baseline,1,0.5810814351452283,1
132,195,LNP195,0,2019,baseline,2,0.9275303151709403,1
294,782,LNP782,1,2019,baseline,3,0.46584372108190175,0
357,875,LNP782,1,2019,baseline,3,0.49826307882200743,0
295,783,LNP854,0,2019,baseline,4,0.9797530007491525,1
366,911,LNP854,1,2019,baseline,4,0.502628365227592,1
272,636,LNP858,0,2019,baseline,5,0.4548759241965822,0
288,687,LNP858,0,2019,baseline,5,0.5134672919791264,1
293,781,LNP858,1,2019,baseline,5,0.4379612416568991,0
367,922,LNP858,0,2019,baseline,5,0.44460896892962665,0
368,923,LNP858,0,2019,baseline,5,0.44460896892962665,0
369,931,LNP858,0,2019,baseline,5,0.5014506974625318,1
130,193,LNP193,1,2019,baseline_plus_md,0,0.6913652252996529,1
131,194,LNP194,1,2019,baseline_plus_md,1,0.5777476226203663,1
132,195,LNP195,0,2019,baseline_plus_md,2,0.7622505532661782,1
294,782,LNP782,1,2019,baseline_plus_md,3,0.5667607568422273,1
357,875,LNP782,1,2019,baseline_plus_md,3,0.5804219486816112,1
295,783,LNP854,0,2019,baseline_plus_md,4,0.969501742668814,1
366,911,LNP854,1,2019,baseline_plus_md,4,0.6428457751890053,1
272,636,LNP858,0,2019,baseline_plus_md,5,0.48403904879389836,0
288,687,LNP858,0,2019,baseline_plus_md,5,0.5331061053183851,1
293,781,LNP858,1,2019,baseline_plus_md,5,0.47054698530183464,0
367,922,LNP858,0,2019,baseline_plus_md,5,0.4654099001647493,0
368,923,LNP858,0,2019,baseline_plus_md,5,0.4654099001647493,0
369,931,LNP858,0,2019,baseline_plus_md,5,0.5132954992577787,1
130,193,LNP193,1,2020,baseline,0,0.6187247380159197,1
131,194,LNP194,1,2020,baseline,1,0.5770192810360402,1
132,195,LNP195,0,2020,baseline,2,0.9204950161154203,1
294,782,LNP782,1,2020,baseline,3,0.4727465562362134,0
357,875,LNP782,1,2020,baseline,3,0.5012895003735555,1
295,783,LNP854,0,2020,baseline,4,0.9823730341970233,1
366,911,LNP854,1,2020,baseline,4,0.5091551504209962,1
272,636,LNP858,0,2020,baseline,5,0.4499631829523192,0
288,687,LNP858,0,2020,baseline,5,0.4960132929730176,0
293,781,LNP858,1,2020,baseline,5,0.43051873850787403,0
367,922,LNP858,0,2020,baseline,5,0.4354754484645843,0
368,923,LNP858,0,2020,baseline,5,0.4354754484645843,0
369,931,LNP858,0,2020,baseline,5,0.4801456883554126,0
130,193,LNP193,1,2020,baseline_plus_md,0,0.695824686727444,1
131,194,LNP194,1,2020,baseline_plus_md,1,0.5740252297727111,1
132,195,LNP195,0,2020,baseline_plus_md,2,0.7817327915140412,1
294,782,LNP782,1,2020,baseline_plus_md,3,0.5669197912163422,1
357,875,LNP782,1,2020,baseline_plus_md,3,0.5887419799320056,1
295,783,LNP854,0,2020,baseline_plus_md,4,0.9773543779553505,1
366,911,LNP854,1,2020,baseline_plus_md,4,0.6732483659104145,1
272,636,LNP858,0,2020,baseline_plus_md,5,0.4651117751058894,0
288,687,LNP858,0,2020,baseline_plus_md,5,0.5088495590797414,1
293,781,LNP858,1,2020,baseline_plus_md,5,0.4544966957408097,0
367,922,LNP858,0,2020,baseline_plus_md,5,0.4517297404738545,0
368,923,LNP858,0,2020,baseline_plus_md,5,0.4517297404738545,0
369,931,LNP858,0,2020,baseline_plus_md,5,0.4978304393106214,0
130,193,LNP193,1,2021,baseline,0,0.6256808125570152,1
131,194,LNP194,1,2021,baseline,1,0.5657825109735076,1
132,195,LNP195,0,2021,baseline,2,0.9233424908424906,1
294,782,LNP782,1,2021,baseline,3,0.4631290963554448,0
357,875,LNP782,1,2021,baseline,3,0.4999430762949932,0
295,783,LNP854,0,2021,baseline,4,0.9829597118512696,1
366,911,LNP854,1,2021,baseline,4,0.45608597596809075,0
272,636,LNP858,0,2021,baseline,5,0.453072347870947,0
288,687,LNP858,0,2021,baseline,5,0.5132167990080453,1
293,781,LNP858,1,2021,baseline,5,0.4388858399344385,0
367,922,LNP858,0,2021,baseline,5,0.43619103473963355,0
368,923,LNP858,0,2021,baseline,5,0.43619103473963355,0
369,931,LNP858,0,2021,baseline,5,0.49354417996042593,0
130,193,LNP193,1,2021,baseline_plus_md,0,0.697585511062857,1
131,194,LNP194,1,2021,baseline_plus_md,1,0.5632162409821904,1
132,195,LNP195,0,2021,baseline_plus_md,2,0.7932816035067879,1
294,782,LNP782,1,2021,baseline_plus_md,3,0.5672668670005617,1
357,875,LNP782,1,2021,baseline_plus_md,3,0.5830570803782458,1
295,783,LNP854,0,2021,baseline_plus_md,4,0.9683855787058068,1
366,911,LNP854,1,2021,baseline_plus_md,4,0.6317977734822987,1
272,636,LNP858,0,2021,baseline_plus_md,5,0.4721956214145858,0
288,687,LNP858,0,2021,baseline_plus_md,5,0.5160312223032054,1
293,781,LNP858,1,2021,baseline_plus_md,5,0.45333401427172815,0
367,922,LNP858,0,2021,baseline_plus_md,5,0.46549017408413834,0
368,923,LNP858,0,2021,baseline_plus_md,5,0.46549017408413834,0
369,931,LNP858,0,2021,baseline_plus_md,5,0.5087350462570293,1
130,193,LNP193,1,2022,baseline,0,0.6191280570981225,1
131,194,LNP194,1,2022,baseline,1,0.5616312565800052,1
132,195,LNP195,0,2022,baseline,2,0.9248947559793147,1
294,782,LNP782,1,2022,baseline,3,0.4781401841267145,0
357,875,LNP782,1,2022,baseline,3,0.5112915603297752,1
295,783,LNP854,0,2022,baseline,4,0.982909171453289,1
366,911,LNP854,1,2022,baseline,4,0.4731725389163542,0
272,636,LNP858,0,2022,baseline,5,0.47210402307269916,0
288,687,LNP858,0,2022,baseline,5,0.5165900721543367,1
293,781,LNP858,1,2022,baseline,5,0.4440286262473013,0
367,922,LNP858,0,2022,baseline,5,0.45249002595870175,0
368,923,LNP858,0,2022,baseline,5,0.45249002595870175,0
369,931,LNP858,0,2022,baseline,5,0.4962320274212916,0
130,193,LNP193,1,2022,baseline_plus_md,0,0.6915430399031837,1
131,194,LNP194,1,2022,baseline_plus_md,1,0.558242542503655,1
132,195,LNP195,0,2022,baseline_plus_md,2,0.782590277777778,1
294,782,LNP782,1,2022,baseline_plus_md,3,0.5731192224005198,1
357,875,LNP782,1,2022,baseline_plus_md,3,0.5856025647525036,1
295,783,LNP854,0,2022,baseline_plus_md,4,0.9766717264332244,1
366,911,LNP854,1,2022,baseline_plus_md,4,0.6470977621002544,1
272,636,LNP858,0,2022,baseline_plus_md,5,0.4750786379531876,0
288,687,LNP858,0,2022,baseline_plus_md,5,0.5079176556606262,1
293,781,LNP858,1,2022,baseline_plus_md,5,0.4591064157309651,0
367,922,LNP858,0,2022,baseline_plus_md,5,0.45987481399936336,0
368,923,LNP858,0,2022,baseline_plus_md,5,0.45987481399936336,0
369,931,LNP858,0,2022,baseline_plus_md,5,0.4930385070314772,0
130,193,LNP193,1,2023,baseline,0,0.6201966556522461,1
131,194,LNP194,1,2023,baseline,1,0.5749829310375508,1
132,195,LNP195,0,2023,baseline,2,0.9462761471575809,1
294,782,LNP782,1,2023,baseline,3,0.4709166027546494,0
357,875,LNP782,1,2023,baseline,3,0.505640751469134,1
295,783,LNP854,0,2023,baseline,4,0.982560145694803,1
366,911,LNP854,1,2023,baseline,4,0.46157865120978137,0
272,636,LNP858,0,2023,baseline,5,0.457212842038615,0
288,687,LNP858,0,2023,baseline,5,0.5036180299879206,1
293,781,LNP858,1,2023,baseline,5,0.43930609600686815,0
367,922,LNP858,0,2023,baseline,5,0.44136958807036064,0
368,923,LNP858,0,2023,baseline,5,0.44136958807036064,0
369,931,LNP858,0,2023,baseline,5,0.4871344441293345,0
130,193,LNP193,1,2023,baseline_plus_md,0,0.6949859962520506,1
131,194,LNP194,1,2023,baseline_plus_md,1,0.5745240312883405,1
132,195,LNP195,0,2023,baseline_plus_md,2,0.7771031083907914,1
294,782,LNP782,1,2023,baseline_plus_md,3,0.551964622491148,1
357,875,LNP782,1,2023,baseline_plus_md,3,0.5737898671594993,1
295,783,LNP854,0,2023,baseline_plus_md,4,0.9733258540413269,1
366,911,LNP854,1,2023,baseline_plus_md,4,0.6335288411752988,1
272,636,LNP858,0,2023,baseline_plus_md,5,0.4759411560750314,0
288,687,LNP858,0,2023,baseline_plus_md,5,0.5182898816958157,1
293,781,LNP858,1,2023,baseline_plus_md,5,0.45941089813852315,0
367,922,LNP858,0,2023,baseline_plus_md,5,0.45756994395381895,0
368,923,LNP858,0,2023,baseline_plus_md,5,0.45756994395381895,0
369,931,LNP858,0,2023,baseline_plus_md,5,0.49850723378816747,0
130,193,LNP193,1,2024,baseline,0,0.6204710479364296,1
131,194,LNP194,1,2024,baseline,1,0.566367007510983,1
132,195,LNP195,0,2024,baseline,2,0.9190569011258348,1
294,782,LNP782,1,2024,baseline,3,0.47185712610774766,0
357,875,LNP782,1,2024,baseline,3,0.5125534549231553,1
295,783,LNP854,0,2024,baseline,4,0.9806919860710976,1
366,911,LNP854,1,2024,baseline,4,0.4832375538728877,0
272,636,LNP858,0,2024,baseline,5,0.4604372451575196,0
288,687,LNP858,0,2024,baseline,5,0.5211160067553986,1
293,781,LNP858,1,2024,baseline,5,0.4397527213479952,0
367,922,LNP858,0,2024,baseline,5,0.440104452949727,0
368,923,LNP858,0,2024,baseline,5,0.440104452949727,0
369,931,LNP858,0,2024,baseline,5,0.4999489793383707,0
130,193,LNP193,1,2024,baseline_plus_md,0,0.6854241371533059,1
131,194,LNP194,1,2024,baseline_plus_md,1,0.596250670599353,1
132,195,LNP195,0,2024,baseline_plus_md,2,0.7710367781728072,1
294,782,LNP782,1,2024,baseline_plus_md,3,0.5642418472367343,1
357,875,LNP782,1,2024,baseline_plus_md,3,0.576058152978271,1
295,783,LNP854,0,2024,baseline_plus_md,4,0.9582313235995022,1
366,911,LNP854,1,2024,baseline_plus_md,4,0.6749951065669461,1
272,636,LNP858,0,2024,baseline_plus_md,5,0.4788061915439673,0
288,687,LNP858,0,2024,baseline_plus_md,5,0.5204706178039816,1
293,781,LNP858,1,2024,baseline_plus_md,5,0.46163109233761795,0
367,922,LNP858,0,2024,baseline_plus_md,5,0.4661636951514705,0
368,923,LNP858,0,2024,baseline_plus_md,5,0.4661636951514705,0
369,931,LNP858,0,2024,baseline_plus_md,5,0.5042612022195656,1
130,193,LNP193,1,2025,baseline,0,0.6148487426949628,1
131,194,LNP194,1,2025,baseline,1,0.569185226390985,1
132,195,LNP195,0,2025,baseline,2,0.9335162119334912,1
294,782,LNP782,1,2025,baseline,3,0.4656571553559018,0
357,875,LNP782,1,2025,baseline,3,0.5028566979313783,1
295,783,LNP854,0,2025,baseline,4,0.9792347043811062,1
366,911,LNP854,1,2025,baseline,4,0.48832579344292365,0
272,636,LNP858,0,2025,baseline,5,0.4570538405896523,0
288,687,LNP858,0,2025,baseline,5,0.5136300054378758,1
293,781,LNP858,1,2025,baseline,5,0.4407839993198103,0
367,922,LNP858,0,2025,baseline,5,0.44480095458676594,0
368,923,LNP858,0,2025,baseline,5,0.44480095458676594,0
369,931,LNP858,0,2025,baseline,5,0.49838740082027094,0
130,193,LNP193,1,2025,baseline_plus_md,0,0.7016745531737162,1
131,194,LNP194,1,2025,baseline_plus_md,1,0.5744093174843108,1
132,195,LNP195,0,2025,baseline_plus_md,2,0.7623818768037515,1
294,782,LNP782,1,2025,baseline_plus_md,3,0.5673956488601232,1
357,875,LNP782,1,2025,baseline_plus_md,3,0.583676873045621,1
295,783,LNP854,0,2025,baseline_plus_md,4,0.9700548003922368,1
366,911,LNP854,1,2025,baseline_plus_md,4,0.6838315575005859,1
272,636,LNP858,0,2025,baseline_plus_md,5,0.4758088446879244,0
288,687,LNP858,0,2025,baseline_plus_md,5,0.5188097979829952,1
293,781,LNP858,1,2025,baseline_plus_md,5,0.46547898357681317,0
367,922,LNP858,0,2025,baseline_plus_md,5,0.45928106691014625,0
368,923,LNP858,0,2025,baseline_plus_md,5,0.45928106691014625,0
369,931,LNP858,0,2025,baseline_plus_md,5,0.4998830303062272,0
130,193,LNP193,1,2026,baseline,0,0.61612461953165,1
131,194,LNP194,1,2026,baseline,1,0.5726983210562447,1
132,195,LNP195,0,2026,baseline,2,0.9231005799755798,1
294,782,LNP782,1,2026,baseline,3,0.4655137760732533,0
357,875,LNP782,1,2026,baseline,3,0.5006874745127385,1
295,783,LNP854,0,2026,baseline,4,0.9789812225997031,1
366,911,LNP854,1,2026,baseline,4,0.4416739310846267,0
272,636,LNP858,0,2026,baseline,5,0.45600219225219774,0
288,687,LNP858,0,2026,baseline,5,0.5125274684465915,1
293,781,LNP858,1,2026,baseline,5,0.4362601287601334,0
367,922,LNP858,0,2026,baseline,5,0.44017517205017703,0
368,923,LNP858,0,2026,baseline,5,0.44017517205017703,0
369,931,LNP858,0,2026,baseline,5,0.49582111924024197,0
130,193,LNP193,1,2026,baseline_plus_md,0,0.694531793108539,1
131,194,LNP194,1,2026,baseline_plus_md,1,0.5709058635472669,1
132,195,LNP195,0,2026,baseline_plus_md,2,0.7727390682234433,1
294,782,LNP782,1,2026,baseline_plus_md,3,0.5603572094848388,1
357,875,LNP782,1,2026,baseline_plus_md,3,0.575777633280992,1
295,783,LNP854,0,2026,baseline_plus_md,4,0.9733790222831261,1
366,911,LNP854,1,2026,baseline_plus_md,4,0.6818821297024732,1
272,636,LNP858,0,2026,baseline_plus_md,5,0.4647649098911921,0
288,687,LNP858,0,2026,baseline_plus_md,5,0.504340591562462,1
293,781,LNP858,1,2026,baseline_plus_md,5,0.4563819733832553,0
367,922,LNP858,0,2026,baseline_plus_md,5,0.45264279589407785,0
368,923,LNP858,0,2026,baseline_plus_md,5,0.45264279589407785,0
369,931,LNP858,0,2026,baseline_plus_md,5,0.4919975179693881,0
130,193,LNP193,1,2027,baseline,0,0.6150952794642572,1
131,194,LNP194,1,2027,baseline,1,0.5809624990588049,1
132,195,LNP195,0,2027,baseline,2,0.9333284257613298,1
294,782,LNP782,1,2027,baseline,3,0.47324259882583847,0
357,875,LNP782,1,2027,baseline,3,0.5142379166710027,1
295,783,LNP854,0,2027,baseline,4,0.9844353498738329,1
366,911,LNP854,1,2027,baseline,4,0.4751992298328351,0
272,636,LNP858,0,2027,baseline,5,0.4599569982802141,0
288,687,LNP858,0,2027,baseline,5,0.5051170261608301,1
293,781,LNP858,1,2027,baseline,5,0.44165342685164205,0
367,922,LNP858,0,2027,baseline,5,0.44901724359045914,0
368,923,LNP858,0,2027,baseline,5,0.44901724359045914,0
369,931,LNP858,0,2027,baseline,5,0.4938886711824748,0
130,193,LNP193,1,2027,baseline_plus_md,0,0.6966897806194678,1
131,194,LNP194,1,2027,baseline_plus_md,1,0.601760429142631,1
132,195,LNP195,0,2027,baseline_plus_md,2,0.7755424870268618,1
294,782,LNP782,1,2027,baseline_plus_md,3,0.5732522514136492,1
357,875,LNP782,1,2027,baseline_plus_md,3,0.5927497907617508,1
295,783,LNP854,0,2027,baseline_plus_md,4,0.9710961538502894,1
366,911,LNP854,1,2027,baseline_plus_md,4,0.6356072211721346,1
272,636,LNP858,0,2027,baseline_plus_md,5,0.47911710456707624,0
288,687,LNP858,0,2027,baseline_plus_md,5,0.5077328964549268,1
293,781,LNP858,1,2027,baseline_plus_md,5,0.4592510331385044,0
367,922,LNP858,0,2027,baseline_plus_md,5,0.46525527195524347,0
368,923,LNP858,0,2027,baseline_plus_md,5,0.46525527195524347,0
369,931,LNP858,0,2027,baseline_plus_md,5,0.4928293971764273,0
130,193,LNP193,1,2028,baseline,0,0.6191550069775629,1
131,194,LNP194,1,2028,baseline,1,0.5837615400737995,1
132,195,LNP195,0,2028,baseline,2,0.9385381372100121,1
294,782,LNP782,1,2028,baseline,3,0.4699492061409531,0
357,875,LNP782,1,2028,baseline,3,0.5086683478599372,1
295,783,LNP854,0,2028,baseline,4,0.9839328551398222,1
366,911,LNP854,1,2028,baseline,4,0.5137401881967336,1
272,636,LNP858,0,2028,baseline,5,0.46557749830448636,0
288,687,LNP858,0,2028,baseline,5,0.5075564548055014,1
293,781,LNP858,1,2028,baseline,5,0.442660831637819,0
367,922,LNP858,0,2028,baseline,5,0.4480811058080934,0
368,923,LNP858,0,2028,baseline,5,0.4480811058080934,0
369,931,LNP858,0,2028,baseline,5,0.4882518011258474,0
130,193,LNP193,1,2028,baseline_plus_md,0,0.7138276557213196,1
131,194,LNP194,1,2028,baseline_plus_md,1,0.5682575210418811,1
132,195,LNP195,0,2028,baseline_plus_md,2,0.7600967261904767,1
294,782,LNP782,1,2028,baseline_plus_md,3,0.5690607387886797,1
357,875,LNP782,1,2028,baseline_plus_md,3,0.5807211445371923,1
295,783,LNP854,0,2028,baseline_plus_md,4,0.9787863114700249,1
366,911,LNP854,1,2028,baseline_plus_md,4,0.6819384028498837,1
272,636,LNP858,0,2028,baseline_plus_md,5,0.46256476700152155,0
288,687,LNP858,0,2028,baseline_plus_md,5,0.5022338277309535,1
293,781,LNP858,1,2028,baseline_plus_md,5,0.45477706858882283,0
367,922,LNP858,0,2028,baseline_plus_md,5,0.4512317944185487,0
368,923,LNP858,0,2028,baseline_plus_md,5,0.4512317944185487,0
369,931,LNP858,0,2028,baseline_plus_md,5,0.4897193977165233,0
130,193,LNP193,1,2029,baseline,0,0.6190440620381021,1
131,194,LNP194,1,2029,baseline,1,0.5728955818212598,1
132,195,LNP195,0,2029,baseline,2,0.9185755449615742,1
294,782,LNP782,1,2029,baseline,3,0.47031902685214244,0
357,875,LNP782,1,2029,baseline,3,0.5030933441815716,1
295,783,LNP854,0,2029,baseline,4,0.9808855026152314,1
366,911,LNP854,1,2029,baseline,4,0.4773423572475023,0
272,636,LNP858,0,2029,baseline,5,0.45483761602847844,0
288,687,LNP858,0,2029,baseline,5,0.5048705487819994,1
293,781,LNP858,1,2029,baseline,5,0.4403038858697476,0
367,922,LNP858,0,2029,baseline,5,0.4376812307470928,0
368,923,LNP858,0,2029,baseline,5,0.4376812307470928,0
369,931,LNP858,0,2029,baseline,5,0.48913912742557786,0
130,193,LNP193,1,2029,baseline_plus_md,0,0.6897349865700134,1
131,194,LNP194,1,2029,baseline_plus_md,1,0.5793103178070862,1
132,195,LNP195,0,2029,baseline_plus_md,2,0.7786164720695972,1
294,782,LNP782,1,2029,baseline_plus_md,3,0.5609413895858661,1
357,875,LNP782,1,2029,baseline_plus_md,3,0.5749547918892829,1
295,783,LNP854,0,2029,baseline_plus_md,4,0.9723628527655453,1
366,911,LNP854,1,2029,baseline_plus_md,4,0.652889985866647,1
272,636,LNP858,0,2029,baseline_plus_md,5,0.4650745524722539,0
288,687,LNP858,0,2029,baseline_plus_md,5,0.5061259642957247,1
293,781,LNP858,1,2029,baseline_plus_md,5,0.45188010802780887,0
367,922,LNP858,0,2029,baseline_plus_md,5,0.4539941051418063,0
368,923,LNP858,0,2029,baseline_plus_md,5,0.4539941051418063,0
369,931,LNP858,0,2029,baseline_plus_md,5,0.4949778762726364,0
130,193,LNP193,1,2030,baseline,0,0.6123406640205985,1
131,194,LNP194,1,2030,baseline,1,0.5718635550173818,1
132,195,LNP195,0,2030,baseline,2,0.927226591117216,1
294,782,LNP782,1,2030,baseline,3,0.47713949036510045,0
357,875,LNP782,1,2030,baseline,3,0.5107744746093037,1
295,783,LNP854,0,2030,baseline,4,0.9759802750749187,1
366,911,LNP854,1,2030,baseline,4,0.47019967291335624,0
272,636,LNP858,0,2030,baseline,5,0.4612264172670242,0
288,687,LNP858,0,2030,baseline,5,0.5168418394265635,1
293,781,LNP858,1,2030,baseline,5,0.4361768140924205,0
367,922,LNP858,0,2030,baseline,5,0.4418703566609632,0
368,923,LNP858,0,2030,baseline,5,0.4418703566609632,0
369,931,LNP858,0,2030,baseline,5,0.4950146388493626,0
130,193,LNP193,1,2030,baseline_plus_md,0,0.7005089950261908,1
131,194,LNP194,1,2030,baseline_plus_md,1,0.564344342845749,1
132,195,LNP195,0,2030,baseline_plus_md,2,0.7639602983821735,1
294,782,LNP782,1,2030,baseline_plus_md,3,0.5619925456516094,1
357,875,LNP782,1,2030,baseline_plus_md,3,0.5761937808812617,1
295,783,LNP854,0,2030,baseline_plus_md,4,0.965931140897249,1
366,911,LNP854,1,2030,baseline_plus_md,4,0.6590010646420581,1
272,636,LNP858,0,2030,baseline_plus_md,5,0.48352080788802954,0
288,687,LNP858,0,2030,baseline_plus_md,5,0.5226430869677386,1
293,781,LNP858,1,2030,baseline_plus_md,5,0.4682182285229497,0
367,922,LNP858,0,2030,baseline_plus_md,5,0.472513412505634,0
368,923,LNP858,0,2030,baseline_plus_md,5,0.472513412505634,0
369,931,LNP858,0,2030,baseline_plus_md,5,0.5109412471408987,1
130,193,LNP193,1,2031,baseline,0,0.6139498362647939,1
131,194,LNP194,1,2031,baseline,1,0.5683502830372418,1
132,195,LNP195,0,2031,baseline,2,0.9301705541190834,1
294,782,LNP782,1,2031,baseline,3,0.4756955766156514,0
357,875,LNP782,1,2031,baseline,3,0.5187955244327881,1
295,783,LNP854,0,2031,baseline,4,0.9840911010999528,1
366,911,LNP854,1,2031,baseline,4,0.47018993684770616,0
272,636,LNP858,0,2031,baseline,5,0.4666722606748243,0
288,687,LNP858,0,2031,baseline,5,0.5210637841839945,1
293,781,LNP858,1,2031,baseline,5,0.4456405146430777,0
367,922,LNP858,0,2031,baseline,5,0.44846518996775314,0
368,923,LNP858,0,2031,baseline,5,0.44846518996775314,0
369,931,LNP858,0,2031,baseline,5,0.4985728029430129,0
130,193,LNP193,1,2031,baseline_plus_md,0,0.701242820360569,1
131,194,LNP194,1,2031,baseline_plus_md,1,0.5679376681602313,1
132,195,LNP195,0,2031,baseline_plus_md,2,0.7716350732600735,1
294,782,LNP782,1,2031,baseline_plus_md,3,0.5617260875552241,1
357,875,LNP782,1,2031,baseline_plus_md,3,0.5825655993400845,1
295,783,LNP854,0,2031,baseline_plus_md,4,0.9688781847759063,1
366,911,LNP854,1,2031,baseline_plus_md,4,0.6826179391686176,1
272,636,LNP858,0,2031,baseline_plus_md,5,0.48361066132645747,0
288,687,LNP858,0,2031,baseline_plus_md,5,0.5178029600408148,1
293,781,LNP858,1,2031,baseline_plus_md,5,0.47135867719947305,0
367,922,LNP858,0,2031,baseline_plus_md,5,0.4665733236641194,0
368,923,LNP858,0,2031,baseline_plus_md,5,0.4665733236641194,0
369,931,LNP858,0,2031,baseline_plus_md,5,0.5030969715848262,1
130,193,LNP193,1,2032,baseline,0,0.6199863381922445,1
131,194,LNP194,1,2032,baseline,1,0.5685989437903992,1
132,195,LNP195,0,2032,baseline,2,0.9240832334536377,1
294,782,LNP782,1,2032,baseline,3,0.46882924210791627,0
357,875,LNP782,1,2032,baseline,3,0.5017842845235551,1
295,783,LNP854,0,2032,baseline,4,0.9764508852699453,1
366,911,LNP854,1,2032,baseline,4,0.5048493424474305,1
272,636,LNP858,0,2032,baseline,5,0.4590877856159242,0
288,687,LNP858,0,2032,baseline,5,0.5102372080888762,1
293,781,LNP858,1,2032,baseline,5,0.43726238879052665,0
367,922,LNP858,0,2032,baseline,5,0.4379460107241487,0
368,923,LNP858,0,2032,baseline,5,0.4379460107241487,0
369,931,LNP858,0,2032,baseline,5,0.4868046684063361,0
130,193,LNP193,1,2032,baseline_plus_md,0,0.6996861146932888,1
131,194,LNP194,1,2032,baseline_plus_md,1,0.5776029238094121,1
132,195,LNP195,0,2032,baseline_plus_md,2,0.7916369047619044,1
294,782,LNP782,1,2032,baseline_plus_md,3,0.5616171369379006,1
357,875,LNP782,1,2032,baseline_plus_md,3,0.5811671791982148,1
295,783,LNP854,0,2032,baseline_plus_md,4,0.967314468290258,1
366,911,LNP854,1,2032,baseline_plus_md,4,0.662484642238946,1
272,636,LNP858,0,2032,baseline_plus_md,5,0.4720541587026852,0
288,687,LNP858,0,2032,baseline_plus_md,5,0.5188324479229245,1
293,781,LNP858,1,2032,baseline_plus_md,5,0.4579172539407801,0
367,922,LNP858,0,2032,baseline_plus_md,5,0.46027746317598944,0
368,923,LNP858,0,2032,baseline_plus_md,5,0.46027746317598944,0
369,931,LNP858,0,2032,baseline_plus_md,5,0.5029251607656371,1
130,193,LNP193,1,2033,baseline,0,0.6152845398934812,1
131,194,LNP194,1,2033,baseline,1,0.5691370394699595,1
132,195,LNP195,0,2033,baseline,2,0.9199012706043955,1
294,782,LNP782,1,2033,baseline,3,0.45814337008405254,0
357,875,LNP782,1,2033,baseline,3,0.49169639140965643,0
295,783,LNP854,0,2033,baseline,4,0.9729213545872142,1
366,911,LNP854,1,2033,baseline,4,0.5086361527478274,1
272,636,LNP858,0,2033,baseline,5,0.46742789357559805,0
288,687,LNP858,0,2033,baseline,5,0.5173769028996074,1
293,781,LNP858,1,2033,baseline,5,0.4427255126232161,0
367,922,LNP858,0,2033,baseline,5,0.45206083008353426,0
368,923,LNP858,0,2033,baseline,5,0.45206083008353426,0
369,931,LNP858,0,2033,baseline,5,0.5000031655258697,1
130,193,LNP193,1,2033,baseline_plus_md,0,0.6986812332869157,1
131,194,LNP194,1,2033,baseline_plus_md,1,0.5574737438952273,1
132,195,LNP195,0,2033,baseline_plus_md,2,0.7626376488095237,1
294,782,LNP782,1,2033,baseline_plus_md,3,0.559420960778342,1
357,875,LNP782,1,2033,baseline_plus_md,3,0.584047437906715,1
295,783,LNP854,0,2033,baseline_plus_md,4,0.9742526637874793,1
366,911,LNP854,1,2033,baseline_plus_md,4,0.6472414442643225,1
272,636,LNP858,0,2033,baseline_plus_md,5,0.4787383763747542,0
288,687,LNP858,0,2033,baseline_plus_md,5,0.5247462513686973,1
293,781,LNP858,1,2033,baseline_plus_md,5,0.46678401129538877,0
367,922,LNP858,0,2033,baseline_plus_md,5,0.4640468179331954,0
368,923,LNP858,0,2033,baseline_plus_md,5,0.4640468179331954,0
369,931,LNP858,0,2033,baseline_plus_md,5,0.5076015904740361,1
130,193,LNP193,1,2034,baseline,0,0.6180712265654911,1
131,194,LNP194,1,2034,baseline,1,0.5758909759661592,1
132,195,LNP195,0,2034,baseline,2,0.9427042315323563,1
294,782,LNP782,1,2034,baseline,3,0.4665445732731995,0
357,875,LNP782,1,2034,baseline,3,0.5038114662297858,1
295,783,LNP854,0,2034,baseline,4,0.9857509216594893,1
366,911,LNP854,1,2034,baseline,4,0.46747922967702427,0
272,636,LNP858,0,2034,baseline,5,0.4589340178150977,0
288,687,LNP858,0,2034,baseline,5,0.4971530904091701,0
293,781,LNP858,1,2034,baseline,5,0.43730703368811263,0
367,922,LNP858,0,2034,baseline,5,0.4395409802970596,0
368,923,LNP858,0,2034,baseline,5,0.4395409802970596,0
369,931,LNP858,0,2034,baseline,5,0.47896405722013663,0
130,193,LNP193,1,2034,baseline_plus_md,0,0.6822756231413579,1
131,194,LNP194,1,2034,baseline_plus_md,1,0.586275683308287,1
132,195,LNP195,0,2034,baseline_plus_md,2,0.7664304601648353,1
294,782,LNP782,1,2034,baseline_plus_md,3,0.5607426201770711,1
357,875,LNP782,1,2034,baseline_plus_md,3,0.5767358285073331,1
295,783,LNP854,0,2034,baseline_plus_md,4,0.9722510649776186,1
366,911,LNP854,1,2034,baseline_plus_md,4,0.6687903916198735,1
272,636,LNP858,0,2034,baseline_plus_md,5,0.46232057642024416,0
288,687,LNP858,0,2034,baseline_plus_md,5,0.5055908967861528,1
293,781,LNP858,1,2034,baseline_plus_md,5,0.45139547721389484,0
367,922,LNP858,0,2034,baseline_plus_md,5,0.4483586355833032,0
368,923,LNP858,0,2034,baseline_plus_md,5,0.4483586355833032,0
369,931,LNP858,0,2034,baseline_plus_md,5,0.4900191074643634,0
130,193,LNP193,1,2035,baseline,0,0.6202969366910355,1
131,194,LNP194,1,2035,baseline,1,0.5643899670163457,1
132,195,LNP195,0,2035,baseline,2,0.919264423076923,1
294,782,LNP782,1,2035,baseline,3,0.45793783209678124,0
357,875,LNP782,1,2035,baseline,3,0.4932968042940755,0
295,783,LNP854,0,2035,baseline,4,0.9792560933628981,1
366,911,LNP854,1,2035,baseline,4,0.49215471068924066,0
272,636,LNP858,0,2035,baseline,5,0.4662393519027212,0
288,687,LNP858,0,2035,baseline,5,0.5162037053597218,1
293,781,LNP858,1,2035,baseline,5,0.44545562174399017,0
367,922,LNP858,0,2035,baseline,5,0.44584523213360105,0
368,923,LNP858,0,2035,baseline,5,0.44584523213360105,0
369,931,LNP858,0,2035,baseline,5,0.49432599973201563,0
130,193,LNP193,1,2035,baseline_plus_md,0,0.7110161963085728,1
131,194,LNP194,1,2035,baseline_plus_md,1,0.5603139175624672,1
132,195,LNP195,0,2035,baseline_plus_md,2,0.7650496323529411,1
294,782,LNP782,1,2035,baseline_plus_md,3,0.569573607062527,1
357,875,LNP782,1,2035,baseline_plus_md,3,0.5840210756541819,1
295,783,LNP854,0,2035,baseline_plus_md,4,0.9718398921232246,1
366,911,LNP854,1,2035,baseline_plus_md,4,0.6605869976631057,1
272,636,LNP858,0,2035,baseline_plus_md,5,0.4658409820047727,0
288,687,LNP858,0,2035,baseline_plus_md,5,0.5106809481102187,1
293,781,LNP858,1,2035,baseline_plus_md,5,0.4566519939095346,0
367,922,LNP858,0,2035,baseline_plus_md,5,0.44845642212021275,0
368,923,LNP858,0,2035,baseline_plus_md,5,0.44845642212021275,0
369,931,LNP858,0,2035,baseline_plus_md,5,0.49203376196303245,0
130,193,LNP193,1,2036,baseline,0,0.6121442390531153,1
131,194,LNP194,1,2036,baseline,1,0.5737824837425987,1
132,195,LNP195,0,2036,baseline,2,0.9211531593406593,1
294,782,LNP782,1,2036,baseline,3,0.46994725196136167,0
357,875,LNP782,1,2036,baseline,3,0.5086692534944935,1
295,783,LNP854,0,2036,baseline,4,0.9804070083283344,1
366,911,LNP854,1,2036,baseline,4,0.4981368029018183,0
272,636,LNP858,0,2036,baseline,5,0.4571087613367085,0
288,687,LNP858,0,2036,baseline,5,0.5105835953262481,1
293,781,LNP858,1,2036,baseline,5,0.43186074546369163,0
367,922,LNP858,0,2036,baseline,5,0.43569191429486104,0
368,923,LNP858,0,2036,baseline,5,0.43569191429486104,0
369,931,LNP858,0,2036,baseline,5,0.4872908464084987,0
130,193,LNP193,1,2036,baseline_plus_md,0,0.6967902685295476,1
131,194,LNP194,1,2036,baseline_plus_md,1,0.5682277135702829,1
132,195,LNP195,0,2036,baseline_plus_md,2,0.7828782051282046,1
294,782,LNP782,1,2036,baseline_plus_md,3,0.5709876869008795,1
357,875,LNP782,1,2036,baseline_plus_md,3,0.5860670765226085,1
295,783,LNP854,0,2036,baseline_plus_md,4,0.9801515606060165,1
366,911,LNP854,1,2036,baseline_plus_md,4,0.7096602334347115,1
272,636,LNP858,0,2036,baseline_plus_md,5,0.4855008332007499,0
288,687,LNP858,0,2036,baseline_plus_md,5,0.5253256388130939,1
293,781,LNP858,1,2036,baseline_plus_md,5,0.47288922605789246,0
367,922,LNP858,0,2036,baseline_plus_md,5,0.4670610785109948,0
368,923,LNP858,0,2036,baseline_plus_md,5,0.4670610785109948,0
369,931,LNP858,0,2036,baseline_plus_md,5,0.506863337225792,1
130,193,LNP193,1,2037,baseline,0,0.6167463033665311,1
131,194,LNP194,1,2037,baseline,1,0.5748663345155411,1
132,195,LNP195,0,2037,baseline,2,0.9273028083028082,1
294,782,LNP782,1,2037,baseline,3,0.4720193370387305,0
357,875,LNP782,1,2037,baseline,3,0.5086612619317562,1
295,783,LNP854,0,2037,baseline,4,0.976409187619839,1
366,911,LNP854,1,2037,baseline,4,0.4740342856661377,0
272,636,LNP858,0,2037,baseline,5,0.4549859711544553,0
288,687,LNP858,0,2037,baseline,5,0.5106647694803125,1
293,781,LNP858,1,2037,baseline,5,0.4353927171862009,0
367,922,LNP858,0,2037,baseline,5,0.43904260896109276,0
368,923,LNP858,0,2037,baseline,5,0.43904260896109276,0
369,931,LNP858,0,2037,baseline,5,0.49291765548319816,0
130,193,LNP193,1,2037,baseline_plus_md,0,0.6953341112747803,1
131,194,LNP194,1,2037,baseline_plus_md,1,0.5801952375375283,1
132,195,LNP195,0,2037,baseline_plus_md,2,0.7823101724664219,1
294,782,LNP782,1,2037,baseline_plus_md,3,0.5709760482664897,1
357,875,LNP782,1,2037,baseline_plus_md,3,0.5880444222572918,1
295,783,LNP854,0,2037,baseline_plus_md,4,0.9759213591625365,1
366,911,LNP854,1,2037,baseline_plus_md,4,0.6775958931929185,1
272,636,LNP858,0,2037,baseline_plus_md,5,0.48333720471948155,0
288,687,LNP858,0,2037,baseline_plus_md,5,0.5215447080005142,1
293,781,LNP858,1,2037,baseline_plus_md,5,0.47479305789408427,0
367,922,LNP858,0,2037,baseline_plus_md,5,0.4714594990917755,0
368,923,LNP858,0,2037,baseline_plus_md,5,0.4714594990917755,0
369,931,LNP858,0,2037,baseline_plus_md,5,0.5075385752443812,1
130,193,LNP193,1,2038,baseline,0,0.6231232522565225,1
131,194,LNP194,1,2038,baseline,1,0.5666689961477048,1
132,195,LNP195,0,2038,baseline,2,0.9366601800976799,1
294,782,LNP782,1,2038,baseline,3,0.47518816477557413,0
357,875,LNP782,1,2038,baseline,3,0.5074278641198731,1
295,783,LNP854,0,2038,baseline,4,0.9799195220585023,1
366,911,LNP854,1,2038,baseline,4,0.44833961529326727,0
272,636,LNP858,0,2038,baseline,5,0.47073360764697675,0
288,687,LNP858,0,2038,baseline,5,0.5156619227958803,1
293,781,LNP858,1,2038,baseline,5,0.450049083837452,0
367,922,LNP858,0,2038,baseline,5,0.4552592209225896,0
368,923,LNP858,0,2038,baseline,5,0.4552592209225896,0
369,931,LNP858,0,2038,baseline,5,0.4986814033153603,0
130,193,LNP193,1,2038,baseline_plus_md,0,0.6983993270404564,1
131,194,LNP194,1,2038,baseline_plus_md,1,0.5645113819432301,1
132,195,LNP195,0,2038,baseline_plus_md,2,0.7713848252442004,1
294,782,LNP782,1,2038,baseline_plus_md,3,0.5750203556922574,1
357,875,LNP782,1,2038,baseline_plus_md,3,0.5870495506641894,1
295,783,LNP854,0,2038,baseline_plus_md,4,0.9780990168686107,1
366,911,LNP854,1,2038,baseline_plus_md,4,0.6919587246443416,1
272,636,LNP858,0,2038,baseline_plus_md,5,0.4804054314983858,0
288,687,LNP858,0,2038,baseline_plus_md,5,0.5194724918889753,1
293,781,LNP858,1,2038,baseline_plus_md,5,0.4687362846729887,0
367,922,LNP858,0,2038,baseline_plus_md,5,0.46643086439881853,0
368,923,LNP858,0,2038,baseline_plus_md,5,0.46643086439881853,0
369,931,LNP858,0,2038,baseline_plus_md,5,0.505497924789408,1
130,193,LNP193,1,2039,baseline,0,0.6218357919426385,1
131,194,LNP194,1,2039,baseline,1,0.5661259716484137,1
132,195,LNP195,0,2039,baseline,2,0.929599435286935,1
294,782,LNP782,1,2039,baseline,3,0.4623725796441214,0
357,875,LNP782,1,2039,baseline,3,0.503085142072543,1
295,783,LNP854,0,2039,baseline,4,0.9788666940790075,1
366,911,LNP854,1,2039,baseline,4,0.49707518109912746,0
272,636,LNP858,0,2039,baseline,5,0.47332890397468963,0
288,687,LNP858,0,2039,baseline,5,0.5241292474220918,1
293,781,LNP858,1,2039,baseline,5,0.45438049127627644,0
367,922,LNP858,0,2039,baseline,5,0.45645029647108176,0
368,923,LNP858,0,2039,baseline,5,0.45645029647108176,0
369,931,LNP858,0,2039,baseline,5,0.5063126889805332,1
130,193,LNP193,1,2039,baseline_plus_md,0,0.70290364630564,1
131,194,LNP194,1,2039,baseline_plus_md,1,0.5739107138410966,1
132,195,LNP195,0,2039,baseline_plus_md,2,0.7756262973137973,1
294,782,LNP782,1,2039,baseline_plus_md,3,0.5710758369245158,1
357,875,LNP782,1,2039,baseline_plus_md,3,0.581504869580877,1
295,783,LNP854,0,2039,baseline_plus_md,4,0.9717310828735117,1
366,911,LNP854,1,2039,baseline_plus_md,4,0.6639933319724207,1
272,636,LNP858,0,2039,baseline_plus_md,5,0.4627964843650874,0
288,687,LNP858,0,2039,baseline_plus_md,5,0.5060788250893787,1
293,781,LNP858,1,2039,baseline_plus_md,5,0.45560402404762684,0
367,922,LNP858,0,2039,baseline_plus_md,5,0.4520506329942359,0
368,923,LNP858,0,2039,baseline_plus_md,5,0.4520506329942359,0
369,931,LNP858,0,2039,baseline_plus_md,5,0.4959101742957277,0
130,193,LNP193,1,2040,baseline,0,0.6159511743219627,1
131,194,LNP194,1,2040,baseline,1,0.5668142105453886,1
132,195,LNP195,0,2040,baseline,2,0.9312881372100118,1
294,782,LNP782,1,2040,baseline,3,0.4762134592223277,0
357,875,LNP782,1,2040,baseline,3,0.5049283238439779,1
295,783,LNP854,0,2040,baseline,4,0.9818067685007845,1
366,911,LNP854,1,2040,baseline,4,0.4610349381477944,0
272,636,LNP858,0,2040,baseline,5,0.44978865035930815,0
288,687,LNP858,0,2040,baseline,5,0.49824815653940285,0
293,781,LNP858,1,2040,baseline,5,0.4351557138513711,0
367,922,LNP858,0,2040,baseline,5,0.43452349884415653,0
368,923,LNP858,0,2040,baseline,5,0.43452349884415653,0
369,931,LNP858,0,2040,baseline,5,0.48212622291746887,0
130,193,LNP193,1,2040,baseline_plus_md,0,0.7106895693838647,1
131,194,LNP194,1,2040,baseline_plus_md,1,0.5754263109717414,1
132,195,LNP195,0,2040,baseline_plus_md,2,0.7771762248168499,1
294,782,LNP782,1,2040,baseline_plus_md,3,0.555121650299379,1
357,875,LNP782,1,2040,baseline_plus_md,3,0.57695274061265,1
295,783,LNP854,0,2040,baseline_plus_md,4,0.9712162903455885,1
366,911,LNP854,1,2040,baseline_plus_md,4,0.6423204525209166,1
272,636,LNP858,0,2040,baseline_plus_md,5,0.4773833588432667,0
288,687,LNP858,0,2040,baseline_plus_md,5,0.5238980391234266,1
293,781,LNP858,1,2040,baseline_plus_md,5,0.4637424858273934,0
367,922,LNP858,0,2040,baseline_plus_md,5,0.4670135897234974,0
368,923,LNP858,0,2040,baseline_plus_md,5,0.4670135897234974,0
369,931,LNP858,0,2040,baseline_plus_md,5,0.5128338255592129,1
130,193,LNP193,1,2041,baseline,0,0.614886108907281,1
131,194,LNP194,1,2041,baseline,1,0.5729221726990119,1
132,195,LNP195,0,2041,baseline,2,0.917347451159951,1
294,782,LNP782,1,2041,baseline,3,0.4631514508610817,0
357,875,LNP782,1,2041,baseline,3,0.5017096840751887,1
295,783,LNP854,0,2041,baseline,4,0.9837266469999499,1
366,911,LNP854,1,2041,baseline,4,0.48129532547864123,0
272,636,LNP858,0,2041,baseline,5,0.4590016577980192,0
288,687,LNP858,0,2041,baseline,5,0.5014288996737906,1
293,781,LNP858,1,2041,baseline,5,0.43375364192500243,0
367,922,LNP858,0,2041,baseline,5,0.43947063326699426,0
368,923,LNP858,0,2041,baseline,5,0.43947063326699426,0
369,931,LNP858,0,2041,baseline,5,0.4824525288224191,0
130,193,LNP193,1,2041,baseline_plus_md,0,0.6915346009829783,1
131,194,LNP194,1,2041,baseline_plus_md,1,0.5764401200375183,1
132,195,LNP195,0,2041,baseline_plus_md,2,0.7581229967948719,1
294,782,LNP782,1,2041,baseline_plus_md,3,0.5670173072494407,1
357,875,LNP782,1,2041,baseline_plus_md,3,0.583393709029129,1
295,783,LNP854,0,2041,baseline_plus_md,4,0.9793152163902793,1
366,911,LNP854,1,2041,baseline_plus_md,4,0.7057497563859598,1
272,636,LNP858,0,2041,baseline_plus_md,5,0.4611703129741851,0
288,687,LNP858,0,2041,baseline_plus_md,5,0.5019995858255164,1
293,781,LNP858,1,2041,baseline_plus_md,5,0.4538538447202164,0
367,922,LNP858,0,2041,baseline_plus_md,5,0.45524949767836964,0
368,923,LNP858,0,2041,baseline_plus_md,5,0.45524949767836964,0
369,931,LNP858,0,2041,baseline_plus_md,5,0.4959570172829478,0
130,193,LNP193,1,2042,baseline,0,0.611688029769887,1
131,194,LNP194,1,2042,baseline,1,0.5720751159549061,1
132,195,LNP195,0,2042,baseline,2,0.9264865689865688,1
294,782,LNP782,1,2042,baseline,3,0.4676728499357265,0
357,875,LNP782,1,2042,baseline,3,0.5147470782656289,1
295,783,LNP854,0,2042,baseline,4,0.9819080485560996,1
366,911,LNP854,1,2042,baseline,4,0.4665271739278473,0
272,636,LNP858,0,2042,baseline,5,0.4668648435608217,0
288,687,LNP858,0,2042,baseline,5,0.5130565807452058,1
293,781,LNP858,1,2042,baseline,5,0.4484620657830431,0
367,922,LNP858,0,2042,baseline,5,0.4511054640514415,0
368,923,LNP858,0,2042,baseline,5,0.4511054640514415,0
369,931,LNP858,0,2042,baseline,5,0.4950740771377018,0
130,193,LNP193,1,2042,baseline_plus_md,0,0.6938790085376664,1
131,194,LNP194,1,2042,baseline_plus_md,1,0.5810895609251354,1
132,195,LNP195,0,2042,baseline_plus_md,2,0.7539325396825397,1
294,782,LNP782,1,2042,baseline_plus_md,3,0.5688145765118422,1
357,875,LNP782,1,2042,baseline_plus_md,3,0.5800283927835631,1
295,783,LNP854,0,2042,baseline_plus_md,4,0.9799157315620577,1
366,911,LNP854,1,2042,baseline_plus_md,4,0.6714245280382043,1
272,636,LNP858,0,2042,baseline_plus_md,5,0.47181675976233506,0
288,687,LNP858,0,2042,baseline_plus_md,5,0.5114671420597763,1
293,781,LNP858,1,2042,baseline_plus_md,5,0.4572210256353506,0
367,922,LNP858,0,2042,baseline_plus_md,5,0.4603917958373707,0
368,923,LNP858,0,2042,baseline_plus_md,5,0.4603917958373707,0
369,931,LNP858,0,2042,baseline_plus_md,5,0.49771533830797227,0
130,193,LNP193,1,2043,baseline,0,0.6231255467650142,1
131,194,LNP194,1,2043,baseline,1,0.5777708262258697,1
132,195,LNP195,0,2043,baseline,2,0.9191346535409036,1
294,782,LNP782,1,2043,baseline,3,0.46715487567731917,0
357,875,LNP782,1,2043,baseline,3,0.5028144920077066,1
295,783,LNP854,0,2043,baseline,4,0.9857011302711637,1
366,911,LNP854,1,2043,baseline,4,0.4669323325557959,0
272,636,LNP858,0,2043,baseline,5,0.45523349430479176,0
288,687,LNP858,0,2043,baseline,5,0.5037897787066643,1
293,781,LNP858,1,2043,baseline,5,0.43583865303494984,0
367,922,LNP858,0,2043,baseline,5,0.442460225906523,0
368,923,LNP858,0,2043,baseline,5,0.442460225906523,0
369,931,LNP858,0,2043,baseline,5,0.4896591870760724,0
130,193,LNP193,1,2043,baseline_plus_md,0,0.7006285940749268,1
131,194,LNP194,1,2043,baseline_plus_md,1,0.6027522640100412,1
132,195,LNP195,0,2043,baseline_plus_md,2,0.7496665712759467,1
294,782,LNP782,1,2043,baseline_plus_md,3,0.5598908934068653,1
357,875,LNP782,1,2043,baseline_plus_md,3,0.576269897568767,1
295,783,LNP854,0,2043,baseline_plus_md,4,0.9805749649574893,1
366,911,LNP854,1,2043,baseline_plus_md,4,0.6778219122271726,1
272,636,LNP858,0,2043,baseline_plus_md,5,0.46293008249210665,0
288,687,LNP858,0,2043,baseline_plus_md,5,0.4984191032752448,0
293,781,LNP858,1,2043,baseline_plus_md,5,0.450628495190519,0
367,922,LNP858,0,2043,baseline_plus_md,5,0.45072770153972536,0
368,923,LNP858,0,2043,baseline_plus_md,5,0.45072770153972536,0
369,931,LNP858,0,2043,baseline_plus_md,5,0.4830691754253168,0
130,193,LNP193,1,2044,baseline,0,0.6177469967138799,1
131,194,LNP194,1,2044,baseline,1,0.5671541062234868,1
132,195,LNP195,0,2044,baseline,2,0.9255926625457872,1
294,782,LNP782,1,2044,baseline,3,0.4660032170114226,0
357,875,LNP782,1,2044,baseline,3,0.49592759357005606,0
295,783,LNP854,0,2044,baseline,4,0.9864289709219881,1
366,911,LNP854,1,2044,baseline,4,0.480949784211966,0
272,636,LNP858,0,2044,baseline,5,0.4605458515624813,0
288,687,LNP858,0,2044,baseline,5,0.5011776666428258,1
293,781,LNP858,1,2044,baseline,5,0.43534743886406785,0
367,922,LNP858,0,2044,baseline,5,0.43679404781067704,0
368,923,LNP858,0,2044,baseline,5,0.43679404781067704,0
369,931,LNP858,0,2044,baseline,5,0.47911688020703885,0
130,193,LNP193,1,2044,baseline_plus_md,0,0.7105025623260127,1
131,194,LNP194,1,2044,baseline_plus_md,1,0.5675819909496309,1
132,195,LNP195,0,2044,baseline_plus_md,2,0.7707649381868127,1
294,782,LNP782,1,2044,baseline_plus_md,3,0.5651343233575065,1
357,875,LNP782,1,2044,baseline_plus_md,3,0.5827464743118708,1
295,783,LNP854,0,2044,baseline_plus_md,4,0.9723582299455994,1
366,911,LNP854,1,2044,baseline_plus_md,4,0.6972175460634442,1
272,636,LNP858,0,2044,baseline_plus_md,5,0.4766332722663737,0
288,687,LNP858,0,2044,baseline_plus_md,5,0.5134448084683896,1
293,781,LNP858,1,2044,baseline_plus_md,5,0.4634760302028812,0
367,922,LNP858,0,2044,baseline_plus_md,5,0.46565744254054375,0
368,923,LNP858,0,2044,baseline_plus_md,5,0.46565744254054375,0
369,931,LNP858,0,2044,baseline_plus_md,5,0.5010575429561238,1
130,193,LNP193,1,2045,baseline,0,0.6142530545760357,1
131,194,LNP194,1,2045,baseline,1,0.575399165312875,1
132,195,LNP195,0,2045,baseline,2,0.9301989278673681,1
294,782,LNP782,1,2045,baseline,3,0.47468891435051747,0
357,875,LNP782,1,2045,baseline,3,0.5161432975573663,1
295,783,LNP854,0,2045,baseline,4,0.981698084713541,1
366,911,LNP854,1,2045,baseline,4,0.4647226769057989,0
272,636,LNP858,0,2045,baseline,5,0.46776073635089577,0
288,687,LNP858,0,2045,baseline,5,0.5204980113308179,1
293,781,LNP858,1,2045,baseline,5,0.4451416887318473,0
367,922,LNP858,0,2045,baseline,5,0.453374011964171,0
368,923,LNP858,0,2045,baseline,5,0.453374011964171,0
369,931,LNP858,0,2045,baseline,5,0.5031215683293745,1
130,193,LNP193,1,2045,baseline_plus_md,0,0.6980865754551969,1
131,194,LNP194,1,2045,baseline_plus_md,1,0.5921200620461802,1
132,195,LNP195,0,2045,baseline_plus_md,2,0.8184326923076921,1
294,782,LNP782,1,2045,baseline_plus_md,3,0.562801480245507,1
357,875,LNP782,1,2045,baseline_plus_md,3,0.5826433837476038,1
295,783,LNP854,0,2045,baseline_plus_md,4,0.9655709583188904,1
366,911,LNP854,1,2045,baseline_plus_md,4,0.6365553214478781,1
272,636,LNP858,0,2045,baseline_plus_md,5,0.4882589080782846,0
288,687,LNP858,0,2045,baseline_plus_md,5,0.5207287462466522,1
293,781,LNP858,1,2045,baseline_plus_md,5,0.47104660649098273,0
367,922,LNP858,0,2045,baseline_plus_md,5,0.47195208989646603,0
368,923,LNP858,0,2045,baseline_plus_md,5,0.47195208989646603,0
369,931,LNP858,0,2045,baseline_plus_md,5,0.5054185009364065,1
130,193,LNP193,1,2046,baseline,0,0.6208021845010822,1
131,194,LNP194,1,2046,baseline,1,0.5681957466259262,1
132,195,LNP195,0,2046,baseline,2,0.9389627785409034,1
294,782,LNP782,1,2046,baseline,3,0.46819199175822634,0
357,875,LNP782,1,2046,baseline,3,0.4947052918388017,0
295,783,LNP854,0,2046,baseline,4,0.9843251071226856,1
366,911,LNP854,1,2046,baseline,4,0.4856291959790091,0
272,636,LNP858,0,2046,baseline,5,0.46685316441870706,0
288,687,LNP858,0,2046,baseline,5,0.5160397213258523,1
293,781,LNP858,1,2046,baseline,5,0.44130752949807145,0
367,922,LNP858,0,2046,baseline,5,0.4473636261791684,0
368,923,LNP858,0,2046,baseline,5,0.4473636261791684,0
369,931,LNP858,0,2046,baseline,5,0.4947193750055056,0
130,193,LNP193,1,2046,baseline_plus_md,0,0.7021612094466466,1
131,194,LNP194,1,2046,baseline_plus_md,1,0.5529412316788946,1
132,195,LNP195,0,2046,baseline_plus_md,2,0.7779148351648346,1
294,782,LNP782,1,2046,baseline_plus_md,3,0.5611461633335525,1
357,875,LNP782,1,2046,baseline_plus_md,3,0.5759490037523797,1
295,783,LNP854,0,2046,baseline_plus_md,4,0.9752552489577657,1
366,911,LNP854,1,2046,baseline_plus_md,4,0.6751586342287728,1
272,636,LNP858,0,2046,baseline_plus_md,5,0.47749443100946015,0
288,687,LNP858,0,2046,baseline_plus_md,5,0.5137286461407339,1
293,781,LNP858,1,2046,baseline_plus_md,5,0.4687146691046981,0
367,922,LNP858,0,2046,baseline_plus_md,5,0.46434868786371686,0
368,923,LNP858,0,2046,baseline_plus_md,5,0.46434868786371686,0
369,931,LNP858,0,2046,baseline_plus_md,5,0.49895050761259524,0
130,193,LNP193,1,2047,baseline,0,0.6140932688908222,1
131,194,LNP194,1,2047,baseline,1,0.557942582256827,1
132,195,LNP195,0,2047,baseline,2,0.9330410707552251,1
294,782,LNP782,1,2047,baseline,3,0.4711804620028607,0
357,875,LNP782,1,2047,baseline,3,0.5089370975462489,1
295,783,LNP854,0,2047,baseline,4,0.9806372613993922,1
366,911,LNP854,1,2047,baseline,4,0.4997128375778741,0
272,636,LNP858,0,2047,baseline,5,0.45531182230671324,0
288,687,LNP858,0,2047,baseline,5,0.504298701440651,1
293,781,LNP858,1,2047,baseline,5,0.4358673778622679,0
367,922,LNP858,0,2047,baseline,5,0.43575193774682836,0
368,923,LNP858,0,2047,baseline,5,0.43575193774682836,0
369,931,LNP858,0,2047,baseline,5,0.48420671009865934,0
130,193,LNP193,1,2047,baseline_plus_md,0,0.6864470174552576,1
131,194,LNP194,1,2047,baseline_plus_md,1,0.5709463856424593,1
132,195,LNP195,0,2047,baseline_plus_md,2,0.769214212870463,1
294,782,LNP782,1,2047,baseline_plus_md,3,0.5576977003775917,1
357,875,LNP782,1,2047,baseline_plus_md,3,0.5843427125828421,1
295,783,LNP854,0,2047,baseline_plus_md,4,0.9733788877201239,1
366,911,LNP854,1,2047,baseline_plus_md,4,0.6516132934880752,1
272,636,LNP858,0,2047,baseline_plus_md,5,0.48452214624041623,0
288,687,LNP858,0,2047,baseline_plus_md,5,0.530697321469384,1
293,781,LNP858,1,2047,baseline_plus_md,5,0.4668634160816857,0
367,922,LNP858,0,2047,baseline_plus_md,5,0.4753455589388286,0
368,923,LNP858,0,2047,baseline_plus_md,5,0.4753455589388286,0
369,931,LNP858,0,2047,baseline_plus_md,5,0.5175028770249392,1
130,193,LNP193,1,2048,baseline,0,0.6104614383379205,1
131,194,LNP194,1,2048,baseline,1,0.5639557295634758,1
132,195,LNP195,0,2048,baseline,2,0.9273293078449326,1
294,782,LNP782,1,2048,baseline,3,0.47231072799322066,0
357,875,LNP782,1,2048,baseline,3,0.509250487463547,1
295,783,LNP854,0,2048,baseline,4,0.9776167895433728,1
366,911,LNP854,1,2048,baseline,4,0.45923601544828835,0
272,636,LNP858,0,2048,baseline,5,0.4493250669833209,0
288,687,LNP858,0,2048,baseline,5,0.49822508444951485,0
293,781,LNP858,1,2048,baseline,5,0.43370006698332025,0
367,922,LNP858,0,2048,baseline,5,0.43644086784912156,0
368,923,LNP858,0,2048,baseline,5,0.43644086784912156,0
369,931,LNP858,0,2048,baseline,5,0.48626530811473834,0
130,193,LNP193,1,2048,baseline_plus_md,0,0.6899198162257217,1
131,194,LNP194,1,2048,baseline_plus_md,1,0.5806693586452938,1
132,195,LNP195,0,2048,baseline_plus_md,2,0.8016143925518926,1
294,782,LNP782,1,2048,baseline_plus_md,3,0.5723335690511139,1
357,875,LNP782,1,2048,baseline_plus_md,3,0.5867621611867752,1
295,783,LNP854,0,2048,baseline_plus_md,4,0.974980062618554,1
366,911,LNP854,1,2048,baseline_plus_md,4,0.6824824028209556,1
272,636,LNP858,0,2048,baseline_plus_md,5,0.4812832185743276,0
288,687,LNP858,0,2048,baseline_plus_md,5,0.515908623913742,1
293,781,LNP858,1,2048,baseline_plus_md,5,0.46833679000289885,0
367,922,LNP858,0,2048,baseline_plus_md,5,0.46932885349496234,0
368,923,LNP858,0,2048,baseline_plus_md,5,0.46932885349496234,0
369,931,LNP858,0,2048,baseline_plus_md,5,0.503210211215329,1
130,193,LNP193,1,2049,baseline,0,0.6112368859025968,1
131,194,LNP194,1,2049,baseline,1,0.5666448792911158,1
132,195,LNP195,0,2049,baseline,2,0.9193460393772891,1
294,782,LNP782,1,2049,baseline,3,0.4739069893825824,0
357,875,LNP782,1,2049,baseline,3,0.5094781236031877,1
295,783,LNP854,0,2049,baseline,4,0.9796596110407643,1
366,911,LNP854,1,2049,baseline,4,0.4805750361257365,0
272,636,LNP858,0,2049,baseline,5,0.46193787794331825,0
288,687,LNP858,0,2049,baseline,5,0.5249801257282131,1
293,781,LNP858,1,2049,baseline,5,0.44045970334014295,0
367,922,LNP858,0,2049,baseline,5,0.4453559876114274,0
368,923,LNP858,0,2049,baseline,5,0.4453559876114274,0
369,931,LNP858,0,2049,baseline,5,0.5050928602159472,1
130,193,LNP193,1,2049,baseline_plus_md,0,0.7059745283977976,1
131,194,LNP194,1,2049,baseline_plus_md,1,0.5919672382916886,1
132,195,LNP195,0,2049,baseline_plus_md,2,0.7718220772283267,1
294,782,LNP782,1,2049,baseline_plus_md,3,0.5610249388609985,1
357,875,LNP782,1,2049,baseline_plus_md,3,0.5782386340597085,1
295,783,LNP854,0,2049,baseline_plus_md,4,0.968298444724266,1
366,911,LNP854,1,2049,baseline_plus_md,4,0.6792458513670823,1
272,636,LNP858,0,2049,baseline_plus_md,5,0.4891672113832981,0
288,687,LNP858,0,2049,baseline_plus_md,5,0.5224165643694932,1
293,781,LNP858,1,2049,baseline_plus_md,5,0.48037504868488506,0
367,922,LNP858,0,2049,baseline_plus_md,5,0.47464881311489954,0
368,923,LNP858,0,2049,baseline_plus_md,5,0.47464881311489954,0
369,931,LNP858,0,2049,baseline_plus_md,5,0.5072037216566502,1
130,193,LNP193,1,2050,baseline,0,0.6138789947897585,1
131,194,LNP194,1,2050,baseline,1,0.5819971392582903,1
132,195,LNP195,0,2050,baseline,2,0.9249434478919772,1
294,782,LNP782,1,2050,baseline,3,0.4744807470390509,0
357,875,LNP782,1,2050,baseline,3,0.5136705178954547,1
295,783,LNP854,0,2050,baseline,4,0.9810530379365286,1
366,911,LNP854,1,2050,baseline,4,0.4542035208504754,0
272,636,LNP858,0,2050,baseline,5,0.45771960296737085,0
288,687,LNP858,0,2050,baseline,5,0.5247112714296275,1
293,781,LNP858,1,2050,baseline,5,0.4353485712213385,0
367,922,LNP858,0,2050,baseline,5,0.44247248897025654,0
368,923,LNP858,0,2050,baseline,5,0.44247248897025654,0
369,931,LNP858,0,2050,baseline,5,0.5073447490631048,1
130,193,LNP193,1,2050,baseline_plus_md,0,0.6986774230048803,1
131,194,LNP194,1,2050,baseline_plus_md,1,0.5663413138991589,1
132,195,LNP195,0,2050,baseline_plus_md,2,0.7645658768315016,1
294,782,LNP782,1,2050,baseline_plus_md,3,0.5637500766450197,1
357,875,LNP782,1,2050,baseline_plus_md,3,0.5771376126235164,1
295,783,LNP854,0,2050,baseline_plus_md,4,0.9787757726821273,1
366,911,LNP854,1,2050,baseline_plus_md,4,0.6508253368631713,1
272,636,LNP858,0,2050,baseline_plus_md,5,0.4786614358742206,0
288,687,LNP858,0,2050,baseline_plus_md,5,0.5208525394043335,1
293,781,LNP858,1,2050,baseline_plus_md,5,0.4609034993662837,0
367,922,LNP858,0,2050,baseline_plus_md,5,0.46205339114117555,0
368,923,LNP858,0,2050,baseline_plus_md,5,0.46205339114117555,0
369,931,LNP858,0,2050,baseline_plus_md,5,0.5041994008761947,1
130,193,LNP193,1,2051,baseline,0,0.6199790213155815,1
131,194,LNP194,1,2051,baseline,1,0.5788260576809908,1
132,195,LNP195,0,2051,baseline,2,0.9375175238364574,1
294,782,LNP782,1,2051,baseline,3,0.47184061444675207,0
357,875,LNP782,1,2051,baseline,3,0.5049243879493507,1
295,783,LNP854,0,2051,baseline,4,0.9767579846729904,1
366,911,LNP854,1,2051,baseline,4,0.49067314371270826,0
272,636,LNP858,0,2051,baseline,5,0.4573560811524427,0
288,687,LNP858,0,2051,baseline,5,0.5049501333420829,1
293,781,LNP858,1,2051,baseline,5,0.4393501287714897,0
367,922,LNP858,0,2051,baseline,5,0.44171845488981626,0
368,923,LNP858,0,2051,baseline,5,0.44171845488981626,0
369,931,LNP858,0,2051,baseline,5,0.4870893829813325,0
130,193,LNP193,1,2051,baseline_plus_md,0,0.6993347004313532,1
131,194,LNP194,1,2051,baseline_plus_md,1,0.5550841819600378,1
132,195,LNP195,0,2051,baseline_plus_md,2,0.7669389690170939,1
294,782,LNP782,1,2051,baseline_plus_md,3,0.5595813265067198,1
357,875,LNP782,1,2051,baseline_plus_md,3,0.5788349075479672,1
295,783,LNP854,0,2051,baseline_plus_md,4,0.9715751152241626,1
366,911,LNP854,1,2051,baseline_plus_md,4,0.6596062822718239,1
272,636,LNP858,0,2051,baseline_plus_md,5,0.4853541987637294,0
288,687,LNP858,0,2051,baseline_plus_md,5,0.526252169257288,1
293,781,LNP858,1,2051,baseline_plus_md,5,0.4775665003510307,0
367,922,LNP858,0,2051,baseline_plus_md,5,0.4715058942904246,0
368,923,LNP858,0,2051,baseline_plus_md,5,0.4715058942904246,0
369,931,LNP858,0,2051,baseline_plus_md,5,0.510748922504041,1
130,193,LNP193,1,2052,baseline,0,0.616924253253921,1
131,194,LNP194,1,2052,baseline,1,0.5760922646075258,1
132,195,LNP195,0,2052,baseline,2,0.9267807158119659,1
294,782,LNP782,1,2052,baseline,3,0.46766909885769825,0
357,875,LNP782,1,2052,baseline,3,0.4991535423533714,0
295,783,LNP854,0,2052,baseline,4,0.9799236456291761,1
366,911,LNP854,1,2052,baseline,4,0.5170941159504713,1
272,636,LNP858,0,2052,baseline,5,0.4665130457777574,0
288,687,LNP858,0,2052,baseline,5,0.5141893074246072,1
293,781,LNP858,1,2052,baseline,5,0.44488606165077277,0
367,922,LNP858,0,2052,baseline,5,0.45000510926982057,0
368,923,LNP858,0,2052,baseline,5,0.45000510926982057,0
369,931,LNP858,0,2052,baseline,5,0.4973116017969012,0
130,193,LNP193,1,2052,baseline_plus_md,0,0.6994097244387194,1
131,194,LNP194,1,2052,baseline_plus_md,1,0.5776051971333958,1
132,195,LNP195,0,2052,baseline_plus_md,2,0.7639962606837607,1
294,782,LNP782,1,2052,baseline_plus_md,3,0.5632248587370206,1
357,875,LNP782,1,2052,baseline_plus_md,3,0.5821473570598653,1
295,783,LNP854,0,2052,baseline_plus_md,4,0.9674193043058577,1
366,911,LNP854,1,2052,baseline_plus_md,4,0.6659022491541097,1
272,636,LNP858,0,2052,baseline_plus_md,5,0.47396618511758903,0
288,687,LNP858,0,2052,baseline_plus_md,5,0.5124171766355307,1
293,781,LNP858,1,2052,baseline_plus_md,5,0.4620614232128269,0
367,922,LNP858,0,2052,baseline_plus_md,5,0.4635404996919034,0
368,923,LNP858,0,2052,baseline_plus_md,5,0.4635404996919034,0
369,931,LNP858,0,2052,baseline_plus_md,5,0.500706318049672,1
130,193,LNP193,1,2053,baseline,0,0.6153981914985422,1
131,194,LNP194,1,2053,baseline,1,0.574504149961448,1
132,195,LNP195,0,2053,baseline,2,0.9222420534509351,1
294,782,LNP782,1,2053,baseline,3,0.473820156038122,0
357,875,LNP782,1,2053,baseline,3,0.505491211062,1
295,783,LNP854,0,2053,baseline,4,0.9814050603813395,1
366,911,LNP854,1,2053,baseline,4,0.44592021606594756,0
272,636,LNP858,0,2053,baseline,5,0.4708167329970454,0
288,687,LNP858,0,2053,baseline,5,0.520842156919528,1
293,781,LNP858,1,2053,baseline,5,0.44621355839387017,0
367,922,LNP858,0,2053,baseline,5,0.4492429595482716,0
368,923,LNP858,0,2053,baseline,5,0.4492429595482716,0
369,931,LNP858,0,2053,baseline,5,0.4973924815948522,0
130,193,LNP193,1,2053,baseline_plus_md,0,0.7033926862074822,1
131,194,LNP194,1,2053,baseline_plus_md,1,0.577620760662715,1
132,195,LNP195,0,2053,baseline_plus_md,2,0.7688506753662999,1
294,782,LNP782,1,2053,baseline_plus_md,3,0.5676254393932795,1
357,875,LNP782,1,2053,baseline_plus_md,3,0.5840260034705811,1
295,783,LNP854,0,2053,baseline_plus_md,4,0.9708262236849334,1
366,911,LNP854,1,2053,baseline_plus_md,4,0.6673586385136997,1
272,636,LNP858,0,2053,baseline_plus_md,5,0.4806153594894543,0
288,687,LNP858,0,2053,baseline_plus_md,5,0.523022078802133,1
293,781,LNP858,1,2053,baseline_plus_md,5,0.46667686742596187,0
367,922,LNP858,0,2053,baseline_plus_md,5,0.46376290638700085,0
368,923,LNP858,0,2053,baseline_plus_md,5,0.46376290638700085,0
369,931,LNP858,0,2053,baseline_plus_md,5,0.5064717541268081,1
130,193,LNP193,1,2054,baseline,0,0.6184896725376192,1
131,194,LNP194,1,2054,baseline,1,0.5816078373630045,1
132,195,LNP195,0,2054,baseline,2,0.9324401092167633,1
294,782,LNP782,1,2054,baseline,3,0.4720335684937778,0
357,875,LNP782,1,2054,baseline,3,0.5039547314394079,1
295,783,LNP854,0,2054,baseline,4,0.9868641308614166,1
366,911,LNP854,1,2054,baseline,4,0.45573250961661577,0
272,636,LNP858,0,2054,baseline,5,0.45448133814182945,0
288,687,LNP858,0,2054,baseline,5,0.5145143402704195,1
293,781,LNP858,1,2054,baseline,5,0.4345408619513528,0
367,922,LNP858,0,2054,baseline,5,0.4352650683005593,0
368,923,LNP858,0,2054,baseline,5,0.4352650683005593,0
369,931,LNP858,0,2054,baseline,5,0.4955280487841278,0
130,193,LNP193,1,2054,baseline_plus_md,0,0.7023208056373507,1
131,194,LNP194,1,2054,baseline_plus_md,1,0.575700193998386,1
132,195,LNP195,0,2054,baseline_plus_md,2,0.7685281784188035,1
294,782,LNP782,1,2054,baseline_plus_md,3,0.5550812339435431,1
357,875,LNP782,1,2054,baseline_plus_md,3,0.5701245939483564,1
295,783,LNP854,0,2054,baseline_plus_md,4,0.9769796375314569,1
366,911,LNP854,1,2054,baseline_plus_md,4,0.6586147658832053,1
272,636,LNP858,0,2054,baseline_plus_md,5,0.47811025801954843,0
288,687,LNP858,0,2054,baseline_plus_md,5,0.5155243186321384,1
293,781,LNP858,1,2054,baseline_plus_md,5,0.4629440873846276,0
367,922,LNP858,0,2054,baseline_plus_md,5,0.4665364845707749,0
368,923,LNP858,0,2054,baseline_plus_md,5,0.4665364845707749,0
369,931,LNP858,0,2054,baseline_plus_md,5,0.5030351411429608,1
130,193,LNP193,1,2055,baseline,0,0.6209679350200732,1
131,194,LNP194,1,2055,baseline,1,0.5779354359161328,1
132,195,LNP195,0,2055,baseline,2,0.9362257797940364,1
294,782,LNP782,1,2055,baseline,3,0.47575174532618547,0
357,875,LNP782,1,2055,baseline,3,0.5079649066925181,1
295,783,LNP854,0,2055,baseline,4,0.978328509705492,1
366,911,LNP854,1,2055,baseline,4,0.477007750012066,0
272,636,LNP858,0,2055,baseline,5,0.45439107567624754,0
288,687,LNP858,0,2055,baseline,5,0.5019169158491464,1
293,781,LNP858,1,2055,baseline,5,0.4358394883746595,0
367,922,LNP858,0,2055,baseline,5,0.4411632618234334,0
368,923,LNP858,0,2055,baseline,5,0.4411632618234334,0
369,931,LNP858,0,2055,baseline,5,0.4862901120973423,0
130,193,LNP193,1,2055,baseline_plus_md,0,0.6918455586475524,1
131,194,LNP194,1,2055,baseline_plus_md,1,0.564911884639334,1
132,195,LNP195,0,2055,baseline_plus_md,2,0.7804948489010985,1
294,782,LNP782,1,2055,baseline_plus_md,3,0.5718260930831969,1
357,875,LNP782,1,2055,baseline_plus_md,3,0.5867583495051132,1
295,783,LNP854,0,2055,baseline_plus_md,4,0.9718769645848034,1
366,911,LNP854,1,2055,baseline_plus_md,4,0.659064969395191,1
272,636,LNP858,0,2055,baseline_plus_md,5,0.48611490460555723,0
288,687,LNP858,0,2055,baseline_plus_md,5,0.535425381710152,1
293,781,LNP858,1,2055,baseline_plus_md,5,0.4722632180976204,0
367,922,LNP858,0,2055,baseline_plus_md,5,0.4716893995550518,0
368,923,LNP858,0,2055,baseline_plus_md,5,0.4716893995550518,0
369,931,LNP858,0,2055,baseline_plus_md,5,0.5205128636726336,1
130,193,LNP193,1,2056,baseline,0,0.6143010662116469,1
131,194,LNP194,1,2056,baseline,1,0.5816891475030025,1
132,195,LNP195,0,2056,baseline,2,0.9298985996642243,1
294,782,LNP782,1,2056,baseline,3,0.4643750355584556,0
357,875,LNP782,1,2056,baseline,3,0.4948946696396407,0
295,783,LNP854,0,2056,baseline,4,0.9733869925436701,1
366,911,LNP854,1,2056,baseline,4,0.4856669018595185,0
272,636,LNP858,0,2056,baseline,5,0.4551916410883862,0
288,687,LNP858,0,2056,baseline,5,0.5010311977735311,1
293,781,LNP858,1,2056,baseline,5,0.44174918077092534,0
367,922,LNP858,0,2056,baseline,5,0.4412495415212863,0
368,923,LNP858,0,2056,baseline,5,0.4412495415212863,0
369,931,LNP858,0,2056,baseline,5,0.4883652526075858,0
130,193,LNP193,1,2056,baseline_plus_md,0,0.6875490782948062,1
131,194,LNP194,1,2056,baseline_plus_md,1,0.5652475413839335,1
132,195,LNP195,0,2056,baseline_plus_md,2,0.7743429868742367,1
294,782,LNP782,1,2056,baseline_plus_md,3,0.5677255654142803,1
357,875,LNP782,1,2056,baseline_plus_md,3,0.5835079542536449,1
295,783,LNP854,0,2056,baseline_plus_md,4,0.9707445925409569,1
366,911,LNP854,1,2056,baseline_plus_md,4,0.6526577102849587,1
272,636,LNP858,0,2056,baseline_plus_md,5,0.4606887656248307,0
288,687,LNP858,0,2056,baseline_plus_md,5,0.5007728441280268,1
293,781,LNP858,1,2056,baseline_plus_md,5,0.45195860689467166,0
367,922,LNP858,0,2056,baseline_plus_md,5,0.45075640631747127,0
368,923,LNP858,0,2056,baseline_plus_md,5,0.45075640631747127,0
369,931,LNP858,0,2056,baseline_plus_md,5,0.4897988181540006,0
130,193,LNP193,1,2057,baseline,0,0.6169615410385265,1
131,194,LNP194,1,2057,baseline,1,0.5620680944642786,1
132,195,LNP195,0,2057,baseline,2,0.9075766750610501,1
294,782,LNP782,1,2057,baseline,3,0.47088945270515437,0
357,875,LNP782,1,2057,baseline,3,0.505554609637581,1
295,783,LNP854,0,2057,baseline,4,0.9768602727140896,1
366,911,LNP854,1,2057,baseline,4,0.48614414459782396,0
272,636,LNP858,0,2057,baseline,5,0.4545405021236283,0
288,687,LNP858,0,2057,baseline,5,0.5021587131609571,1
293,781,LNP858,1,2057,baseline,5,0.43440161323473836,0
367,922,LNP858,0,2057,baseline,5,0.4405433881265139,0
368,923,LNP858,0,2057,baseline,5,0.4405433881265139,0
369,931,LNP858,0,2057,baseline,5,0.4867501633774068,0
130,193,LNP193,1,2057,baseline_plus_md,0,0.6965697003075033,1
131,194,LNP194,1,2057,baseline_plus_md,1,0.5863693484077119,1
132,195,LNP195,0,2057,baseline_plus_md,2,0.7819219513125766,1
294,782,LNP782,1,2057,baseline_plus_md,3,0.56012484524326,1
357,875,LNP782,1,2057,baseline_plus_md,3,0.5787227003466535,1
295,783,LNP854,0,2057,baseline_plus_md,4,0.9739102958855466,1
366,911,LNP854,1,2057,baseline_plus_md,4,0.6568953506759044,1
272,636,LNP858,0,2057,baseline_plus_md,5,0.4702225685111201,0
288,687,LNP858,0,2057,baseline_plus_md,5,0.5058925379465694,1
293,781,LNP858,1,2057,baseline_plus_md,5,0.4540023304158818,0
367,922,LNP858,0,2057,baseline_plus_md,5,0.4518261038646551,0
368,923,LNP858,0,2057,baseline_plus_md,5,0.4518261038646551,0
369,931,LNP858,0,2057,baseline_plus_md,5,0.4871263041803352,0
130,193,LNP193,1,2058,baseline,0,0.6135816491581059,1
131,194,LNP194,1,2058,baseline,1,0.5782909043355251,1
132,195,LNP195,0,2058,baseline,2,0.9231032509157506,1
294,782,LNP782,1,2058,baseline,3,0.46886021110835374,0
357,875,LNP782,1,2058,baseline,3,0.5057076980087377,1
295,783,LNP854,0,2058,baseline,4,0.9765262692772597,1
366,911,LNP854,1,2058,baseline,4,0.4799208738709661,0
272,636,LNP858,0,2058,baseline,5,0.45984303260678516,0
288,687,LNP858,0,2058,baseline,5,0.5143470661549366,1
293,781,LNP858,1,2058,baseline,5,0.4418370802258319,0
367,922,LNP858,0,2058,baseline,5,0.4416720369357891,0
368,923,LNP858,0,2058,baseline,5,0.4416720369357891,0
369,931,LNP858,0,2058,baseline,5,0.49400254956041956,0
130,193,LNP193,1,2058,baseline_plus_md,0,0.7050788524843946,1
131,194,LNP194,1,2058,baseline_plus_md,1,0.5579498527953883,1
132,195,LNP195,0,2058,baseline_plus_md,2,0.7929197000915749,1
294,782,LNP782,1,2058,baseline_plus_md,3,0.5807347251815355,1
357,875,LNP782,1,2058,baseline_plus_md,3,0.5975073447424151,1
295,783,LNP854,0,2058,baseline_plus_md,4,0.9776660722640953,1
366,911,LNP854,1,2058,baseline_plus_md,4,0.6746066409545602,1
272,636,LNP858,0,2058,baseline_plus_md,5,0.46993215974314545,0
288,687,LNP858,0,2058,baseline_plus_md,5,0.5161302835147985,1
293,781,LNP858,1,2058,baseline_plus_md,5,0.45925507640981167,0
367,922,LNP858,0,2058,baseline_plus_md,5,0.45966881197979736,0
368,923,LNP858,0,2058,baseline_plus_md,5,0.45966881197979736,0
369,931,LNP858,0,2058,baseline_plus_md,5,0.5031432705277853,1
130,193,LNP193,1,2059,baseline,0,0.6199774506620248,1
131,194,LNP194,1,2059,baseline,1,0.5823860862721666,1
132,195,LNP195,0,2059,baseline,2,0.9227375038156285,1
294,782,LNP782,1,2059,baseline,3,0.46961402975090416,0
357,875,LNP782,1,2059,baseline,3,0.5054791775583136,1
295,783,LNP854,0,2059,baseline,4,0.9786034767784494,1
366,911,LNP854,1,2059,baseline,4,0.460941578486882,0
272,636,LNP858,0,2059,baseline,5,0.4531777954923792,0
288,687,LNP858,0,2059,baseline,5,0.5053297693355294,1
293,781,LNP858,1,2059,baseline,5,0.43174922406380695,0
367,922,LNP858,0,2059,baseline,5,0.43897685754144095,0
368,923,LNP858,0,2059,baseline,5,0.43897685754144095,0
369,931,LNP858,0,2059,baseline,5,0.4886035788593386,0
130,193,LNP193,1,2059,baseline_plus_md,0,0.6982565049431503,1
131,194,LNP194,1,2059,baseline_plus_md,1,0.5697219448531547,1
132,195,LNP195,0,2059,baseline_plus_md,2,0.7521252289377287,1
294,782,LNP782,1,2059,baseline_plus_md,3,0.565505958731659,1
357,875,LNP782,1,2059,baseline_plus_md,3,0.5854357393032279,1
295,783,LNP854,0,2059,baseline_plus_md,4,0.9774523439944675,1
366,911,LNP854,1,2059,baseline_plus_md,4,0.6816020202524393,1
272,636,LNP858,0,2059,baseline_plus_md,5,0.4801432309147045,0
288,687,LNP858,0,2059,baseline_plus_md,5,0.5251032996557329,1
293,781,LNP858,1,2059,baseline_plus_md,5,0.4692305325020058,0
367,922,LNP858,0,2059,baseline_plus_md,5,0.46778031605178944,0
368,923,LNP858,0,2059,baseline_plus_md,5,0.46778031605178944,0
369,931,LNP858,0,2059,baseline_plus_md,5,0.5130650601174932,1
130,193,LNP193,1,2060,baseline,0,0.6168239986881621,1
131,194,LNP194,1,2060,baseline,1,0.5702062860884378,1
132,195,LNP195,0,2060,baseline,2,0.9093121375152624,1
294,782,LNP782,1,2060,baseline,3,0.4634943673915213,0
357,875,LNP782,1,2060,baseline,3,0.5039715887865087,1
295,783,LNP854,0,2060,baseline,4,0.9794530893631321,1
366,911,LNP854,1,2060,baseline,4,0.4732481164219994,0
272,636,LNP858,0,2060,baseline,5,0.46475335015936614,0
288,687,LNP858,0,2060,baseline,5,0.5082881650177106,1
293,781,LNP858,1,2060,baseline,5,0.4415390644450796,0
367,922,LNP858,0,2060,baseline,5,0.44585905001506565,0
368,923,LNP858,0,2060,baseline,5,0.44585905001506565,0
369,931,LNP858,0,2060,baseline,5,0.49069256617211143,0
130,193,LNP193,1,2060,baseline_plus_md,0,0.6980951511693975,1
131,194,LNP194,1,2060,baseline_plus_md,1,0.591134766693997,1
132,195,LNP195,0,2060,baseline_plus_md,2,0.7765233707264961,1
294,782,LNP782,1,2060,baseline_plus_md,3,0.5651155894395784,1
357,875,LNP782,1,2060,baseline_plus_md,3,0.5855113597740789,1
295,783,LNP854,0,2060,baseline_plus_md,4,0.9726212326447198,1
366,911,LNP854,1,2060,baseline_plus_md,4,0.664447512115932,1
272,636,LNP858,0,2060,baseline_plus_md,5,0.4697656185459934,0
288,687,LNP858,0,2060,baseline_plus_md,5,0.5131091459336383,1
293,781,LNP858,1,2060,baseline_plus_md,5,0.45255331695869133,0
367,922,LNP858,0,2060,baseline_plus_md,5,0.45731882922420397,0
368,923,LNP858,0,2060,baseline_plus_md,5,0.45731882922420397,0
369,931,LNP858,0,2060,baseline_plus_md,5,0.5009870319365242,1
130,193,LNP193,1,2061,baseline,0,0.6159960131274936,1
131,194,LNP194,1,2061,baseline,1,0.5721144191041503,1
132,195,LNP195,0,2061,baseline,2,0.9271078633376427,1
294,782,LNP782,1,2061,baseline,3,0.4671091969762135,0
357,875,LNP782,1,2061,baseline,3,0.4987627535835257,0
295,783,LNP854,0,2061,baseline,4,0.9769407007871871,1
366,911,LNP854,1,2061,baseline,4,0.48014115688812325,0
272,636,LNP858,0,2061,baseline,5,0.45952044403451664,0
288,687,LNP858,0,2061,baseline,5,0.5102971795538992,1
293,781,LNP858,1,2061,baseline,5,0.4400759995900718,0
367,922,LNP858,0,2061,baseline,5,0.4410743762134483,0
368,923,LNP858,0,2061,baseline,5,0.4410743762134483,0
369,931,LNP858,0,2061,baseline,5,0.48992560668232576,0
130,193,LNP193,1,2061,baseline_plus_md,0,0.7103458597885214,1
131,194,LNP194,1,2061,baseline_plus_md,1,0.5742676591296363,1
132,195,LNP195,0,2061,baseline_plus_md,2,0.7617169184981682,1
294,782,LNP782,1,2061,baseline_plus_md,3,0.5682983488089802,1
357,875,LNP782,1,2061,baseline_plus_md,3,0.5872682904112445,1
295,783,LNP854,0,2061,baseline_plus_md,4,0.9739287144310219,1
366,911,LNP854,1,2061,baseline_plus_md,4,0.6807946441310482,1
272,636,LNP858,0,2061,baseline_plus_md,5,0.47374545138982205,0
288,687,LNP858,0,2061,baseline_plus_md,5,0.5050832782945992,1
293,781,LNP858,1,2061,baseline_plus_md,5,0.4623367212310914,0
367,922,LNP858,0,2061,baseline_plus_md,5,0.46355154807091836,0
368,923,LNP858,0,2061,baseline_plus_md,5,0.46355154807091836,0
369,931,LNP858,0,2061,baseline_plus_md,5,0.49503818449950515,0
130,193,LNP193,1,2062,baseline,0,0.6206861149721683,1
131,194,LNP194,1,2062,baseline,1,0.5649215364601718,1
132,195,LNP195,0,2062,baseline,2,0.9134064318034905,1
294,782,LNP782,1,2062,baseline,3,0.47476140166637903,0
357,875,LNP782,1,2062,baseline,3,0.5139704683521203,1
295,783,LNP854,0,2062,baseline,4,0.9808835916595914,1
366,911,LNP854,1,2062,baseline,4,0.5039935819263408,1
272,636,LNP858,0,2062,baseline,5,0.4661989878550037,0
288,687,LNP858,0,2062,baseline,5,0.5124583861364604,1
293,781,LNP858,1,2062,baseline,5,0.4459608926169078,0
367,922,LNP858,0,2062,baseline,5,0.4462287497597652,0
368,923,LNP858,0,2062,baseline,5,0.4462287497597652,0
369,931,LNP858,0,2062,baseline,5,0.4879832779113519,0
130,193,LNP193,1,2062,baseline_plus_md,0,0.6981730507590429,1
131,194,LNP194,1,2062,baseline_plus_md,1,0.5771837563361569,1
132,195,LNP195,0,2062,baseline_plus_md,2,0.7573200931013431,1
294,782,LNP782,1,2062,baseline_plus_md,3,0.5734147191280884,1
357,875,LNP782,1,2062,baseline_plus_md,3,0.5912943658331823,1
295,783,LNP854,0,2062,baseline_plus_md,4,0.9690896305848488,1
366,911,LNP854,1,2062,baseline_plus_md,4,0.6436533612953141,1
272,636,LNP858,0,2062,baseline_plus_md,5,0.48119820659404056,0
288,687,LNP858,0,2062,baseline_plus_md,5,0.5333238711771354,1
293,781,LNP858,1,2062,baseline_plus_md,5,0.46527558754642107,0
367,922,LNP858,0,2062,baseline_plus_md,5,0.4674617347325684,0
368,923,LNP858,0,2062,baseline_plus_md,5,0.4674617347325684,0
369,931,LNP858,0,2062,baseline_plus_md,5,0.5195423055205695,1
130,193,LNP193,1,2063,baseline,0,0.6124675543437332,1
131,194,LNP194,1,2063,baseline,1,0.5787658136467236,1
132,195,LNP195,0,2063,baseline,2,0.9144946771978022,1
294,782,LNP782,1,2063,baseline,3,0.4683188419990202,0
357,875,LNP782,1,2063,baseline,3,0.5013198668723686,1
295,783,LNP854,0,2063,baseline,4,0.974270250121451,1
366,911,LNP854,1,2063,baseline,4,0.47190368555450746,0
272,636,LNP858,0,2063,baseline,5,0.46271622115452615,0
288,687,LNP858,0,2063,baseline,5,0.50876553540237,1
293,781,LNP858,1,2063,baseline,5,0.43915471321801747,0
367,922,LNP858,0,2063,baseline,5,0.4410143813276858,0
368,923,LNP858,0,2063,baseline,5,0.4410143813276858,0
369,931,LNP858,0,2063,baseline,5,0.4861031977400318,0
130,193,LNP193,1,2063,baseline_plus_md,0,0.6957335446626874,1
131,194,LNP194,1,2063,baseline_plus_md,1,0.5673095908888339,1
132,195,LNP195,0,2063,baseline_plus_md,2,0.7817168231074483,1
294,782,LNP782,1,2063,baseline_plus_md,3,0.5627348613884743,1
357,875,LNP782,1,2063,baseline_plus_md,3,0.5817208842006252,1
295,783,LNP854,0,2063,baseline_plus_md,4,0.9689242378183583,1
366,911,LNP854,1,2063,baseline_plus_md,4,0.6869032880712848,1
272,636,LNP858,0,2063,baseline_plus_md,5,0.4689820287342702,0
288,687,LNP858,0,2063,baseline_plus_md,5,0.5089300300793301,1
293,781,LNP858,1,2063,baseline_plus_md,5,0.455638774766016,0
367,922,LNP858,0,2063,baseline_plus_md,5,0.45058376033600156,0
368,923,LNP858,0,2063,baseline_plus_md,5,0.45058376033600156,0
369,931,LNP858,0,2063,baseline_plus_md,5,0.4867709391702391,0
130,193,LNP193,1,2064,baseline,0,0.6218197126823918,1
131,194,LNP194,1,2064,baseline,1,0.5769010250541203,1
132,195,LNP195,0,2064,baseline,2,0.9247393925518925,1
294,782,LNP782,1,2064,baseline,3,0.4684705442863523,0
357,875,LNP782,1,2064,baseline,3,0.5032682266279922,1
295,783,LNP854,0,2064,baseline,4,0.9781431388886987,1
366,911,LNP854,1,2064,baseline,4,0.4564037261676663,0
272,636,LNP858,0,2064,baseline,5,0.45577749438683535,0
288,687,LNP858,0,2064,baseline,5,0.49554558985346,0
293,781,LNP858,1,2064,baseline,5,0.43772193883127936,0
367,922,LNP858,0,2064,baseline,5,0.4392830860174267,0
368,923,LNP858,0,2064,baseline,5,0.4392830860174267,0
369,931,LNP858,0,2064,baseline,5,0.47772091452878435,0
130,193,LNP193,1,2064,baseline_plus_md,0,0.6845647042935471,1
131,194,LNP194,1,2064,baseline_plus_md,1,0.5893964989034433,1
132,195,LNP195,0,2064,baseline_plus_md,2,0.7662966304528804,1
294,782,LNP782,1,2064,baseline_plus_md,3,0.5643067923732837,1
357,875,LNP782,1,2064,baseline_plus_md,3,0.5803297995432232,1
295,783,LNP854,0,2064,baseline_plus_md,4,0.9764116302323343,1
366,911,LNP854,1,2064,baseline_plus_md,4,0.6501902655213595,1
272,636,LNP858,0,2064,baseline_plus_md,5,0.47957345940682344,0
288,687,LNP858,0,2064,baseline_plus_md,5,0.5235817223856742,1
293,781,LNP858,1,2064,baseline_plus_md,5,0.46066224908936265,0
367,922,LNP858,0,2064,baseline_plus_md,5,0.4671275719609357,0
368,923,LNP858,0,2064,baseline_plus_md,5,0.4671275719609357,0
369,931,LNP858,0,2064,baseline_plus_md,5,0.5082859070898587,1
130,193,LNP193,1,2065,baseline,0,0.6205512118653435,1
131,194,LNP194,1,2065,baseline,1,0.5810635909992652,1
132,195,LNP195,0,2065,baseline,2,0.9237507249694749,1
294,782,LNP782,1,2065,baseline,3,0.4723511617246011,0
357,875,LNP782,1,2065,baseline,3,0.5150278780859968,1
295,783,LNP854,0,2065,baseline,4,0.9778837383662627,1
366,911,LNP854,1,2065,baseline,4,0.49618253488104047,0
272,636,LNP858,0,2065,baseline,5,0.46469346315094984,0
288,687,LNP858,0,2065,baseline,5,0.5208880651176103,1
293,781,LNP858,1,2065,baseline,5,0.43974306632555227,0
367,922,LNP858,0,2065,baseline,5,0.44320356416105045,0
368,923,LNP858,0,2065,baseline,5,0.44320356416105045,0
369,931,LNP858,0,2065,baseline,5,0.4933059944105393,0
130,193,LNP193,1,2065,baseline_plus_md,0,0.7004525149970688,1
131,194,LNP194,1,2065,baseline_plus_md,1,0.5671813877406486,1
132,195,LNP195,0,2065,baseline_plus_md,2,0.7589270868020865,1
294,782,LNP782,1,2065,baseline_plus_md,3,0.5724063385143494,1
357,875,LNP782,1,2065,baseline_plus_md,3,0.5876264932636567,1
295,783,LNP854,0,2065,baseline_plus_md,4,0.9708371822638624,1
366,911,LNP854,1,2065,baseline_plus_md,4,0.6577851810000455,1
272,636,LNP858,0,2065,baseline_plus_md,5,0.4727496518018699,0
288,687,LNP858,0,2065,baseline_plus_md,5,0.5141335600762581,1
293,781,LNP858,1,2065,baseline_plus_md,5,0.457161854182822,0
367,922,LNP858,0,2065,baseline_plus_md,5,0.46209849740071535,0
368,923,LNP858,0,2065,baseline_plus_md,5,0.46209849740071535,0
369,931,LNP858,0,2065,baseline_plus_md,5,0.5020709698886676,1
130,193,LNP193,1,2066,baseline,0,0.6177699450774585,1
131,194,LNP194,1,2066,baseline,1,0.5832818370167727,1
132,195,LNP195,0,2066,baseline,2,0.9222040789072038,1
294,782,LNP782,1,2066,baseline,3,0.47377219642148843,0
357,875,LNP782,1,2066,baseline,3,0.5087846703106189,1
295,783,LNP854,0,2066,baseline,4,0.9782704099270867,1
366,911,LNP854,1,2066,baseline,4,0.4735724163115458,0
272,636,LNP858,0,2066,baseline,5,0.4625023885605786,0
288,687,LNP858,0,2066,baseline,5,0.5140443514996,1
293,781,LNP858,1,2066,baseline,5,0.44395080125899056,0
367,922,LNP858,0,2066,baseline,5,0.44647966128785105,0
368,923,LNP858,0,2066,baseline,5,0.44647966128785105,0
369,931,LNP858,0,2066,baseline,5,0.49729110474635313,0
130,193,LNP193,1,2066,baseline_plus_md,0,0.7005825882518424,1
131,194,LNP194,1,2066,baseline_plus_md,1,0.5762869586549595,1
132,195,LNP195,0,2066,baseline_plus_md,2,0.7640752285908537,1
294,782,LNP782,1,2066,baseline_plus_md,3,0.5652616495442959,1
357,875,LNP782,1,2066,baseline_plus_md,3,0.5867916311121033,1
295,783,LNP854,0,2066,baseline_plus_md,4,0.9821525120060435,1
366,911,LNP854,1,2066,baseline_plus_md,4,0.6677191359891574,1
272,636,LNP858,0,2066,baseline_plus_md,5,0.4716140377809207,0
288,687,LNP858,0,2066,baseline_plus_md,5,0.5102244877884294,1
293,781,LNP858,1,2066,baseline_plus_md,5,0.4597092758761586,0
367,922,LNP858,0,2066,baseline_plus_md,5,0.46199553128741405,0
368,923,LNP858,0,2066,baseline_plus_md,5,0.46199553128741405,0
369,931,LNP858,0,2066,baseline_plus_md,5,0.49782820351714496,0
130,193,LNP193,1,2067,baseline,0,0.6197655461910518,1
131,194,LNP194,1,2067,baseline,1,0.580360347790288,1
132,195,LNP195,0,2067,baseline,2,0.9144258533541617,1
294,782,LNP782,1,2067,baseline,3,0.4723927819629401,0
357,875,LNP782,1,2067,baseline,3,0.5118123294749434,1
295,783,LNP854,0,2067,baseline,4,0.9823803130838588,1
366,911,LNP854,1,2067,baseline,4,0.49752690964647045,0
272,636,LNP858,0,2067,baseline,5,0.4619582839723561,0
288,687,LNP858,0,2067,baseline,5,0.5101024804621408,1
293,781,LNP858,1,2067,baseline,5,0.44052971254378404,0
367,922,LNP858,0,2067,baseline,5,0.4482894528035246,0
368,923,LNP858,0,2067,baseline,5,0.4482894528035246,0
369,931,LNP858,0,2067,baseline,5,0.4947787070133671,0
130,193,LNP193,1,2067,baseline_plus_md,0,0.7008735037431139,1
131,194,LNP194,1,2067,baseline_plus_md,1,0.5756086013785218,1
132,195,LNP195,0,2067,baseline_plus_md,2,0.7837494848901098,1
294,782,LNP782,1,2067,baseline_plus_md,3,0.5724535734497583,1
357,875,LNP782,1,2067,baseline_plus_md,3,0.5849853744894434,1
295,783,LNP854,0,2067,baseline_plus_md,4,0.972174679160851,1
366,911,LNP854,1,2067,baseline_plus_md,4,0.6765715070984086,1
272,636,LNP858,0,2067,baseline_plus_md,5,0.4790867902344922,0
288,687,LNP858,0,2067,baseline_plus_md,5,0.5166057255475451,1
293,781,LNP858,1,2067,baseline_plus_md,5,0.45924552039322175,0
367,922,LNP858,0,2067,baseline_plus_md,5,0.46572730250000405,0
368,923,LNP858,0,2067,baseline_plus_md,5,0.46572730250000405,0
369,931,LNP858,0,2067,baseline_plus_md,5,0.5035709131377325,1
130,193,LNP193,1,2068,baseline,0,0.6169399441283655,1
131,194,LNP194,1,2068,baseline,1,0.5692814206851452,1
132,195,LNP195,0,2068,baseline,2,0.9339588102869351,1
294,782,LNP782,1,2068,baseline,3,0.46703731457162745,0
357,875,LNP782,1,2068,baseline,3,0.5016594887480404,1
295,783,LNP854,0,2068,baseline,4,0.983476398435792,1
366,911,LNP854,1,2068,baseline,4,0.477388284706237,0
272,636,LNP858,0,2068,baseline,5,0.46523598169378794,0
288,687,LNP858,0,2068,baseline,5,0.5052833118146475,1
293,781,LNP858,1,2068,baseline,5,0.4479740769318824,0
367,922,LNP858,0,2068,baseline,5,0.44877764836045436,0
368,923,LNP858,0,2068,baseline,5,0.44877764836045436,0
369,931,LNP858,0,2068,baseline,5,0.48768861484495024,0
130,193,LNP193,1,2068,baseline_plus_md,0,0.7007923162489181,1
131,194,LNP194,1,2068,baseline_plus_md,1,0.5744905116946408,1
132,195,LNP195,0,2068,baseline_plus_md,2,0.7880511424849661,1
294,782,LNP782,1,2068,baseline_plus_md,3,0.566766629147841,1
357,875,LNP782,1,2068,baseline_plus_md,3,0.5851497757841765,1
295,783,LNP854,0,2068,baseline_plus_md,4,0.9749792707513423,1
366,911,LNP854,1,2068,baseline_plus_md,4,0.6775959333264535,1
272,636,LNP858,0,2068,baseline_plus_md,5,0.47392121995913195,0
288,687,LNP858,0,2068,baseline_plus_md,5,0.5077897963431882,1
293,781,LNP858,1,2068,baseline_plus_md,5,0.4631573310702429,0
367,922,LNP858,0,2068,baseline_plus_md,5,0.462611696149608,0
368,923,LNP858,0,2068,baseline_plus_md,5,0.462611696149608,0
369,931,LNP858,0,2068,baseline_plus_md,5,0.49509138364477523,0
130,193,LNP193,1,2069,baseline,0,0.6135649087669437,1
131,194,LNP194,1,2069,baseline,1,0.5708548449808244,1
132,195,LNP195,0,2069,baseline,2,0.9231551434676436,1
294,782,LNP782,1,2069,baseline,3,0.46464889032395,0
357,875,LNP782,1,2069,baseline,3,0.49922344616652414,0
295,783,LNP854,0,2069,baseline,4,0.9826874646764999,1
366,911,LNP854,1,2069,baseline,4,0.47197583936336257,0
272,636,LNP858,0,2069,baseline,5,0.4537386609909049,0
288,687,LNP858,0,2069,baseline,5,0.5118168777088272,1
293,781,LNP858,1,2069,baseline,5,0.4304747721020151,0
367,922,LNP858,0,2069,baseline,5,0.4403016119288553,0
368,923,LNP858,0,2069,baseline,5,0.4403016119288553,0
369,931,LNP858,0,2069,baseline,5,0.49733816198011105,0
130,193,LNP193,1,2069,baseline_plus_md,0,0.701595486788154,1
131,194,LNP194,1,2069,baseline_plus_md,1,0.5682494343988764,1
132,195,LNP195,0,2069,baseline_plus_md,2,0.7851269841269842,1
294,782,LNP782,1,2069,baseline_plus_md,3,0.5640633704971755,1
357,875,LNP782,1,2069,baseline_plus_md,3,0.5776869292698791,1
295,783,LNP854,0,2069,baseline_plus_md,4,0.967892990304519,1
366,911,LNP854,1,2069,baseline_plus_md,4,0.6529712202748859,1
272,636,LNP858,0,2069,baseline_plus_md,5,0.4834829487435021,0
288,687,LNP858,0,2069,baseline_plus_md,5,0.5117931801787338,1
293,781,LNP858,1,2069,baseline_plus_md,5,0.47053652017207315,0
367,922,LNP858,0,2069,baseline_plus_md,5,0.46906826620381936,0
368,923,LNP858,0,2069,baseline_plus_md,5,0.46906826620381936,0
369,931,LNP858,0,2069,baseline_plus_md,5,0.497355950741504,0
130,193,LNP193,1,2070,baseline,0,0.6152846331538258,1
131,194,LNP194,1,2070,baseline,1,0.5686213522852812,1
132,195,LNP195,0,2070,baseline,2,0.9205324811014148,1
294,782,LNP782,1,2070,baseline,3,0.4658354810113027,0
357,875,LNP782,1,2070,baseline,3,0.5008587885458191,1
295,783,LNP854,0,2070,baseline,4,0.9740430538398139,1
366,911,LNP854,1,2070,baseline,4,0.4529363399030143,0
272,636,LNP858,0,2070,baseline,5,0.4555946644645553,0
288,687,LNP858,0,2070,baseline,5,0.5008266179685679,1
293,781,LNP858,1,2070,baseline,5,0.43342204541693535,0
367,922,LNP858,0,2070,baseline,5,0.4385437986636891,0
368,923,LNP858,0,2070,baseline,5,0.4385437986636891,0
369,931,LNP858,0,2070,baseline,5,0.4836359614029111,0
130,193,LNP193,1,2070,baseline_plus_md,0,0.6959030616011411,1
131,194,LNP194,1,2070,baseline_plus_md,1,0.5653756144963438,1
132,195,LNP195,0,2070,baseline_plus_md,2,0.7456887210012213,1
294,782,LNP782,1,2070,baseline_plus_md,3,0.5732128026371394,1
357,875,LNP782,1,2070,baseline_plus_md,3,0.5921468045964403,1
295,783,LNP854,0,2070,baseline_plus_md,4,0.9662328131505472,1
366,911,LNP854,1,2070,baseline_plus_md,4,0.6604961957091795,1
272,636,LNP858,0,2070,baseline_plus_md,5,0.4908003601701691,0
288,687,LNP858,0,2070,baseline_plus_md,5,0.5258217970666057,1
293,781,LNP858,1,2070,baseline_plus_md,5,0.4786351815987402,0
367,922,LNP858,0,2070,baseline_plus_md,5,0.48006803693784533,0
368,923,LNP858,0,2070,baseline_plus_md,5,0.48006803693784533,0
369,931,LNP858,0,2070,baseline_plus_md,5,0.5133082689280771,1
130,193,LNP193,1,2071,baseline,0,0.6163345896346921,1
131,194,LNP194,1,2071,baseline,1,0.5738060137902403,1
132,195,LNP195,0,2071,baseline,2,0.9419752556471305,1
294,782,LNP782,1,2071,baseline,3,0.48018263767594715,0
357,875,LNP782,1,2071,baseline,3,0.5108761517578275,1
295,783,LNP854,0,2071,baseline,4,0.9778384639911541,1
366,911,LNP854,1,2071,baseline,4,0.4932416989376411,0
272,636,LNP858,0,2071,baseline,5,0.45563098737012353,0
288,687,LNP858,0,2071,baseline,5,0.49402694598667063,0
293,781,LNP858,1,2071,baseline,5,0.4407500349891704,0
367,922,LNP858,0,2071,baseline,5,0.4414282456673814,0
368,923,LNP858,0,2071,baseline,5,0.4414282456673814,0
369,931,LNP858,0,2071,baseline,5,0.48010378581350993,0
130,193,LNP193,1,2071,baseline_plus_md,0,0.6967285018113877,1
131,194,LNP194,1,2071,baseline_plus_md,1,0.5611630280760663,1
132,195,LNP195,0,2071,baseline_plus_md,2,0.7925033005189255,1
294,782,LNP782,1,2071,baseline_plus_md,3,0.5726870591451687,1
357,875,LNP782,1,2071,baseline_plus_md,3,0.5906509952599085,1
295,783,LNP854,0,2071,baseline_plus_md,4,0.9774489305591771,1
366,911,LNP854,1,2071,baseline_plus_md,4,0.6471684113513332,1
272,636,LNP858,0,2071,baseline_plus_md,5,0.4771219745442633,0
288,687,LNP858,0,2071,baseline_plus_md,5,0.5131701259542568,1
293,781,LNP858,1,2071,baseline_plus_md,5,0.4652048118458502,0
367,922,LNP858,0,2071,baseline_plus_md,5,0.46066273933502777,0
368,923,LNP858,0,2071,baseline_plus_md,5,0.46066273933502777,0
369,931,LNP858,0,2071,baseline_plus_md,5,0.4973376944968251,0
130,193,LNP193,1,2072,baseline,0,0.6163599717084144,1
131,194,LNP194,1,2072,baseline,1,0.5628906123089233,1
132,195,LNP195,0,2072,baseline,2,0.9289944583602673,1
294,782,LNP782,1,2072,baseline,3,0.4679072373063716,0
357,875,LNP782,1,2072,baseline,3,0.5100674446380489,1
295,783,LNP854,0,2072,baseline,4,0.9826891560639293,1
366,911,LNP854,1,2072,baseline,4,0.4511889456478937,0
272,636,LNP858,0,2072,baseline,5,0.4665469410881874,0
288,687,LNP858,0,2072,baseline,5,0.5147668584257518,1
293,781,LNP858,1,2072,baseline,5,0.44566400458024996,0
367,922,LNP858,0,2072,baseline,5,0.45287810991935573,0
368,923,LNP858,0,2072,baseline,5,0.45287810991935573,0
369,931,LNP858,0,2072,baseline,5,0.49914997530886823,0
130,193,LNP193,1,2072,baseline_plus_md,0,0.7022880381052476,1
131,194,LNP194,1,2072,baseline_plus_md,1,0.5799742091253226,1
132,195,LNP195,0,2072,baseline_plus_md,2,0.7933012438949936,1
294,782,LNP782,1,2072,baseline_plus_md,3,0.5644509884844559,1
357,875,LNP782,1,2072,baseline_plus_md,3,0.5782428049023917,1
295,783,LNP854,0,2072,baseline_plus_md,4,0.9726995799928081,1
366,911,LNP854,1,2072,baseline_plus_md,4,0.6798930476920265,1
272,636,LNP858,0,2072,baseline_plus_md,5,0.4802986608269564,0
288,687,LNP858,0,2072,baseline_plus_md,5,0.5216348573102116,1
293,781,LNP858,1,2072,baseline_plus_md,5,0.46742663701743226,0
367,922,LNP858,0,2072,baseline_plus_md,5,0.46644765072594596,0
368,923,LNP858,0,2072,baseline_plus_md,5,0.46644765072594596,0
369,931,LNP858,0,2072,baseline_plus_md,5,0.503301523976878,1
130,193,LNP193,1,2073,baseline,0,0.6147603572316723,1
131,194,LNP194,1,2073,baseline,1,0.5745545442636086,1
132,195,LNP195,0,2073,baseline,2,0.9408733503016592,1
294,782,LNP782,1,2073,baseline,3,0.46356683764080825,0
357,875,LNP782,1,2073,baseline,3,0.5026348583290761,1
295,783,LNP854,0,2073,baseline,4,0.9766514513489613,1
366,911,LNP854,1,2073,baseline,4,0.4721734294982147,0
272,636,LNP858,0,2073,baseline,5,0.45751578149756483,0
288,687,LNP858,0,2073,baseline,5,0.5006916823940539,1
293,781,LNP858,1,2073,baseline,5,0.4360376068943896,0
367,922,LNP858,0,2073,baseline,5,0.44476235436913747,0
368,923,LNP858,0,2073,baseline,5,0.44476235436913747,0
369,931,LNP858,0,2073,baseline,5,0.4879923678197391,0
130,193,LNP193,1,2073,baseline_plus_md,0,0.6938034056643972,1
131,194,LNP194,1,2073,baseline_plus_md,1,0.5632603930769978,1
132,195,LNP195,0,2073,baseline_plus_md,2,0.76999479513542,1
294,782,LNP782,1,2073,baseline_plus_md,3,0.5681621509975116,1
357,875,LNP782,1,2073,baseline_plus_md,3,0.5832998610302155,1
295,783,LNP854,0,2073,baseline_plus_md,4,0.9686266061077582,1
366,911,LNP854,1,2073,baseline_plus_md,4,0.6778913161701682,1
272,636,LNP858,0,2073,baseline_plus_md,5,0.47821294350186916,0
288,687,LNP858,0,2073,baseline_plus_md,5,0.5095699892339152,1
293,781,LNP858,1,2073,baseline_plus_md,5,0.46798228873996406,0
367,922,LNP858,0,2073,baseline_plus_md,5,0.46689891031283565,0
368,923,LNP858,0,2073,baseline_plus_md,5,0.46689891031283565,0
369,931,LNP858,0,2073,baseline_plus_md,5,0.49781854623247185,0
130,193,LNP193,1,2074,baseline,0,0.6162277385103168,1
131,194,LNP194,1,2074,baseline,1,0.5693079754183475,1
132,195,LNP195,0,2074,baseline,2,0.9211158806471305,1
294,782,LNP782,1,2074,baseline,3,0.47520626804078264,0
357,875,LNP782,1,2074,baseline,3,0.5079727520115214,1
295,783,LNP854,0,2074,baseline,4,0.9843524424664422,1
366,911,LNP854,1,2074,baseline,4,0.47934964888566256,0
272,636,LNP858,0,2074,baseline,5,0.4616309651204211,0
288,687,LNP858,0,2074,baseline,5,0.5129679247294393,1
293,781,LNP858,1,2074,baseline,5,0.44094644131089666,0
367,922,LNP858,0,2074,baseline,5,0.44235517146962694,0
368,923,LNP858,0,2074,baseline,5,0.44235517146962694,0
369,931,LNP858,0,2074,baseline,5,0.49362449038600453,0
130,193,LNP193,1,2074,baseline_plus_md,0,0.6883286279266213,1
131,194,LNP194,1,2074,baseline_plus_md,1,0.5870182497653235,1
132,195,LNP195,0,2074,baseline_plus_md,2,0.7750039491758242,1
294,782,LNP782,1,2074,baseline_plus_md,3,0.5548728599200503,1
357,875,LNP782,1,2074,baseline_plus_md,3,0.56677366085975,1
295,783,LNP854,0,2074,baseline_plus_md,4,0.9800735201826568,1
366,911,LNP854,1,2074,baseline_plus_md,4,0.6749205089538693,1
272,636,LNP858,0,2074,baseline_plus_md,5,0.48488087110641365,0
288,687,LNP858,0,2074,baseline_plus_md,5,0.5231458641972582,1
293,781,LNP858,1,2074,baseline_plus_md,5,0.4711283909476831,0
367,922,LNP858,0,2074,baseline_plus_md,5,0.47314205436759676,0
368,923,LNP858,0,2074,baseline_plus_md,5,0.47314205436759676,0
369,931,LNP858,0,2074,baseline_plus_md,5,0.5112356910370847,1
130,193,LNP193,1,2075,baseline,0,0.6125234297760928,1
131,194,LNP194,1,2075,baseline,1,0.5702789847351243,1
132,195,LNP195,0,2075,baseline,2,0.9200337110805857,1
294,782,LNP782,1,2075,baseline,3,0.47297562069314786,0
357,875,LNP782,1,2075,baseline,3,0.5017827264806005,1
295,783,LNP854,0,2075,baseline,4,0.9792407149222369,1
366,911,LNP854,1,2075,baseline,4,0.46757470913245286,0
272,636,LNP858,0,2075,baseline,5,0.4636172494740326,0
288,687,LNP858,0,2075,baseline,5,0.5108306569815576,1
293,781,LNP858,1,2075,baseline,5,0.4365339161406986,0
367,922,LNP858,0,2075,baseline,5,0.44029383677561945,0
368,923,LNP858,0,2075,baseline,5,0.44029383677561945,0
369,931,LNP858,0,2075,baseline,5,0.4866955559714561,0
130,193,LNP193,1,2075,baseline_plus_md,0,0.6973706971493051,1
131,194,LNP194,1,2075,baseline_plus_md,1,0.5685667846539554,1
132,195,LNP195,0,2075,baseline_plus_md,2,0.764225331959707,1
294,782,LNP782,1,2075,baseline_plus_md,3,0.5699984973018721,1
357,875,LNP782,1,2075,baseline_plus_md,3,0.5907242679471753,1
295,783,LNP854,0,2075,baseline_plus_md,4,0.9693602975532617,1
366,911,LNP854,1,2075,baseline_plus_md,4,0.6553201673484846,1
272,636,LNP858,0,2075,baseline_plus_md,5,0.48394311781830646,0
288,687,LNP858,0,2075,baseline_plus_md,5,0.5242355318026708,1
293,781,LNP858,1,2075,baseline_plus_md,5,0.46807010194529036,0
367,922,LNP858,0,2075,baseline_plus_md,5,0.4757288321040206,0
368,923,LNP858,0,2075,baseline_plus_md,5,0.4757288321040206,0
369,931,LNP858,0,2075,baseline_plus_md,5,0.5134959935631324,1
130,193,LNP193,1,2076,baseline,0,0.6158205973287917,1
131,194,LNP194,1,2076,baseline,1,0.5644680843645555,1
132,195,LNP195,0,2076,baseline,2,0.9329650825073618,1
294,782,LNP782,1,2076,baseline,3,0.47730125216202346,0
357,875,LNP782,1,2076,baseline,3,0.5060975599513875,1
295,783,LNP854,0,2076,baseline,4,0.9787081192482292,1
366,911,LNP854,1,2076,baseline,4,0.46429500900962983,0
272,636,LNP858,0,2076,baseline,5,0.45782678372352875,0
288,687,LNP858,0,2076,baseline,5,0.5091230364903698,1
293,781,LNP858,1,2076,baseline,5,0.4389279741997188,0
367,922,LNP858,0,2076,baseline,5,0.4423244388461836,0
368,923,LNP858,0,2076,baseline,5,0.4423244388461836,0
369,931,LNP858,0,2076,baseline,5,0.49040099464332754,0
130,193,LNP193,1,2076,baseline_plus_md,0,0.6977528384609335,1
131,194,LNP194,1,2076,baseline_plus_md,1,0.5696240555212362,1
132,195,LNP195,0,2076,baseline_plus_md,2,0.761320665445665,1
294,782,LNP782,1,2076,baseline_plus_md,3,0.5631841651293116,1
357,875,LNP782,1,2076,baseline_plus_md,3,0.5824455002328474,1
295,783,LNP854,0,2076,baseline_plus_md,4,0.9754975090490378,1
366,911,LNP854,1,2076,baseline_plus_md,4,0.6547433562776327,1
272,636,LNP858,0,2076,baseline_plus_md,5,0.4758249271321805,0
288,687,LNP858,0,2076,baseline_plus_md,5,0.5218045011787048,1
293,781,LNP858,1,2076,baseline_plus_md,5,0.4654826652274183,0
367,922,LNP858,0,2076,baseline_plus_md,5,0.4616176760499293,0
368,923,LNP858,0,2076,baseline_plus_md,5,0.4616176760499293,0
369,931,LNP858,0,2076,baseline_plus_md,5,0.5070065213807248,1
130,193,LNP193,1,2077,baseline,0,0.6178877619768859,1
131,194,LNP194,1,2077,baseline,1,0.5647688445855612,1
132,195,LNP195,0,2077,baseline,2,0.9267170239890826,1
294,782,LNP782,1,2077,baseline,3,0.4733658654693158,0
357,875,LNP782,1,2077,baseline,3,0.5073570696862035,1
295,783,LNP854,0,2077,baseline,4,0.9836927251051131,1
366,911,LNP854,1,2077,baseline,4,0.47847211909849996,0
272,636,LNP858,0,2077,baseline,5,0.4556001300134988,0
288,687,LNP858,0,2077,baseline,5,0.5110498681838251,1
293,781,LNP858,1,2077,baseline,5,0.4400743363627047,0
367,922,LNP858,0,2077,baseline,5,0.4371657865791549,0
368,923,LNP858,0,2077,baseline,5,0.4371657865791549,0
369,931,LNP858,0,2077,baseline,5,0.4916324800164365,0
130,193,LNP193,1,2077,baseline_plus_md,0,0.7074204477152644,1
131,194,LNP194,1,2077,baseline_plus_md,1,0.5722124037222742,1
132,195,LNP195,0,2077,baseline_plus_md,2,0.7788658997252749,1
294,782,LNP782,1,2077,baseline_plus_md,3,0.563999162271614,1
357,875,LNP782,1,2077,baseline_plus_md,3,0.5796301765024017,1
295,783,LNP854,0,2077,baseline_plus_md,4,0.9623061239808754,1
366,911,LNP854,1,2077,baseline_plus_md,4,0.6861808526775204,1
272,636,LNP858,0,2077,baseline_plus_md,5,0.47236045513430064,0
288,687,LNP858,0,2077,baseline_plus_md,5,0.5154925131347798,1
293,781,LNP858,1,2077,baseline_plus_md,5,0.46258862973747505,0
367,922,LNP858,0,2077,baseline_plus_md,5,0.4611907220895676,0
368,923,LNP858,0,2077,baseline_plus_md,5,0.4611907220895676,0
369,931,LNP858,0,2077,baseline_plus_md,5,0.5043227800900467,1
130,193,LNP193,1,2078,baseline,0,0.614118213328797,1
131,194,LNP194,1,2078,baseline,1,0.5703092403080828,1
132,195,LNP195,0,2078,baseline,2,0.9255196504884,1
294,782,LNP782,1,2078,baseline,3,0.4818030595573806,0
357,875,LNP782,1,2078,baseline,3,0.5122119207682465,1
295,783,LNP854,0,2078,baseline,4,0.9825741465011991,1
366,911,LNP854,1,2078,baseline,4,0.48159808860289843,0
272,636,LNP858,0,2078,baseline,5,0.46021719968012087,0
288,687,LNP858,0,2078,baseline,5,0.5102348699183794,1
293,781,LNP858,1,2078,baseline,5,0.44454259650551703,0
367,922,LNP858,0,2078,baseline,5,0.4485911174290383,0
368,923,LNP858,0,2078,baseline,5,0.4485911174290383,0
369,931,LNP858,0,2078,baseline,5,0.49762574293425216,0
130,193,LNP193,1,2078,baseline_plus_md,0,0.6962602603665863,1
131,194,LNP194,1,2078,baseline_plus_md,1,0.5838254231326825,1
132,195,LNP195,0,2078,baseline_plus_md,2,0.7857492368742365,1
294,782,LNP782,1,2078,baseline_plus_md,3,0.5695043671011685,1
357,875,LNP782,1,2078,baseline_plus_md,3,0.5839322568258791,1
295,783,LNP854,0,2078,baseline_plus_md,4,0.9702588422208152,1
366,911,LNP854,1,2078,baseline_plus_md,4,0.6742202104856426,1
272,636,LNP858,0,2078,baseline_plus_md,5,0.4810581743915883,0
288,687,LNP858,0,2078,baseline_plus_md,5,0.5149713243651098,1
293,781,LNP858,1,2078,baseline_plus_md,5,0.4739029164550802,0
367,922,LNP858,0,2078,baseline_plus_md,5,0.4666434918519055,0
368,923,LNP858,0,2078,baseline_plus_md,5,0.4666434918519055,0
369,931,LNP858,0,2078,baseline_plus_md,5,0.5004393979581832,1
130,193,LNP193,1,2079,baseline,0,0.6109814168752515,1
131,194,LNP194,1,2079,baseline,1,0.573589394924803,1
132,195,LNP195,0,2079,baseline,2,0.9405830280830281,1
294,782,LNP782,1,2079,baseline,3,0.46448323223441007,0
357,875,LNP782,1,2079,baseline,3,0.5012134000064946,1
295,783,LNP854,0,2079,baseline,4,0.9803481437450717,1
366,911,LNP854,1,2079,baseline,4,0.5010671179934252,1
272,636,LNP858,0,2079,baseline,5,0.46150410171670303,0
288,687,LNP858,0,2079,baseline,5,0.5083113385974695,1
293,781,LNP858,1,2079,baseline,5,0.445184657272258,0
367,922,LNP858,0,2079,baseline,5,0.44598281744541846,0
368,923,LNP858,0,2079,baseline,5,0.44598281744541846,0
369,931,LNP858,0,2079,baseline,5,0.4911576589437894,0
130,193,LNP193,1,2079,baseline_plus_md,0,0.7016901029106455,1
131,194,LNP194,1,2079,baseline_plus_md,1,0.5650281696094106,1
132,195,LNP195,0,2079,baseline_plus_md,2,0.7666727179070928,1
294,782,LNP782,1,2079,baseline_plus_md,3,0.5623932218068523,1
357,875,LNP782,1,2079,baseline_plus_md,3,0.5762155479314873,1
295,783,LNP854,0,2079,baseline_plus_md,4,0.9692966330306427,1
366,911,LNP854,1,2079,baseline_plus_md,4,0.6615076524551168,1
272,636,LNP858,0,2079,baseline_plus_md,5,0.48108619657104,0
288,687,LNP858,0,2079,baseline_plus_md,5,0.5132034687037921,1
293,781,LNP858,1,2079,baseline_plus_md,5,0.46486595847580164,0
367,922,LNP858,0,2079,baseline_plus_md,5,0.46850953711938026,0
368,923,LNP858,0,2079,baseline_plus_md,5,0.46850953711938026,0
369,931,LNP858,0,2079,baseline_plus_md,5,0.502619954995278,1
130,193,LNP193,1,2080,baseline,0,0.6120381905448228,1
131,194,LNP194,1,2080,baseline,1,0.5664861275069935,1
132,195,LNP195,0,2080,baseline,2,0.9186903617216111,1
294,782,LNP782,1,2080,baseline,3,0.46821893472447695,0
357,875,LNP782,1,2080,baseline,3,0.5073416389820828,1
295,783,LNP854,0,2080,baseline,4,0.9803312708226687,1
366,911,LNP854,1,2080,baseline,4,0.478467269765851,0
272,636,LNP858,0,2080,baseline,5,0.4622095931207244,0
288,687,LNP858,0,2080,baseline,5,0.5168926347522952,1
293,781,LNP858,1,2080,baseline,5,0.4330429264540568,0
367,922,LNP858,0,2080,baseline,5,0.4387950909562215,0
368,923,LNP858,0,2080,baseline,5,0.4387950909562215,0
369,931,LNP858,0,2080,baseline,5,0.49224707198173184,0
130,193,LNP193,1,2080,baseline_plus_md,0,0.6901103999506917,1
131,194,LNP194,1,2080,baseline_plus_md,1,0.5817716635856498,1
132,195,LNP195,0,2080,baseline_plus_md,2,0.7931809787434787,1
294,782,LNP782,1,2080,baseline_plus_md,3,0.5592214435564211,1
357,875,LNP782,1,2080,baseline_plus_md,3,0.575151810903894,1
295,783,LNP854,0,2080,baseline_plus_md,4,0.9737277784132127,1
366,911,LNP854,1,2080,baseline_plus_md,4,0.6736558746806997,1
272,636,LNP858,0,2080,baseline_plus_md,5,0.4720473780880877,0
288,687,LNP858,0,2080,baseline_plus_md,5,0.5072461520523417,1
293,781,LNP858,1,2080,baseline_plus_md,5,0.4600310090404685,0
367,922,LNP858,0,2080,baseline_plus_md,5,0.45665596394667324,0
368,923,LNP858,0,2080,baseline_plus_md,5,0.45665596394667324,0
369,931,LNP858,0,2080,baseline_plus_md,5,0.48978042333661265,0
130,193,LNP193,1,2081,baseline,0,0.6174309902685711,1
131,194,LNP194,1,2081,baseline,1,0.5737206978021951,1
132,195,LNP195,0,2081,baseline,2,0.9309860157203904,1
294,782,LNP782,1,2081,baseline,3,0.46126130371217966,0
357,875,LNP782,1,2081,baseline,3,0.4991341420390744,0
295,783,LNP854,0,2081,baseline,4,0.9852578953230383,1
366,911,LNP854,1,2081,baseline,4,0.467883479056143,0
272,636,LNP858,0,2081,baseline,5,0.4704601158645334,0
288,687,LNP858,0,2081,baseline,5,0.5258463554419496,1
293,781,LNP858,1,2081,baseline,5,0.4519581317375485,0
367,922,LNP858,0,2081,baseline,5,0.45109233087174794,0
368,923,LNP858,0,2081,baseline,5,0.45109233087174794,0
369,931,LNP858,0,2081,baseline,5,0.5068393208099147,1
130,193,LNP193,1,2081,baseline_plus_md,0,0.6947417120656163,1
131,194,LNP194,1,2081,baseline_plus_md,1,0.571398979634197,1
132,195,LNP195,0,2081,baseline_plus_md,2,0.7751622176842765,1
294,782,LNP782,1,2081,baseline_plus_md,3,0.5622739014245078,1
357,875,LNP782,1,2081,baseline_plus_md,3,0.5813293520399038,1
295,783,LNP854,0,2081,baseline_plus_md,4,0.9752602668554308,1
366,911,LNP854,1,2081,baseline_plus_md,4,0.6591504487344757,1
272,636,LNP858,0,2081,baseline_plus_md,5,0.4631506520972669,0
288,687,LNP858,0,2081,baseline_plus_md,5,0.5017034677456709,1
293,781,LNP858,1,2081,baseline_plus_md,5,0.44683120765282214,0
367,922,LNP858,0,2081,baseline_plus_md,5,0.44731371126032576,0
368,923,LNP858,0,2081,baseline_plus_md,5,0.44731371126032576,0
369,931,LNP858,0,2081,baseline_plus_md,5,0.4846625225797254,0
130,193,LNP193,1,2082,baseline,0,0.6197142574132548,1
131,194,LNP194,1,2082,baseline,1,0.581647821909584,1
132,195,LNP195,0,2082,baseline,2,0.930154647435897,1
294,782,LNP782,1,2082,baseline,3,0.4648319047014725,0
357,875,LNP782,1,2082,baseline,3,0.5060196366905726,1
295,783,LNP854,0,2082,baseline,4,0.9774305315803713,1
366,911,LNP854,1,2082,baseline,4,0.48683538705718127,0
272,636,LNP858,0,2082,baseline,5,0.46368391589939506,0
288,687,LNP858,0,2082,baseline,5,0.5028230039355421,1
293,781,LNP858,1,2082,baseline,5,0.44453709050256895,0
367,922,LNP858,0,2082,baseline,5,0.44502680911728776,0
368,923,LNP858,0,2082,baseline,5,0.44502680911728776,0
369,931,LNP858,0,2082,baseline,5,0.48213667637421403,0
130,193,LNP193,1,2082,baseline_plus_md,0,0.6792119112357341,1
131,194,LNP194,1,2082,baseline_plus_md,1,0.5706561234046246,1
132,195,LNP195,0,2082,baseline_plus_md,2,0.7699658310439561,1
294,782,LNP782,1,2082,baseline_plus_md,3,0.5577900563021089,1
357,875,LNP782,1,2082,baseline_plus_md,3,0.5753575746235073,1
295,783,LNP854,0,2082,baseline_plus_md,4,0.9779500973402204,1
366,911,LNP854,1,2082,baseline_plus_md,4,0.675358617085746,1
272,636,LNP858,0,2082,baseline_plus_md,5,0.4716809040623269,0
288,687,LNP858,0,2082,baseline_plus_md,5,0.49794928652265974,0
293,781,LNP858,1,2082,baseline_plus_md,5,0.4609418167607393,0
367,922,LNP858,0,2082,baseline_plus_md,5,0.45277668328310555,0
368,923,LNP858,0,2082,baseline_plus_md,5,0.45277668328310555,0
369,931,LNP858,0,2082,baseline_plus_md,5,0.4801904481388209,0
130,193,LNP193,1,2083,baseline,0,0.6178987122092956,1
131,194,LNP194,1,2083,baseline,1,0.5689284058042899,1
132,195,LNP195,0,2083,baseline,2,0.9318344589438339,1
294,782,LNP782,1,2083,baseline,3,0.4544693137989318,0
357,875,LNP782,1,2083,baseline,3,0.49229800464954443,0
295,783,LNP854,0,2083,baseline,4,0.9824841049918558,1
366,911,LNP854,1,2083,baseline,4,0.44152528405617153,0
272,636,LNP858,0,2083,baseline,5,0.46107095554346794,0
288,687,LNP858,0,2083,baseline,5,0.5070779509989928,1
293,781,LNP858,1,2083,baseline,5,0.441725717448229,0
367,922,LNP858,0,2083,baseline,5,0.44553975063726275,0
368,923,LNP858,0,2083,baseline,5,0.44553975063726275,0
369,931,LNP858,0,2083,baseline,5,0.48843076485180625,0
130,193,LNP193,1,2083,baseline_plus_md,0,0.6985362799717617,1
131,194,LNP194,1,2083,baseline_plus_md,1,0.5731355467852439,1
132,195,LNP195,0,2083,baseline_plus_md,2,0.7921854967948722,1
294,782,LNP782,1,2083,baseline_plus_md,3,0.5659990098674236,1
357,875,LNP782,1,2083,baseline_plus_md,3,0.5802928944647644,1
295,783,LNP854,0,2083,baseline_plus_md,4,0.9672455139747561,1
366,911,LNP854,1,2083,baseline_plus_md,4,0.6486455192669043,1
272,636,LNP858,0,2083,baseline_plus_md,5,0.47834946984933874,0
288,687,LNP858,0,2083,baseline_plus_md,5,0.5275715979104761,1
293,781,LNP858,1,2083,baseline_plus_md,5,0.4627740730239415,0
367,922,LNP858,0,2083,baseline_plus_md,5,0.4687715477714165,0
368,923,LNP858,0,2083,baseline_plus_md,5,0.4687715477714165,0
369,931,LNP858,0,2083,baseline_plus_md,5,0.517425494014372,1
130,193,LNP193,1,2084,baseline,0,0.6145696421557783,1
131,194,LNP194,1,2084,baseline,1,0.563154741160682,1
132,195,LNP195,0,2084,baseline,2,0.9250546207264957,1
294,782,LNP782,1,2084,baseline,3,0.47218377226773794,0
357,875,LNP782,1,2084,baseline,3,0.49778459104139733,0
295,783,LNP854,0,2084,baseline,4,0.9805433759780746,1
366,911,LNP854,1,2084,baseline,4,0.4760124167819056,0
272,636,LNP858,0,2084,baseline,5,0.45579816496377185,0
288,687,LNP858,0,2084,baseline,5,0.5008180552042503,1
293,781,LNP858,1,2084,baseline,5,0.43407197448758067,0
367,922,LNP858,0,2084,baseline,5,0.44029852571413225,0
368,923,LNP858,0,2084,baseline,5,0.44029852571413225,0
369,931,LNP858,0,2084,baseline,5,0.4843804650166597,0
130,193,LNP193,1,2084,baseline_plus_md,0,0.7080911752577603,1
131,194,LNP194,1,2084,baseline_plus_md,1,0.5468216910027544,1
132,195,LNP195,0,2084,baseline_plus_md,2,0.7893560554029304,1
294,782,LNP782,1,2084,baseline_plus_md,3,0.5594333254957368,1
357,875,LNP782,1,2084,baseline_plus_md,3,0.5779757366095092,1
295,783,LNP854,0,2084,baseline_plus_md,4,0.9728080081471842,1
366,911,LNP854,1,2084,baseline_plus_md,4,0.6646659398945922,1
272,636,LNP858,0,2084,baseline_plus_md,5,0.4781250259047607,0
288,687,LNP858,0,2084,baseline_plus_md,5,0.5133929850697786,1
293,781,LNP858,1,2084,baseline_plus_md,5,0.46021827987301445,0
367,922,LNP858,0,2084,baseline_plus_md,5,0.4645220316767662,0
368,923,LNP858,0,2084,baseline_plus_md,5,0.4645220316767662,0
369,931,LNP858,0,2084,baseline_plus_md,5,0.4987257772775706,0
130,193,LNP193,1,2085,baseline,0,0.6174255772955759,1
131,194,LNP194,1,2085,baseline,1,0.5814367820886761,1
132,195,LNP195,0,2085,baseline,2,0.9201959381509013,1
294,782,LNP782,1,2085,baseline,3,0.4642382085481443,0
357,875,LNP782,1,2085,baseline,3,0.5002231189002856,1
295,783,LNP854,0,2085,baseline,4,0.9826108448206462,1
366,911,LNP854,1,2085,baseline,4,0.4837532093611154,0
272,636,LNP858,0,2085,baseline,5,0.46155939382442585,0
288,687,LNP858,0,2085,baseline,5,0.5117472778358394,1
293,781,LNP858,1,2085,baseline,5,0.4404780446180756,0
367,922,LNP858,0,2085,baseline,5,0.4480456853107168,0
368,923,LNP858,0,2085,baseline,5,0.4480456853107168,0
369,931,LNP858,0,2085,baseline,5,0.4975481436367047,0
130,193,LNP193,1,2085,baseline_plus_md,0,0.6948235594235187,1
131,194,LNP194,1,2085,baseline_plus_md,1,0.5736487794314667,1
132,195,LNP195,0,2085,baseline_plus_md,2,0.7523314255189252,1
294,782,LNP782,1,2085,baseline_plus_md,3,0.5558783023114229,1
357,875,LNP782,1,2085,baseline_plus_md,3,0.5750798562373021,1
295,783,LNP854,0,2085,baseline_plus_md,4,0.9709361770186498,1
366,911,LNP854,1,2085,baseline_plus_md,4,0.682241033458093,1
272,636,LNP858,0,2085,baseline_plus_md,5,0.4782797851648845,0
288,687,LNP858,0,2085,baseline_plus_md,5,0.5100112298897505,1
293,781,LNP858,1,2085,baseline_plus_md,5,0.46840875341885263,0
367,922,LNP858,0,2085,baseline_plus_md,5,0.46660951099461,0
368,923,LNP858,0,2085,baseline_plus_md,5,0.46660951099461,0
369,931,LNP858,0,2085,baseline_plus_md,5,0.4967311072346275,0
130,193,LNP193,1,2086,baseline,0,0.6226780105256702,1
131,194,LNP194,1,2086,baseline,1,0.5797373596146576,1
132,195,LNP195,0,2086,baseline,2,0.9389249185251022,1
294,782,LNP782,1,2086,baseline,3,0.477004487971429,0
357,875,LNP782,1,2086,baseline,3,0.5063953158966251,1
295,783,LNP854,0,2086,baseline,4,0.9783830960858775,1
366,911,LNP854,1,2086,baseline,4,0.46655693930284026,0
272,636,LNP858,0,2086,baseline,5,0.4662866380209789,0
288,687,LNP858,0,2086,baseline,5,0.5236983031532324,1
293,781,LNP858,1,2086,baseline,5,0.4443124316717718,0
367,922,LNP858,0,2086,baseline,5,0.44741037539471584,0
368,923,LNP858,0,2086,baseline,5,0.44741037539471584,0
369,931,LNP858,0,2086,baseline,5,0.5034692266741555,1
130,193,LNP193,1,2086,baseline_plus_md,0,0.7070894600107965,1
131,194,LNP194,1,2086,baseline_plus_md,1,0.5732049474840109,1
132,195,LNP195,0,2086,baseline_plus_md,2,0.7817615613553113,1
294,782,LNP782,1,2086,baseline_plus_md,3,0.5674191194847181,1
357,875,LNP782,1,2086,baseline_plus_md,3,0.5894677457365038,1
295,783,LNP854,0,2086,baseline_plus_md,4,0.9742460862499795,1
366,911,LNP854,1,2086,baseline_plus_md,4,0.6736043244513099,1
272,636,LNP858,0,2086,baseline_plus_md,5,0.48315892662680077,0
288,687,LNP858,0,2086,baseline_plus_md,5,0.5257068607188525,1
293,781,LNP858,1,2086,baseline_plus_md,5,0.4673603155156893,0
367,922,LNP858,0,2086,baseline_plus_md,5,0.4619233566412304,0
368,923,LNP858,0,2086,baseline_plus_md,5,0.4619233566412304,0
369,931,LNP858,0,2086,baseline_plus_md,5,0.5004038304158217,1
130,193,LNP193,1,2087,baseline,0,0.6203410981289603,1
131,194,LNP194,1,2087,baseline,1,0.5600457423277491,1
132,195,LNP195,0,2087,baseline,2,0.9254088928840765,1
294,782,LNP782,1,2087,baseline,3,0.46309973124116405,0
357,875,LNP782,1,2087,baseline,3,0.49251966921378587,0
295,783,LNP854,0,2087,baseline,4,0.9840749989254509,1
366,911,LNP854,1,2087,baseline,4,0.4670814025854242,0
272,636,LNP858,0,2087,baseline,5,0.45860317485158186,0
288,687,LNP858,0,2087,baseline,5,0.5116814487019141,1
293,781,LNP858,1,2087,baseline,5,0.43662896850237454,0
367,922,LNP858,0,2087,baseline,5,0.4400407650391716,0
368,923,LNP858,0,2087,baseline,5,0.4400407650391716,0
369,931,LNP858,0,2087,baseline,5,0.48975053239599753,0
130,193,LNP193,1,2087,baseline_plus_md,0,0.7050188897379651,1
131,194,LNP194,1,2087,baseline_plus_md,1,0.5751361691838056,1
132,195,LNP195,0,2087,baseline_plus_md,2,0.7746215086996336,1
294,782,LNP782,1,2087,baseline_plus_md,3,0.5555823683680875,1
357,875,LNP782,1,2087,baseline_plus_md,3,0.5824775207752251,1
295,783,LNP854,0,2087,baseline_plus_md,4,0.9729337095802282,1
366,911,LNP854,1,2087,baseline_plus_md,4,0.6853227953712824,1
272,636,LNP858,0,2087,baseline_plus_md,5,0.4877807726604915,0
288,687,LNP858,0,2087,baseline_plus_md,5,0.5226097100629583,1
293,781,LNP858,1,2087,baseline_plus_md,5,0.47487154647001534,0
367,922,LNP858,0,2087,baseline_plus_md,5,0.47708452446424315,0
368,923,LNP858,0,2087,baseline_plus_md,5,0.47708452446424315,0
369,931,LNP858,0,2087,baseline_plus_md,5,0.5108492483024962,1
130,193,LNP193,1,2088,baseline,0,0.6122938487010644,1
131,194,LNP194,1,2088,baseline,1,0.5711421480004613,1
132,195,LNP195,0,2088,baseline,2,0.9102874694749693,1
294,782,LNP782,1,2088,baseline,3,0.4720268710101437,0
357,875,LNP782,1,2088,baseline,3,0.5053612931080059,1
295,783,LNP854,0,2088,baseline,4,0.9810881962165355,1
366,911,LNP854,1,2088,baseline,4,0.5085908586399489,1
272,636,LNP858,0,2088,baseline,5,0.45961487344000695,0
288,687,LNP858,0,2088,baseline,5,0.5119149834607051,1
293,781,LNP858,1,2088,baseline,5,0.441807333757467,0
367,922,LNP858,0,2088,baseline,5,0.4403002991254323,0
368,923,LNP858,0,2088,baseline,5,0.4403002991254323,0
369,931,LNP858,0,2088,baseline,5,0.49129268908841034,0
130,193,LNP193,1,2088,baseline_plus_md,0,0.7013471226813796,1
131,194,LNP194,1,2088,baseline_plus_md,1,0.574892120889572,1
132,195,LNP195,0,2088,baseline_plus_md,2,0.7799670902014654,1
294,782,LNP782,1,2088,baseline_plus_md,3,0.5643077427156529,1
357,875,LNP782,1,2088,baseline_plus_md,3,0.5838021381902692,1
295,783,LNP854,0,2088,baseline_plus_md,4,0.9697360149855928,1
366,911,LNP854,1,2088,baseline_plus_md,4,0.6679036213749616,1
272,636,LNP858,0,2088,baseline_plus_md,5,0.4696620256244108,0
288,687,LNP858,0,2088,baseline_plus_md,5,0.5069947767226418,1
293,781,LNP858,1,2088,baseline_plus_md,5,0.45700081530695025,0
367,922,LNP858,0,2088,baseline_plus_md,5,0.4553961526085375,0
368,923,LNP858,0,2088,baseline_plus_md,5,0.4553961526085375,0
369,931,LNP858,0,2088,baseline_plus_md,5,0.4909702456981105,0
130,193,LNP193,1,2089,baseline,0,0.6162047419731609,1
131,194,LNP194,1,2089,baseline,1,0.575333862002629,1
132,195,LNP195,0,2089,baseline,2,0.925092930762048,1
294,782,LNP782,1,2089,baseline,3,0.4748865106012266,0
357,875,LNP782,1,2089,baseline,3,0.5099057055303815,1
295,783,LNP854,0,2089,baseline,4,0.9836605055200762,1
366,911,LNP854,1,2089,baseline,4,0.46941751312147045,0
272,636,LNP858,0,2089,baseline,5,0.4537088020320178,0
288,687,LNP858,0,2089,baseline,5,0.510681424997288,1
293,781,LNP858,1,2089,baseline,5,0.43034570679392153,0
367,922,LNP858,0,2089,baseline,5,0.4356135639367792,0
368,923,LNP858,0,2089,baseline,5,0.4356135639367792,0
369,931,LNP858,0,2089,baseline,5,0.49195036439122697,0
130,193,LNP193,1,2089,baseline_plus_md,0,0.6928106614400064,1
131,194,LNP194,1,2089,baseline_plus_md,1,0.5775069886529933,1
132,195,LNP195,0,2089,baseline_plus_md,2,0.7990250530719278,1
294,782,LNP782,1,2089,baseline_plus_md,3,0.5669819209888192,1
357,875,LNP782,1,2089,baseline_plus_md,3,0.58050687453155,1
295,783,LNP854,0,2089,baseline_plus_md,4,0.9788223929564392,1
366,911,LNP854,1,2089,baseline_plus_md,4,0.655522518453318,1
272,636,LNP858,0,2089,baseline_plus_md,5,0.47893550554566855,0
288,687,LNP858,0,2089,baseline_plus_md,5,0.5121825506831935,1
293,781,LNP858,1,2089,baseline_plus_md,5,0.4689652674504304,0
367,922,LNP858,0,2089,baseline_plus_md,5,0.46581772055288345,0
368,923,LNP858,0,2089,baseline_plus_md,5,0.46581772055288345,0
369,931,LNP858,0,2089,baseline_plus_md,5,0.4983477743484171,0
130,193,LNP193,1,2090,baseline,0,0.6207394009578026,1
131,194,LNP194,1,2090,baseline,1,0.5704616853405851,1
132,195,LNP195,0,2090,baseline,2,0.9171094277454571,1
294,782,LNP782,1,2090,baseline,3,0.4730009952896524,0
357,875,LNP782,1,2090,baseline,3,0.5078215387127043,1
295,783,LNP854,0,2090,baseline,4,0.9822695802833139,1
366,911,LNP854,1,2090,baseline,4,0.5011895305394931,1
272,636,LNP858,0,2090,baseline,5,0.4539608352715829,0
288,687,LNP858,0,2090,baseline,5,0.505924843485591,1
293,781,LNP858,1,2090,baseline,5,0.44156004162078877,0
367,922,LNP858,0,2090,baseline,5,0.4409233172340646,0
368,923,LNP858,0,2090,baseline,5,0.4409233172340646,0
369,931,LNP858,0,2090,baseline,5,0.4920756371363843,0
130,193,LNP193,1,2090,baseline_plus_md,0,0.7058168630437157,1
131,194,LNP194,1,2090,baseline_plus_md,1,0.5680860756594773,1
132,195,LNP195,0,2090,baseline_plus_md,2,0.7778663003663004,1
294,782,LNP782,1,2090,baseline_plus_md,3,0.5570854569371104,1
357,875,LNP782,1,2090,baseline_plus_md,3,0.5770068083356642,1
295,783,LNP854,0,2090,baseline_plus_md,4,0.968536511271606,1
366,911,LNP854,1,2090,baseline_plus_md,4,0.6842740470130281,1
272,636,LNP858,0,2090,baseline_plus_md,5,0.4794546494807331,0
288,687,LNP858,0,2090,baseline_plus_md,5,0.5344032569448203,1
293,781,LNP858,1,2090,baseline_plus_md,5,0.4671530621791454,0
367,922,LNP858,0,2090,baseline_plus_md,5,0.4681288919049752,0
368,923,LNP858,0,2090,baseline_plus_md,5,0.4681288919049752,0
369,931,LNP858,0,2090,baseline_plus_md,5,0.5185049885465517,1
130,193,LNP193,1,2091,baseline,0,0.6161938613282119,1
131,194,LNP194,1,2091,baseline,1,0.5767635451298238,1
132,195,LNP195,0,2091,baseline,2,0.9217655441984486,1
294,782,LNP782,1,2091,baseline,3,0.47180530498822554,0
357,875,LNP782,1,2091,baseline,3,0.5049917065992817,1
295,783,LNP854,0,2091,baseline,4,0.9776332628395936,1
366,911,LNP854,1,2091,baseline,4,0.4630533878534873,0
272,636,LNP858,0,2091,baseline,5,0.45571792480041123,0
288,687,LNP858,0,2091,baseline,5,0.49687617423071956,0
293,781,LNP858,1,2091,baseline,5,0.4397457025781884,0
367,922,LNP858,0,2091,baseline,5,0.44489000272248885,0
368,923,LNP858,0,2091,baseline,5,0.44489000272248885,0
369,931,LNP858,0,2091,baseline,5,0.48324792747747236,0
130,193,LNP193,1,2091,baseline_plus_md,0,0.692943704744807,1
131,194,LNP194,1,2091,baseline_plus_md,1,0.5844994666925225,1
132,195,LNP195,0,2091,baseline_plus_md,2,0.7745227983821732,1
294,782,LNP782,1,2091,baseline_plus_md,3,0.5773857597201577,1
357,875,LNP782,1,2091,baseline_plus_md,3,0.5964236854411364,1
295,783,LNP854,0,2091,baseline_plus_md,4,0.9750937106726805,1
366,911,LNP854,1,2091,baseline_plus_md,4,0.6955294524778236,1
272,636,LNP858,0,2091,baseline_plus_md,5,0.48198615199795497,0
288,687,LNP858,0,2091,baseline_plus_md,5,0.5242129654321984,1
293,781,LNP858,1,2091,baseline_plus_md,5,0.46729121152176417,0
367,922,LNP858,0,2091,baseline_plus_md,5,0.46987395863576126,0
368,923,LNP858,0,2091,baseline_plus_md,5,0.46987395863576126,0
369,931,LNP858,0,2091,baseline_plus_md,5,0.5107930520122848,1
130,193,LNP193,1,2092,baseline,0,0.6172032618016412,1
131,194,LNP194,1,2092,baseline,1,0.5674597560309649,1
132,195,LNP195,0,2092,baseline,2,0.9323912691679233,1
294,782,LNP782,1,2092,baseline,3,0.4640203048163699,0
357,875,LNP782,1,2092,baseline,3,0.4971843500374395,0
295,783,LNP854,0,2092,baseline,4,0.9735587110780402,1
366,911,LNP854,1,2092,baseline,4,0.5065135795065264,1
272,636,LNP858,0,2092,baseline,5,0.4678135430213496,0
288,687,LNP858,0,2092,baseline,5,0.5144289374308615,1
293,781,LNP858,1,2092,baseline,5,0.4454921144499202,0
367,922,LNP858,0,2092,baseline,5,0.4480489326317388,0
368,923,LNP858,0,2092,baseline,5,0.4480489326317388,0
369,931,LNP858,0,2092,baseline,5,0.4933295507064742,0
130,193,LNP193,1,2092,baseline_plus_md,0,0.7011232555365021,1
131,194,LNP194,1,2092,baseline_plus_md,1,0.5652195294155742,1
132,195,LNP195,0,2092,baseline_plus_md,2,0.7586985462454209,1
294,782,LNP782,1,2092,baseline_plus_md,3,0.5529694351823745,1
357,875,LNP782,1,2092,baseline_plus_md,3,0.5682713717767031,1
295,783,LNP854,0,2092,baseline_plus_md,4,0.9723907405888645,1
366,911,LNP854,1,2092,baseline_plus_md,4,0.6769819159476014,1
272,636,LNP858,0,2092,baseline_plus_md,5,0.4827019634128007,0
288,687,LNP858,0,2092,baseline_plus_md,5,0.5150163303324304,1
293,781,LNP858,1,2092,baseline_plus_md,5,0.4685526578572449,0
367,922,LNP858,0,2092,baseline_plus_md,5,0.47098839919923613,0
368,923,LNP858,0,2092,baseline_plus_md,5,0.47098839919923613,0
369,931,LNP858,0,2092,baseline_plus_md,5,0.502364815180915,1
130,193,LNP193,1,2093,baseline,0,0.612263345033202,1
131,194,LNP194,1,2093,baseline,1,0.5740864523542749,1
132,195,LNP195,0,2093,baseline,2,0.9270855273199022,1
294,782,LNP782,1,2093,baseline,3,0.4743287201891907,0
357,875,LNP782,1,2093,baseline,3,0.5081781047757189,1
295,783,LNP854,0,2093,baseline,4,0.9822548716945078,1
366,911,LNP854,1,2093,baseline,4,0.5066008752762634,1
272,636,LNP858,0,2093,baseline,5,0.4549478120274217,0
288,687,LNP858,0,2093,baseline,5,0.5017336446588424,1
293,781,LNP858,1,2093,baseline,5,0.43922360567821483,0
367,922,LNP858,0,2093,baseline,5,0.44086501981962917,0
368,923,LNP858,0,2093,baseline,5,0.44086501981962917,0
369,931,LNP858,0,2093,baseline,5,0.4875561554813529,0
130,193,LNP193,1,2093,baseline_plus_md,0,0.6929429089533548,1
131,194,LNP194,1,2093,baseline_plus_md,1,0.6023402112346783,1
132,195,LNP195,0,2093,baseline_plus_md,2,0.7755945703601951,1
294,782,LNP782,1,2093,baseline_plus_md,3,0.567160798766536,1
357,875,LNP782,1,2093,baseline_plus_md,3,0.5800558880154925,1
295,783,LNP854,0,2093,baseline_plus_md,4,0.9814918527324983,1
366,911,LNP854,1,2093,baseline_plus_md,4,0.6883250223989714,1
272,636,LNP858,0,2093,baseline_plus_md,5,0.4836665044939247,0
288,687,LNP858,0,2093,baseline_plus_md,5,0.5308489872588374,1
293,781,LNP858,1,2093,baseline_plus_md,5,0.46625579020821006,0
367,922,LNP858,0,2093,baseline_plus_md,5,0.47334363292105286,0
368,923,LNP858,0,2093,baseline_plus_md,5,0.47334363292105286,0
369,931,LNP858,0,2093,baseline_plus_md,5,0.5195656178504678,1
130,193,LNP193,1,2094,baseline,0,0.6150248181181431,1
131,194,LNP194,1,2094,baseline,1,0.578756307426082,1
132,195,LNP195,0,2094,baseline,2,0.9265803055196438,1
294,782,LNP782,1,2094,baseline,3,0.4662884096146381,0
357,875,LNP782,1,2094,baseline,3,0.49938280986081773,0
295,783,LNP854,0,2094,baseline,4,0.9859079712134168,1
366,911,LNP854,1,2094,baseline,4,0.49669332371334696,0
272,636,LNP858,0,2094,baseline,5,0.46550934750104134,0
288,687,LNP858,0,2094,baseline,5,0.5138807473430295,1
293,781,LNP858,1,2094,baseline,5,0.4370371252788184,0
367,922,LNP858,0,2094,baseline,5,0.44562298386467725,0
368,923,LNP858,0,2094,baseline,5,0.44562298386467725,0
369,931,LNP858,0,2094,baseline,5,0.49194712540940705,0
130,193,LNP193,1,2094,baseline_plus_md,0,0.7069300478256278,1
131,194,LNP194,1,2094,baseline_plus_md,1,0.5626593461750056,1
132,195,LNP195,0,2094,baseline_plus_md,2,0.7475329861111116,1
294,782,LNP782,1,2094,baseline_plus_md,3,0.5655427419863598,1
357,875,LNP782,1,2094,baseline_plus_md,3,0.5813390671204727,1
295,783,LNP854,0,2094,baseline_plus_md,4,0.9654917904861913,1
366,911,LNP854,1,2094,baseline_plus_md,4,0.6735013916783165,1
272,636,LNP858,0,2094,baseline_plus_md,5,0.4570037141557562,0
288,687,LNP858,0,2094,baseline_plus_md,5,0.49058284142683406,0
293,781,LNP858,1,2094,baseline_plus_md,5,0.4410314919335335,0
367,922,LNP858,0,2094,baseline_plus_md,5,0.44620825961030147,0
368,923,LNP858,0,2094,baseline_plus_md,5,0.44620825961030147,0
369,931,LNP858,0,2094,baseline_plus_md,5,0.4797873868813794,0
130,193,LNP193,1,2095,baseline,0,0.6172786410849302,1
131,194,LNP194,1,2095,baseline,1,0.5733244487583676,1
132,195,LNP195,0,2095,baseline,2,0.9286771888242475,1
294,782,LNP782,1,2095,baseline,3,0.46869141798247826,0
357,875,LNP782,1,2095,baseline,3,0.5037913424370449,1
295,783,LNP854,0,2095,baseline,4,0.975683517083197,1
366,911,LNP854,1,2095,baseline,4,0.4429408181271562,0
272,636,LNP858,0,2095,baseline,5,0.45858762756141824,0
288,687,LNP858,0,2095,baseline,5,0.5049914484137686,1
293,781,LNP858,1,2095,baseline,5,0.44013524660903686,0
367,922,LNP858,0,2095,baseline,5,0.442395347619138,0
368,923,LNP858,0,2095,baseline,5,0.442395347619138,0
369,931,LNP858,0,2095,baseline,5,0.48853311508043495,0
130,193,LNP193,1,2095,baseline_plus_md,0,0.6990328038911925,1
131,194,LNP194,1,2095,baseline_plus_md,1,0.5784933097227288,1
132,195,LNP195,0,2095,baseline_plus_md,2,0.7469516369047621,1
294,782,LNP782,1,2095,baseline_plus_md,3,0.5690560710444273,1
357,875,LNP782,1,2095,baseline_plus_md,3,0.5863303731411323,1
295,783,LNP854,0,2095,baseline_plus_md,4,0.9706401625704869,1
366,911,LNP854,1,2095,baseline_plus_md,4,0.6741988064317543,1
272,636,LNP858,0,2095,baseline_plus_md,5,0.47283036617217183,0
288,687,LNP858,0,2095,baseline_plus_md,5,0.5169249850036328,1
293,781,LNP858,1,2095,baseline_plus_md,5,0.46201687410867964,0
367,922,LNP858,0,2095,baseline_plus_md,5,0.4634688943107,0
368,923,LNP858,0,2095,baseline_plus_md,5,0.4634688943107,0
369,931,LNP858,0,2095,baseline_plus_md,5,0.505236673315321,1
130,193,LNP193,1,2096,baseline,0,0.6208473062993478,1
131,194,LNP194,1,2096,baseline,1,0.5738494236680318,1
132,195,LNP195,0,2096,baseline,2,0.9223831946240033,1
294,782,LNP782,1,2096,baseline,3,0.47739175153830316,0
357,875,LNP782,1,2096,baseline,3,0.5205916894137359,1
295,783,LNP854,0,2096,baseline,4,0.9768392474677761,1
366,911,LNP854,1,2096,baseline,4,0.47420421893482045,0
272,636,LNP858,0,2096,baseline,5,0.4538047072989581,0
288,687,LNP858,0,2096,baseline,5,0.501850595234552,1
293,781,LNP858,1,2096,baseline,5,0.4321777231719732,0
367,922,LNP858,0,2096,baseline,5,0.4384214100406606,0
368,923,LNP858,0,2096,baseline,5,0.4384214100406606,0
369,931,LNP858,0,2096,baseline,5,0.48689568902964553,0
130,193,LNP193,1,2096,baseline_plus_md,0,0.7069279062535279,1
131,194,LNP194,1,2096,baseline_plus_md,1,0.6013613080184134,1
132,195,LNP195,0,2096,baseline_plus_md,2,0.7794864354395605,1
294,782,LNP782,1,2096,baseline_plus_md,3,0.5554857984509074,1
357,875,LNP782,1,2096,baseline_plus_md,3,0.5789275916127368,1
295,783,LNP854,0,2096,baseline_plus_md,4,0.974669103526822,1
366,911,LNP854,1,2096,baseline_plus_md,4,0.6420470421302169,1
272,636,LNP858,0,2096,baseline_plus_md,5,0.4636735190054142,0
288,687,LNP858,0,2096,baseline_plus_md,5,0.4996978217150885,0
293,781,LNP858,1,2096,baseline_plus_md,5,0.4504294713863663,0
367,922,LNP858,0,2096,baseline_plus_md,5,0.44961507744697243,0
368,923,LNP858,0,2096,baseline_plus_md,5,0.44961507744697243,0
369,931,LNP858,0,2096,baseline_plus_md,5,0.4833350872273537,0
130,193,LNP193,1,2097,baseline,0,0.615701168212224,1
131,194,LNP194,1,2097,baseline,1,0.5750762688997189,1
132,195,LNP195,0,2097,baseline,2,0.9378064500429053,1
294,782,LNP782,1,2097,baseline,3,0.4677602247260164,0
357,875,LNP782,1,2097,baseline,3,0.5044164701907448,1
295,783,LNP854,0,2097,baseline,4,0.9862259686472588,1
366,911,LNP854,1,2097,baseline,4,0.49031855847366473,0
272,636,LNP858,0,2097,baseline,5,0.45922637766468244,0
288,687,LNP858,0,2097,baseline,5,0.5062685511774445,1
293,781,LNP858,1,2097,baseline,5,0.43903788560118956,0
367,922,LNP858,0,2097,baseline,5,0.44265801547131983,0
368,923,LNP858,0,2097,baseline,5,0.44265801547131983,0
369,931,LNP858,0,2097,baseline,5,0.48965509518898803,0
130,193,LNP193,1,2097,baseline_plus_md,0,0.7010614054643449,1
131,194,LNP194,1,2097,baseline_plus_md,1,0.5831336488169555,1
132,195,LNP195,0,2097,baseline_plus_md,2,0.7773498550061045,1
294,782,LNP782,1,2097,baseline_plus_md,3,0.5663918176063247,1
357,875,LNP782,1,2097,baseline_plus_md,3,0.5819095804164985,1
295,783,LNP854,0,2097,baseline_plus_md,4,0.9708060228526881,1
366,911,LNP854,1,2097,baseline_plus_md,4,0.6684445085727598,1
272,636,LNP858,0,2097,baseline_plus_md,5,0.4794363253247817,0
288,687,LNP858,0,2097,baseline_plus_md,5,0.5220812642352005,1
293,781,LNP858,1,2097,baseline_plus_md,5,0.461355968181924,0
367,922,LNP858,0,2097,baseline_plus_md,5,0.46676857640703234,0
368,923,LNP858,0,2097,baseline_plus_md,5,0.46676857640703234,0
369,931,LNP858,0,2097,baseline_plus_md,5,0.5096930968470329,1
130,193,LNP193,1,2098,baseline,0,0.6179331805999823,1
131,194,LNP194,1,2098,baseline,1,0.5624877712276929,1
132,195,LNP195,0,2098,baseline,2,0.9155300581771171,1
294,782,LNP782,1,2098,baseline,3,0.47322880623024643,0
357,875,LNP782,1,2098,baseline,3,0.5023534546507261,1
295,783,LNP854,0,2098,baseline,4,0.9753360202712841,1
366,911,LNP854,1,2098,baseline,4,0.5156551530754796,1
272,636,LNP858,0,2098,baseline,5,0.45749133964927347,0
288,687,LNP858,0,2098,baseline,5,0.5087767168537682,1
293,781,LNP858,1,2098,baseline,5,0.4386421333000665,0
367,922,LNP858,0,2098,baseline,5,0.43994534397827745,0
368,923,LNP858,0,2098,baseline,5,0.43994534397827745,0
369,931,LNP858,0,2098,baseline,5,0.48925110357815454,0
130,193,LNP193,1,2098,baseline_plus_md,0,0.6970894128754572,1
131,194,LNP194,1,2098,baseline_plus_md,1,0.5706098231481109,1
132,195,LNP195,0,2098,baseline_plus_md,2,0.7622805822649572,1
294,782,LNP782,1,2098,baseline_plus_md,3,0.5708876029113381,1
357,875,LNP782,1,2098,baseline_plus_md,3,0.5995822014767771,1
295,783,LNP854,0,2098,baseline_plus_md,4,0.9678502464537339,1
366,911,LNP854,1,2098,baseline_plus_md,4,0.6530406549360247,1
272,636,LNP858,0,2098,baseline_plus_md,5,0.47925285887293256,0
288,687,LNP858,0,2098,baseline_plus_md,5,0.5171572768663597,1
293,781,LNP858,1,2098,baseline_plus_md,5,0.46665365252372565,0
367,922,LNP858,0,2098,baseline_plus_md,5,0.4666825125525859,0
368,923,LNP858,0,2098,baseline_plus_md,5,0.4666825125525859,0
369,931,LNP858,0,2098,baseline_plus_md,5,0.5040999175590001,1
130,193,LNP193,1,2099,baseline,0,0.6100101923712711,1
131,194,LNP194,1,2099,baseline,1,0.5712077111812007,1
132,195,LNP195,0,2099,baseline,2,0.9385494696275944,1
294,782,LNP782,1,2099,baseline,3,0.4703518636659541,0
357,875,LNP782,1,2099,baseline,3,0.49920228574921466,0
295,783,LNP854,0,2099,baseline,4,0.9836831495628899,1
366,911,LNP854,1,2099,baseline,4,0.4865553121178901,0
272,636,LNP858,0,2099,baseline,5,0.4609857920567697,0
288,687,LNP858,0,2099,baseline,5,0.5110139909820275,1
293,781,LNP858,1,2099,baseline,5,0.44382309364407063,0
367,922,LNP858,0,2099,baseline,5,0.44617157849255584,0
368,923,LNP858,0,2099,baseline,5,0.44617157849255584,0
369,931,LNP858,0,2099,baseline,5,0.49253816125619737,0
130,193,LNP193,1,2099,baseline_plus_md,0,0.6945203461496605,1
131,194,LNP194,1,2099,baseline_plus_md,1,0.582724183857334,1
132,195,LNP195,0,2099,baseline_plus_md,2,0.7684831349206347,1
294,782,LNP782,1,2099,baseline_plus_md,3,0.5624309673790262,1
357,875,LNP782,1,2099,baseline_plus_md,3,0.5751669327729925,1
295,783,LNP854,0,2099,baseline_plus_md,4,0.9757571617182862,1
366,911,LNP854,1,2099,baseline_plus_md,4,0.6701544723560875,1
272,636,LNP858,0,2099,baseline_plus_md,5,0.49203077220711205,0
288,687,LNP858,0,2099,baseline_plus_md,5,0.5293419109307894,1
293,781,LNP858,1,2099,baseline_plus_md,5,0.4694117245880644,0
367,922,LNP858,0,2099,baseline_plus_md,5,0.4776819266082662,0
368,923,LNP858,0,2099,baseline_plus_md,5,0.4776819266082662,0
369,931,LNP858,0,2099,baseline_plus_md,5,0.5142535270924053,1
130,193,LNP193,1,2100,baseline,0,0.6189862838871972,1
131,194,LNP194,1,2100,baseline,1,0.5763199472034104,1
132,195,LNP195,0,2100,baseline,2,0.9124254807692306,1
294,782,LNP782,1,2100,baseline,3,0.4708884337975057,0
357,875,LNP782,1,2100,baseline,3,0.5024125294849453,1
295,783,LNP854,0,2100,baseline,4,0.983251303919506,1
366,911,LNP854,1,2100,baseline,4,0.47823484973680763,0
272,636,LNP858,0,2100,baseline,5,0.4578196194612493,0
288,687,LNP858,0,2100,baseline,5,0.5207724958332431,1
293,781,LNP858,1,2100,baseline,5,0.44060731787394725,0
367,922,LNP858,0,2100,baseline,5,0.4416805501971796,0
368,923,LNP858,0,2100,baseline,5,0.4416805501971796,0
369,931,LNP858,0,2100,baseline,5,0.5016707642315112,1
130,193,LNP193,1,2100,baseline_plus_md,0,0.7101916516517067,1
131,194,LNP194,1,2100,baseline_plus_md,1,0.5795512986850762,1
132,195,LNP195,0,2100,baseline_plus_md,2,0.7732739621489623,1
294,782,LNP782,1,2100,baseline_plus_md,3,0.5707872916281616,1
357,875,LNP782,1,2100,baseline_plus_md,3,0.5943872662896975,1
295,783,LNP854,0,2100,baseline_plus_md,4,0.9680669226303951,1
366,911,LNP854,1,2100,baseline_plus_md,4,0.6550313091683481,1
272,636,LNP858,0,2100,baseline_plus_md,5,0.47854986215120826,0
288,687,LNP858,0,2100,baseline_plus_md,5,0.5114437044200506,1
293,781,LNP858,1,2100,baseline_plus_md,5,0.47016692564327145,0
367,922,LNP858,0,2100,baseline_plus_md,5,0.4667866947630405,0
368,923,LNP858,0,2100,baseline_plus_md,5,0.4667866947630405,0
369,931,LNP858,0,2100,baseline_plus_md,5,0.49913490211124795,0
130,193,LNP193,1,2101,baseline,0,0.6151077219753794,1
131,194,LNP194,1,2101,baseline,1,0.5713532684394844,1
132,195,LNP195,0,2101,baseline,2,0.9341203887003519,1
294,782,LNP782,1,2101,baseline,3,0.47474518621737866,0
357,875,LNP782,1,2101,baseline,3,0.5016103397912864,1
295,783,LNP854,0,2101,baseline,4,0.9787454785184884,1
366,911,LNP854,1,2101,baseline,4,0.4937299567320946,0
272,636,LNP858,0,2101,baseline,5,0.4569014217879363,0
288,687,LNP858,0,2101,baseline,5,0.5094064331164772,1
293,781,LNP858,1,2101,baseline,5,0.4389946757561896,0
367,922,LNP858,0,2101,baseline,5,0.43804139292790695,0
368,923,LNP858,0,2101,baseline,5,0.43804139292790695,0
369,931,LNP858,0,2101,baseline,5,0.48997822243826583,0
130,193,LNP193,1,2101,baseline_plus_md,0,0.7092565017722304,1
131,194,LNP194,1,2101,baseline_plus_md,1,0.5750552662663503,1
132,195,LNP195,0,2101,baseline_plus_md,2,0.7638134920634926,1
294,782,LNP782,1,2101,baseline_plus_md,3,0.5682576781619003,1
357,875,LNP782,1,2101,baseline_plus_md,3,0.5813014845903863,1
295,783,LNP854,0,2101,baseline_plus_md,4,0.9692095531708622,1
366,911,LNP854,1,2101,baseline_plus_md,4,0.6629862700299012,1
272,636,LNP858,0,2101,baseline_plus_md,5,0.48484373412703646,0
288,687,LNP858,0,2101,baseline_plus_md,5,0.5231361486268811,1
293,781,LNP858,1,2101,baseline_plus_md,5,0.47566714682544886,0
367,922,LNP858,0,2101,baseline_plus_md,5,0.47521350324680534,0
368,923,LNP858,0,2101,baseline_plus_md,5,0.47521350324680534,0
369,931,LNP858,0,2101,baseline_plus_md,5,0.5111790779198102,1
130,193,LNP193,1,2102,baseline,0,0.6188719264024192,1
131,194,LNP194,1,2102,baseline,1,0.5697246793240345,1
132,195,LNP195,0,2102,baseline,2,0.9321217567155067,1
294,782,LNP782,1,2102,baseline,3,0.4667194022571968,0
357,875,LNP782,1,2102,baseline,3,0.5072801138096302,1
295,783,LNP854,0,2102,baseline,4,0.9814546162126273,1
366,911,LNP854,1,2102,baseline,4,0.48332563911182436,0
272,636,LNP858,0,2102,baseline,5,0.46168852424927176,0
288,687,LNP858,0,2102,baseline,5,0.4999463040511693,0
293,781,LNP858,1,2102,baseline,5,0.44085519091593767,0
367,922,LNP858,0,2102,baseline,5,0.4444527738885208,0
368,923,LNP858,0,2102,baseline,5,0.4444527738885208,0
369,931,LNP858,0,2102,baseline,5,0.48291798514784995,0
130,193,LNP193,1,2102,baseline_plus_md,0,0.7000538006521824,1
131,194,LNP194,1,2102,baseline_plus_md,1,0.5652244092872164,1
132,195,LNP195,0,2102,baseline_plus_md,2,0.7810141941391943,1
294,782,LNP782,1,2102,baseline_plus_md,3,0.5774052918918184,1
357,875,LNP782,1,2102,baseline_plus_md,3,0.5869900840626281,1
295,783,LNP854,0,2102,baseline_plus_md,4,0.9721802704464944,1
366,911,LNP854,1,2102,baseline_plus_md,4,0.6450824008964591,1
272,636,LNP858,0,2102,baseline_plus_md,5,0.47419449196903196,0
288,687,LNP858,0,2102,baseline_plus_md,5,0.5086788229974805,1
293,781,LNP858,1,2102,baseline_plus_md,5,0.4563745514928412,0
367,922,LNP858,0,2102,baseline_plus_md,5,0.463472991247531,0
368,923,LNP858,0,2102,baseline_plus_md,5,0.463472991247531,0
369,931,LNP858,0,2102,baseline_plus_md,5,0.49587398894264617,0
130,193,LNP193,1,2103,baseline,0,0.6112985691065874,1
131,194,LNP194,1,2103,baseline,1,0.5806565337199029,1
132,195,LNP195,0,2103,baseline,2,0.9375923954517702,1
294,782,LNP782,1,2103,baseline,3,0.4745180745475357,0
357,875,LNP782,1,2103,baseline,3,0.5069192758599828,1
295,783,LNP854,0,2103,baseline,4,0.9802560384909199,1
366,911,LNP854,1,2103,baseline,4,0.49213458126573495,0
272,636,LNP858,0,2103,baseline,5,0.4668427908053922,0
288,687,LNP858,0,2103,baseline,5,0.5111286928118826,1
293,781,LNP858,1,2103,baseline,5,0.4423884257260264,0
367,922,LNP858,0,2103,baseline,5,0.4477978773854783,0
368,923,LNP858,0,2103,baseline,5,0.4477978773854783,0
369,931,LNP858,0,2103,baseline,5,0.49278724259543194,0
130,193,LNP193,1,2103,baseline_plus_md,0,0.6962353615813258,1
131,194,LNP194,1,2103,baseline_plus_md,1,0.5830551561869821,1
132,195,LNP195,0,2103,baseline_plus_md,2,0.772712209665335,1
294,782,LNP782,1,2103,baseline_plus_md,3,0.5741329998267719,1
357,875,LNP782,1,2103,baseline_plus_md,3,0.5926086677660289,1
295,783,LNP854,0,2103,baseline_plus_md,4,0.9772862457346398,1
366,911,LNP854,1,2103,baseline_plus_md,4,0.655942654513174,1
272,636,LNP858,0,2103,baseline_plus_md,5,0.46444625265767775,0
288,687,LNP858,0,2103,baseline_plus_md,5,0.502879308679743,1
293,781,LNP858,1,2103,baseline_plus_md,5,0.45371956614974096,0
367,922,LNP858,0,2103,baseline_plus_md,5,0.45213113721756215,0
368,923,LNP858,0,2103,baseline_plus_md,5,0.45213113721756215,0
369,931,LNP858,0,2103,baseline_plus_md,5,0.4898246550000892,0
130,193,LNP193,1,2104,baseline,0,0.6176655761425113,1
131,194,LNP194,1,2104,baseline,1,0.5655022426639967,1
132,195,LNP195,0,2104,baseline,2,0.9381286282141061,1
294,782,LNP782,1,2104,baseline,3,0.4671891585897788,0
357,875,LNP782,1,2104,baseline,3,0.499964916451204,0
295,783,LNP854,0,2104,baseline,4,0.9760592308533377,1
366,911,LNP854,1,2104,baseline,4,0.47806795342989017,0
272,636,LNP858,0,2104,baseline,5,0.46412465926373137,0
288,687,LNP858,0,2104,baseline,5,0.5090780718642032,1
293,781,LNP858,1,2104,baseline,5,0.442051246565318,0
367,922,LNP858,0,2104,baseline,5,0.4474255250645969,0
368,923,LNP858,0,2104,baseline,5,0.4474255250645969,0
369,931,LNP858,0,2104,baseline,5,0.48943882222495316,0
130,193,LNP193,1,2104,baseline_plus_md,0,0.6873019996161344,1
131,194,LNP194,1,2104,baseline_plus_md,1,0.5688507552746891,1
132,195,LNP195,0,2104,baseline_plus_md,2,0.7414755227411479,1
294,782,LNP782,1,2104,baseline_plus_md,3,0.5629792753230055,1
357,875,LNP782,1,2104,baseline_plus_md,3,0.5723224140388286,1
295,783,LNP854,0,2104,baseline_plus_md,4,0.9745550826771131,1
366,911,LNP854,1,2104,baseline_plus_md,4,0.6971922221896472,1
272,636,LNP858,0,2104,baseline_plus_md,5,0.49061166419542745,0
288,687,LNP858,0,2104,baseline_plus_md,5,0.5246801284109505,1
293,781,LNP858,1,2104,baseline_plus_md,5,0.47870690229066504,0
367,922,LNP858,0,2104,baseline_plus_md,5,0.4768328041665671,0
368,923,LNP858,0,2104,baseline_plus_md,5,0.4768328041665671,0
369,931,LNP858,0,2104,baseline_plus_md,5,0.5116768816577034,1
130,193,LNP193,1,2105,baseline,0,0.6124480290038147,1
131,194,LNP194,1,2105,baseline,1,0.5674136942366205,1
132,195,LNP195,0,2105,baseline,2,0.9237046086062628,1
294,782,LNP782,1,2105,baseline,3,0.47313201045941833,0
357,875,LNP782,1,2105,baseline,3,0.5088268185274977,1
295,783,LNP854,0,2105,baseline,4,0.9805065922299613,1
366,911,LNP854,1,2105,baseline,4,0.5085588253639574,1
272,636,LNP858,0,2105,baseline,5,0.45546220847212465,0
288,687,LNP858,0,2105,baseline,5,0.5079760957286593,1
293,781,LNP858,1,2105,baseline,5,0.4367618116467275,0
367,922,LNP858,0,2105,baseline,5,0.4424815086164246,0
368,923,LNP858,0,2105,baseline,5,0.4424815086164246,0
369,931,LNP858,0,2105,baseline,5,0.49485560510816834,0
130,193,LNP193,1,2105,baseline_plus_md,0,0.6882000399999312,1
131,194,LNP194,1,2105,baseline_plus_md,1,0.575072980551778,1
132,195,LNP195,0,2105,baseline_plus_md,2,0.7735507007290094,1
294,782,LNP782,1,2105,baseline_plus_md,3,0.5726663930666902,1
357,875,LNP782,1,2105,baseline_plus_md,3,0.5942645071062048,1
295,783,LNP854,0,2105,baseline_plus_md,4,0.9708385810779909,1
366,911,LNP854,1,2105,baseline_plus_md,4,0.6556122230366946,1
272,636,LNP858,0,2105,baseline_plus_md,5,0.4685591768632086,0
288,687,LNP858,0,2105,baseline_plus_md,5,0.5150557848304048,1
293,781,LNP858,1,2105,baseline_plus_md,5,0.45858893876797013,0
367,922,LNP858,0,2105,baseline_plus_md,5,0.46135318840721984,0
368,923,LNP858,0,2105,baseline_plus_md,5,0.46135318840721984,0
369,931,LNP858,0,2105,baseline_plus_md,5,0.5060911383657581,1
130,193,LNP193,1,2106,baseline,0,0.6095929640646911,1
131,194,LNP194,1,2106,baseline,1,0.5686847305211398,1
132,195,LNP195,0,2106,baseline,2,0.9330008012820514,1
294,782,LNP782,1,2106,baseline,3,0.4753430203222073,0
357,875,LNP782,1,2106,baseline,3,0.506169196047379,1
295,783,LNP854,0,2106,baseline,4,0.9788718481626054,1
366,911,LNP854,1,2106,baseline,4,0.48447972956673746,0
272,636,LNP858,0,2106,baseline,5,0.4602387322112439,0
288,687,LNP858,0,2106,baseline,5,0.5078264182180476,1
293,781,LNP858,1,2106,baseline,5,0.43722285919537024,0
367,922,LNP858,0,2106,baseline,5,0.44236896309147444,0
368,923,LNP858,0,2106,baseline,5,0.44236896309147444,0
369,931,LNP858,0,2106,baseline,5,0.4887255884922176,0
130,193,LNP193,1,2106,baseline_plus_md,0,0.6949351085487884,1
131,194,LNP194,1,2106,baseline_plus_md,1,0.5766792221118141,1
132,195,LNP195,0,2106,baseline_plus_md,2,0.7744790712759463,1
294,782,LNP782,1,2106,baseline_plus_md,3,0.5808277985007637,1
357,875,LNP782,1,2106,baseline_plus_md,3,0.6022668224597703,1
295,783,LNP854,0,2106,baseline_plus_md,4,0.9690112942647753,1
366,911,LNP854,1,2106,baseline_plus_md,4,0.6500765821259007,1
272,636,LNP858,0,2106,baseline_plus_md,5,0.472701282315656,0
288,687,LNP858,0,2106,baseline_plus_md,5,0.5140581688931305,1
293,781,LNP858,1,2106,baseline_plus_md,5,0.4662404688235923,0
367,922,LNP858,0,2106,baseline_plus_md,5,0.46277162863600213,0
368,923,LNP858,0,2106,baseline_plus_md,5,0.46277162863600213,0
369,931,LNP858,0,2106,baseline_plus_md,5,0.5033889769739384,1
130,193,LNP193,1,2107,baseline,0,0.6131723929811751,1
131,194,LNP194,1,2107,baseline,1,0.5688826926736856,1
132,195,LNP195,0,2107,baseline,2,0.9163035478614522,1
294,782,LNP782,1,2107,baseline,3,0.46980051067023676,0
357,875,LNP782,1,2107,baseline,3,0.5060101449856046,1
295,783,LNP854,0,2107,baseline,4,0.9858308021907525,1
366,911,LNP854,1,2107,baseline,4,0.49328579348659857,0
272,636,LNP858,0,2107,baseline,5,0.45852265328448766,0
288,687,LNP858,0,2107,baseline,5,0.5136267811827335,1
293,781,LNP858,1,2107,baseline,5,0.44111193899877277,0
367,922,LNP858,0,2107,baseline,5,0.442929218941053,0
368,923,LNP858,0,2107,baseline,5,0.442929218941053,0
369,931,LNP858,0,2107,baseline,5,0.4954630005189524,0
130,193,LNP193,1,2107,baseline_plus_md,0,0.7000285026833644,1
131,194,LNP194,1,2107,baseline_plus_md,1,0.5562269689335202,1
132,195,LNP195,0,2107,baseline_plus_md,2,0.7750232181013428,1
294,782,LNP782,1,2107,baseline_plus_md,3,0.5701252147426604,1
357,875,LNP782,1,2107,baseline_plus_md,3,0.5845569478805946,1
295,783,LNP854,0,2107,baseline_plus_md,4,0.9726552210731769,1
366,911,LNP854,1,2107,baseline_plus_md,4,0.6712454426955639,1
272,636,LNP858,0,2107,baseline_plus_md,5,0.49025273127425983,0
288,687,LNP858,0,2107,baseline_plus_md,5,0.5261387877272665,1
293,781,LNP858,1,2107,baseline_plus_md,5,0.47605382254410067,0
367,922,LNP858,0,2107,baseline_plus_md,5,0.4793400328615612,0
368,923,LNP858,0,2107,baseline_plus_md,5,0.4793400328615612,0
369,931,LNP858,0,2107,baseline_plus_md,5,0.5150051297186082,1
130,193,LNP193,1,2108,baseline,0,0.6157854201931886,1
131,194,LNP194,1,2108,baseline,1,0.5872882539094939,1
132,195,LNP195,0,2108,baseline,2,0.9244525863229904,1
294,782,LNP782,1,2108,baseline,3,0.46532815374350145,0
357,875,LNP782,1,2108,baseline,3,0.5000775738142357,1
295,783,LNP854,0,2108,baseline,4,0.9766730204888464,1
366,911,LNP854,1,2108,baseline,4,0.49126149277908987,0
272,636,LNP858,0,2108,baseline,5,0.4583038719947343,0
288,687,LNP858,0,2108,baseline,5,0.5125533194427114,1
293,781,LNP858,1,2108,baseline,5,0.44357172913759063,0
367,922,LNP858,0,2108,baseline,5,0.44078042322128524,0
368,923,LNP858,0,2108,baseline,5,0.44078042322128524,0
369,931,LNP858,0,2108,baseline,5,0.49248207124646276,0
130,193,LNP193,1,2108,baseline_plus_md,0,0.7030692895107558,1
131,194,LNP194,1,2108,baseline_plus_md,1,0.587143477065848,1
132,195,LNP195,0,2108,baseline_plus_md,2,0.7567460317460319,1
294,782,LNP782,1,2108,baseline_plus_md,3,0.5639992801485593,1
357,875,LNP782,1,2108,baseline_plus_md,3,0.5792967648206997,1
295,783,LNP854,0,2108,baseline_plus_md,4,0.9667052681145187,1
366,911,LNP854,1,2108,baseline_plus_md,4,0.6525720772543201,1
272,636,LNP858,0,2108,baseline_plus_md,5,0.4692190179190694,0
288,687,LNP858,0,2108,baseline_plus_md,5,0.5031586689543086,1
293,781,LNP858,1,2108,baseline_plus_md,5,0.45779788696668805,0
367,922,LNP858,0,2108,baseline_plus_md,5,0.4621167451917964,0
368,923,LNP858,0,2108,baseline_plus_md,5,0.4621167451917964,0
369,931,LNP858,0,2108,baseline_plus_md,5,0.49407677862241817,0
130,193,LNP193,1,2109,baseline,0,0.6236168182519592,1
131,194,LNP194,1,2109,baseline,1,0.5746262676527781,1
132,195,LNP195,0,2109,baseline,2,0.9111238463334049,1
294,782,LNP782,1,2109,baseline,3,0.4631679528429869,0
357,875,LNP782,1,2109,baseline,3,0.497629092341132,0
295,783,LNP854,0,2109,baseline,4,0.9748332457064537,1
366,911,LNP854,1,2109,baseline,4,0.49743340775630285,0
272,636,LNP858,0,2109,baseline,5,0.4553199427384271,0
288,687,LNP858,0,2109,baseline,5,0.5041013492404216,1
293,781,LNP858,1,2109,baseline,5,0.43582589511937864,0
367,922,LNP858,0,2109,baseline,5,0.4428957003141843,0
368,923,LNP858,0,2109,baseline,5,0.4428957003141843,0
369,931,LNP858,0,2109,baseline,5,0.4917582756473477,0
130,193,LNP193,1,2109,baseline_plus_md,0,0.6900046915325073,1
131,194,LNP194,1,2109,baseline_plus_md,1,0.582641859988838,1
132,195,LNP195,0,2109,baseline_plus_md,2,0.7794551854395604,1
294,782,LNP782,1,2109,baseline_plus_md,3,0.5709038984409784,1
357,875,LNP782,1,2109,baseline_plus_md,3,0.5939414699276834,1
295,783,LNP854,0,2109,baseline_plus_md,4,0.9740631406314963,1
366,911,LNP854,1,2109,baseline_plus_md,4,0.678577403037035,1
272,636,LNP858,0,2109,baseline_plus_md,5,0.4781636195831655,0
288,687,LNP858,0,2109,baseline_plus_md,5,0.5163440483305446,1
293,781,LNP858,1,2109,baseline_plus_md,5,0.45835955212284757,0
367,922,LNP858,0,2109,baseline_plus_md,5,0.4632366715312171,0
368,923,LNP858,0,2109,baseline_plus_md,5,0.4632366715312171,0
369,931,LNP858,0,2109,baseline_plus_md,5,0.5024136731501693,1
130,193,LNP193,1,2110,baseline,0,0.6157059978919194,1
131,194,LNP194,1,2110,baseline,1,0.5713103151977261,1
132,195,LNP195,0,2110,baseline,2,0.9308350312881563,1
294,782,LNP782,1,2110,baseline,3,0.47379555163554743,0
357,875,LNP782,1,2110,baseline,3,0.5086924933551443,1
295,783,LNP854,0,2110,baseline,4,0.9770108165475889,1
366,911,LNP854,1,2110,baseline,4,0.45391772949010006,0
272,636,LNP858,0,2110,baseline,5,0.46003846182235525,0
288,687,LNP858,0,2110,baseline,5,0.4985516847105779,0
293,781,LNP858,1,2110,baseline,5,0.44049481102870375,0
367,922,LNP858,0,2110,baseline,5,0.44213893079782385,0
368,923,LNP858,0,2110,baseline,5,0.44213893079782385,0
369,931,LNP858,0,2110,baseline,5,0.4781043542632472,0
130,193,LNP193,1,2110,baseline_plus_md,0,0.7036660087573242,1
131,194,LNP194,1,2110,baseline_plus_md,1,0.5727810951910031,1
132,195,LNP195,0,2110,baseline_plus_md,2,0.7695644112831614,1
294,782,LNP782,1,2110,baseline_plus_md,3,0.5807374653466467,1
357,875,LNP782,1,2110,baseline_plus_md,3,0.5953736993162555,1
295,783,LNP854,0,2110,baseline_plus_md,4,0.9778388438293524,1
366,911,LNP854,1,2110,baseline_plus_md,4,0.6468231522259547,1
272,636,LNP858,0,2110,baseline_plus_md,5,0.4850437323572201,0
288,687,LNP858,0,2110,baseline_plus_md,5,0.5243399203453584,1
293,781,LNP858,1,2110,baseline_plus_md,5,0.46574809743658485,0
367,922,LNP858,0,2110,baseline_plus_md,5,0.4711368059502934,0
368,923,LNP858,0,2110,baseline_plus_md,5,0.4711368059502934,0
369,931,LNP858,0,2110,baseline_plus_md,5,0.5103428063482441,1
130,193,LNP193,1,2111,baseline,0,0.6171915442203403,1
131,194,LNP194,1,2111,baseline,1,0.5798188676454008,1
132,195,LNP195,0,2111,baseline,2,0.9314289529914529,1
294,782,LNP782,1,2111,baseline,3,0.4678664262461667,0
357,875,LNP782,1,2111,baseline,3,0.5009755970413459,1
295,783,LNP854,0,2111,baseline,4,0.9800733947344442,1
366,911,LNP854,1,2111,baseline,4,0.46352493493747765,0
272,636,LNP858,0,2111,baseline,5,0.46858694871483214,0
288,687,LNP858,0,2111,baseline,5,0.510973953050366,1
293,781,LNP858,1,2111,baseline,5,0.45072980585768896,0
367,922,LNP858,0,2111,baseline,5,0.4514630309659141,0
368,923,LNP858,0,2111,baseline,5,0.4514630309659141,0
369,931,LNP858,0,2111,baseline,5,0.493827488403901,0
130,193,LNP193,1,2111,baseline_plus_md,0,0.7055198118351369,1
131,194,LNP194,1,2111,baseline_plus_md,1,0.5721360112400723,1
132,195,LNP195,0,2111,baseline_plus_md,2,0.8005381944444442,1
294,782,LNP782,1,2111,baseline_plus_md,3,0.5632490110027196,1
357,875,LNP782,1,2111,baseline_plus_md,3,0.5843959993858548,1
295,783,LNP854,0,2111,baseline_plus_md,4,0.9717159284135946,1
366,911,LNP854,1,2111,baseline_plus_md,4,0.6994734559755547,1
272,636,LNP858,0,2111,baseline_plus_md,5,0.4801451924389933,0
288,687,LNP858,0,2111,baseline_plus_md,5,0.5177782170940767,1
293,781,LNP858,1,2111,baseline_plus_md,5,0.46362733529613576,0
367,922,LNP858,0,2111,baseline_plus_md,5,0.4649819529007535,0
368,923,LNP858,0,2111,baseline_plus_md,5,0.4649819529007535,0
369,931,LNP858,0,2111,baseline_plus_md,5,0.5018979862138455,1
130,193,LNP193,1,2112,baseline,0,0.6167858221729966,1
131,194,LNP194,1,2112,baseline,1,0.5729534990347107,1
132,195,LNP195,0,2112,baseline,2,0.9301691277472527,1
294,782,LNP782,1,2112,baseline,3,0.4650887502403878,0
357,875,LNP782,1,2112,baseline,3,0.5079936537946169,1
295,783,LNP854,0,2112,baseline,4,0.9828063423750204,1
366,911,LNP854,1,2112,baseline,4,0.4812897693243105,0
272,636,LNP858,0,2112,baseline,5,0.4586584527649161,0
288,687,LNP858,0,2112,baseline,5,0.4955366072901298,0
293,781,LNP858,1,2112,baseline,5,0.44352948451094754,0
367,922,LNP858,0,2112,baseline,5,0.44518262303908634,0
368,923,LNP858,0,2112,baseline,5,0.44518262303908634,0
369,931,LNP858,0,2112,baseline,5,0.4802029132064354,0
130,193,LNP193,1,2112,baseline_plus_md,0,0.6953867042334554,1
131,194,LNP194,1,2112,baseline_plus_md,1,0.5690707300327622,1
132,195,LNP195,0,2112,baseline_plus_md,2,0.7665874542124542,1
294,782,LNP782,1,2112,baseline_plus_md,3,0.560512457606953,1
357,875,LNP782,1,2112,baseline_plus_md,3,0.5772892545465784,1
295,783,LNP854,0,2112,baseline_plus_md,4,0.9731183266572261,1
366,911,LNP854,1,2112,baseline_plus_md,4,0.6756333641228136,1
272,636,LNP858,0,2112,baseline_plus_md,5,0.48136400593132966,0
288,687,LNP858,0,2112,baseline_plus_md,5,0.5170261196603938,1
293,781,LNP858,1,2112,baseline_plus_md,5,0.47169138688371043,0
367,922,LNP858,0,2112,baseline_plus_md,5,0.4662611920785157,0
368,923,LNP858,0,2112,baseline_plus_md,5,0.4662611920785157,0
369,931,LNP858,0,2112,baseline_plus_md,5,0.5022254342347081,1
130,193,LNP193,1,2113,baseline,0,0.6193875594601663,1
131,194,LNP194,1,2113,baseline,1,0.5641984736734353,1
132,195,LNP195,0,2113,baseline,2,0.9240310693187532,1
294,782,LNP782,1,2113,baseline,3,0.469666825991437,0
357,875,LNP782,1,2113,baseline,3,0.5058581850916299,1
295,783,LNP854,0,2113,baseline,4,0.9782921279311934,1
366,911,LNP854,1,2113,baseline,4,0.4554647452360451,0
272,636,LNP858,0,2113,baseline,5,0.4561453456674102,0
288,687,LNP858,0,2113,baseline,5,0.5011187546114074,1
293,781,LNP858,1,2113,baseline,5,0.4352624091594728,0
367,922,LNP858,0,2113,baseline,5,0.442918433690498,0
368,923,LNP858,0,2113,baseline,5,0.442918433690498,0
369,931,LNP858,0,2113,baseline,5,0.48849609948875206,0
130,193,LNP193,1,2113,baseline_plus_md,0,0.6950165447532448,1
131,194,LNP194,1,2113,baseline_plus_md,1,0.5962230386587153,1
132,195,LNP195,0,2113,baseline_plus_md,2,0.7774837072649574,1
294,782,LNP782,1,2113,baseline_plus_md,3,0.5683986794510256,1
357,875,LNP782,1,2113,baseline_plus_md,3,0.5876111726121398,1
295,783,LNP854,0,2113,baseline_plus_md,4,0.979392061307196,1
366,911,LNP854,1,2113,baseline_plus_md,4,0.6742679544213438,1
272,636,LNP858,0,2113,baseline_plus_md,5,0.48139996146840475,0
288,687,LNP858,0,2113,baseline_plus_md,5,0.5266481794526907,1
293,781,LNP858,1,2113,baseline_plus_md,5,0.4661469852779281,0
367,922,LNP858,0,2113,baseline_plus_md,5,0.4627347378031806,0
368,923,LNP858,0,2113,baseline_plus_md,5,0.4627347378031806,0
369,931,LNP858,0,2113,baseline_plus_md,5,0.506548973103484,1
130,193,LNP193,1,2114,baseline,0,0.611911327617501,1
131,194,LNP194,1,2114,baseline,1,0.5708825518534192,1
132,195,LNP195,0,2114,baseline,2,0.939876994227178,1
294,782,LNP782,1,2114,baseline,3,0.47217685306964896,0
357,875,LNP782,1,2114,baseline,3,0.5088287702183016,1
295,783,LNP854,0,2114,baseline,4,0.9735102741175098,1
366,911,LNP854,1,2114,baseline,4,0.48090938773351516,0
272,636,LNP858,0,2114,baseline,5,0.44838920794324233,0
288,687,LNP858,0,2114,baseline,5,0.5041924120920346,1
293,781,LNP858,1,2114,baseline,5,0.4342523031813368,0
367,922,LNP858,0,2114,baseline,5,0.4338987678278016,0
368,923,LNP858,0,2114,baseline,5,0.4338987678278016,0
369,931,LNP858,0,2114,baseline,5,0.4893096559592781,0
130,193,LNP193,1,2114,baseline_plus_md,0,0.7062582037268443,1
131,194,LNP194,1,2114,baseline_plus_md,1,0.5576001143758192,1
132,195,LNP195,0,2114,baseline_plus_md,2,0.7781372100122098,1
294,782,LNP782,1,2114,baseline_plus_md,3,0.5663150375192059,1
357,875,LNP782,1,2114,baseline_plus_md,3,0.5837106945067222,1
295,783,LNP854,0,2114,baseline_plus_md,4,0.9784055922523855,1
366,911,LNP854,1,2114,baseline_plus_md,4,0.6488591539504719,1
272,636,LNP858,0,2114,baseline_plus_md,5,0.4946767601154584,0
288,687,LNP858,0,2114,baseline_plus_md,5,0.5280924725849635,1
293,781,LNP858,1,2114,baseline_plus_md,5,0.47778687916307694,0
367,922,LNP858,0,2114,baseline_plus_md,5,0.47345471826841634,0
368,923,LNP858,0,2114,baseline_plus_md,5,0.47345471826841634,0
369,931,LNP858,0,2114,baseline_plus_md,5,0.5063247958172863,1
130,193,LNP193,1,2115,baseline,0,0.6167206719779594,1
131,194,LNP194,1,2115,baseline,1,0.5787403042363973,1
132,195,LNP195,0,2115,baseline,2,0.9262034493284493,1
294,782,LNP782,1,2115,baseline,3,0.46910175282475675,0
357,875,LNP782,1,2115,baseline,3,0.5038660331263852,1
295,783,LNP854,0,2115,baseline,4,0.9825054479953949,1
366,911,LNP854,1,2115,baseline,4,0.5024663245881485,1
272,636,LNP858,0,2115,baseline,5,0.45294176429566996,0
288,687,LNP858,0,2115,baseline,5,0.500955311206276,1
293,781,LNP858,1,2115,baseline,5,0.4376143833432882,0
367,922,LNP858,0,2115,baseline,5,0.4408782722321776,0
368,923,LNP858,0,2115,baseline,5,0.4408782722321776,0
369,931,LNP858,0,2115,baseline,5,0.4880891495901141,0
130,193,LNP193,1,2115,baseline_plus_md,0,0.6967670199219033,1
131,194,LNP194,1,2115,baseline_plus_md,1,0.5600248819147453,1
132,195,LNP195,0,2115,baseline_plus_md,2,0.7572814251720503,1
294,782,LNP782,1,2115,baseline_plus_md,3,0.5636448567790646,1
357,875,LNP782,1,2115,baseline_plus_md,3,0.5828750971810343,1
295,783,LNP854,0,2115,baseline_plus_md,4,0.970270743505281,1
366,911,LNP854,1,2115,baseline_plus_md,4,0.6501202450879591,1
272,636,LNP858,0,2115,baseline_plus_md,5,0.4821702686414704,0
288,687,LNP858,0,2115,baseline_plus_md,5,0.514427211260255,1
293,781,LNP858,1,2115,baseline_plus_md,5,0.46901302657797805,0
367,922,LNP858,0,2115,baseline_plus_md,5,0.4715912643124656,0
368,923,LNP858,0,2115,baseline_plus_md,5,0.4715912643124656,0
369,931,LNP858,0,2115,baseline_plus_md,5,0.5034558909139344,1
130,193,LNP193,1,2116,baseline,0,0.6112984360643587,1
131,194,LNP194,1,2116,baseline,1,0.5597844477141456,1
132,195,LNP195,0,2116,baseline,2,0.9294359737484734,1
294,782,LNP782,1,2116,baseline,3,0.46448269936686515,0
357,875,LNP782,1,2116,baseline,3,0.49939388530575185,0
295,783,LNP854,0,2116,baseline,4,0.9866558332556745,1
366,911,LNP854,1,2116,baseline,4,0.484970563247203,0
272,636,LNP858,0,2116,baseline,5,0.4667234933651229,0
288,687,LNP858,0,2116,baseline,5,0.5133427238078828,1
293,781,LNP858,1,2116,baseline,5,0.441475477492106,0
367,922,LNP858,0,2116,baseline,5,0.44520293059455956,0
368,923,LNP858,0,2116,baseline,5,0.44520293059455956,0
369,931,LNP858,0,2116,baseline,5,0.4878178320329906,0
130,193,LNP193,1,2116,baseline_plus_md,0,0.6961629229798629,1
131,194,LNP194,1,2116,baseline_plus_md,1,0.587003125998535,1
132,195,LNP195,0,2116,baseline_plus_md,2,0.7682838064713067,1
294,782,LNP782,1,2116,baseline_plus_md,3,0.5688736195968962,1
357,875,LNP782,1,2116,baseline_plus_md,3,0.5855997799576794,1
295,783,LNP854,0,2116,baseline_plus_md,4,0.9734964319171757,1
366,911,LNP854,1,2116,baseline_plus_md,4,0.6505744816169358,1
272,636,LNP858,0,2116,baseline_plus_md,5,0.4812655446544003,0
288,687,LNP858,0,2116,baseline_plus_md,5,0.5175880927203693,1
293,781,LNP858,1,2116,baseline_plus_md,5,0.4651321121147173,0
367,922,LNP858,0,2116,baseline_plus_md,5,0.4626165547554099,0
368,923,LNP858,0,2116,baseline_plus_md,5,0.4626165547554099,0
369,931,LNP858,0,2116,baseline_plus_md,5,0.4998905818978582,0
130,193,LNP193,1,2117,baseline,0,0.6149424699580096,1
131,194,LNP194,1,2117,baseline,1,0.5749492279998387,1
132,195,LNP195,0,2117,baseline,2,0.9198033761581554,1
294,782,LNP782,1,2117,baseline,3,0.47695320915092543,0
357,875,LNP782,1,2117,baseline,3,0.5144376160336467,1
295,783,LNP854,0,2117,baseline,4,0.9792230423988526,1
366,911,LNP854,1,2117,baseline,4,0.5117264907001104,1
272,636,LNP858,0,2117,baseline,5,0.45818868932999957,0
288,687,LNP858,0,2117,baseline,5,0.5045122595506287,1
293,781,LNP858,1,2117,baseline,5,0.4386450385363478,0
367,922,LNP858,0,2117,baseline,5,0.44046322035453017,0
368,923,LNP858,0,2117,baseline,5,0.44046322035453017,0
369,931,LNP858,0,2117,baseline,5,0.48580374584211455,0
130,193,LNP193,1,2117,baseline_plus_md,0,0.6962055059980833,1
131,194,LNP194,1,2117,baseline_plus_md,1,0.577421378745408,1
132,195,LNP195,0,2117,baseline_plus_md,2,0.7866952648046396,1
294,782,LNP782,1,2117,baseline_plus_md,3,0.5644837038779751,1
357,875,LNP782,1,2117,baseline_plus_md,3,0.581128852174444,1
295,783,LNP854,0,2117,baseline_plus_md,4,0.9689305775389119,1
366,911,LNP854,1,2117,baseline_plus_md,4,0.6365993293963031,1
272,636,LNP858,0,2117,baseline_plus_md,5,0.4801294139834233,0
288,687,LNP858,0,2117,baseline_plus_md,5,0.5162256768966366,1
293,781,LNP858,1,2117,baseline_plus_md,5,0.4665257433485022,0
367,922,LNP858,0,2117,baseline_plus_md,5,0.46879914702815606,0
368,923,LNP858,0,2117,baseline_plus_md,5,0.46879914702815606,0
369,931,LNP858,0,2117,baseline_plus_md,5,0.5038086494796089,1
130,193,LNP193,1,2118,baseline,0,0.6124384680711142,1
131,194,LNP194,1,2118,baseline,1,0.5785365425045831,1
132,195,LNP195,0,2118,baseline,2,0.934747985572434,1
294,782,LNP782,1,2118,baseline,3,0.47236225885285976,0
357,875,LNP782,1,2118,baseline,3,0.5050947880481845,1
295,783,LNP854,0,2118,baseline,4,0.9772207341957956,1
366,911,LNP854,1,2118,baseline,4,0.5027016302973027,1
272,636,LNP858,0,2118,baseline,5,0.4575771191723936,0
288,687,LNP858,0,2118,baseline,5,0.5089804339948261,1
293,781,LNP858,1,2118,baseline,5,0.44041442075969445,0
367,922,LNP858,0,2118,baseline,5,0.4424878334581075,0
368,923,LNP858,0,2118,baseline,5,0.4424878334581075,0
369,931,LNP858,0,2118,baseline,5,0.4918393806037723,0
130,193,LNP193,1,2118,baseline_plus_md,0,0.6977123598479156,1
131,194,LNP194,1,2118,baseline_plus_md,1,0.5761542522698837,1
132,195,LNP195,0,2118,baseline_plus_md,2,0.7792675900488394,1
294,782,LNP782,1,2118,baseline_plus_md,3,0.5666273514244274,1
357,875,LNP782,1,2118,baseline_plus_md,3,0.5791754384466526,1
295,783,LNP854,0,2118,baseline_plus_md,4,0.9718527204919647,1
366,911,LNP854,1,2118,baseline_plus_md,4,0.6705479263545058,1
272,636,LNP858,0,2118,baseline_plus_md,5,0.4679709039796445,0
288,687,LNP858,0,2118,baseline_plus_md,5,0.5076071522343135,1
293,781,LNP858,1,2118,baseline_plus_md,5,0.4578394555669458,0
367,922,LNP858,0,2118,baseline_plus_md,5,0.45553854467228483,0
368,923,LNP858,0,2118,baseline_plus_md,5,0.45553854467228483,0
369,931,LNP858,0,2118,baseline_plus_md,5,0.49456151731367837,0
130,193,LNP193,1,2119,baseline,0,0.620881557580152,1
131,194,LNP194,1,2119,baseline,1,0.5734423697810237,1
132,195,LNP195,0,2119,baseline,2,0.9245517287043021,1
294,782,LNP782,1,2119,baseline,3,0.4686296876804462,0
357,875,LNP782,1,2119,baseline,3,0.5088747120130772,1
295,783,LNP854,0,2119,baseline,4,0.9819625183284457,1
366,911,LNP854,1,2119,baseline,4,0.45115573131994224,0
272,636,LNP858,0,2119,baseline,5,0.46476682453665175,0
288,687,LNP858,0,2119,baseline,5,0.5104120086009536,1
293,781,LNP858,1,2119,baseline,5,0.44313984040966686,0
367,922,LNP858,0,2119,baseline,5,0.44150203377186037,0
368,923,LNP858,0,2119,baseline,5,0.44150203377186037,0
369,931,LNP858,0,2119,baseline,5,0.48879314135708585,0
130,193,LNP193,1,2119,baseline_plus_md,0,0.6934768629792526,1
131,194,LNP194,1,2119,baseline_plus_md,1,0.5830039245661122,1
132,195,LNP195,0,2119,baseline_plus_md,2,0.7771464775012572,1
294,782,LNP782,1,2119,baseline_plus_md,3,0.5645795580797288,1
357,875,LNP782,1,2119,baseline_plus_md,3,0.5806952096719332,1
295,783,LNP854,0,2119,baseline_plus_md,4,0.9772535505518847,1
366,911,LNP854,1,2119,baseline_plus_md,4,0.6357944380338098,1
272,636,LNP858,0,2119,baseline_plus_md,5,0.48323280227423127,0
288,687,LNP858,0,2119,baseline_plus_md,5,0.5281773655798624,1
293,781,LNP858,1,2119,baseline_plus_md,5,0.47063359592502474,0
367,922,LNP858,0,2119,baseline_plus_md,5,0.4715273549437836,0
368,923,LNP858,0,2119,baseline_plus_md,5,0.4715273549437836,0
369,931,LNP858,0,2119,baseline_plus_md,5,0.5167740466765433,1
130,193,LNP193,1,2120,baseline,0,0.6120954545310088,1
131,194,LNP194,1,2120,baseline,1,0.5726388295474287,1
132,195,LNP195,0,2120,baseline,2,0.9240175709706956,1
294,782,LNP782,1,2120,baseline,3,0.4676385200279433,0
357,875,LNP782,1,2120,baseline,3,0.5118410394161163,1
295,783,LNP854,0,2120,baseline,4,0.9816578735133936,1
366,911,LNP854,1,2120,baseline,4,0.49945188626895615,0
272,636,LNP858,0,2120,baseline,5,0.4493899921121847,0
288,687,LNP858,0,2120,baseline,5,0.5082215404657917,1
293,781,LNP858,1,2120,baseline,5,0.4350546746518667,0
367,922,LNP858,0,2120,baseline,5,0.43627130524349744,0
368,923,LNP858,0,2120,baseline,5,0.43627130524349744,0
369,931,LNP858,0,2120,baseline,5,0.49370043656968754,0
130,193,LNP193,1,2120,baseline_plus_md,0,0.7087156892812726,1
131,194,LNP194,1,2120,baseline_plus_md,1,0.5654080991459136,1
132,195,LNP195,0,2120,baseline_plus_md,2,0.7781156517094017,1
294,782,LNP782,1,2120,baseline_plus_md,3,0.5618472504695068,1
357,875,LNP782,1,2120,baseline_plus_md,3,0.58200518506935,1
295,783,LNP854,0,2120,baseline_plus_md,4,0.9694885977841184,1
366,911,LNP854,1,2120,baseline_plus_md,4,0.6344792043780183,1
272,636,LNP858,0,2120,baseline_plus_md,5,0.48486714446124274,0
288,687,LNP858,0,2120,baseline_plus_md,5,0.5293545627876702,1
293,781,LNP858,1,2120,baseline_plus_md,5,0.47170990239775046,0
367,922,LNP858,0,2120,baseline_plus_md,5,0.46973366682776485,0
368,923,LNP858,0,2120,baseline_plus_md,5,0.46973366682776485,0
369,931,LNP858,0,2120,baseline_plus_md,5,0.5127149523980595,1
130,193,LNP193,1,2121,baseline,0,0.6173087110715264,1
131,194,LNP194,1,2121,baseline,1,0.5718062462565998,1
132,195,LNP195,0,2121,baseline,2,0.9360892475579974,1
294,782,LNP782,1,2121,baseline,3,0.4715835791885508,0
357,875,LNP782,1,2121,baseline,3,0.5116863926783961,1
295,783,LNP854,0,2121,baseline,4,0.9778902394847424,1
366,911,LNP854,1,2121,baseline,4,0.4696374904594353,0
272,636,LNP858,0,2121,baseline,5,0.4664199075292485,0
288,687,LNP858,0,2121,baseline,5,0.5095841370905365,1
293,781,LNP858,1,2121,baseline,5,0.4497532408625813,0
367,922,LNP858,0,2121,baseline,5,0.4486809104152511,0
368,923,LNP858,0,2121,baseline,5,0.4486809104152511,0
369,931,LNP858,0,2121,baseline,5,0.4906636825450817,0
130,193,LNP193,1,2121,baseline_plus_md,0,0.6942832506687509,1
131,194,LNP194,1,2121,baseline_plus_md,1,0.5926730298169705,1
132,195,LNP195,0,2121,baseline_plus_md,2,0.7919047428266177,1
294,782,LNP782,1,2121,baseline_plus_md,3,0.5707978792170328,1
357,875,LNP782,1,2121,baseline_plus_md,3,0.5833523859779892,1
295,783,LNP854,0,2121,baseline_plus_md,4,0.9765018930051087,1
366,911,LNP854,1,2121,baseline_plus_md,4,0.6496639411501716,1
272,636,LNP858,0,2121,baseline_plus_md,5,0.4754038927964207,0
288,687,LNP858,0,2121,baseline_plus_md,5,0.5274246788129495,1
293,781,LNP858,1,2121,baseline_plus_md,5,0.46258147216149986,0
367,922,LNP858,0,2121,baseline_plus_md,5,0.4625476518151793,0
368,923,LNP858,0,2121,baseline_plus_md,5,0.4625476518151793,0
369,931,LNP858,0,2121,baseline_plus_md,5,0.5110285749168454,1
130,193,LNP193,1,2122,baseline,0,0.6158898164662424,1
131,194,LNP194,1,2122,baseline,1,0.5662616767122575,1
132,195,LNP195,0,2122,baseline,2,0.9303726679774472,1
294,782,LNP782,1,2122,baseline,3,0.4761717349808987,0
357,875,LNP782,1,2122,baseline,3,0.5121783920693774,1
295,783,LNP854,0,2122,baseline,4,0.9842239539407371,1
366,911,LNP854,1,2122,baseline,4,0.4498482312626356,0
272,636,LNP858,0,2122,baseline,5,0.45683901917917796,0
288,687,LNP858,0,2122,baseline,5,0.500928487717176,1
293,781,LNP858,1,2122,baseline,5,0.4385850509252092,0
367,922,LNP858,0,2122,baseline,5,0.4391234708386292,0
368,923,LNP858,0,2122,baseline,5,0.4391234708386292,0
369,931,LNP858,0,2122,baseline,5,0.48322646751515536,0
130,193,LNP193,1,2122,baseline_plus_md,0,0.6996033361948331,1
131,194,LNP194,1,2122,baseline_plus_md,1,0.5926061289293585,1
132,195,LNP195,0,2122,baseline_plus_md,2,0.7867493131868132,1
294,782,LNP782,1,2122,baseline_plus_md,3,0.5667097684837592,1
357,875,LNP782,1,2122,baseline_plus_md,3,0.5802853471750048,1
295,783,LNP854,0,2122,baseline_plus_md,4,0.9757351204489586,1
366,911,LNP854,1,2122,baseline_plus_md,4,0.657660733820499,1
272,636,LNP858,0,2122,baseline_plus_md,5,0.47967033622356425,0
288,687,LNP858,0,2122,baseline_plus_md,5,0.5157741898003281,1
293,781,LNP858,1,2122,baseline_plus_md,5,0.4656698401918178,0
367,922,LNP858,0,2122,baseline_plus_md,5,0.4696730418512696,0
368,923,LNP858,0,2122,baseline_plus_md,5,0.4696730418512696,0
369,931,LNP858,0,2122,baseline_plus_md,5,0.5057768954280335,1
130,193,LNP193,1,2123,baseline,0,0.6134921058675238,1
131,194,LNP194,1,2123,baseline,1,0.5769498658778152,1
132,195,LNP195,0,2123,baseline,2,0.9265664491758241,1
294,782,LNP782,1,2123,baseline,3,0.46964724452977435,0
357,875,LNP782,1,2123,baseline,3,0.5017119836184164,1
295,783,LNP854,0,2123,baseline,4,0.9809989236021697,1
366,911,LNP854,1,2123,baseline,4,0.46830117085969664,0
272,636,LNP858,0,2123,baseline,5,0.4572858054491743,0
288,687,LNP858,0,2123,baseline,5,0.5058388455463322,1
293,781,LNP858,1,2123,baseline,5,0.43551001179838017,0
367,922,LNP858,0,2123,baseline,5,0.44248872752709595,0
368,923,LNP858,0,2123,baseline,5,0.44248872752709595,0
369,931,LNP858,0,2123,baseline,5,0.4886698340023204,0
130,193,LNP193,1,2123,baseline_plus_md,0,0.698653219550253,1
131,194,LNP194,1,2123,baseline_plus_md,1,0.5573909176815853,1
132,195,LNP195,0,2123,baseline_plus_md,2,0.7605790442196693,1
294,782,LNP782,1,2123,baseline_plus_md,3,0.5750565840372951,1
357,875,LNP782,1,2123,baseline_plus_md,3,0.5890394535600235,1
295,783,LNP854,0,2123,baseline_plus_md,4,0.975019449675804,1
366,911,LNP854,1,2123,baseline_plus_md,4,0.6813232374032395,1
272,636,LNP858,0,2123,baseline_plus_md,5,0.4794784225772617,0
288,687,LNP858,0,2123,baseline_plus_md,5,0.5161317490409595,1
293,781,LNP858,1,2123,baseline_plus_md,5,0.4661847717836106,0
367,922,LNP858,0,2123,baseline_plus_md,5,0.46861081795965676,0
368,923,LNP858,0,2123,baseline_plus_md,5,0.46861081795965676,0
369,931,LNP858,0,2123,baseline_plus_md,5,0.5049755441347543,1
130,193,LNP193,1,2124,baseline,0,0.6136773827710238,1
131,194,LNP194,1,2124,baseline,1,0.570676655365465,1
132,195,LNP195,0,2124,baseline,2,0.9347058296074838,1
294,782,LNP782,1,2124,baseline,3,0.4631536064735636,0
357,875,LNP782,1,2124,baseline,3,0.4939582232464233,0
295,783,LNP854,0,2124,baseline,4,0.971539010250869,1
366,911,LNP854,1,2124,baseline,4,0.46350727224215016,0
272,636,LNP858,0,2124,baseline,5,0.45782327043516857,0
288,687,LNP858,0,2124,baseline,5,0.5073103234148686,1
293,781,LNP858,1,2124,baseline,5,0.4406605720224696,0
367,922,LNP858,0,2124,baseline,5,0.4439379890498866,0
368,923,LNP858,0,2124,baseline,5,0.4439379890498866,0
369,931,LNP858,0,2124,baseline,5,0.48968676641631104,0
130,193,LNP193,1,2124,baseline_plus_md,0,0.6880934234036625,1
131,194,LNP194,1,2124,baseline_plus_md,1,0.5783211782789772,1
132,195,LNP195,0,2124,baseline_plus_md,2,0.7814198908730161,1
294,782,LNP782,1,2124,baseline_plus_md,3,0.561048731511577,1
357,875,LNP782,1,2124,baseline_plus_md,3,0.5811300907612474,1
295,783,LNP854,0,2124,baseline_plus_md,4,0.9749834238338398,1
366,911,LNP854,1,2124,baseline_plus_md,4,0.6680561965727325,1
272,636,LNP858,0,2124,baseline_plus_md,5,0.480702230579657,0
288,687,LNP858,0,2124,baseline_plus_md,5,0.5116987484666549,1
293,781,LNP858,1,2124,baseline_plus_md,5,0.46716056391299005,0
367,922,LNP858,0,2124,baseline_plus_md,5,0.4707410112434375,0
368,923,LNP858,0,2124,baseline_plus_md,5,0.4707410112434375,0
369,931,LNP858,0,2124,baseline_plus_md,5,0.5020847513526576,1
130,193,LNP193,1,2125,baseline,0,0.614721218386164,1
131,194,LNP194,1,2125,baseline,1,0.5757120458040048,1
132,195,LNP195,0,2125,baseline,2,0.921465144230769,1
294,782,LNP782,1,2125,baseline,3,0.4650476445147655,0
357,875,LNP782,1,2125,baseline,3,0.5019219624238729,1
295,783,LNP854,0,2125,baseline,4,0.9790919501491523,1
366,911,LNP854,1,2125,baseline,4,0.4592004875008685,0
272,636,LNP858,0,2125,baseline,5,0.45362550386527933,0
288,687,LNP858,0,2125,baseline,5,0.5059818076921716,1
293,781,LNP858,1,2125,baseline,5,0.4385461387859136,0
367,922,LNP858,0,2125,baseline,5,0.4429328631726384,0
368,923,LNP858,0,2125,baseline,5,0.4429328631726384,0
369,931,LNP858,0,2125,baseline,5,0.49517192313228675,0
130,193,LNP193,1,2125,baseline_plus_md,0,0.6981986645144551,1
131,194,LNP194,1,2125,baseline_plus_md,1,0.5602622964747664,1
132,195,LNP195,0,2125,baseline_plus_md,2,0.7838268658424901,1
294,782,LNP782,1,2125,baseline_plus_md,3,0.5622287750160464,1
357,875,LNP782,1,2125,baseline_plus_md,3,0.5854108660418426,1
295,783,LNP854,0,2125,baseline_plus_md,4,0.9709666750069487,1
366,911,LNP854,1,2125,baseline_plus_md,4,0.6490088890716385,1
272,636,LNP858,0,2125,baseline_plus_md,5,0.4889546739828608,0
288,687,LNP858,0,2125,baseline_plus_md,5,0.526229964267052,1
293,781,LNP858,1,2125,baseline_plus_md,5,0.47392491207809884,0
367,922,LNP858,0,2125,baseline_plus_md,5,0.47275247340565996,0
368,923,LNP858,0,2125,baseline_plus_md,5,0.47275247340565996,0
369,931,LNP858,0,2125,baseline_plus_md,5,0.5094370349741224,1
130,193,LNP193,1,2126,baseline,0,0.6193288603108418,1
131,194,LNP194,1,2126,baseline,1,0.5704944287785145,1
132,195,LNP195,0,2126,baseline,2,0.9122244453871289,1
294,782,LNP782,1,2126,baseline,3,0.48084104263438876,0
357,875,LNP782,1,2126,baseline,3,0.520761252582755,1
295,783,LNP854,0,2126,baseline,4,0.9774021878170825,1
366,911,LNP854,1,2126,baseline,4,0.48175863298008037,0
272,636,LNP858,0,2126,baseline,5,0.4583737211566553,0
288,687,LNP858,0,2126,baseline,5,0.5106206368226882,1
293,781,LNP858,1,2126,baseline,5,0.4423518957598293,0
367,922,LNP858,0,2126,baseline,5,0.44821499099792483,0
368,923,LNP858,0,2126,baseline,5,0.44821499099792483,0
369,931,LNP858,0,2126,baseline,5,0.4990053770824281,0
130,193,LNP193,1,2126,baseline_plus_md,0,0.6884217191414816,1
131,194,LNP194,1,2126,baseline_plus_md,1,0.5739814876034103,1
132,195,LNP195,0,2126,baseline_plus_md,2,0.7728448946886439,1
294,782,LNP782,1,2126,baseline_plus_md,3,0.5681603551386006,1
357,875,LNP782,1,2126,baseline_plus_md,3,0.5852179908278857,1
295,783,LNP854,0,2126,baseline_plus_md,4,0.9700776811844476,1
366,911,LNP854,1,2126,baseline_plus_md,4,0.6512811519500474,1
272,636,LNP858,0,2126,baseline_plus_md,5,0.48271418714313896,0
288,687,LNP858,0,2126,baseline_plus_md,5,0.5160975725485827,1
293,781,LNP858,1,2126,baseline_plus_md,5,0.4723843260320277,0
367,922,LNP858,0,2126,baseline_plus_md,5,0.46706844399739567,0
368,923,LNP858,0,2126,baseline_plus_md,5,0.46706844399739567,0
369,931,LNP858,0,2126,baseline_plus_md,5,0.5001046071806172,1
130,193,LNP193,1,2127,baseline,0,0.6127661713414896,1
131,194,LNP194,1,2127,baseline,1,0.5684366708304059,1
132,195,LNP195,0,2127,baseline,2,0.9250565857753356,1
294,782,LNP782,1,2127,baseline,3,0.4778227782048197,0
357,875,LNP782,1,2127,baseline,3,0.5074131737702176,1
295,783,LNP854,0,2127,baseline,4,0.9702037808488739,1
366,911,LNP854,1,2127,baseline,4,0.4781131641718763,0
272,636,LNP858,0,2127,baseline,5,0.46302642831735474,0
288,687,LNP858,0,2127,baseline,5,0.5100916996473319,1
293,781,LNP858,1,2127,baseline,5,0.4400105553014811,0
367,922,LNP858,0,2127,baseline,5,0.44876957406050005,0
368,923,LNP858,0,2127,baseline,5,0.44876957406050005,0
369,931,LNP858,0,2127,baseline,5,0.4957897515953835,0
130,193,LNP193,1,2127,baseline_plus_md,0,0.693571331056637,1
131,194,LNP194,1,2127,baseline_plus_md,1,0.5683169504108508,1
132,195,LNP195,0,2127,baseline_plus_md,2,0.7725491834554334,1
294,782,LNP782,1,2127,baseline_plus_md,3,0.5586615824788937,1
357,875,LNP782,1,2127,baseline_plus_md,3,0.5835101625641799,1
295,783,LNP854,0,2127,baseline_plus_md,4,0.9757599094934213,1
366,911,LNP854,1,2127,baseline_plus_md,4,0.6535459907521658,1
272,636,LNP858,0,2127,baseline_plus_md,5,0.4777753950723933,0
288,687,LNP858,0,2127,baseline_plus_md,5,0.5160876547081823,1
293,781,LNP858,1,2127,baseline_plus_md,5,0.46403531570731366,0
367,922,LNP858,0,2127,baseline_plus_md,5,0.4655279203249183,0
368,923,LNP858,0,2127,baseline_plus_md,5,0.4655279203249183,0
369,931,LNP858,0,2127,baseline_plus_md,5,0.5013870775076048,1
130,193,LNP193,1,2128,baseline,0,0.6210339809563227,1
131,194,LNP194,1,2128,baseline,1,0.5817757996341568,1
132,195,LNP195,0,2128,baseline,2,0.9241540133681676,1
294,782,LNP782,1,2128,baseline,3,0.47141605637619016,0
357,875,LNP782,1,2128,baseline,3,0.5053814716318414,1
295,783,LNP854,0,2128,baseline,4,0.9818205118470722,1
366,911,LNP854,1,2128,baseline,4,0.4834635396423487,0
272,636,LNP858,0,2128,baseline,5,0.4548672578132355,0
288,687,LNP858,0,2128,baseline,5,0.5100894457560117,1
293,781,LNP858,1,2128,baseline,5,0.4404327340037109,0
367,922,LNP858,0,2128,baseline,5,0.439460511781489,0
368,923,LNP858,0,2128,baseline,5,0.439460511781489,0
369,931,LNP858,0,2128,baseline,5,0.4929781542697198,0
130,193,LNP193,1,2128,baseline_plus_md,0,0.6858103202561847,1
131,194,LNP194,1,2128,baseline_plus_md,1,0.579741330151461,1
132,195,LNP195,0,2128,baseline_plus_md,2,0.7717724494663837,1
294,782,LNP782,1,2128,baseline_plus_md,3,0.5519042680644461,1
357,875,LNP782,1,2128,baseline_plus_md,3,0.5638806763808826,1
295,783,LNP854,0,2128,baseline_plus_md,4,0.9717659131358112,1
366,911,LNP854,1,2128,baseline_plus_md,4,0.6493051905311213,1
272,636,LNP858,0,2128,baseline_plus_md,5,0.4680914166112414,0
288,687,LNP858,0,2128,baseline_plus_md,5,0.49130523302358703,0
293,781,LNP858,1,2128,baseline_plus_md,5,0.45340887692870147,0
367,922,LNP858,0,2128,baseline_plus_md,5,0.45832590434572895,0
368,923,LNP858,0,2128,baseline_plus_md,5,0.45832590434572895,0
369,931,LNP858,0,2128,baseline_plus_md,5,0.48253629362964745,0
130,193,LNP193,1,2129,baseline,0,0.6210791177371962,1
131,194,LNP194,1,2129,baseline,1,0.572608869780783,1
132,195,LNP195,0,2129,baseline,2,0.9167862563294547,1
294,782,LNP782,1,2129,baseline,3,0.4747042175645123,0
357,875,LNP782,1,2129,baseline,3,0.5171018618347604,1
295,783,LNP854,0,2129,baseline,4,0.9811418414420764,1
366,911,LNP854,1,2129,baseline,4,0.4789576766811453,0
272,636,LNP858,0,2129,baseline,5,0.4610960991267952,0
288,687,LNP858,0,2129,baseline,5,0.515306574109329,1
293,781,LNP858,1,2129,baseline,5,0.4367905435712391,0
367,922,LNP858,0,2129,baseline,5,0.4436727585784544,0
368,923,LNP858,0,2129,baseline,5,0.4436727585784544,0
369,931,LNP858,0,2129,baseline,5,0.49774344279619726,0
130,193,LNP193,1,2129,baseline_plus_md,0,0.7004830398228027,1
131,194,LNP194,1,2129,baseline_plus_md,1,0.5768120594950485,1
132,195,LNP195,0,2129,baseline_plus_md,2,0.7670964934779272,1
294,782,LNP782,1,2129,baseline_plus_md,3,0.5538576706942082,1
357,875,LNP782,1,2129,baseline_plus_md,3,0.5759005212375219,1
295,783,LNP854,0,2129,baseline_plus_md,4,0.9757848086946257,1
366,911,LNP854,1,2129,baseline_plus_md,4,0.6537871894629151,1
272,636,LNP858,0,2129,baseline_plus_md,5,0.4731226687936278,0
288,687,LNP858,0,2129,baseline_plus_md,5,0.5091047912463385,1
293,781,LNP858,1,2129,baseline_plus_md,5,0.4640328870475959,0
367,922,LNP858,0,2129,baseline_plus_md,5,0.4604513123722711,0
368,923,LNP858,0,2129,baseline_plus_md,5,0.4604513123722711,0
369,931,LNP858,0,2129,baseline_plus_md,5,0.4934121505536975,0
130,193,LNP193,1,2130,baseline,0,0.6130902267065309,1
131,194,LNP194,1,2130,baseline,1,0.5611052611920075,1
132,195,LNP195,0,2130,baseline,2,0.9189849361218846,1
294,782,LNP782,1,2130,baseline,3,0.46947131051989205,0
357,875,LNP782,1,2130,baseline,3,0.5038388795518248,1
295,783,LNP854,0,2130,baseline,4,0.9791360532812908,1
366,911,LNP854,1,2130,baseline,4,0.49459164942778444,0
272,636,LNP858,0,2130,baseline,5,0.4639944935357397,0
288,687,LNP858,0,2130,baseline,5,0.5019799965947722,1
293,781,LNP858,1,2130,baseline,5,0.44321076337700865,0
367,922,LNP858,0,2130,baseline,5,0.44560163639288236,0
368,923,LNP858,0,2130,baseline,5,0.44560163639288236,0
369,931,LNP858,0,2130,baseline,5,0.48392083353560894,0
130,193,LNP193,1,2130,baseline_plus_md,0,0.7005445623422181,1
131,194,LNP194,1,2130,baseline_plus_md,1,0.5617917642269732,1
132,195,LNP195,0,2130,baseline_plus_md,2,0.7629358402014655,1
294,782,LNP782,1,2130,baseline_plus_md,3,0.5645193358588432,1
357,875,LNP782,1,2130,baseline_plus_md,3,0.5751198247089365,1
295,783,LNP854,0,2130,baseline_plus_md,4,0.9762353195537252,1
366,911,LNP854,1,2130,baseline_plus_md,4,0.6574620206708333,1
272,636,LNP858,0,2130,baseline_plus_md,5,0.48044793828462884,0
288,687,LNP858,0,2130,baseline_plus_md,5,0.5197017892238514,1
293,781,LNP858,1,2130,baseline_plus_md,5,0.46903920812589844,0
367,922,LNP858,0,2130,baseline_plus_md,5,0.4673499945616848,0
368,923,LNP858,0,2130,baseline_plus_md,5,0.4673499945616848,0
369,931,LNP858,0,2130,baseline_plus_md,5,0.5044979652700272,1
130,193,LNP193,1,2131,baseline,0,0.620365519321742,1
131,194,LNP194,1,2131,baseline,1,0.563079402370153,1
132,195,LNP195,0,2131,baseline,2,0.9296547461933493,1
294,782,LNP782,1,2131,baseline,3,0.466902758896963,0
357,875,LNP782,1,2131,baseline,3,0.4921437569697536,0
295,783,LNP854,0,2131,baseline,4,0.9758764802881282,1
366,911,LNP854,1,2131,baseline,4,0.48160566943202954,0
272,636,LNP858,0,2131,baseline,5,0.474326007538929,0
288,687,LNP858,0,2131,baseline,5,0.5237411552996649,1
293,781,LNP858,1,2131,baseline,5,0.4442664837294042,0
367,922,LNP858,0,2131,baseline,5,0.456917097005018,0
368,923,LNP858,0,2131,baseline,5,0.456917097005018,0
369,931,LNP858,0,2131,baseline,5,0.5061112851697943,1
130,193,LNP193,1,2131,baseline_plus_md,0,0.7008549080889993,1
131,194,LNP194,1,2131,baseline_plus_md,1,0.5773173488607507,1
132,195,LNP195,0,2131,baseline_plus_md,2,0.7833372825091578,1
294,782,LNP782,1,2131,baseline_plus_md,3,0.5638661301646063,1
357,875,LNP782,1,2131,baseline_plus_md,3,0.578280153234014,1
295,783,LNP854,0,2131,baseline_plus_md,4,0.9673981496267077,1
366,911,LNP854,1,2131,baseline_plus_md,4,0.6420582124532013,1
272,636,LNP858,0,2131,baseline_plus_md,5,0.458238318986005,0
288,687,LNP858,0,2131,baseline_plus_md,5,0.4938069864296724,0
293,781,LNP858,1,2131,baseline_plus_md,5,0.4492477435891791,0
367,922,LNP858,0,2131,baseline_plus_md,5,0.44736079373347937,0
368,923,LNP858,0,2131,baseline_plus_md,5,0.44736079373347937,0
369,931,LNP858,0,2131,baseline_plus_md,5,0.48405229667498256,0
130,193,LNP193,1,2132,baseline,0,0.6131542254266431,1
131,194,LNP194,1,2132,baseline,1,0.5781678125950369,1
132,195,LNP195,0,2132,baseline,2,0.9265399765675498,1
294,782,LNP782,1,2132,baseline,3,0.4709439350946004,0
357,875,LNP782,1,2132,baseline,3,0.5060919021678584,1
295,783,LNP854,0,2132,baseline,4,0.9811340145928346,1
366,911,LNP854,1,2132,baseline,4,0.446663667701481,0
272,636,LNP858,0,2132,baseline,5,0.46246411871732124,0
288,687,LNP858,0,2132,baseline,5,0.5215895725118925,1
293,781,LNP858,1,2132,baseline,5,0.4371664996697015,0
367,922,LNP858,0,2132,baseline,5,0.44078212016032203,0
368,923,LNP858,0,2132,baseline,5,0.44078212016032203,0
369,931,LNP858,0,2132,baseline,5,0.4978377687600883,0
130,193,LNP193,1,2132,baseline_plus_md,0,0.6954554765540415,1
131,194,LNP194,1,2132,baseline_plus_md,1,0.5660623838194845,1
132,195,LNP195,0,2132,baseline_plus_md,2,0.7671465773809518,1
294,782,LNP782,1,2132,baseline_plus_md,3,0.5624693617656028,1
357,875,LNP782,1,2132,baseline_plus_md,3,0.5830138760938195,1
295,783,LNP854,0,2132,baseline_plus_md,4,0.970317136035617,1
366,911,LNP854,1,2132,baseline_plus_md,4,0.6574993450111434,1
272,636,LNP858,0,2132,baseline_plus_md,5,0.46431234717781017,0
288,687,LNP858,0,2132,baseline_plus_md,5,0.4935481075474714,0
293,781,LNP858,1,2132,baseline_plus_md,5,0.45736790273336575,0
367,922,LNP858,0,2132,baseline_plus_md,5,0.45467309753856033,0
368,923,LNP858,0,2132,baseline_plus_md,5,0.45467309753856033,0
369,931,LNP858,0,2132,baseline_plus_md,5,0.4832144134637771,0
130,193,LNP193,1,2133,baseline,0,0.6131908715712149,1
131,194,LNP194,1,2133,baseline,1,0.5692817469486238,1
132,195,LNP195,0,2133,baseline,2,0.9301960470085467,1
294,782,LNP782,1,2133,baseline,3,0.47522357147972144,0
357,875,LNP782,1,2133,baseline,3,0.5046187557032289,1
295,783,LNP854,0,2133,baseline,4,0.9810345236044146,1
366,911,LNP854,1,2133,baseline,4,0.4740929217605308,0
272,636,LNP858,0,2133,baseline,5,0.45986872781950106,0
288,687,LNP858,0,2133,baseline,5,0.5165339172052785,1
293,781,LNP858,1,2133,baseline,5,0.44359888654965907,0
367,922,LNP858,0,2133,baseline,5,0.4465390019897748,0
368,923,LNP858,0,2133,baseline,5,0.4465390019897748,0
369,931,LNP858,0,2133,baseline,5,0.5013733832947442,1
130,193,LNP193,1,2133,baseline_plus_md,0,0.6960580565867787,1
131,194,LNP194,1,2133,baseline_plus_md,1,0.5686702639418615,1
132,195,LNP195,0,2133,baseline_plus_md,2,0.764274976759352,1
294,782,LNP782,1,2133,baseline_plus_md,3,0.5639568572213363,1
357,875,LNP782,1,2133,baseline_plus_md,3,0.5831626111244621,1
295,783,LNP854,0,2133,baseline_plus_md,4,0.9709130555484518,1
366,911,LNP854,1,2133,baseline_plus_md,4,0.6603663124243995,1
272,636,LNP858,0,2133,baseline_plus_md,5,0.47539407557041485,0
288,687,LNP858,0,2133,baseline_plus_md,5,0.51899124035953,1
293,781,LNP858,1,2133,baseline_plus_md,5,0.4670607422370814,0
367,922,LNP858,0,2133,baseline_plus_md,5,0.4608756773020164,0
368,923,LNP858,0,2133,baseline_plus_md,5,0.4608756773020164,0
369,931,LNP858,0,2133,baseline_plus_md,5,0.5047975174158068,1
130,193,LNP193,1,2134,baseline,0,0.6110820470825415,1
131,194,LNP194,1,2134,baseline,1,0.5711992786551046,1
132,195,LNP195,0,2134,baseline,2,0.919980215964591,1
294,782,LNP782,1,2134,baseline,3,0.47478846647014783,0
357,875,LNP782,1,2134,baseline,3,0.5060477856654717,1
295,783,LNP854,0,2134,baseline,4,0.9816892477044794,1
366,911,LNP854,1,2134,baseline,4,0.48785745089234206,0
272,636,LNP858,0,2134,baseline,5,0.45089536759773874,0
288,687,LNP858,0,2134,baseline,5,0.5063127035297807,1
293,781,LNP858,1,2134,baseline,5,0.4290203675977379,0
367,922,LNP858,0,2134,baseline,5,0.4328560458084166,0
368,923,LNP858,0,2134,baseline,5,0.4328560458084166,0
369,931,LNP858,0,2134,baseline,5,0.48582929804637487,0
130,193,LNP193,1,2134,baseline_plus_md,0,0.7022383145330402,1
131,194,LNP194,1,2134,baseline_plus_md,1,0.5593909239751929,1
132,195,LNP195,0,2134,baseline_plus_md,2,0.7716744314713069,1
294,782,LNP782,1,2134,baseline_plus_md,3,0.5704388664374644,1
357,875,LNP782,1,2134,baseline_plus_md,3,0.5808627673935602,1
295,783,LNP854,0,2134,baseline_plus_md,4,0.9727806531677835,1
366,911,LNP854,1,2134,baseline_plus_md,4,0.6718752886571354,1
272,636,LNP858,0,2134,baseline_plus_md,5,0.47932864504057543,0
288,687,LNP858,0,2134,baseline_plus_md,5,0.5199073516796539,1
293,781,LNP858,1,2134,baseline_plus_md,5,0.4618559267866069,0
367,922,LNP858,0,2134,baseline_plus_md,5,0.46258261329454325,0
368,923,LNP858,0,2134,baseline_plus_md,5,0.46258261329454325,0
369,931,LNP858,0,2134,baseline_plus_md,5,0.49941853494083666,0
130,193,LNP193,1,2135,baseline,0,0.6156886203113282,1
131,194,LNP194,1,2135,baseline,1,0.5657782133764492,1
132,195,LNP195,0,2135,baseline,2,0.9294125839438339,1
294,782,LNP782,1,2135,baseline,3,0.4641014909365834,0
357,875,LNP782,1,2135,baseline,3,0.4991181027541611,0
295,783,LNP854,0,2135,baseline,4,0.9809401765153614,1
366,911,LNP854,1,2135,baseline,4,0.4938115017356391,0
272,636,LNP858,0,2135,baseline,5,0.4567416834728272,0
288,687,LNP858,0,2135,baseline,5,0.512320112396844,1
293,781,LNP858,1,2135,baseline,5,0.437545254901398,0
367,922,LNP858,0,2135,baseline,5,0.4380466979028412,0
368,923,LNP858,0,2135,baseline,5,0.4380466979028412,0
369,931,LNP858,0,2135,baseline,5,0.49164550922224043,0
130,193,LNP193,1,2135,baseline_plus_md,0,0.6883469665317985,1
131,194,LNP194,1,2135,baseline_plus_md,1,0.5810206122204316,1
132,195,LNP195,0,2135,baseline_plus_md,2,0.7398024076617824,1
294,782,LNP782,1,2135,baseline_plus_md,3,0.5685997993144916,1
357,875,LNP782,1,2135,baseline_plus_md,3,0.5803766601354379,1
295,783,LNP854,0,2135,baseline_plus_md,4,0.9769716484086972,1
366,911,LNP854,1,2135,baseline_plus_md,4,0.6637188932643656,1
272,636,LNP858,0,2135,baseline_plus_md,5,0.4740456711153928,0
288,687,LNP858,0,2135,baseline_plus_md,5,0.5121079173916482,1
293,781,LNP858,1,2135,baseline_plus_md,5,0.46236412349634476,0
367,922,LNP858,0,2135,baseline_plus_md,5,0.4620777778974992,0
368,923,LNP858,0,2135,baseline_plus_md,5,0.4620777778974992,0
369,931,LNP858,0,2135,baseline_plus_md,5,0.4996755580842887,0
130,193,LNP193,1,2136,baseline,0,0.610728171182866,1
131,194,LNP194,1,2136,baseline,1,0.5821596818440209,1
132,195,LNP195,0,2136,baseline,2,0.923008814102564,1
294,782,LNP782,1,2136,baseline,3,0.46984373483281894,0
357,875,LNP782,1,2136,baseline,3,0.5039070083783745,1
295,783,LNP854,0,2136,baseline,4,0.9836372344543223,1
366,911,LNP854,1,2136,baseline,4,0.47165771549094204,0
272,636,LNP858,0,2136,baseline,5,0.4607799329826243,0
288,687,LNP858,0,2136,baseline,5,0.5065740489973283,1
293,781,LNP858,1,2136,baseline,5,0.43746644091913134,0
367,922,LNP858,0,2136,baseline,5,0.44233476703745794,0
368,923,LNP858,0,2136,baseline,5,0.44233476703745794,0
369,931,LNP858,0,2136,baseline,5,0.4867760691993482,0
130,193,LNP193,1,2136,baseline_plus_md,0,0.6929041211983834,1
131,194,LNP194,1,2136,baseline_plus_md,1,0.5794919342224584,1
132,195,LNP195,0,2136,baseline_plus_md,2,0.7842802579365076,1
294,782,LNP782,1,2136,baseline_plus_md,3,0.5591672353338896,1
357,875,LNP782,1,2136,baseline_plus_md,3,0.5831103744143676,1
295,783,LNP854,0,2136,baseline_plus_md,4,0.9714400572897307,1
366,911,LNP854,1,2136,baseline_plus_md,4,0.6781785770477801,1
272,636,LNP858,0,2136,baseline_plus_md,5,0.47694868464420587,0
288,687,LNP858,0,2136,baseline_plus_md,5,0.5250692753538059,1
293,781,LNP858,1,2136,baseline_plus_md,5,0.46484551004103103,0
367,922,LNP858,0,2136,baseline_plus_md,5,0.46276127483179574,0
368,923,LNP858,0,2136,baseline_plus_md,5,0.46276127483179574,0
369,931,LNP858,0,2136,baseline_plus_md,5,0.5110892969988272,1
130,193,LNP193,1,2137,baseline,0,0.6196715251876747,1
131,194,LNP194,1,2137,baseline,1,0.5744688008926809,1
132,195,LNP195,0,2137,baseline,2,0.9114071466727716,1
294,782,LNP782,1,2137,baseline,3,0.46901680578023053,0
357,875,LNP782,1,2137,baseline,3,0.5122910601777435,1
295,783,LNP854,0,2137,baseline,4,0.9763771727972206,1
366,911,LNP854,1,2137,baseline,4,0.49914037528301347,0
272,636,LNP858,0,2137,baseline,5,0.4668409515676199,0
288,687,LNP858,0,2137,baseline,5,0.5300785105772375,1
293,781,LNP858,1,2137,baseline,5,0.4497278563295242,0
367,922,LNP858,0,2137,baseline,5,0.4543842416109096,0
368,923,LNP858,0,2137,baseline,5,0.4543842416109096,0
369,931,LNP858,0,2137,baseline,5,0.5176082724819991,1
130,193,LNP193,1,2137,baseline_plus_md,0,0.6998253499392243,1
131,194,LNP194,1,2137,baseline_plus_md,1,0.5768919514963602,1
132,195,LNP195,0,2137,baseline_plus_md,2,0.7936334134615379,1
294,782,LNP782,1,2137,baseline_plus_md,3,0.5589088512963607,1
357,875,LNP782,1,2137,baseline_plus_md,3,0.5826865889769692,1
295,783,LNP854,0,2137,baseline_plus_md,4,0.9814526467405641,1
366,911,LNP854,1,2137,baseline_plus_md,4,0.651594386083788,1
272,636,LNP858,0,2137,baseline_plus_md,5,0.4596121293987378,0
288,687,LNP858,0,2137,baseline_plus_md,5,0.5035708055265314,1
293,781,LNP858,1,2137,baseline_plus_md,5,0.45170042304953123,0
367,922,LNP858,0,2137,baseline_plus_md,5,0.44930368784029606,0
368,923,LNP858,0,2137,baseline_plus_md,5,0.44930368784029606,0
369,931,LNP858,0,2137,baseline_plus_md,5,0.49279789787862377,0
130,193,LNP193,1,2138,baseline,0,0.616569798623369,1
131,194,LNP194,1,2138,baseline,1,0.5749182380484132,1
132,195,LNP195,0,2138,baseline,2,0.9399943674585216,1
294,782,LNP782,1,2138,baseline,3,0.4642458247958342,0
357,875,LNP782,1,2138,baseline,3,0.4999578779113272,0
295,783,LNP854,0,2138,baseline,4,0.9823743988887321,1
366,911,LNP854,1,2138,baseline,4,0.4913704354492351,0
272,636,LNP858,0,2138,baseline,5,0.46433039981474045,0
288,687,LNP858,0,2138,baseline,5,0.5050843966349137,1
293,781,LNP858,1,2138,baseline,5,0.44572920933854915,0
367,922,LNP858,0,2138,baseline,5,0.4557129755723159,0
368,923,LNP858,0,2138,baseline,5,0.4557129755723159,0
369,931,LNP858,0,2138,baseline,5,0.4960025063030231,0
130,193,LNP193,1,2138,baseline_plus_md,0,0.685712216318219,1
131,194,LNP194,1,2138,baseline_plus_md,1,0.5575086115831227,1
132,195,LNP195,0,2138,baseline_plus_md,2,0.7970231417887663,1
294,782,LNP782,1,2138,baseline_plus_md,3,0.5656106508369134,1
357,875,LNP782,1,2138,baseline_plus_md,3,0.5746098017062142,1
295,783,LNP854,0,2138,baseline_plus_md,4,0.9667776811868493,1
366,911,LNP854,1,2138,baseline_plus_md,4,0.671655765142022,1
272,636,LNP858,0,2138,baseline_plus_md,5,0.4780052192665171,0
288,687,LNP858,0,2138,baseline_plus_md,5,0.5107455488973267,1
293,781,LNP858,1,2138,baseline_plus_md,5,0.46569123117127875,0
367,922,LNP858,0,2138,baseline_plus_md,5,0.4627905728018703,0
368,923,LNP858,0,2138,baseline_plus_md,5,0.4627905728018703,0
369,931,LNP858,0,2138,baseline_plus_md,5,0.49632906260584003,0
130,193,LNP193,1,2139,baseline,0,0.6180988901463331,1
131,194,LNP194,1,2139,baseline,1,0.5570352406158446,1
132,195,LNP195,0,2139,baseline,2,0.9285978518009768,1
294,782,LNP782,1,2139,baseline,3,0.4671614737629197,0
357,875,LNP782,1,2139,baseline,3,0.49210351873827063,0
295,783,LNP854,0,2139,baseline,4,0.9816233529169187,1
366,911,LNP854,1,2139,baseline,4,0.4842672533335917,0
272,636,LNP858,0,2139,baseline,5,0.4534454785765585,0
288,687,LNP858,0,2139,baseline,5,0.4995912241708338,0
293,781,LNP858,1,2139,baseline,5,0.43787008175116116,0
367,922,LNP858,0,2139,baseline,5,0.43785204423312385,0
368,923,LNP858,0,2139,baseline,5,0.43785204423312385,0
369,931,LNP858,0,2139,baseline,5,0.4830823857869948,0
130,193,LNP193,1,2139,baseline_plus_md,0,0.6893101640442586,1
131,194,LNP194,1,2139,baseline_plus_md,1,0.5699329698687848,1
132,195,LNP195,0,2139,baseline_plus_md,2,0.8056254769536018,1
294,782,LNP782,1,2139,baseline_plus_md,3,0.5687528800329783,1
357,875,LNP782,1,2139,baseline_plus_md,3,0.5823980171590707,1
295,783,LNP854,0,2139,baseline_plus_md,4,0.9752898744105053,1
366,911,LNP854,1,2139,baseline_plus_md,4,0.6656929896703319,1
272,636,LNP858,0,2139,baseline_plus_md,5,0.482850733096606,0
288,687,LNP858,0,2139,baseline_plus_md,5,0.5286396277245099,1
293,781,LNP858,1,2139,baseline_plus_md,5,0.46764736008073265,0
367,922,LNP858,0,2139,baseline_plus_md,5,0.4635992900951626,0
368,923,LNP858,0,2139,baseline_plus_md,5,0.4635992900951626,0
369,931,LNP858,0,2139,baseline_plus_md,5,0.509667766252648,1
130,193,LNP193,1,2140,baseline,0,0.611795761212928,1
131,194,LNP194,1,2140,baseline,1,0.5768294635644615,1
132,195,LNP195,0,2140,baseline,2,0.9228972069597066,1
294,782,LNP782,1,2140,baseline,3,0.46495691661075284,0
357,875,LNP782,1,2140,baseline,3,0.5031670207443545,1
295,783,LNP854,0,2140,baseline,4,0.9855821691739712,1
366,911,LNP854,1,2140,baseline,4,0.4913178643804757,0
272,636,LNP858,0,2140,baseline,5,0.460065024844442,0
288,687,LNP858,0,2140,baseline,5,0.5024210144430786,1
293,781,LNP858,1,2140,baseline,5,0.4412158184952348,0
367,922,LNP858,0,2140,baseline,5,0.44691206669148337,0
368,923,LNP858,0,2140,baseline,5,0.44691206669148337,0
369,931,LNP858,0,2140,baseline,5,0.4899399538370177,0
130,193,LNP193,1,2140,baseline_plus_md,0,0.6927143239155715,1
131,194,LNP194,1,2140,baseline_plus_md,1,0.5743255580783049,1
132,195,LNP195,0,2140,baseline_plus_md,2,0.7750639690170941,1
294,782,LNP782,1,2140,baseline_plus_md,3,0.5567687000856555,1
357,875,LNP782,1,2140,baseline_plus_md,3,0.5738436617914104,1
295,783,LNP854,0,2140,baseline_plus_md,4,0.981310231486857,1
366,911,LNP854,1,2140,baseline_plus_md,4,0.7043971077203416,1
272,636,LNP858,0,2140,baseline_plus_md,5,0.47752148321263344,0
288,687,LNP858,0,2140,baseline_plus_md,5,0.5168071405807212,1
293,781,LNP858,1,2140,baseline_plus_md,5,0.4686301141650142,0
367,922,LNP858,0,2140,baseline_plus_md,5,0.4700178757090257,0
368,923,LNP858,0,2140,baseline_plus_md,5,0.4700178757090257,0
369,931,LNP858,0,2140,baseline_plus_md,5,0.5109945503931309,1
130,193,LNP193,1,2141,baseline,0,0.6225750007132714,1
131,194,LNP194,1,2141,baseline,1,0.5693329171309187,1
132,195,LNP195,0,2141,baseline,2,0.9363778807997556,1
294,782,LNP782,1,2141,baseline,3,0.4692213820377993,0
357,875,LNP782,1,2141,baseline,3,0.5141863345256835,1
295,783,LNP854,0,2141,baseline,4,0.9835845003671906,1
366,911,LNP854,1,2141,baseline,4,0.48174453866036865,0
272,636,LNP858,0,2141,baseline,5,0.46070590534785494,0
288,687,LNP858,0,2141,baseline,5,0.5011398586494554,1
293,781,LNP858,1,2141,baseline,5,0.44235273074467957,0
367,922,LNP858,0,2141,baseline,5,0.44278382742577654,0
368,923,LNP858,0,2141,baseline,5,0.44278382742577654,0
369,931,LNP858,0,2141,baseline,5,0.4831726869322834,0
130,193,LNP193,1,2141,baseline_plus_md,0,0.6982196300312452,1
131,194,LNP194,1,2141,baseline_plus_md,1,0.5848818708744676,1
132,195,LNP195,0,2141,baseline_plus_md,2,0.7657127022283273,1
294,782,LNP782,1,2141,baseline_plus_md,3,0.5557731370206248,1
357,875,LNP782,1,2141,baseline_plus_md,3,0.5745218334878316,1
295,783,LNP854,0,2141,baseline_plus_md,4,0.9695315933061879,1
366,911,LNP854,1,2141,baseline_plus_md,4,0.6812925341899886,1
272,636,LNP858,0,2141,baseline_plus_md,5,0.4622811947829019,0
288,687,LNP858,0,2141,baseline_plus_md,5,0.5097771650149402,1
293,781,LNP858,1,2141,baseline_plus_md,5,0.4508600638305205,0
367,922,LNP858,0,2141,baseline_plus_md,5,0.4529918729935799,0
368,923,LNP858,0,2141,baseline_plus_md,5,0.4529918729935799,0
369,931,LNP858,0,2141,baseline_plus_md,5,0.5001180741058491,1
130,193,LNP193,1,2142,baseline,0,0.6169171477197071,1
131,194,LNP194,1,2142,baseline,1,0.5740336532966208,1
132,195,LNP195,0,2142,baseline,2,0.9168263507326005,1
294,782,LNP782,1,2142,baseline,3,0.4615944106255119,0
357,875,LNP782,1,2142,baseline,3,0.4958215875965221,0
295,783,LNP854,0,2142,baseline,4,0.9763786287378248,1
366,911,LNP854,1,2142,baseline,4,0.4810593879796943,0
272,636,LNP858,0,2142,baseline,5,0.46544998302351837,0
288,687,LNP858,0,2142,baseline,5,0.5174641453317981,1
293,781,LNP858,1,2142,baseline,5,0.44699760207113653,0
367,922,LNP858,0,2142,baseline,5,0.45050229182582663,0
368,923,LNP858,0,2142,baseline,5,0.45050229182582663,0
369,931,LNP858,0,2142,baseline,5,0.49981984518749756,0
130,193,LNP193,1,2142,baseline_plus_md,0,0.7004480965929238,1
131,194,LNP194,1,2142,baseline_plus_md,1,0.593188000928925,1
132,195,LNP195,0,2142,baseline_plus_md,2,0.7599360882173386,1
294,782,LNP782,1,2142,baseline_plus_md,3,0.565195360878851,1
357,875,LNP782,1,2142,baseline_plus_md,3,0.585290115529549,1
295,783,LNP854,0,2142,baseline_plus_md,4,0.976760645145239,1
366,911,LNP854,1,2142,baseline_plus_md,4,0.6396212346678896,1
272,636,LNP858,0,2142,baseline_plus_md,5,0.4880325833656775,0
288,687,LNP858,0,2142,baseline_plus_md,5,0.5274824351994302,1
293,781,LNP858,1,2142,baseline_plus_md,5,0.47348645241329623,0
367,922,LNP858,0,2142,baseline_plus_md,5,0.47766281424590806,0
368,923,LNP858,0,2142,baseline_plus_md,5,0.47766281424590806,0
369,931,LNP858,0,2142,baseline_plus_md,5,0.5149571826741773,1
130,193,LNP193,1,2143,baseline,0,0.6157232514179077,1
131,194,LNP194,1,2143,baseline,1,0.5772313243965744,1
132,195,LNP195,0,2143,baseline,2,0.9348026365995113,1
294,782,LNP782,1,2143,baseline,3,0.4703171898505702,0
357,875,LNP782,1,2143,baseline,3,0.503672646196048,1
295,783,LNP854,0,2143,baseline,4,0.9774063263620028,1
366,911,LNP854,1,2143,baseline,4,0.4716363016706541,0
272,636,LNP858,0,2143,baseline,5,0.45677408411424353,0
288,687,LNP858,0,2143,baseline,5,0.5075407602485666,1
293,781,LNP858,1,2143,baseline,5,0.43643678252694124,0
367,922,LNP858,0,2143,baseline,5,0.4424595097996689,0
368,923,LNP858,0,2143,baseline,5,0.4424595097996689,0
369,931,LNP858,0,2143,baseline,5,0.4924866476944537,0
130,193,LNP193,1,2143,baseline_plus_md,0,0.7085180262583419,1
131,194,LNP194,1,2143,baseline_plus_md,1,0.5672429461048537,1
132,195,LNP195,0,2143,baseline_plus_md,2,0.7762731643356642,1
294,782,LNP782,1,2143,baseline_plus_md,3,0.5594115360568033,1
357,875,LNP782,1,2143,baseline_plus_md,3,0.5771101875388299,1
295,783,LNP854,0,2143,baseline_plus_md,4,0.9636744039409794,1
366,911,LNP854,1,2143,baseline_plus_md,4,0.6636667946371495,1
272,636,LNP858,0,2143,baseline_plus_md,5,0.4798815134141256,0
288,687,LNP858,0,2143,baseline_plus_md,5,0.5303875474128065,1
293,781,LNP858,1,2143,baseline_plus_md,5,0.46361167214428406,0
367,922,LNP858,0,2143,baseline_plus_md,5,0.46504565482826676,0
368,923,LNP858,0,2143,baseline_plus_md,5,0.46504565482826676,0
369,931,LNP858,0,2143,baseline_plus_md,5,0.5144649283651872,1
130,193,LNP193,1,2144,baseline,0,0.6219142189732431,1
131,194,LNP194,1,2144,baseline,1,0.5816677370773083,1
132,195,LNP195,0,2144,baseline,2,0.9292283272283273,1
294,782,LNP782,1,2144,baseline,3,0.47582583127850187,0
357,875,LNP782,1,2144,baseline,3,0.5130294842129168,1
295,783,LNP854,0,2144,baseline,4,0.978210597661336,1
366,911,LNP854,1,2144,baseline,4,0.5156068345157372,1
272,636,LNP858,0,2144,baseline,5,0.45526346220560354,0
288,687,LNP858,0,2144,baseline,5,0.5031447271824567,1
293,781,LNP858,1,2144,baseline,5,0.43725750982465067,0
367,922,LNP858,0,2144,baseline,5,0.4441631736053147,0
368,923,LNP858,0,2144,baseline,5,0.4441631736053147,0
369,931,LNP858,0,2144,baseline,5,0.49142665358938287,0
130,193,LNP193,1,2144,baseline_plus_md,0,0.6972945372178231,1
131,194,LNP194,1,2144,baseline_plus_md,1,0.5617720628753721,1
132,195,LNP195,0,2144,baseline_plus_md,2,0.7711818528693528,1
294,782,LNP782,1,2144,baseline_plus_md,3,0.5753269271223161,1
357,875,LNP782,1,2144,baseline_plus_md,3,0.590604487889538,1
295,783,LNP854,0,2144,baseline_plus_md,4,0.9709190791509363,1
366,911,LNP854,1,2144,baseline_plus_md,4,0.6636962191737726,1
272,636,LNP858,0,2144,baseline_plus_md,5,0.46109338066810834,0
288,687,LNP858,0,2144,baseline_plus_md,5,0.5051327913348411,1
293,781,LNP858,1,2144,baseline_plus_md,5,0.4464604441601713,0
367,922,LNP858,0,2144,baseline_plus_md,5,0.4497026880274154,0
368,923,LNP858,0,2144,baseline_plus_md,5,0.4497026880274154,0
369,931,LNP858,0,2144,baseline_plus_md,5,0.49143780576485535,0
130,193,LNP193,1,2145,baseline,0,0.6145250815078865,1
131,194,LNP194,1,2145,baseline,1,0.5547728652158672,1
132,195,LNP195,0,2145,baseline,2,0.9203104967948719,1
294,782,LNP782,1,2145,baseline,3,0.47510221429060095,0
357,875,LNP782,1,2145,baseline,3,0.5157960996311766,1
295,783,LNP854,0,2145,baseline,4,0.9784531061894287,1
366,911,LNP854,1,2145,baseline,4,0.4902015653661857,0
272,636,LNP858,0,2145,baseline,5,0.46672845714246525,0
288,687,LNP858,0,2145,baseline,5,0.513994732533741,1
293,781,LNP858,1,2145,baseline,5,0.4500121873011949,0
367,922,LNP858,0,2145,baseline,5,0.45504375295776095,0
368,923,LNP858,0,2145,baseline,5,0.45504375295776095,0
369,931,LNP858,0,2145,baseline,5,0.5015930370070452,1
130,193,LNP193,1,2145,baseline_plus_md,0,0.6845214664664779,1
131,194,LNP194,1,2145,baseline_plus_md,1,0.561723723770578,1
132,195,LNP195,0,2145,baseline_plus_md,2,0.7733536515567765,1
294,782,LNP782,1,2145,baseline_plus_md,3,0.5637533052413762,1
357,875,LNP782,1,2145,baseline_plus_md,3,0.5823200536279015,1
295,783,LNP854,0,2145,baseline_plus_md,4,0.9736662057400451,1
366,911,LNP854,1,2145,baseline_plus_md,4,0.6675545999194284,1
272,636,LNP858,0,2145,baseline_plus_md,5,0.4734014133049202,0
288,687,LNP858,0,2145,baseline_plus_md,5,0.5226525749399826,1
293,781,LNP858,1,2145,baseline_plus_md,5,0.46164546092396747,0
367,922,LNP858,0,2145,baseline_plus_md,5,0.4576312112847179,0
368,923,LNP858,0,2145,baseline_plus_md,5,0.4576312112847179,0
369,931,LNP858,0,2145,baseline_plus_md,5,0.5081089241463315,1
130,193,LNP193,1,2146,baseline,0,0.6094396825830289,1
131,194,LNP194,1,2146,baseline,1,0.5712707061328082,1
132,195,LNP195,0,2146,baseline,2,0.9222421644940024,1
294,782,LNP782,1,2146,baseline,3,0.47105802076664,0
357,875,LNP782,1,2146,baseline,3,0.5064474202722383,1
295,783,LNP854,0,2146,baseline,4,0.9736274405711804,1
366,911,LNP854,1,2146,baseline,4,0.459383987307151,0
272,636,LNP858,0,2146,baseline,5,0.45772412991243494,0
288,687,LNP858,0,2146,baseline,5,0.5158829645418578,1
293,781,LNP858,1,2146,baseline,5,0.4343610346743388,0
367,922,LNP858,0,2146,baseline,5,0.4382616479499525,0
368,923,LNP858,0,2146,baseline,5,0.4382616479499525,0
369,931,LNP858,0,2146,baseline,5,0.49658282024171313,0
130,193,LNP193,1,2146,baseline_plus_md,0,0.6975539438172769,1
131,194,LNP194,1,2146,baseline_plus_md,1,0.5740191558226466,1
132,195,LNP195,0,2146,baseline_plus_md,2,0.7712638888888886,1
294,782,LNP782,1,2146,baseline_plus_md,3,0.5735705485559045,1
357,875,LNP782,1,2146,baseline_plus_md,3,0.5858120412293887,1
295,783,LNP854,0,2146,baseline_plus_md,4,0.972842551550471,1
366,911,LNP854,1,2146,baseline_plus_md,4,0.6247337498468403,1
272,636,LNP858,0,2146,baseline_plus_md,5,0.4862061911962046,0
288,687,LNP858,0,2146,baseline_plus_md,5,0.5270516284387008,1
293,781,LNP858,1,2146,baseline_plus_md,5,0.47235450468826784,0
367,922,LNP858,0,2146,baseline_plus_md,5,0.47554782178783506,0
368,923,LNP858,0,2146,baseline_plus_md,5,0.47554782178783506,0
369,931,LNP858,0,2146,baseline_plus_md,5,0.5157799834170556,1
130,193,LNP193,1,2147,baseline,0,0.614823540475449,1
131,194,LNP194,1,2147,baseline,1,0.5806659913899432,1
132,195,LNP195,0,2147,baseline,2,0.9424172491111826,1
294,782,LNP782,1,2147,baseline,3,0.46748261843104116,0
357,875,LNP782,1,2147,baseline,3,0.502340142626608,1
295,783,LNP854,0,2147,baseline,4,0.9793161766196519,1
366,911,LNP854,1,2147,baseline,4,0.46591622743048705,0
272,636,LNP858,0,2147,baseline,5,0.4537983755375118,0
288,687,LNP858,0,2147,baseline,5,0.49637001957974425,0
293,781,LNP858,1,2147,baseline,5,0.4351475818867175,0
367,922,LNP858,0,2147,baseline,5,0.4388560955952316,0
368,923,LNP858,0,2147,baseline,5,0.4388560955952316,0
369,931,LNP858,0,2147,baseline,5,0.4800027757125001,0
130,193,LNP193,1,2147,baseline_plus_md,0,0.6894867883505303,1
131,194,LNP194,1,2147,baseline_plus_md,1,0.5677891246127152,1
132,195,LNP195,0,2147,baseline_plus_md,2,0.7932571924603168,1
294,782,LNP782,1,2147,baseline_plus_md,3,0.5722402816638517,1
357,875,LNP782,1,2147,baseline_plus_md,3,0.5927638309139512,1
295,783,LNP854,0,2147,baseline_plus_md,4,0.9689651588422512,1
366,911,LNP854,1,2147,baseline_plus_md,4,0.6771762149843693,1
272,636,LNP858,0,2147,baseline_plus_md,5,0.4753272351937672,0
288,687,LNP858,0,2147,baseline_plus_md,5,0.5127070938971552,1
293,781,LNP858,1,2147,baseline_plus_md,5,0.46364568757471913,0
367,922,LNP858,0,2147,baseline_plus_md,5,0.46451374313027494,0
368,923,LNP858,0,2147,baseline_plus_md,5,0.46451374313027494,0
369,931,LNP858,0,2147,baseline_plus_md,5,0.5013524762925373,1
130,193,LNP193,1,2148,baseline,0,0.6210076753118746,1
131,194,LNP194,1,2148,baseline,1,0.570109551784939,1
132,195,LNP195,0,2148,baseline,2,0.9191424755799755,1
294,782,LNP782,1,2148,baseline,3,0.4663837380498922,0
357,875,LNP782,1,2148,baseline,3,0.5112490683806264,1
295,783,LNP854,0,2148,baseline,4,0.9749805496437716,1
366,911,LNP854,1,2148,baseline,4,0.49249445524088353,0
272,636,LNP858,0,2148,baseline,5,0.46818980767031204,0
288,687,LNP858,0,2148,baseline,5,0.5204628614139539,1
293,781,LNP858,1,2148,baseline,5,0.4377830616385652,0
367,922,LNP858,0,2148,baseline,5,0.4478416835721876,0
368,923,LNP858,0,2148,baseline,5,0.4478416835721876,0
369,931,LNP858,0,2148,baseline,5,0.4972197156708079,0
130,193,LNP193,1,2148,baseline_plus_md,0,0.6947415891203198,1
131,194,LNP194,1,2148,baseline_plus_md,1,0.5652051338367376,1
132,195,LNP195,0,2148,baseline_plus_md,2,0.7860802909304748,1
294,782,LNP782,1,2148,baseline_plus_md,3,0.5682642297252509,1
357,875,LNP782,1,2148,baseline_plus_md,3,0.5830888111636239,1
295,783,LNP854,0,2148,baseline_plus_md,4,0.9777987258812404,1
366,911,LNP854,1,2148,baseline_plus_md,4,0.6588131532937903,1
272,636,LNP858,0,2148,baseline_plus_md,5,0.4814884127114527,0
288,687,LNP858,0,2148,baseline_plus_md,5,0.5217176934496345,1
293,781,LNP858,1,2148,baseline_plus_md,5,0.4716917857273254,0
367,922,LNP858,0,2148,baseline_plus_md,5,0.4631217099697496,0
368,923,LNP858,0,2148,baseline_plus_md,5,0.4631217099697496,0
369,931,LNP858,0,2148,baseline_plus_md,5,0.5047173326992733,1
130,193,LNP193,1,2149,baseline,0,0.6165050177684425,1
131,194,LNP194,1,2149,baseline,1,0.5556359325008061,1
132,195,LNP195,0,2149,baseline,2,0.9259947613660852,1
294,782,LNP782,1,2149,baseline,3,0.4721333974630725,0
357,875,LNP782,1,2149,baseline,3,0.505825819347498,1
295,783,LNP854,0,2149,baseline,4,0.9826565159799004,1
366,911,LNP854,1,2149,baseline,4,0.4736051950120158,0
272,636,LNP858,0,2149,baseline,5,0.45323526058341246,0
288,687,LNP858,0,2149,baseline,5,0.5029320711258112,1
293,781,LNP858,1,2149,baseline,5,0.4331459748691258,0
367,922,LNP858,0,2149,baseline,5,0.4379078796310312,0
368,923,LNP858,0,2149,baseline,5,0.4379078796310312,0
369,931,LNP858,0,2149,baseline,5,0.4873837305774704,0
130,193,LNP193,1,2149,baseline_plus_md,0,0.6888278558116144,1
131,194,LNP194,1,2149,baseline_plus_md,1,0.5818261700829942,1
132,195,LNP195,0,2149,baseline_plus_md,2,0.7796052350427352,1
294,782,LNP782,1,2149,baseline_plus_md,3,0.5717954646813048,1
357,875,LNP782,1,2149,baseline_plus_md,3,0.5886854183559319,1
295,783,LNP854,0,2149,baseline_plus_md,4,0.9752354700970539,1
366,911,LNP854,1,2149,baseline_plus_md,4,0.6885028796607786,1
272,636,LNP858,0,2149,baseline_plus_md,5,0.46696994202599684,0
288,687,LNP858,0,2149,baseline_plus_md,5,0.5174563246234475,1
293,781,LNP858,1,2149,baseline_plus_md,5,0.45832658885139343,0
367,922,LNP858,0,2149,baseline_plus_md,5,0.4598902161962707,0
368,923,LNP858,0,2149,baseline_plus_md,5,0.4598902161962707,0
369,931,LNP858,0,2149,baseline_plus_md,5,0.5080272120693347,1
130,193,LNP193,1,2150,baseline,0,0.615260497150195,1
131,194,LNP194,1,2150,baseline,1,0.5710098854188119,1
132,195,LNP195,0,2150,baseline,2,0.9391501640720389,1
294,782,LNP782,1,2150,baseline,3,0.4698165335809941,0
357,875,LNP782,1,2150,baseline,3,0.5161854431636054,1
295,783,LNP854,0,2150,baseline,4,0.9791700737054437,1
366,911,LNP854,1,2150,baseline,4,0.4934973755265694,0
272,636,LNP858,0,2150,baseline,5,0.462516808106648,0
288,687,LNP858,0,2150,baseline,5,0.505670855856284,1
293,781,LNP858,1,2150,baseline,5,0.44282434778918706,0
367,922,LNP858,0,2150,baseline,5,0.44352871286855217,0
368,923,LNP858,0,2150,baseline,5,0.44352871286855217,0
369,931,LNP858,0,2150,baseline,5,0.4833683666787943,0
130,193,LNP193,1,2150,baseline_plus_md,0,0.7082231209546636,1
131,194,LNP194,1,2150,baseline_plus_md,1,0.5695061087004973,1
132,195,LNP195,0,2150,baseline_plus_md,2,0.8000979763700344,1
294,782,LNP782,1,2150,baseline_plus_md,3,0.5551721520088083,1
357,875,LNP782,1,2150,baseline_plus_md,3,0.5737744608177718,1
295,783,LNP854,0,2150,baseline_plus_md,4,0.9760920691166975,1
366,911,LNP854,1,2150,baseline_plus_md,4,0.6615208517461741,1
272,636,LNP858,0,2150,baseline_plus_md,5,0.48666558257732107,0
288,687,LNP858,0,2150,baseline_plus_md,5,0.5207461509167903,1
293,781,LNP858,1,2150,baseline_plus_md,5,0.47569088019636835,0
367,922,LNP858,0,2150,baseline_plus_md,5,0.4736055176422559,0
368,923,LNP858,0,2150,baseline_plus_md,5,0.4736055176422559,0
369,931,LNP858,0,2150,baseline_plus_md,5,0.507293769964409,1
130,193,LNP193,1,2151,baseline,0,0.6124429139977206,1
131,194,LNP194,1,2151,baseline,1,0.5649271525145356,1
132,195,LNP195,0,2151,baseline,2,0.9202322764041511,1
294,782,LNP782,1,2151,baseline,3,0.46322277095437053,0
357,875,LNP782,1,2151,baseline,3,0.4964702217809833,0
295,783,LNP854,0,2151,baseline,4,0.9815560730214831,1
366,911,LNP854,1,2151,baseline,4,0.4811773075421966,0
272,636,LNP858,0,2151,baseline,5,0.4558388359651203,0
288,687,LNP858,0,2151,baseline,5,0.5107481423450149,1
293,781,LNP858,1,2151,baseline,5,0.4373368518381355,0
367,922,LNP858,0,2151,baseline,5,0.44150261662890067,0
368,923,LNP858,0,2151,baseline,5,0.44150261662890067,0
369,931,LNP858,0,2151,baseline,5,0.4960421538890261,0
130,193,LNP193,1,2151,baseline_plus_md,0,0.6897983457835325,1
131,194,LNP194,1,2151,baseline_plus_md,1,0.5733401192257412,1
132,195,LNP195,0,2151,baseline_plus_md,2,0.7636896367521363,1
294,782,LNP782,1,2151,baseline_plus_md,3,0.5712871045592265,1
357,875,LNP782,1,2151,baseline_plus_md,3,0.59335645410248,1
295,783,LNP854,0,2151,baseline_plus_md,4,0.9717289607138048,1
366,911,LNP854,1,2151,baseline_plus_md,4,0.7122680089143337,1
272,636,LNP858,0,2151,baseline_plus_md,5,0.4782683658244208,0
288,687,LNP858,0,2151,baseline_plus_md,5,0.5120963047413688,1
293,781,LNP858,1,2151,baseline_plus_md,5,0.46387104439584903,0
367,922,LNP858,0,2151,baseline_plus_md,5,0.462377312433367,0
368,923,LNP858,0,2151,baseline_plus_md,5,0.462377312433367,0
369,931,LNP858,0,2151,baseline_plus_md,5,0.4942481806432444,0
130,193,LNP193,1,2152,baseline,0,0.6090598448007439,1
131,194,LNP194,1,2152,baseline,1,0.5729504530270365,1
132,195,LNP195,0,2152,baseline,2,0.9174532585470083,1
294,782,LNP782,1,2152,baseline,3,0.4742153632104029,0
357,875,LNP782,1,2152,baseline,3,0.5104446266908984,1
295,783,LNP854,0,2152,baseline,4,0.9804820123544395,1
366,911,LNP854,1,2152,baseline,4,0.480737023765939,0
272,636,LNP858,0,2152,baseline,5,0.4607105887860421,0
288,687,LNP858,0,2152,baseline,5,0.511992354406043,1
293,781,LNP858,1,2152,baseline,5,0.43670265227810495,0
367,922,LNP858,0,2152,baseline,5,0.44309334491879787,0
368,923,LNP858,0,2152,baseline,5,0.44309334491879787,0
369,931,LNP858,0,2152,baseline,5,0.4933650095286979,0
130,193,LNP193,1,2152,baseline_plus_md,0,0.6958908414800203,1
131,194,LNP194,1,2152,baseline_plus_md,1,0.5653875785956783,1
132,195,LNP195,0,2152,baseline_plus_md,2,0.7744737866300369,1
294,782,LNP782,1,2152,baseline_plus_md,3,0.5758881338211707,1
357,875,LNP782,1,2152,baseline_plus_md,3,0.5871231136209413,1
295,783,LNP854,0,2152,baseline_plus_md,4,0.9781938351692868,1
366,911,LNP854,1,2152,baseline_plus_md,4,0.6668766362673633,1
272,636,LNP858,0,2152,baseline_plus_md,5,0.4698788244905059,0
288,687,LNP858,0,2152,baseline_plus_md,5,0.5089899197935518,1
293,781,LNP858,1,2152,baseline_plus_md,5,0.4567711856016168,0
367,922,LNP858,0,2152,baseline_plus_md,5,0.45488243199411316,0
368,923,LNP858,0,2152,baseline_plus_md,5,0.45488243199411316,0
369,931,LNP858,0,2152,baseline_plus_md,5,0.49459778415141586,0
130,193,LNP193,1,2153,baseline,0,0.6156768764121826,1
131,194,LNP194,1,2153,baseline,1,0.5752399039980508,1
132,195,LNP195,0,2153,baseline,2,0.9275796523737699,1
294,782,LNP782,1,2153,baseline,3,0.47803470194380365,0
357,875,LNP782,1,2153,baseline,3,0.5115057061608879,1
295,783,LNP854,0,2153,baseline,4,0.9819600649945538,1
366,911,LNP854,1,2153,baseline,4,0.463132966516751,0
272,636,LNP858,0,2153,baseline,5,0.45743104685880176,0
288,687,LNP858,0,2153,baseline,5,0.5003137156605884,1
293,781,LNP858,1,2153,baseline,5,0.43620088812864233,0
367,922,LNP858,0,2153,baseline,5,0.44731019548795026,0
368,923,LNP858,0,2153,baseline,5,0.44731019548795026,0
369,931,LNP858,0,2153,baseline,5,0.4898005482724207,0
130,193,LNP193,1,2153,baseline_plus_md,0,0.6946359842083661,1
131,194,LNP194,1,2153,baseline_plus_md,1,0.5775425140179987,1
132,195,LNP195,0,2153,baseline_plus_md,2,0.7884791892135641,1
294,782,LNP782,1,2153,baseline_plus_md,3,0.5660842254515603,1
357,875,LNP782,1,2153,baseline_plus_md,3,0.582437365810859,1
295,783,LNP854,0,2153,baseline_plus_md,4,0.9746331252870641,1
366,911,LNP854,1,2153,baseline_plus_md,4,0.6685643938082204,1
272,636,LNP858,0,2153,baseline_plus_md,5,0.47574335509168947,0
288,687,LNP858,0,2153,baseline_plus_md,5,0.5203109873218603,1
293,781,LNP858,1,2153,baseline_plus_md,5,0.46016795826629237,0
367,922,LNP858,0,2153,baseline_plus_md,5,0.4573847692331033,0
368,923,LNP858,0,2153,baseline_plus_md,5,0.4573847692331033,0
369,931,LNP858,0,2153,baseline_plus_md,5,0.501582632343505,1
130,193,LNP193,1,2154,baseline,0,0.6174877792111014,1
131,194,LNP194,1,2154,baseline,1,0.5768816347278743,1
132,195,LNP195,0,2154,baseline,2,0.939653928077641,1
294,782,LNP782,1,2154,baseline,3,0.4709906259004009,0
357,875,LNP782,1,2154,baseline,3,0.504590907778432,1
295,783,LNP854,0,2154,baseline,4,0.9758821810875689,1
366,911,LNP854,1,2154,baseline,4,0.4808585676982932,0
272,636,LNP858,0,2154,baseline,5,0.45761145929944486,0
288,687,LNP858,0,2154,baseline,5,0.5029481487537814,1
293,781,LNP858,1,2154,baseline,5,0.43667891961690436,0
367,922,LNP858,0,2154,baseline,5,0.44429706536005065,0
368,923,LNP858,0,2154,baseline,5,0.44429706536005065,0
369,931,LNP858,0,2154,baseline,5,0.49073404341467575,0
130,193,LNP193,1,2154,baseline_plus_md,0,0.6953371966833214,1
131,194,LNP194,1,2154,baseline_plus_md,1,0.5567649637004433,1
132,195,LNP195,0,2154,baseline_plus_md,2,0.7656813759157508,1
294,782,LNP782,1,2154,baseline_plus_md,3,0.5616568246963183,1
357,875,LNP782,1,2154,baseline_plus_md,3,0.5784214304204764,1
295,783,LNP854,0,2154,baseline_plus_md,4,0.9721569318914881,1
366,911,LNP854,1,2154,baseline_plus_md,4,0.6654858668923371,1
272,636,LNP858,0,2154,baseline_plus_md,5,0.4745389761382443,0
288,687,LNP858,0,2154,baseline_plus_md,5,0.5084943589906858,1
293,781,LNP858,1,2154,baseline_plus_md,5,0.4646431428049108,0
367,922,LNP858,0,2154,baseline_plus_md,5,0.46312303097229884,0
368,923,LNP858,0,2154,baseline_plus_md,5,0.46312303097229884,0
369,931,LNP858,0,2154,baseline_plus_md,5,0.4974030891494159,0
130,193,LNP193,1,2155,baseline,0,0.6182680470594639,1
131,194,LNP194,1,2155,baseline,1,0.571916150170785,1
132,195,LNP195,0,2155,baseline,2,0.9214071421837966,1
294,782,LNP782,1,2155,baseline,3,0.46957899908418077,0
357,875,LNP782,1,2155,baseline,3,0.5096044146429186,1
295,783,LNP854,0,2155,baseline,4,0.9850833871353865,1
366,911,LNP854,1,2155,baseline,4,0.474183930944408,0
272,636,LNP858,0,2155,baseline,5,0.45893145750243536,0
288,687,LNP858,0,2155,baseline,5,0.509855023315707,1
293,781,LNP858,1,2155,baseline,5,0.4420663781373554,0
367,922,LNP858,0,2155,baseline,5,0.4457974387434164,0
368,923,LNP858,0,2155,baseline,5,0.4457974387434164,0
369,931,LNP858,0,2155,baseline,5,0.49677962649030993,0
130,193,LNP193,1,2155,baseline_plus_md,0,0.6926648657281368,1
131,194,LNP194,1,2155,baseline_plus_md,1,0.5718174219158068,1
132,195,LNP195,0,2155,baseline_plus_md,2,0.7858998924890467,1
294,782,LNP782,1,2155,baseline_plus_md,3,0.5700658959707517,1
357,875,LNP782,1,2155,baseline_plus_md,3,0.5843874151874188,1
295,783,LNP854,0,2155,baseline_plus_md,4,0.9783839735556538,1
366,911,LNP854,1,2155,baseline_plus_md,4,0.6638005594117118,1
272,636,LNP858,0,2155,baseline_plus_md,5,0.4776820653840856,0
288,687,LNP858,0,2155,baseline_plus_md,5,0.521996374655825,1
293,781,LNP858,1,2155,baseline_plus_md,5,0.46760022014599,0
367,922,LNP858,0,2155,baseline_plus_md,5,0.46438119958321933,0
368,923,LNP858,0,2155,baseline_plus_md,5,0.46438119958321933,0
369,931,LNP858,0,2155,baseline_plus_md,5,0.5089750903845404,1
130,193,LNP193,1,2156,baseline,0,0.6120474790109456,1
131,194,LNP194,1,2156,baseline,1,0.5729812286525062,1
132,195,LNP195,0,2156,baseline,2,0.9324075574139912,1
294,782,LNP782,1,2156,baseline,3,0.46856696760990973,0
357,875,LNP782,1,2156,baseline,3,0.5069628447127837,1
295,783,LNP854,0,2156,baseline,4,0.9849380670896608,1
366,911,LNP854,1,2156,baseline,4,0.4728881426791622,0
272,636,LNP858,0,2156,baseline,5,0.4653418081279391,0
288,687,LNP858,0,2156,baseline,5,0.5146352230463539,1
293,781,LNP858,1,2156,baseline,5,0.4408874430485734,0
367,922,LNP858,0,2156,baseline,5,0.4490999250110558,0
368,923,LNP858,0,2156,baseline,5,0.4490999250110558,0
369,931,LNP858,0,2156,baseline,5,0.4971081667692973,0
130,193,LNP193,1,2156,baseline_plus_md,0,0.6923744529957611,1
131,194,LNP194,1,2156,baseline_plus_md,1,0.5777846903210149,1
132,195,LNP195,0,2156,baseline_plus_md,2,0.7678277815934068,1
294,782,LNP782,1,2156,baseline_plus_md,3,0.5621732033201493,1
357,875,LNP782,1,2156,baseline_plus_md,3,0.5790981727202432,1
295,783,LNP854,0,2156,baseline_plus_md,4,0.976064271511089,1
366,911,LNP854,1,2156,baseline_plus_md,4,0.6587166836657079,1
272,636,LNP858,0,2156,baseline_plus_md,5,0.47840137322445164,0
288,687,LNP858,0,2156,baseline_plus_md,5,0.5195887419273002,1
293,781,LNP858,1,2156,baseline_plus_md,5,0.46188351608159406,0
367,922,LNP858,0,2156,baseline_plus_md,5,0.4601474049704832,0
368,923,LNP858,0,2156,baseline_plus_md,5,0.4601474049704832,0
369,931,LNP858,0,2156,baseline_plus_md,5,0.5016143552029132,1
130,193,LNP193,1,2157,baseline,0,0.6170408468227557,1
131,194,LNP194,1,2157,baseline,1,0.5662493836965161,1
132,195,LNP195,0,2157,baseline,2,0.9176705395299146,1
294,782,LNP782,1,2157,baseline,3,0.4615575358606085,0
357,875,LNP782,1,2157,baseline,3,0.49374645555895413,0
295,783,LNP854,0,2157,baseline,4,0.9819406623842107,1
366,911,LNP854,1,2157,baseline,4,0.4640694347945072,0
272,636,LNP858,0,2157,baseline,5,0.46049347338510344,0
288,687,LNP858,0,2157,baseline,5,0.5077523419675015,1
293,781,LNP858,1,2157,baseline,5,0.44099942576605516,0
367,922,LNP858,0,2157,baseline,5,0.4433542237458535,0
368,923,LNP858,0,2157,baseline,5,0.4433542237458535,0
369,931,LNP858,0,2157,baseline,5,0.48880934052449965,0
130,193,LNP193,1,2157,baseline_plus_md,0,0.6933230674441029,1
131,194,LNP194,1,2157,baseline_plus_md,1,0.5949204044166796,1
132,195,LNP195,0,2157,baseline_plus_md,2,0.777302331349206,1
294,782,LNP782,1,2157,baseline_plus_md,3,0.5662180311272781,1
357,875,LNP782,1,2157,baseline_plus_md,3,0.5827291532988308,1
295,783,LNP854,0,2157,baseline_plus_md,4,0.9723494521934868,1
366,911,LNP854,1,2157,baseline_plus_md,4,0.6611177568642644,1
272,636,LNP858,0,2157,baseline_plus_md,5,0.49607646427789925,0
288,687,LNP858,0,2157,baseline_plus_md,5,0.5453114104033252,1
293,781,LNP858,1,2157,baseline_plus_md,5,0.4805258690398037,0
367,922,LNP858,0,2157,baseline_plus_md,5,0.4874004181018528,0
368,923,LNP858,0,2157,baseline_plus_md,5,0.4874004181018528,0
369,931,LNP858,0,2157,baseline_plus_md,5,0.5363693108362254,1
130,193,LNP193,1,2158,baseline,0,0.6095449541849149,1
131,194,LNP194,1,2158,baseline,1,0.5790154198412221,1
132,195,LNP195,0,2158,baseline,2,0.9375432007738993,1
294,782,LNP782,1,2158,baseline,3,0.469372184463846,0
357,875,LNP782,1,2158,baseline,3,0.5051101526561665,1
295,783,LNP854,0,2158,baseline,4,0.979510681373761,1
366,911,LNP854,1,2158,baseline,4,0.5075162084420564,1
272,636,LNP858,0,2158,baseline,5,0.4690546466889237,0
288,687,LNP858,0,2158,baseline,5,0.524768703873569,1
293,781,LNP858,1,2158,baseline,5,0.4398879800222561,0
367,922,LNP858,0,2158,baseline,5,0.4476765803108567,0
368,923,LNP858,0,2158,baseline,5,0.4476765803108567,0
369,931,LNP858,0,2158,baseline,5,0.501117910222775,1
130,193,LNP193,1,2158,baseline_plus_md,0,0.6975994461779307,1
131,194,LNP194,1,2158,baseline_plus_md,1,0.5514872921952666,1
132,195,LNP195,0,2158,baseline_plus_md,2,0.759837797619048,1
294,782,LNP782,1,2158,baseline_plus_md,3,0.5680484710173223,1
357,875,LNP782,1,2158,baseline_plus_md,3,0.5819762768166956,1
295,783,LNP854,0,2158,baseline_plus_md,4,0.9779254796788538,1
366,911,LNP854,1,2158,baseline_plus_md,4,0.6610788949905132,1
272,636,LNP858,0,2158,baseline_plus_md,5,0.4754373434349739,0
288,687,LNP858,0,2158,baseline_plus_md,5,0.5091445534076637,1
293,781,LNP858,1,2158,baseline_plus_md,5,0.4672528196254499,0
367,922,LNP858,0,2158,baseline_plus_md,5,0.46669996969759997,0
368,923,LNP858,0,2158,baseline_plus_md,5,0.46669996969759997,0
369,931,LNP858,0,2158,baseline_plus_md,5,0.4981254336385436,0
130,193,LNP193,1,2159,baseline,0,0.6203843998062551,1
131,194,LNP194,1,2159,baseline,1,0.5699309152569455,1
132,195,LNP195,0,2159,baseline,2,0.9192518113014436,1
294,782,LNP782,1,2159,baseline,3,0.4686454430805256,0
357,875,LNP782,1,2159,baseline,3,0.5068831621287625,1
295,783,LNP854,0,2159,baseline,4,0.9819341235892154,1
366,911,LNP854,1,2159,baseline,4,0.46167415979282317,0
272,636,LNP858,0,2159,baseline,5,0.46576355088504023,0
288,687,LNP858,0,2159,baseline,5,0.4999876601091496,0
293,781,LNP858,1,2159,baseline,5,0.4413587889802777,0
367,922,LNP858,0,2159,baseline,5,0.44651571538720425,0
368,923,LNP858,0,2159,baseline,5,0.44651571538720425,0
369,931,LNP858,0,2159,baseline,5,0.4814703440918329,0
130,193,LNP193,1,2159,baseline_plus_md,0,0.694165918759781,1
131,194,LNP194,1,2159,baseline_plus_md,1,0.5762922513638538,1
132,195,LNP195,0,2159,baseline_plus_md,2,0.7764073946886448,1
294,782,LNP782,1,2159,baseline_plus_md,3,0.5671853259454211,1
357,875,LNP782,1,2159,baseline_plus_md,3,0.5828523961905305,1
295,783,LNP854,0,2159,baseline_plus_md,4,0.9763242343213495,1
366,911,LNP854,1,2159,baseline_plus_md,4,0.6606847141253036,1
272,636,LNP858,0,2159,baseline_plus_md,5,0.480837127829324,0
288,687,LNP858,0,2159,baseline_plus_md,5,0.527605235237911,1
293,781,LNP858,1,2159,baseline_plus_md,5,0.4662537944959903,0
367,922,LNP858,0,2159,baseline_plus_md,5,0.47361310185529776,0
368,923,LNP858,0,2159,baseline_plus_md,5,0.47361310185529776,0
369,931,LNP858,0,2159,baseline_plus_md,5,0.5188976234052991,1
130,193,LNP193,1,2160,baseline,0,0.6129911048840906,1
131,194,LNP194,1,2160,baseline,1,0.5844059132818625,1
132,195,LNP195,0,2160,baseline,2,0.9331253535067873,1
294,782,LNP782,1,2160,baseline,3,0.47284353460311984,0
357,875,LNP782,1,2160,baseline,3,0.501829363477506,1
295,783,LNP854,0,2160,baseline,4,0.980154023419844,1
366,911,LNP854,1,2160,baseline,4,0.4902614345236247,0
272,636,LNP858,0,2160,baseline,5,0.4550026710288918,0
288,687,LNP858,0,2160,baseline,5,0.5133082135256108,1
293,781,LNP858,1,2160,baseline,5,0.4352606075368275,0
367,922,LNP858,0,2160,baseline,5,0.44119855847477896,0
368,923,LNP858,0,2160,baseline,5,0.44119855847477896,0
369,931,LNP858,0,2160,baseline,5,0.5008839711013681,1
130,193,LNP193,1,2160,baseline_plus_md,0,0.6946847181660532,1
131,194,LNP194,1,2160,baseline_plus_md,1,0.5787471232527708,1
132,195,LNP195,0,2160,baseline_plus_md,2,0.7504884958791211,1
294,782,LNP782,1,2160,baseline_plus_md,3,0.5606672044988561,1
357,875,LNP782,1,2160,baseline_plus_md,3,0.5785940085032439,1
295,783,LNP854,0,2160,baseline_plus_md,4,0.9700759133872213,1
366,911,LNP854,1,2160,baseline_plus_md,4,0.6770060613046627,1
272,636,LNP858,0,2160,baseline_plus_md,5,0.48713338522801825,0
288,687,LNP858,0,2160,baseline_plus_md,5,0.5340227785144702,1
293,781,LNP858,1,2160,baseline_plus_md,5,0.47473259157722425,0
367,922,LNP858,0,2160,baseline_plus_md,5,0.4780983924430252,0
368,923,LNP858,0,2160,baseline_plus_md,5,0.4780983924430252,0
369,931,LNP858,0,2160,baseline_plus_md,5,0.5225076269993186,1
130,193,LNP193,1,2161,baseline,0,0.6218358063694749,1
131,194,LNP194,1,2161,baseline,1,0.5688336133461906,1
132,195,LNP195,0,2161,baseline,2,0.9231144879426132,1
294,782,LNP782,1,2161,baseline,3,0.46705007126001974,0
357,875,LNP782,1,2161,baseline,3,0.5012067574363096,1
295,783,LNP854,0,2161,baseline,4,0.9852969327780534,1
366,911,LNP854,1,2161,baseline,4,0.47235918747626043,0
272,636,LNP858,0,2161,baseline,5,0.4551651602163166,0
288,687,LNP858,0,2161,baseline,5,0.496807300755516,0
293,781,LNP858,1,2161,baseline,5,0.43066119196234764,0
367,922,LNP858,0,2161,baseline,5,0.4368399437660998,0
368,923,LNP858,0,2161,baseline,5,0.4368399437660998,0
369,931,LNP858,0,2161,baseline,5,0.47856325313646814,0
130,193,LNP193,1,2161,baseline_plus_md,0,0.6931527672243196,1
131,194,LNP194,1,2161,baseline_plus_md,1,0.5981640952557686,1
132,195,LNP195,0,2161,baseline_plus_md,2,0.7524739392551898,1
294,782,LNP782,1,2161,baseline_plus_md,3,0.5652152131123861,1
357,875,LNP782,1,2161,baseline_plus_md,3,0.5833001498306987,1
295,783,LNP854,0,2161,baseline_plus_md,4,0.9740401142401975,1
366,911,LNP854,1,2161,baseline_plus_md,4,0.6651233288190527,1
272,636,LNP858,0,2161,baseline_plus_md,5,0.46533547296497296,0
288,687,LNP858,0,2161,baseline_plus_md,5,0.5085444784417803,1
293,781,LNP858,1,2161,baseline_plus_md,5,0.4478131515364012,0
367,922,LNP858,0,2161,baseline_plus_md,5,0.4533892247687244,0
368,923,LNP858,0,2161,baseline_plus_md,5,0.4533892247687244,0
369,931,LNP858,0,2161,baseline_plus_md,5,0.49350479590209756,0
130,193,LNP193,1,2162,baseline,0,0.6104319054476742,1
131,194,LNP194,1,2162,baseline,1,0.5602399492721442,1
132,195,LNP195,0,2162,baseline,2,0.9305542155964952,1
294,782,LNP782,1,2162,baseline,3,0.4765680015920066,0
357,875,LNP782,1,2162,baseline,3,0.5079706194494531,1
295,783,LNP854,0,2162,baseline,4,0.9847236589977989,1
366,911,LNP854,1,2162,baseline,4,0.4917823504597002,0
272,636,LNP858,0,2162,baseline,5,0.46368028249103005,0
288,687,LNP858,0,2162,baseline,5,0.5113509941323297,1
293,781,LNP858,1,2162,baseline,5,0.4412596475703946,0
367,922,LNP858,0,2162,baseline,5,0.4486577355934828,0
368,923,LNP858,0,2162,baseline,5,0.4486577355934828,0
369,931,LNP858,0,2162,baseline,5,0.49494857710491225,0
130,193,LNP193,1,2162,baseline_plus_md,0,0.7175373442205141,1
131,194,LNP194,1,2162,baseline_plus_md,1,0.5852975544330682,1
132,195,LNP195,0,2162,baseline_plus_md,2,0.7953104967948712,1
294,782,LNP782,1,2162,baseline_plus_md,3,0.5669249630372029,1
357,875,LNP782,1,2162,baseline_plus_md,3,0.5880670020587896,1
295,783,LNP854,0,2162,baseline_plus_md,4,0.9761486095837684,1
366,911,LNP854,1,2162,baseline_plus_md,4,0.6616078294607551,1
272,636,LNP858,0,2162,baseline_plus_md,5,0.4742717477880813,0
288,687,LNP858,0,2162,baseline_plus_md,5,0.5121944318291863,1
293,781,LNP858,1,2162,baseline_plus_md,5,0.4610525017563349,0
367,922,LNP858,0,2162,baseline_plus_md,5,0.4583806943970273,0
368,923,LNP858,0,2162,baseline_plus_md,5,0.4583806943970273,0
369,931,LNP858,0,2162,baseline_plus_md,5,0.4950407521755063,0
130,193,LNP193,1,2163,baseline,0,0.6165537950616394,1
131,194,LNP194,1,2163,baseline,1,0.5862570000949452,1
132,195,LNP195,0,2163,baseline,2,0.9404090354090353,1
294,782,LNP782,1,2163,baseline,3,0.46688697570415016,0
357,875,LNP782,1,2163,baseline,3,0.5038549483547675,1
295,783,LNP854,0,2163,baseline,4,0.9799500087156556,1
366,911,LNP854,1,2163,baseline,4,0.5179199343147226,1
272,636,LNP858,0,2163,baseline,5,0.46356263355145005,0
288,687,LNP858,0,2163,baseline,5,0.5167546621111256,1
293,781,LNP858,1,2163,baseline,5,0.44119160180541767,0
367,922,LNP858,0,2163,baseline,5,0.4487917100305262,0
368,923,LNP858,0,2163,baseline,5,0.4487917100305262,0
369,931,LNP858,0,2163,baseline,5,0.49965689876336206,0
130,193,LNP193,1,2163,baseline_plus_md,0,0.7052790838131042,1
131,194,LNP194,1,2163,baseline_plus_md,1,0.5708499216588525,1
132,195,LNP195,0,2163,baseline_plus_md,2,0.7948049450549444,1
294,782,LNP782,1,2163,baseline_plus_md,3,0.5696710822728535,1
357,875,LNP782,1,2163,baseline_plus_md,3,0.584476555569492,1
295,783,LNP854,0,2163,baseline_plus_md,4,0.9718562919111108,1
366,911,LNP854,1,2163,baseline_plus_md,4,0.6386665689230454,1
272,636,LNP858,0,2163,baseline_plus_md,5,0.4804161342440627,0
288,687,LNP858,0,2163,baseline_plus_md,5,0.5176045014324299,1
293,781,LNP858,1,2163,baseline_plus_md,5,0.4660188128154909,0
367,922,LNP858,0,2163,baseline_plus_md,5,0.4642022092801375,0
368,923,LNP858,0,2163,baseline_plus_md,5,0.4642022092801375,0
369,931,LNP858,0,2163,baseline_plus_md,5,0.5006510382289665,1
130,193,LNP193,1,2164,baseline,0,0.6226282198450283,1
131,194,LNP194,1,2164,baseline,1,0.5713417335806329,1
132,195,LNP195,0,2164,baseline,2,0.9268611021331609,1
294,782,LNP782,1,2164,baseline,3,0.4714779053802677,0
357,875,LNP782,1,2164,baseline,3,0.5087429424043766,1
295,783,LNP854,0,2164,baseline,4,0.9738483546925721,1
366,911,LNP854,1,2164,baseline,4,0.5032187237390013,1
272,636,LNP858,0,2164,baseline,5,0.45299345120637263,0
288,687,LNP858,0,2164,baseline,5,0.49787273450477376,0
293,781,LNP858,1,2164,baseline,5,0.4350371020000228,0
367,922,LNP858,0,2164,baseline,5,0.44075409334201454,0
368,923,LNP858,0,2164,baseline,5,0.44075409334201454,0
369,931,LNP858,0,2164,baseline,5,0.4857821861642252,0
130,193,LNP193,1,2164,baseline_plus_md,0,0.681572813055022,1
131,194,LNP194,1,2164,baseline_plus_md,1,0.5648418891771343,1
132,195,LNP195,0,2164,baseline_plus_md,2,0.8101241803539603,1
294,782,LNP782,1,2164,baseline_plus_md,3,0.5599230921877272,1
357,875,LNP782,1,2164,baseline_plus_md,3,0.5761442796924211,1
295,783,LNP854,0,2164,baseline_plus_md,4,0.9707351093637345,1
366,911,LNP854,1,2164,baseline_plus_md,4,0.6474918897378811,1
272,636,LNP858,0,2164,baseline_plus_md,5,0.482378425583857,0
288,687,LNP858,0,2164,baseline_plus_md,5,0.5156024749263273,1
293,781,LNP858,1,2164,baseline_plus_md,5,0.4698288224092532,0
367,922,LNP858,0,2164,baseline_plus_md,5,0.4716055179359491,0
368,923,LNP858,0,2164,baseline_plus_md,5,0.4716055179359491,0
369,931,LNP858,0,2164,baseline_plus_md,5,0.5042613854602376,1
130,193,LNP193,1,2165,baseline,0,0.6141514096721339,1
131,194,LNP194,1,2165,baseline,1,0.5684608239899696,1
132,195,LNP195,0,2165,baseline,2,0.9316185280201822,1
294,782,LNP782,1,2165,baseline,3,0.4711313490157702,0
357,875,LNP782,1,2165,baseline,3,0.5048741975146906,1
295,783,LNP854,0,2165,baseline,4,0.9889334738488523,1
366,911,LNP854,1,2165,baseline,4,0.48473309960311844,0
272,636,LNP858,0,2165,baseline,5,0.4660908670755276,0
288,687,LNP858,0,2165,baseline,5,0.5162116817184006,1
293,781,LNP858,1,2165,baseline,5,0.4482337242183841,0
367,922,LNP858,0,2165,baseline,5,0.4484934644781245,0
368,923,LNP858,0,2165,baseline,5,0.4484934644781245,0
369,931,LNP858,0,2165,baseline,5,0.49544418532590373,0
130,193,LNP193,1,2165,baseline_plus_md,0,0.6842023397368869,1
131,194,LNP194,1,2165,baseline_plus_md,1,0.5589485994924004,1
132,195,LNP195,0,2165,baseline_plus_md,2,0.7664530441984486,1
294,782,LNP782,1,2165,baseline_plus_md,3,0.5581890241832945,1
357,875,LNP782,1,2165,baseline_plus_md,3,0.5735331340773577,1
295,783,LNP854,0,2165,baseline_plus_md,4,0.973748482687099,1
366,911,LNP854,1,2165,baseline_plus_md,4,0.6940827301179842,1
272,636,LNP858,0,2165,baseline_plus_md,5,0.4754903539723207,0
288,687,LNP858,0,2165,baseline_plus_md,5,0.5130875628350092,1
293,781,LNP858,1,2165,baseline_plus_md,5,0.46467686190882823,0
367,922,LNP858,0,2165,baseline_plus_md,5,0.46092145065341694,0
368,923,LNP858,0,2165,baseline_plus_md,5,0.46092145065341694,0
369,931,LNP858,0,2165,baseline_plus_md,5,0.49639023238767843,0
130,193,LNP193,1,2166,baseline,0,0.612480187045236,1
131,194,LNP194,1,2166,baseline,1,0.5662606298044813,1
132,195,LNP195,0,2166,baseline,2,0.9359003357753356,1
294,782,LNP782,1,2166,baseline,3,0.4704560511882978,0
357,875,LNP782,1,2166,baseline,3,0.5072661910365527,1
295,783,LNP854,0,2166,baseline,4,0.9822543017968955,1
366,911,LNP854,1,2166,baseline,4,0.48896292645938494,0
272,636,LNP858,0,2166,baseline,5,0.45999706389093176,0
288,687,LNP858,0,2166,baseline,5,0.5142188633333196,1
293,781,LNP858,1,2166,baseline,5,0.43956055595442317,0
367,922,LNP858,0,2166,baseline,5,0.44632733084619836,0
368,923,LNP858,0,2166,baseline,5,0.44632733084619836,0
369,931,LNP858,0,2166,baseline,5,0.49842972191917795,0
130,193,LNP193,1,2166,baseline_plus_md,0,0.6923965432633554,1
131,194,LNP194,1,2166,baseline_plus_md,1,0.5742784542674237,1
132,195,LNP195,0,2166,baseline_plus_md,2,0.7748486149267403,1
294,782,LNP782,1,2166,baseline_plus_md,3,0.5521297008854882,1
357,875,LNP782,1,2166,baseline_plus_md,3,0.5723771637572594,1
295,783,LNP854,0,2166,baseline_plus_md,4,0.9797387733734095,1
366,911,LNP854,1,2166,baseline_plus_md,4,0.6809090037723987,1
272,636,LNP858,0,2166,baseline_plus_md,5,0.4795262070772772,0
288,687,LNP858,0,2166,baseline_plus_md,5,0.5196044563563779,1
293,781,LNP858,1,2166,baseline_plus_md,5,0.46896073088680085,0
367,922,LNP858,0,2166,baseline_plus_md,5,0.4640364884625584,0
368,923,LNP858,0,2166,baseline_plus_md,5,0.4640364884625584,0
369,931,LNP858,0,2166,baseline_plus_md,5,0.5050391605410819,1
130,193,LNP193,1,2167,baseline,0,0.6140950416353707,1
131,194,LNP194,1,2167,baseline,1,0.5774638691632373,1
132,195,LNP195,0,2167,baseline,2,0.9279049055519643,1
294,782,LNP782,1,2167,baseline,3,0.4820663493528199,0
357,875,LNP782,1,2167,baseline,3,0.5166049067031052,1
295,783,LNP854,0,2167,baseline,4,0.9772210199139185,1
366,911,LNP854,1,2167,baseline,4,0.45493316136962625,0
272,636,LNP858,0,2167,baseline,5,0.46285688434186456,0
288,687,LNP858,0,2167,baseline,5,0.5115984001789685,1
293,781,LNP858,1,2167,baseline,5,0.43899775735773683,0
367,922,LNP858,0,2167,baseline,5,0.44293624942122906,0
368,923,LNP858,0,2167,baseline,5,0.44293624942122906,0
369,931,LNP858,0,2167,baseline,5,0.4902302544358224,0
130,193,LNP193,1,2167,baseline_plus_md,0,0.697145923461777,1
131,194,LNP194,1,2167,baseline_plus_md,1,0.5627962760222749,1
132,195,LNP195,0,2167,baseline_plus_md,2,0.7515253739316242,1
294,782,LNP782,1,2167,baseline_plus_md,3,0.5613232653246206,1
357,875,LNP782,1,2167,baseline_plus_md,3,0.5807493238594124,1
295,783,LNP854,0,2167,baseline_plus_md,4,0.969865206866582,1
366,911,LNP854,1,2167,baseline_plus_md,4,0.6587709451777755,1
272,636,LNP858,0,2167,baseline_plus_md,5,0.4785560562714529,0
288,687,LNP858,0,2167,baseline_plus_md,5,0.5301121186731035,1
293,781,LNP858,1,2167,baseline_plus_md,5,0.4647539729381192,0
367,922,LNP858,0,2167,baseline_plus_md,5,0.461998516588913,0
368,923,LNP858,0,2167,baseline_plus_md,5,0.461998516588913,0
369,931,LNP858,0,2167,baseline_plus_md,5,0.5108805169415015,1
130,193,LNP193,1,2168,baseline,0,0.6207919091055613,1
131,194,LNP194,1,2168,baseline,1,0.5706008368239286,1
132,195,LNP195,0,2168,baseline,2,0.9172802018243194,1
294,782,LNP782,1,2168,baseline,3,0.4719397482993728,0
357,875,LNP782,1,2168,baseline,3,0.5045544699029763,1
295,783,LNP854,0,2168,baseline,4,0.983774378092451,1
366,911,LNP854,1,2168,baseline,4,0.46174827583020156,0
272,636,LNP858,0,2168,baseline,5,0.45584966805715443,0
288,687,LNP858,0,2168,baseline,5,0.49838882824337377,0
293,781,LNP858,1,2168,baseline,5,0.44032387440636017,0
367,922,LNP858,0,2168,baseline,5,0.44153148623897237,0
368,923,LNP858,0,2168,baseline,5,0.44153148623897237,0
369,931,LNP858,0,2168,baseline,5,0.483006432860978,0
130,193,LNP193,1,2168,baseline_plus_md,0,0.6982908723069134,1
131,194,LNP194,1,2168,baseline_plus_md,1,0.5858596761127252,1
132,195,LNP195,0,2168,baseline_plus_md,2,0.7548977983821737,1
294,782,LNP782,1,2168,baseline_plus_md,3,0.5730041802516967,1
357,875,LNP782,1,2168,baseline_plus_md,3,0.5887981324457122,1
295,783,LNP854,0,2168,baseline_plus_md,4,0.9777270864865283,1
366,911,LNP854,1,2168,baseline_plus_md,4,0.6752733928628928,1
272,636,LNP858,0,2168,baseline_plus_md,5,0.48393220607894866,0
288,687,LNP858,0,2168,baseline_plus_md,5,0.5117852354025663,1
293,781,LNP858,1,2168,baseline_plus_md,5,0.467414348936091,0
367,922,LNP858,0,2168,baseline_plus_md,5,0.47076842541516767,0
368,923,LNP858,0,2168,baseline_plus_md,5,0.47076842541516767,0
369,931,LNP858,0,2168,baseline_plus_md,5,0.4982516856190163,0
130,193,LNP193,1,2169,baseline,0,0.6128656004071902,1
131,194,LNP194,1,2169,baseline,1,0.5764960553665274,1
132,195,LNP195,0,2169,baseline,2,0.922255170177045,1
294,782,LNP782,1,2169,baseline,3,0.47671879515115073,0
357,875,LNP782,1,2169,baseline,3,0.5125354677309663,1
295,783,LNP854,0,2169,baseline,4,0.9863470980398675,1
366,911,LNP854,1,2169,baseline,4,0.481731638755469,0
272,636,LNP858,0,2169,baseline,5,0.45181475192185466,0
288,687,LNP858,0,2169,baseline,5,0.4966509206550822,0
293,781,LNP858,1,2169,baseline,5,0.4351976884297906,0
367,922,LNP858,0,2169,baseline,5,0.4426625152696178,0
368,923,LNP858,0,2169,baseline,5,0.4426625152696178,0
369,931,LNP858,0,2169,baseline,5,0.4881480346521959,0
130,193,LNP193,1,2169,baseline_plus_md,0,0.6977590408914266,1
131,194,LNP194,1,2169,baseline_plus_md,1,0.5970650954920156,1
132,195,LNP195,0,2169,baseline_plus_md,2,0.7729879235347984,1
294,782,LNP782,1,2169,baseline_plus_md,3,0.5749363570041757,1
357,875,LNP782,1,2169,baseline_plus_md,3,0.6000882318769757,1
295,783,LNP854,0,2169,baseline_plus_md,4,0.9785585363851823,1
366,911,LNP854,1,2169,baseline_plus_md,4,0.6501073364628192,1
272,636,LNP858,0,2169,baseline_plus_md,5,0.45995248876763,0
288,687,LNP858,0,2169,baseline_plus_md,5,0.4977224230816818,0
293,781,LNP858,1,2169,baseline_plus_md,5,0.44962262765651867,0
367,922,LNP858,0,2169,baseline_plus_md,5,0.4495141770793181,0
368,923,LNP858,0,2169,baseline_plus_md,5,0.4495141770793181,0
369,931,LNP858,0,2169,baseline_plus_md,5,0.48708569869495727,0
130,193,LNP193,1,2170,baseline,0,0.6156991341822002,1
131,194,LNP194,1,2170,baseline,1,0.5833577506567793,1
132,195,LNP195,0,2170,baseline,2,0.9215834051569345,1
294,782,LNP782,1,2170,baseline,3,0.4690505970787146,0
357,875,LNP782,1,2170,baseline,3,0.5023210606128952,1
295,783,LNP854,0,2170,baseline,4,0.975920284275587,1
366,911,LNP854,1,2170,baseline,4,0.4803475844212246,0
272,636,LNP858,0,2170,baseline,5,0.45595251508934914,0
288,687,LNP858,0,2170,baseline,5,0.5054484848059072,1
293,781,LNP858,1,2170,baseline,5,0.4356152135020469,0
367,922,LNP858,0,2170,baseline,5,0.43958166371849733,0
368,923,LNP858,0,2170,baseline,5,0.43958166371849733,0
369,931,LNP858,0,2170,baseline,5,0.48687705623447824,0
130,193,LNP193,1,2170,baseline_plus_md,0,0.7083106535299192,1
131,194,LNP194,1,2170,baseline_plus_md,1,0.5589021082914546,1
132,195,LNP195,0,2170,baseline_plus_md,2,0.7833672161172158,1
294,782,LNP782,1,2170,baseline_plus_md,3,0.5595504923248673,1
357,875,LNP782,1,2170,baseline_plus_md,3,0.5765256641994314,1
295,783,LNP854,0,2170,baseline_plus_md,4,0.9698289893287024,1
366,911,LNP854,1,2170,baseline_plus_md,4,0.6642317481846596,1
272,636,LNP858,0,2170,baseline_plus_md,5,0.4770294390436144,0
288,687,LNP858,0,2170,baseline_plus_md,5,0.5184233006000144,1
293,781,LNP858,1,2170,baseline_plus_md,5,0.46833648269440786,0
367,922,LNP858,0,2170,baseline_plus_md,5,0.46430577381994903,0
368,923,LNP858,0,2170,baseline_plus_md,5,0.46430577381994903,0
369,931,LNP858,0,2170,baseline_plus_md,5,0.504761684438398,1
130,193,LNP193,1,2171,baseline,0,0.6243571279483412,1
131,194,LNP194,1,2171,baseline,1,0.5784741120884831,1
132,195,LNP195,0,2171,baseline,2,0.9090118093711844,1
294,782,LNP782,1,2171,baseline,3,0.46447592080748407,0
357,875,LNP782,1,2171,baseline,3,0.5049192110231808,1
295,783,LNP854,0,2171,baseline,4,0.9834759751967703,1
366,911,LNP854,1,2171,baseline,4,0.47994836239144567,0
272,636,LNP858,0,2171,baseline,5,0.4697002164857079,0
288,687,LNP858,0,2171,baseline,5,0.520450242603381,1
293,781,LNP858,1,2171,baseline,5,0.4433609307714215,0
367,922,LNP858,0,2171,baseline,5,0.45287572153621247,0
368,923,LNP858,0,2171,baseline,5,0.45287572153621247,0
369,931,LNP858,0,2171,baseline,5,0.5029673782455162,1
130,193,LNP193,1,2171,baseline_plus_md,0,0.699351752605659,1
131,194,LNP194,1,2171,baseline_plus_md,1,0.5664185949677806,1
132,195,LNP195,0,2171,baseline_plus_md,2,0.7785952762515258,1
294,782,LNP782,1,2171,baseline_plus_md,3,0.5643609886963653,1
357,875,LNP782,1,2171,baseline_plus_md,3,0.5814360048561688,1
295,783,LNP854,0,2171,baseline_plus_md,4,0.9614122762903676,1
366,911,LNP854,1,2171,baseline_plus_md,4,0.6529092100141444,1
272,636,LNP858,0,2171,baseline_plus_md,5,0.47433221155788885,0
288,687,LNP858,0,2171,baseline_plus_md,5,0.512394786452894,1
293,781,LNP858,1,2171,baseline_plus_md,5,0.46018290600233314,0
367,922,LNP858,0,2171,baseline_plus_md,5,0.4607156891913663,0
368,923,LNP858,0,2171,baseline_plus_md,5,0.4607156891913663,0
369,931,LNP858,0,2171,baseline_plus_md,5,0.4968437402768477,0
130,193,LNP193,1,2172,baseline,0,0.6187718578062792,1
131,194,LNP194,1,2172,baseline,1,0.575540742464457,1
132,195,LNP195,0,2172,baseline,2,0.9275993589743589,1
294,782,LNP782,1,2172,baseline,3,0.47025678065484805,0
357,875,LNP782,1,2172,baseline,3,0.5110094783196988,1
295,783,LNP854,0,2172,baseline,4,0.9815601139528181,1
366,911,LNP854,1,2172,baseline,4,0.47264709018876283,0
272,636,LNP858,0,2172,baseline,5,0.4565389693426838,0
288,687,LNP858,0,2172,baseline,5,0.5086586837785749,1
293,781,LNP858,1,2172,baseline,5,0.43868182648554027,0
367,922,LNP858,0,2172,baseline,5,0.4442491064278204,0
368,923,LNP858,0,2172,baseline,5,0.4442491064278204,0
369,931,LNP858,0,2172,baseline,5,0.4954894918593826,0
130,193,LNP193,1,2172,baseline_plus_md,0,0.6968799775772706,1
131,194,LNP194,1,2172,baseline_plus_md,1,0.5820025372924601,1
132,195,LNP195,0,2172,baseline_plus_md,2,0.7787090111685698,1
294,782,LNP782,1,2172,baseline_plus_md,3,0.5638713409901477,1
357,875,LNP782,1,2172,baseline_plus_md,3,0.5761191302029678,1
295,783,LNP854,0,2172,baseline_plus_md,4,0.9713068001119999,1
366,911,LNP854,1,2172,baseline_plus_md,4,0.6641949713829831,1
272,636,LNP858,0,2172,baseline_plus_md,5,0.4797803978310726,0
288,687,LNP858,0,2172,baseline_plus_md,5,0.5165270865998202,1
293,781,LNP858,1,2172,baseline_plus_md,5,0.46799964386281845,0
367,922,LNP858,0,2172,baseline_plus_md,5,0.46727949595517076,0
368,923,LNP858,0,2172,baseline_plus_md,5,0.46727949595517076,0
369,931,LNP858,0,2172,baseline_plus_md,5,0.5050227575954911,1
130,193,LNP193,1,2173,baseline,0,0.6215184583483048,1
131,194,LNP194,1,2173,baseline,1,0.5609793318262859,1
132,195,LNP195,0,2173,baseline,2,0.9213768696581194,1
294,782,LNP782,1,2173,baseline,3,0.463569376901063,0
357,875,LNP782,1,2173,baseline,3,0.4974545213733076,0
295,783,LNP854,0,2173,baseline,4,0.983540222447373,1
366,911,LNP854,1,2173,baseline,4,0.48865627435657205,0
272,636,LNP858,0,2173,baseline,5,0.4641467074059844,0
288,687,LNP858,0,2173,baseline,5,0.5010385124963187,1
293,781,LNP858,1,2173,baseline,5,0.44187488200915814,0
367,922,LNP858,0,2173,baseline,5,0.4427776597869362,0
368,923,LNP858,0,2173,baseline,5,0.4427776597869362,0
369,931,LNP858,0,2173,baseline,5,0.47888032346312914,0
130,193,LNP193,1,2173,baseline_plus_md,0,0.707663263346388,1
131,194,LNP194,1,2173,baseline_plus_md,1,0.5803331768581504,1
132,195,LNP195,0,2173,baseline_plus_md,2,0.7811586156898654,1
294,782,LNP782,1,2173,baseline_plus_md,3,0.5554580052265056,1
357,875,LNP782,1,2173,baseline_plus_md,3,0.5755768748399618,1
295,783,LNP854,0,2173,baseline_plus_md,4,0.970730316616115,1
366,911,LNP854,1,2173,baseline_plus_md,4,0.638850972491546,1
272,636,LNP858,0,2173,baseline_plus_md,5,0.48582609738939986,0
288,687,LNP858,0,2173,baseline_plus_md,5,0.5272468090306996,1
293,781,LNP858,1,2173,baseline_plus_md,5,0.46757212913543134,0
367,922,LNP858,0,2173,baseline_plus_md,5,0.4700225259608284,0
368,923,LNP858,0,2173,baseline_plus_md,5,0.4700225259608284,0
369,931,LNP858,0,2173,baseline_plus_md,5,0.5116506690595595,1
130,193,LNP193,1,2174,baseline,0,0.6111396117264246,1
131,194,LNP194,1,2174,baseline,1,0.5763912709318767,1
132,195,LNP195,0,2174,baseline,2,0.924646988122172,1
294,782,LNP782,1,2174,baseline,3,0.47091155977499816,0
357,875,LNP782,1,2174,baseline,3,0.5127971960814616,1
295,783,LNP854,0,2174,baseline,4,0.9814404459556575,1
366,911,LNP854,1,2174,baseline,4,0.4795250516768694,0
272,636,LNP858,0,2174,baseline,5,0.45589504343341253,0
288,687,LNP858,0,2174,baseline,5,0.5039483585823162,1
293,781,LNP858,1,2174,baseline,5,0.434863297401666,0
367,922,LNP858,0,2174,baseline,5,0.4421585715719404,0
368,923,LNP858,0,2174,baseline,5,0.4421585715719404,0
369,931,LNP858,0,2174,baseline,5,0.48827736291132007,0
130,193,LNP193,1,2174,baseline_plus_md,0,0.6934884047191805,1
131,194,LNP194,1,2174,baseline_plus_md,1,0.5713311624552935,1
132,195,LNP195,0,2174,baseline_plus_md,2,0.7827016369047618,1
294,782,LNP782,1,2174,baseline_plus_md,3,0.5636417128690454,1
357,875,LNP782,1,2174,baseline_plus_md,3,0.5766486066051292,1
295,783,LNP854,0,2174,baseline_plus_md,4,0.9682016340812484,1
366,911,LNP854,1,2174,baseline_plus_md,4,0.6579189379205398,1
272,636,LNP858,0,2174,baseline_plus_md,5,0.4646449684062663,0
288,687,LNP858,0,2174,baseline_plus_md,5,0.5112524725292503,1
293,781,LNP858,1,2174,baseline_plus_md,5,0.4552079644380123,0
367,922,LNP858,0,2174,baseline_plus_md,5,0.45283400159529913,0
368,923,LNP858,0,2174,baseline_plus_md,5,0.45283400159529913,0
369,931,LNP858,0,2174,baseline_plus_md,5,0.49654648407326135,0
130,193,LNP193,1,2175,baseline,0,0.6224848950847321,1
131,194,LNP194,1,2175,baseline,1,0.5656594807998006,1
132,195,LNP195,0,2175,baseline,2,0.9324186350822379,1
294,782,LNP782,1,2175,baseline,3,0.47602328513581804,0
357,875,LNP782,1,2175,baseline,3,0.508931602708894,1
295,783,LNP854,0,2175,baseline,4,0.9782664318135904,1
366,911,LNP854,1,2175,baseline,4,0.4689227300230041,0
272,636,LNP858,0,2175,baseline,5,0.46366694437986544,0
288,687,LNP858,0,2175,baseline,5,0.514516768575278,1
293,781,LNP858,1,2175,baseline,5,0.4373772618401823,0
367,922,LNP858,0,2175,baseline,5,0.4465015403394612,0
368,923,LNP858,0,2175,baseline,5,0.4465015403394612,0
369,931,LNP858,0,2175,baseline,5,0.4977526993112084,0
130,193,LNP193,1,2175,baseline_plus_md,0,0.6952718525761052,1
131,194,LNP194,1,2175,baseline_plus_md,1,0.582796138956005,1
132,195,LNP195,0,2175,baseline_plus_md,2,0.7539736912393167,1
294,782,LNP782,1,2175,baseline_plus_md,3,0.5637114868364642,1
357,875,LNP782,1,2175,baseline_plus_md,3,0.5775858789505711,1
295,783,LNP854,0,2175,baseline_plus_md,4,0.9713864771959828,1
366,911,LNP854,1,2175,baseline_plus_md,4,0.6601850574341088,1
272,636,LNP858,0,2175,baseline_plus_md,5,0.4741930731956343,0
288,687,LNP858,0,2175,baseline_plus_md,5,0.5164316842577746,1
293,781,LNP858,1,2175,baseline_plus_md,5,0.46437164462420555,0
367,922,LNP858,0,2175,baseline_plus_md,5,0.4623965363990974,0
368,923,LNP858,0,2175,baseline_plus_md,5,0.4623965363990974,0
369,931,LNP858,0,2175,baseline_plus_md,5,0.5010456813717717,1
130,193,LNP193,1,2176,baseline,0,0.6126204266748528,1
131,194,LNP194,1,2176,baseline,1,0.5650670074052306,1
132,195,LNP195,0,2176,baseline,2,0.9286121705092292,1
294,782,LNP782,1,2176,baseline,3,0.4647128571312384,0
357,875,LNP782,1,2176,baseline,3,0.5008084171008744,1
295,783,LNP854,0,2176,baseline,4,0.9844288798390631,1
366,911,LNP854,1,2176,baseline,4,0.48034566746493257,0
272,636,LNP858,0,2176,baseline,5,0.4559711732569845,0
288,687,LNP858,0,2176,baseline,5,0.5020843125686535,1
293,781,LNP858,1,2176,baseline,5,0.4401973637331744,0
367,922,LNP858,0,2176,baseline,5,0.44184509100590197,0
368,923,LNP858,0,2176,baseline,5,0.44184509100590197,0
369,931,LNP858,0,2176,baseline,5,0.4863574005917411,0
130,193,LNP193,1,2176,baseline_plus_md,0,0.693249268843078,1
131,194,LNP194,1,2176,baseline_plus_md,1,0.5894231383790356,1
132,195,LNP195,0,2176,baseline_plus_md,2,0.7876125263625267,1
294,782,LNP782,1,2176,baseline_plus_md,3,0.5644177440156342,1
357,875,LNP782,1,2176,baseline_plus_md,3,0.5791521466825719,1
295,783,LNP854,0,2176,baseline_plus_md,4,0.9729182057293186,1
366,911,LNP854,1,2176,baseline_plus_md,4,0.6963117169859987,1
272,636,LNP858,0,2176,baseline_plus_md,5,0.48832904270614974,0
288,687,LNP858,0,2176,baseline_plus_md,5,0.5236790910496191,1
293,781,LNP858,1,2176,baseline_plus_md,5,0.4737457093728159,0
367,922,LNP858,0,2176,baseline_plus_md,5,0.47689686377397045,0
368,923,LNP858,0,2176,baseline_plus_md,5,0.47689686377397045,0
369,931,LNP858,0,2176,baseline_plus_md,5,0.5098163565618844,1
130,193,LNP193,1,2177,baseline,0,0.6126456130004668,1
131,194,LNP194,1,2177,baseline,1,0.5725192999933326,1
132,195,LNP195,0,2177,baseline,2,0.9342674946581192,1
294,782,LNP782,1,2177,baseline,3,0.4696596530064721,0
357,875,LNP782,1,2177,baseline,3,0.5099091835421653,1
295,783,LNP854,0,2177,baseline,4,0.9812659316043955,1
366,911,LNP854,1,2177,baseline,4,0.4830624995507699,0
272,636,LNP858,0,2177,baseline,5,0.46208955828201925,0
288,687,LNP858,0,2177,baseline,5,0.5178305493171277,1
293,781,LNP858,1,2177,baseline,5,0.43589908209154216,0
367,922,LNP858,0,2177,baseline,5,0.43938663620409657,0
368,923,LNP858,0,2177,baseline,5,0.43938663620409657,0
369,931,LNP858,0,2177,baseline,5,0.49345013806171606,0
130,193,LNP193,1,2177,baseline_plus_md,0,0.7079059435140078,1
131,194,LNP194,1,2177,baseline_plus_md,1,0.5571646365051746,1
132,195,LNP195,0,2177,baseline_plus_md,2,0.7715549024096817,1
294,782,LNP782,1,2177,baseline_plus_md,3,0.5686965573806799,1
357,875,LNP782,1,2177,baseline_plus_md,3,0.588983412662357,1
295,783,LNP854,0,2177,baseline_plus_md,4,0.9708862153860786,1
366,911,LNP854,1,2177,baseline_plus_md,4,0.6830375279510457,1
272,636,LNP858,0,2177,baseline_plus_md,5,0.4779429745516439,0
288,687,LNP858,0,2177,baseline_plus_md,5,0.5193081292198173,1
293,781,LNP858,1,2177,baseline_plus_md,5,0.4644881134405325,0
367,922,LNP858,0,2177,baseline_plus_md,5,0.46711956185323095,0
368,923,LNP858,0,2177,baseline_plus_md,5,0.46711956185323095,0
369,931,LNP858,0,2177,baseline_plus_md,5,0.5085433384550263,1
130,193,LNP193,1,2178,baseline,0,0.6196968499680297,1
131,194,LNP194,1,2178,baseline,1,0.5690950349045395,1
132,195,LNP195,0,2178,baseline,2,0.9477681433150182,1
294,782,LNP782,1,2178,baseline,3,0.4723413414438972,0
357,875,LNP782,1,2178,baseline,3,0.5144076850674986,1
295,783,LNP854,0,2178,baseline,4,0.980034174979566,1
366,911,LNP854,1,2178,baseline,4,0.47837585299807833,0
272,636,LNP858,0,2178,baseline,5,0.4546247786385311,0
288,687,LNP858,0,2178,baseline,5,0.5028446959760954,1
293,781,LNP858,1,2178,baseline,5,0.43503152467027645,0
367,922,LNP858,0,2178,baseline,5,0.4379202331839852,0
368,923,LNP858,0,2178,baseline,5,0.4379202331839852,0
369,931,LNP858,0,2178,baseline,5,0.4869247825561816,0
130,193,LNP193,1,2178,baseline_plus_md,0,0.6881224106567844,1
131,194,LNP194,1,2178,baseline_plus_md,1,0.5769886457878058,1
132,195,LNP195,0,2178,baseline_plus_md,2,0.7777944520757023,1
294,782,LNP782,1,2178,baseline_plus_md,3,0.5593440175703511,1
357,875,LNP782,1,2178,baseline_plus_md,3,0.5782484485191214,1
295,783,LNP854,0,2178,baseline_plus_md,4,0.9748120689159606,1
366,911,LNP854,1,2178,baseline_plus_md,4,0.6891480916957329,1
272,636,LNP858,0,2178,baseline_plus_md,5,0.48308484801363555,0
288,687,LNP858,0,2178,baseline_plus_md,5,0.5213388798435187,1
293,781,LNP858,1,2178,baseline_plus_md,5,0.47299060198188914,0
367,922,LNP858,0,2178,baseline_plus_md,5,0.4704874454162327,0
368,923,LNP858,0,2178,baseline_plus_md,5,0.4704874454162327,0
369,931,LNP858,0,2178,baseline_plus_md,5,0.5064597312143698,1
130,193,LNP193,1,2179,baseline,0,0.6142251124583212,1
131,194,LNP194,1,2179,baseline,1,0.555877232589879,1
132,195,LNP195,0,2179,baseline,2,0.9200311355311355,1
294,782,LNP782,1,2179,baseline,3,0.4623004138530789,0
357,875,LNP782,1,2179,baseline,3,0.5004377902031978,1
295,783,LNP854,0,2179,baseline,4,0.9816668210554272,1
366,911,LNP854,1,2179,baseline,4,0.5109822969698223,1
272,636,LNP858,0,2179,baseline,5,0.45949328218670243,0
288,687,LNP858,0,2179,baseline,5,0.5103887715013095,1
293,781,LNP858,1,2179,baseline,5,0.4376182821867016,0
367,922,LNP858,0,2179,baseline,5,0.4413511465445664,0
368,923,LNP858,0,2179,baseline,5,0.4413511465445664,0
369,931,LNP858,0,2179,baseline,5,0.490790106277644,0
130,193,LNP193,1,2179,baseline_plus_md,0,0.698895721997629,1
131,194,LNP194,1,2179,baseline_plus_md,1,0.5746944893907454,1
132,195,LNP195,0,2179,baseline_plus_md,2,0.7514171626984133,1
294,782,LNP782,1,2179,baseline_plus_md,3,0.5632014663520558,1
357,875,LNP782,1,2179,baseline_plus_md,3,0.5840452998559342,1
295,783,LNP854,0,2179,baseline_plus_md,4,0.9804299403110008,1
366,911,LNP854,1,2179,baseline_plus_md,4,0.6890609396603294,1
272,636,LNP858,0,2179,baseline_plus_md,5,0.4828575418665179,0
288,687,LNP858,0,2179,baseline_plus_md,5,0.5280746740205696,1
293,781,LNP858,1,2179,baseline_plus_md,5,0.46687291885064464,0
367,922,LNP858,0,2179,baseline_plus_md,5,0.4711331551421311,0
368,923,LNP858,0,2179,baseline_plus_md,5,0.4711331551421311,0
369,931,LNP858,0,2179,baseline_plus_md,5,0.5145420261129217,1
130,193,LNP193,1,2180,baseline,0,0.6069111533484959,1
131,194,LNP194,1,2180,baseline,1,0.5863713350287683,1
132,195,LNP195,0,2180,baseline,2,0.9127665025946271,1
294,782,LNP782,1,2180,baseline,3,0.4753255997199989,0
357,875,LNP782,1,2180,baseline,3,0.5043467868696865,1
295,783,LNP854,0,2180,baseline,4,0.9778891009850876,1
366,911,LNP854,1,2180,baseline,4,0.5012910416822286,1
272,636,LNP858,0,2180,baseline,5,0.4578991928432526,0
288,687,LNP858,0,2180,baseline,5,0.5043866106541998,1
293,781,LNP858,1,2180,baseline,5,0.4405876849067438,0
367,922,LNP858,0,2180,baseline,5,0.4443800730741325,0
368,923,LNP858,0,2180,baseline,5,0.4443800730741325,0
369,931,LNP858,0,2180,baseline,5,0.48727802479561355,0
130,193,LNP193,1,2180,baseline_plus_md,0,0.6988740364730489,1
131,194,LNP194,1,2180,baseline_plus_md,1,0.5809103510633535,1
132,195,LNP195,0,2180,baseline_plus_md,2,0.7718008432539684,1
294,782,LNP782,1,2180,baseline_plus_md,3,0.5569560804154924,1
357,875,LNP782,1,2180,baseline_plus_md,3,0.5833187305369867,1
295,783,LNP854,0,2180,baseline_plus_md,4,0.9733970221591377,1
366,911,LNP854,1,2180,baseline_plus_md,4,0.6599055438084485,1
272,636,LNP858,0,2180,baseline_plus_md,5,0.48290442578166676,0
288,687,LNP858,0,2180,baseline_plus_md,5,0.5097662077905076,1
293,781,LNP858,1,2180,baseline_plus_md,5,0.4722893464165871,0
367,922,LNP858,0,2180,baseline_plus_md,5,0.470647932275173,0
368,923,LNP858,0,2180,baseline_plus_md,5,0.470647932275173,0
369,931,LNP858,0,2180,baseline_plus_md,5,0.4971399451642447,0
130,193,LNP193,1,2181,baseline,0,0.6259744788060698,1
131,194,LNP194,1,2181,baseline,1,0.5703404486604402,1
132,195,LNP195,0,2181,baseline,2,0.9305199557387056,1
294,782,LNP782,1,2181,baseline,3,0.4745930666360579,0
357,875,LNP782,1,2181,baseline,3,0.5106576490962966,1
295,783,LNP854,0,2181,baseline,4,0.9796408879491217,1
366,911,LNP854,1,2181,baseline,4,0.4703610107251952,0
272,636,LNP858,0,2181,baseline,5,0.45942681483762593,0
288,687,LNP858,0,2181,baseline,5,0.4999402229980927,0
293,781,LNP858,1,2181,baseline,5,0.4434049894408,0
367,922,LNP858,0,2181,baseline,5,0.4433102924711031,0
368,923,LNP858,0,2181,baseline,5,0.4433102924711031,0
369,931,LNP858,0,2181,baseline,5,0.4818215361294055,0
130,193,LNP193,1,2181,baseline_plus_md,0,0.6938621261292789,1
131,194,LNP194,1,2181,baseline_plus_md,1,0.5638427952595927,1
132,195,LNP195,0,2181,baseline_plus_md,2,0.7618265415140419,1
294,782,LNP782,1,2181,baseline_plus_md,3,0.5752259703955347,1
357,875,LNP782,1,2181,baseline_plus_md,3,0.5857253228431766,1
295,783,LNP854,0,2181,baseline_plus_md,4,0.9773782728537593,1
366,911,LNP854,1,2181,baseline_plus_md,4,0.6423937764756699,1
272,636,LNP858,0,2181,baseline_plus_md,5,0.4654088262005749,0
288,687,LNP858,0,2181,baseline_plus_md,5,0.499988896972596,0
293,781,LNP858,1,2181,baseline_plus_md,5,0.44978382620057444,0
367,922,LNP858,0,2181,baseline_plus_md,5,0.4496936386103868,0
368,923,LNP858,0,2181,baseline_plus_md,5,0.4496936386103868,0
369,931,LNP858,0,2181,baseline_plus_md,5,0.48448114083983945,0
130,193,LNP193,1,2182,baseline,0,0.6186297475194611,1
131,194,LNP194,1,2182,baseline,1,0.5751893063031833,1
132,195,LNP195,0,2182,baseline,2,0.92792239010989,1
294,782,LNP782,1,2182,baseline,3,0.472837343239483,0
357,875,LNP782,1,2182,baseline,3,0.5070439281098051,1
295,783,LNP854,0,2182,baseline,4,0.9837246533117768,1
366,911,LNP854,1,2182,baseline,4,0.4785156911937653,0
272,636,LNP858,0,2182,baseline,5,0.46570092790841494,0
288,687,LNP858,0,2182,baseline,5,0.5158338831884289,1
293,781,LNP858,1,2182,baseline,5,0.4433298961623824,0
367,922,LNP858,0,2182,baseline,5,0.44848411694160356,0
368,923,LNP858,0,2182,baseline,5,0.44848411694160356,0
369,931,LNP858,0,2182,baseline,5,0.49800379660834204,0
130,193,LNP193,1,2182,baseline_plus_md,0,0.7065443415312133,1
131,194,LNP194,1,2182,baseline_plus_md,1,0.5881348743967136,1
132,195,LNP195,0,2182,baseline_plus_md,2,0.7643648268602317,1
294,782,LNP782,1,2182,baseline_plus_md,3,0.5694518206159955,1
357,875,LNP782,1,2182,baseline_plus_md,3,0.5838065792187414,1
295,783,LNP854,0,2182,baseline_plus_md,4,0.9805125254754415,1
366,911,LNP854,1,2182,baseline_plus_md,4,0.6942120351876839,1
272,636,LNP858,0,2182,baseline_plus_md,5,0.48067979280146444,0
288,687,LNP858,0,2182,baseline_plus_md,5,0.520966187478339,1
293,781,LNP858,1,2182,baseline_plus_md,5,0.4698166975633687,0
367,922,LNP858,0,2182,baseline_plus_md,5,0.46668177692844837,0
368,923,LNP858,0,2182,baseline_plus_md,5,0.46668177692844837,0
369,931,LNP858,0,2182,baseline_plus_md,5,0.505854354866506,1
130,193,LNP193,1,2183,baseline,0,0.6200589328844694,1
131,194,LNP194,1,2183,baseline,1,0.5817921199267029,1
132,195,LNP195,0,2183,baseline,2,0.9378653184030021,1
294,782,LNP782,1,2183,baseline,3,0.4693449278016789,0
357,875,LNP782,1,2183,baseline,3,0.5130497913530008,1
295,783,LNP854,0,2183,baseline,4,0.9835718237933129,1
366,911,LNP854,1,2183,baseline,4,0.44425862478262274,0
272,636,LNP858,0,2183,baseline,5,0.4579503582876406,0
288,687,LNP858,0,2183,baseline,5,0.5086630442944439,1
293,781,LNP858,1,2183,baseline,5,0.4380594852717669,0
367,922,LNP858,0,2183,baseline,5,0.43915706824435014,0
368,923,LNP858,0,2183,baseline,5,0.43915706824435014,0
369,931,LNP858,0,2183,baseline,5,0.48925647863787786,0
130,193,LNP193,1,2183,baseline_plus_md,0,0.7079484953964201,1
131,194,LNP194,1,2183,baseline_plus_md,1,0.5680181760225899,1
132,195,LNP195,0,2183,baseline_plus_md,2,0.7488248425389965,1
294,782,LNP782,1,2183,baseline_plus_md,3,0.562188726867245,1
357,875,LNP782,1,2183,baseline_plus_md,3,0.5796229966665838,1
295,783,LNP854,0,2183,baseline_plus_md,4,0.9823052199965681,1
366,911,LNP854,1,2183,baseline_plus_md,4,0.6672486286208468,1
272,636,LNP858,0,2183,baseline_plus_md,5,0.47392577868281505,0
288,687,LNP858,0,2183,baseline_plus_md,5,0.5161337422878375,1
293,781,LNP858,1,2183,baseline_plus_md,5,0.46390593741297365,0
367,922,LNP858,0,2183,baseline_plus_md,5,0.45447862861066474,0
368,923,LNP858,0,2183,baseline_plus_md,5,0.45447862861066474,0
369,931,LNP858,0,2183,baseline_plus_md,5,0.4958749039039987,0
130,193,LNP193,1,2184,baseline,0,0.6181474125927644,1
131,194,LNP194,1,2184,baseline,1,0.5870974332920318,1
132,195,LNP195,0,2184,baseline,2,0.9305756829975578,1
294,782,LNP782,1,2184,baseline,3,0.4706848172342958,0
357,875,LNP782,1,2184,baseline,3,0.5144989404390073,1
295,783,LNP854,0,2184,baseline,4,0.9806492550513474,1
366,911,LNP854,1,2184,baseline,4,0.4900564204380656,0
272,636,LNP858,0,2184,baseline,5,0.46782811001161984,0
288,687,LNP858,0,2184,baseline,5,0.5138739555059944,1
293,781,LNP858,1,2184,baseline,5,0.44768922112273013,0
367,922,LNP858,0,2184,baseline,5,0.44834759053109985,0
368,923,LNP858,0,2184,baseline,5,0.44834759053109985,0
369,931,LNP858,0,2184,baseline,5,0.49306316907020764,0
130,193,LNP193,1,2184,baseline_plus_md,0,0.7045292282228404,1
131,194,LNP194,1,2184,baseline_plus_md,1,0.5883314105132675,1
132,195,LNP195,0,2184,baseline_plus_md,2,0.7579693448912201,1
294,782,LNP782,1,2184,baseline_plus_md,3,0.5500455252174654,1
357,875,LNP782,1,2184,baseline_plus_md,3,0.5701224820691333,1
295,783,LNP854,0,2184,baseline_plus_md,4,0.9771628049370504,1
366,911,LNP854,1,2184,baseline_plus_md,4,0.6820244016341906,1
272,636,LNP858,0,2184,baseline_plus_md,5,0.47059672722657653,0
288,687,LNP858,0,2184,baseline_plus_md,5,0.5038595389762305,1
293,781,LNP858,1,2184,baseline_plus_md,5,0.45507093357578243,0
367,922,LNP858,0,2184,baseline_plus_md,5,0.4581977373275863,0
368,923,LNP858,0,2184,baseline_plus_md,5,0.4581977373275863,0
369,931,LNP858,0,2184,baseline_plus_md,5,0.489828153694845,0
130,193,LNP193,1,2185,baseline,0,0.6201623538522641,1
131,194,LNP194,1,2185,baseline,1,0.5724565283340806,1
132,195,LNP195,0,2185,baseline,2,0.9150423534798533,1
294,782,LNP782,1,2185,baseline,3,0.463120251223942,0
357,875,LNP782,1,2185,baseline,3,0.49740589902209925,0
295,783,LNP854,0,2185,baseline,4,0.9754758867459299,1
366,911,LNP854,1,2185,baseline,4,0.4928521201690548,0
272,636,LNP858,0,2185,baseline,5,0.45657774095754233,0
288,687,LNP858,0,2185,baseline,5,0.5050204746943937,1
293,781,LNP858,1,2185,baseline,5,0.4382245663543673,0
367,922,LNP858,0,2185,baseline,5,0.44183387371367466,0
368,923,LNP858,0,2185,baseline,5,0.44183387371367466,0
369,931,LNP858,0,2185,baseline,5,0.4865338224577411,0
130,193,LNP193,1,2185,baseline_plus_md,0,0.7019451441751938,1
131,194,LNP194,1,2185,baseline_plus_md,1,0.5776476836606366,1
132,195,LNP195,0,2185,baseline_plus_md,2,0.7744777358058605,1
294,782,LNP782,1,2185,baseline_plus_md,3,0.5715300467041947,1
357,875,LNP782,1,2185,baseline_plus_md,3,0.5845656475150947,1
295,783,LNP854,0,2185,baseline_plus_md,4,0.9794600203944503,1
366,911,LNP854,1,2185,baseline_plus_md,4,0.6596969879711623,1
272,636,LNP858,0,2185,baseline_plus_md,5,0.46915807620462063,0
288,687,LNP858,0,2185,baseline_plus_md,5,0.514694408852021,1
293,781,LNP858,1,2185,baseline_plus_md,5,0.4524914095379533,0
367,922,LNP858,0,2185,baseline_plus_md,5,0.4584618280083722,0
368,923,LNP858,0,2185,baseline_plus_md,5,0.4584618280083722,0
369,931,LNP858,0,2185,baseline_plus_md,5,0.5005033915360035,1
130,193,LNP193,1,2186,baseline,0,0.6167193738529098,1
131,194,LNP194,1,2186,baseline,1,0.5745850285848588,1
132,195,LNP195,0,2186,baseline,2,0.9312166514041513,1
294,782,LNP782,1,2186,baseline,3,0.46916129289350617,0
357,875,LNP782,1,2186,baseline,3,0.5036975249236635,1
295,783,LNP854,0,2186,baseline,4,0.9813333061351207,1
366,911,LNP854,1,2186,baseline,4,0.4607563495147241,0
272,636,LNP858,0,2186,baseline,5,0.46809508373127895,0
288,687,LNP858,0,2186,baseline,5,0.5076640727487974,1
293,781,LNP858,1,2186,baseline,5,0.43863079801699234,0
367,922,LNP858,0,2186,baseline,5,0.45246918185537666,0
368,923,LNP858,0,2186,baseline,5,0.45246918185537666,0
369,931,LNP858,0,2186,baseline,5,0.49279123725096163,0
130,193,LNP193,1,2186,baseline_plus_md,0,0.699483427770151,1
131,194,LNP194,1,2186,baseline_plus_md,1,0.5664652370301194,1
132,195,LNP195,0,2186,baseline_plus_md,2,0.800173859126984,1
294,782,LNP782,1,2186,baseline_plus_md,3,0.5635114054813576,1
357,875,LNP782,1,2186,baseline_plus_md,3,0.5790384746766593,1
295,783,LNP854,0,2186,baseline_plus_md,4,0.9803947679340088,1
366,911,LNP854,1,2186,baseline_plus_md,4,0.6724861029725479,1
272,636,LNP858,0,2186,baseline_plus_md,5,0.4773520486856773,0
288,687,LNP858,0,2186,baseline_plus_md,5,0.5163962786645047,1
293,781,LNP858,1,2186,baseline_plus_md,5,0.46336395344758197,0
367,922,LNP858,0,2186,baseline_plus_md,5,0.460338159796788,0
368,923,LNP858,0,2186,baseline_plus_md,5,0.460338159796788,0
369,931,LNP858,0,2186,baseline_plus_md,5,0.49948610550433103,0
130,193,LNP193,1,2187,baseline,0,0.6183797129112346,1
131,194,LNP194,1,2187,baseline,1,0.5658520122659255,1
132,195,LNP195,0,2187,baseline,2,0.9452968087876177,1
294,782,LNP782,1,2187,baseline,3,0.4649396965924702,0
357,875,LNP782,1,2187,baseline,3,0.5032869478572221,1
295,783,LNP854,0,2187,baseline,4,0.9816766670666258,1
366,911,LNP854,1,2187,baseline,4,0.4603497359583564,0
272,636,LNP858,0,2187,baseline,5,0.45868021879371595,0
288,687,LNP858,0,2187,baseline,5,0.5190240212331064,1
293,781,LNP858,1,2187,baseline,5,0.43680521879371526,0
367,922,LNP858,0,2187,baseline,5,0.439716474204971,0
368,923,LNP858,0,2187,baseline,5,0.439716474204971,0
369,931,LNP858,0,2187,baseline,5,0.4989464599055447,0
130,193,LNP193,1,2187,baseline_plus_md,0,0.689914869482537,1
131,194,LNP194,1,2187,baseline_plus_md,1,0.5565397749955574,1
132,195,LNP195,0,2187,baseline_plus_md,2,0.777717567155067,1
294,782,LNP782,1,2187,baseline_plus_md,3,0.5731042235913762,1
357,875,LNP782,1,2187,baseline_plus_md,3,0.5893303562301909,1
295,783,LNP854,0,2187,baseline_plus_md,4,0.9781890483688865,1
366,911,LNP854,1,2187,baseline_plus_md,4,0.6953848564933789,1
272,636,LNP858,0,2187,baseline_plus_md,5,0.4788707211817061,0
288,687,LNP858,0,2187,baseline_plus_md,5,0.519860250443294,1
293,781,LNP858,1,2187,baseline_plus_md,5,0.46720157435630905,0
367,922,LNP858,0,2187,baseline_plus_md,5,0.4652433763043609,0
368,923,LNP858,0,2187,baseline_plus_md,5,0.4652433763043609,0
369,931,LNP858,0,2187,baseline_plus_md,5,0.5051912388992822,1
130,193,LNP193,1,2188,baseline,0,0.6156067115381227,1
131,194,LNP194,1,2188,baseline,1,0.563381952361372,1
132,195,LNP195,0,2188,baseline,2,0.9246228060134308,1
294,782,LNP782,1,2188,baseline,3,0.47441895947374496,0
357,875,LNP782,1,2188,baseline,3,0.5109506220501452,1
295,783,LNP854,0,2188,baseline,4,0.9754629184432676,1
366,911,LNP854,1,2188,baseline,4,0.46971155169524453,0
272,636,LNP858,0,2188,baseline,5,0.45601619040238556,0
288,687,LNP858,0,2188,baseline,5,0.4982385105658823,0
293,781,LNP858,1,2188,baseline,5,0.4380598411960358,0
367,922,LNP858,0,2188,baseline,5,0.44408617597237077,0
368,923,LNP858,0,2188,baseline,5,0.44408617597237077,0
369,931,LNP858,0,2188,baseline,5,0.48410791893529037,0
130,193,LNP193,1,2188,baseline_plus_md,0,0.6882864545727565,1
131,194,LNP194,1,2188,baseline_plus_md,1,0.5657880535679034,1
132,195,LNP195,0,2188,baseline_plus_md,2,0.7636434520340774,1
294,782,LNP782,1,2188,baseline_plus_md,3,0.5588515701417257,1
357,875,LNP782,1,2188,baseline_plus_md,3,0.5822315376747387,1
295,783,LNP854,0,2188,baseline_plus_md,4,0.9761428048207489,1
366,911,LNP854,1,2188,baseline_plus_md,4,0.6706785270403983,1
272,636,LNP858,0,2188,baseline_plus_md,5,0.47463024773606954,0
288,687,LNP858,0,2188,baseline_plus_md,5,0.5132909579408974,1
293,781,LNP858,1,2188,baseline_plus_md,5,0.4666441366249583,0
367,922,LNP858,0,2188,baseline_plus_md,5,0.4625360918919136,0
368,923,LNP858,0,2188,baseline_plus_md,5,0.4625360918919136,0
369,931,LNP858,0,2188,baseline_plus_md,5,0.5009532956032349,1
130,193,LNP193,1,2189,baseline,0,0.6078905312118534,1
131,194,LNP194,1,2189,baseline,1,0.5716831243479236,1
132,195,LNP195,0,2189,baseline,2,0.9149966949920991,1
294,782,LNP782,1,2189,baseline,3,0.46202636466311203,0
357,875,LNP782,1,2189,baseline,3,0.49100205872960445,0
295,783,LNP854,0,2189,baseline,4,0.984846311587786,1
366,911,LNP854,1,2189,baseline,4,0.4767178817109037,0
272,636,LNP858,0,2189,baseline,5,0.45866155601290387,0
288,687,LNP858,0,2189,baseline,5,0.49376383118870865,0
293,781,LNP858,1,2189,baseline,5,0.4411516353779829,0
367,922,LNP858,0,2189,baseline,5,0.44118951416586155,0
368,923,LNP858,0,2189,baseline,5,0.44118951416586155,0
369,931,LNP858,0,2189,baseline,5,0.4770403463402232,0
130,193,LNP193,1,2189,baseline_plus_md,0,0.698677052059639,1
131,194,LNP194,1,2189,baseline_plus_md,1,0.555104171280584,1
132,195,LNP195,0,2189,baseline_plus_md,2,0.7562240918803415,1
294,782,LNP782,1,2189,baseline_plus_md,3,0.557320212632628,1
357,875,LNP782,1,2189,baseline_plus_md,3,0.5763970026760881,1
295,783,LNP854,0,2189,baseline_plus_md,4,0.977445886521699,1
366,911,LNP854,1,2189,baseline_plus_md,4,0.6782450576789182,1
272,636,LNP858,0,2189,baseline_plus_md,5,0.48162938134426975,0
288,687,LNP858,0,2189,baseline_plus_md,5,0.5315045513239286,1
293,781,LNP858,1,2189,baseline_plus_md,5,0.4677900956299835,0
367,922,LNP858,0,2189,baseline_plus_md,5,0.46577440298929096,0
368,923,LNP858,0,2189,baseline_plus_md,5,0.46577440298929096,0
369,931,LNP858,0,2189,baseline_plus_md,5,0.5147116220309991,1
130,193,LNP193,1,2190,baseline,0,0.6186818861989359,1
131,194,LNP194,1,2190,baseline,1,0.5678340959195792,1
132,195,LNP195,0,2190,baseline,2,0.9133032852564105,1
294,782,LNP782,1,2190,baseline,3,0.478331158411327,0
357,875,LNP782,1,2190,baseline,3,0.5178399585232217,1
295,783,LNP854,0,2190,baseline,4,0.979539957371243,1
366,911,LNP854,1,2190,baseline,4,0.4742665161850813,0
272,636,LNP858,0,2190,baseline,5,0.4640255350645438,0
288,687,LNP858,0,2190,baseline,5,0.5047933252808636,1
293,781,LNP858,1,2190,baseline,5,0.4385295033185113,0
367,922,LNP858,0,2190,baseline,5,0.44963700692601516,0
368,923,LNP858,0,2190,baseline,5,0.44963700692601516,0
369,931,LNP858,0,2190,baseline,5,0.48911962398216174,0
130,193,LNP193,1,2190,baseline_plus_md,0,0.6916022413912102,1
131,194,LNP194,1,2190,baseline_plus_md,1,0.5810129192635707,1
132,195,LNP195,0,2190,baseline_plus_md,2,0.7525086895925709,1
294,782,LNP782,1,2190,baseline_plus_md,3,0.5761181344265429,1
357,875,LNP782,1,2190,baseline_plus_md,3,0.5863432497924104,1
295,783,LNP854,0,2190,baseline_plus_md,4,0.9751391874824984,1
366,911,LNP854,1,2190,baseline_plus_md,4,0.6953629142822816,1
272,636,LNP858,0,2190,baseline_plus_md,5,0.4827320959801813,0
288,687,LNP858,0,2190,baseline_plus_md,5,0.5202071209552063,1
293,781,LNP858,1,2190,baseline_plus_md,5,0.4678511435992286,0
367,922,LNP858,0,2190,baseline_plus_md,5,0.4723830700061551,0
368,923,LNP858,0,2190,baseline_plus_md,5,0.4723830700061551,0
369,931,LNP858,0,2190,baseline_plus_md,5,0.5087938814169665,1
130,193,LNP193,1,2191,baseline,0,0.6166223400501345,1
131,194,LNP194,1,2191,baseline,1,0.5657730963404615,1
132,195,LNP195,0,2191,baseline,2,0.9301945589133085,1
294,782,LNP782,1,2191,baseline,3,0.46957438970923776,0
357,875,LNP782,1,2191,baseline,3,0.5030371719640272,1
295,783,LNP854,0,2191,baseline,4,0.9809231117574204,1
366,911,LNP854,1,2191,baseline,4,0.5140808406856486,1
272,636,LNP858,0,2191,baseline,5,0.46657973917245626,0
288,687,LNP858,0,2191,baseline,5,0.5035217187614945,1
293,781,LNP858,1,2191,baseline,5,0.4457464058391223,0
367,922,LNP858,0,2191,baseline,5,0.44682054003825655,0
368,923,LNP858,0,2191,baseline,5,0.44682054003825655,0
369,931,LNP858,0,2191,baseline,5,0.4833927505075258,0
130,193,LNP193,1,2191,baseline_plus_md,0,0.7032132627161743,1
131,194,LNP194,1,2191,baseline_plus_md,1,0.5897754456080421,1
132,195,LNP195,0,2191,baseline_plus_md,2,0.7755255456349207,1
294,782,LNP782,1,2191,baseline_plus_md,3,0.5716353889554955,1
357,875,LNP782,1,2191,baseline_plus_md,3,0.5902479572822148,1
295,783,LNP854,0,2191,baseline_plus_md,4,0.9786337256020756,1
366,911,LNP854,1,2191,baseline_plus_md,4,0.6682096701539151,1
272,636,LNP858,0,2191,baseline_plus_md,5,0.47439736773776436,0
288,687,LNP858,0,2191,baseline_plus_md,5,0.5174127877752431,1
293,781,LNP858,1,2191,baseline_plus_md,5,0.4611409193250656,0
367,922,LNP858,0,2191,baseline_plus_md,5,0.46301659573199216,0
368,923,LNP858,0,2191,baseline_plus_md,5,0.46301659573199216,0
369,931,LNP858,0,2191,baseline_plus_md,5,0.5047468426092978,1
130,193,LNP193,1,2192,baseline,0,0.6213152013889973,1
131,194,LNP194,1,2192,baseline,1,0.5734692536647842,1
132,195,LNP195,0,2192,baseline,2,0.9244748841844427,1
294,782,LNP782,1,2192,baseline,3,0.46409703387093093,0
357,875,LNP782,1,2192,baseline,3,0.5015382753869831,1
295,783,LNP854,0,2192,baseline,4,0.9850111608346133,1
366,911,LNP854,1,2192,baseline,4,0.47013777597559814,0
272,636,LNP858,0,2192,baseline,5,0.45789118312776184,0
288,687,LNP858,0,2192,baseline,5,0.5079465403522367,1
293,781,LNP858,1,2192,baseline,5,0.4415221355087134,0
367,922,LNP858,0,2192,baseline,5,0.44332769106426945,0
368,923,LNP858,0,2192,baseline,5,0.44332769106426945,0
369,931,LNP858,0,2192,baseline,5,0.49022197325266925,0
130,193,LNP193,1,2192,baseline_plus_md,0,0.6999054637747919,1
131,194,LNP194,1,2192,baseline_plus_md,1,0.5811649494327582,1
132,195,LNP195,0,2192,baseline_plus_md,2,0.775766349969475,1
294,782,LNP782,1,2192,baseline_plus_md,3,0.5706369764113624,1
357,875,LNP782,1,2192,baseline_plus_md,3,0.5907976166698541,1
295,783,LNP854,0,2192,baseline_plus_md,4,0.9742902608502714,1
366,911,LNP854,1,2192,baseline_plus_md,4,0.6740013931412824,1
272,636,LNP858,0,2192,baseline_plus_md,5,0.48029833797467736,0
288,687,LNP858,0,2192,baseline_plus_md,5,0.5265687649591139,1
293,781,LNP858,1,2192,baseline_plus_md,5,0.4659134173397564,0
367,922,LNP858,0,2192,baseline_plus_md,5,0.4703912311925704,0
368,923,LNP858,0,2192,baseline_plus_md,5,0.4703912311925704,0
369,931,LNP858,0,2192,baseline_plus_md,5,0.51663911127946,1
130,193,LNP193,1,2193,baseline,0,0.6183115773630959,1
131,194,LNP194,1,2193,baseline,1,0.5708902119690491,1
132,195,LNP195,0,2193,baseline,2,0.9216195054945053,1
294,782,LNP782,1,2193,baseline,3,0.47251728379701285,0
357,875,LNP782,1,2193,baseline,3,0.5085239974895703,1
295,783,LNP854,0,2193,baseline,4,0.9787466488925857,1
366,911,LNP854,1,2193,baseline,4,0.4782439657506458,0
272,636,LNP858,0,2193,baseline,5,0.4505058727149576,0
288,687,LNP858,0,2193,baseline,5,0.5097569974072588,1
293,781,LNP858,1,2193,baseline,5,0.43135904731813146,0
367,922,LNP858,0,2193,baseline,5,0.4333007861348708,0
368,923,LNP858,0,2193,baseline,5,0.4333007861348708,0
369,931,LNP858,0,2193,baseline,5,0.4932373365125977,0
130,193,LNP193,1,2193,baseline_plus_md,0,0.7087787375793355,1
131,194,LNP194,1,2193,baseline_plus_md,1,0.5693681039761296,1
132,195,LNP195,0,2193,baseline_plus_md,2,0.7671487904456649,1
294,782,LNP782,1,2193,baseline_plus_md,3,0.5729959267904827,1
357,875,LNP782,1,2193,baseline_plus_md,3,0.5837648593019165,1
295,783,LNP854,0,2193,baseline_plus_md,4,0.9770750109229672,1
366,911,LNP854,1,2193,baseline_plus_md,4,0.6659773583694105,1
272,636,LNP858,0,2193,baseline_plus_md,5,0.47344957468460336,0
288,687,LNP858,0,2193,baseline_plus_md,5,0.5091537277726574,1
293,781,LNP858,1,2193,baseline_plus_md,5,0.4678940191290477,0
367,922,LNP858,0,2193,baseline_plus_md,5,0.4601595313945599,0
368,923,LNP858,0,2193,baseline_plus_md,5,0.4601595313945599,0
369,931,LNP858,0,2193,baseline_plus_md,5,0.49582760944653886,0
130,193,LNP193,1,2194,baseline,0,0.6169067461798323,1
131,194,LNP194,1,2194,baseline,1,0.5641649761777132,1
132,195,LNP195,0,2194,baseline,2,0.9214423458485959,1
294,782,LNP782,1,2194,baseline,3,0.4757666327889149,0
357,875,LNP782,1,2194,baseline,3,0.5098405998563843,1
295,783,LNP854,0,2194,baseline,4,0.977681187951897,1
366,911,LNP854,1,2194,baseline,4,0.46371874859395873,0
272,636,LNP858,0,2194,baseline,5,0.46433728710903216,0
288,687,LNP858,0,2194,baseline,5,0.5113561179513924,1
293,781,LNP858,1,2194,baseline,5,0.44439681091855526,0
367,922,LNP858,0,2194,baseline,5,0.4474794227511674,0
368,923,LNP858,0,2194,baseline,5,0.4474794227511674,0
369,931,LNP858,0,2194,baseline,5,0.49071037480564883,0
130,193,LNP193,1,2194,baseline_plus_md,0,0.7016459927139068,1
131,194,LNP194,1,2194,baseline_plus_md,1,0.5706432736816597,1
132,195,LNP195,0,2194,baseline_plus_md,2,0.7744269341769345,1
294,782,LNP782,1,2194,baseline_plus_md,3,0.5803486275577758,1
357,875,LNP782,1,2194,baseline_plus_md,3,0.5914482338623668,1
295,783,LNP854,0,2194,baseline_plus_md,4,0.9755650340341553,1
366,911,LNP854,1,2194,baseline_plus_md,4,0.6766247737391055,1
272,636,LNP858,0,2194,baseline_plus_md,5,0.4713283070278495,0
288,687,LNP858,0,2194,baseline_plus_md,5,0.5085586055391075,1
293,781,LNP858,1,2194,baseline_plus_md,5,0.45610013242467445,0
367,922,LNP858,0,2194,baseline_plus_md,5,0.45339901409855604,0
368,923,LNP858,0,2194,baseline_plus_md,5,0.45339901409855604,0
369,931,LNP858,0,2194,baseline_plus_md,5,0.4895650990456005,0
130,193,LNP193,1,2195,baseline,0,0.6193061229636014,1
131,194,LNP194,1,2195,baseline,1,0.5788121959177464,1
132,195,LNP195,0,2195,baseline,2,0.9424866217320261,1
294,782,LNP782,1,2195,baseline,3,0.4740814684709486,0
357,875,LNP782,1,2195,baseline,3,0.5079527945317691,1
295,783,LNP854,0,2195,baseline,4,0.9719866118676476,1
366,911,LNP854,1,2195,baseline,4,0.4941999796899827,0
272,636,LNP858,0,2195,baseline,5,0.45779808923671417,0
288,687,LNP858,0,2195,baseline,5,0.5076705207267929,1
293,781,LNP858,1,2195,baseline,5,0.4365679305065548,0
367,922,LNP858,0,2195,baseline,5,0.44182316138678585,0
368,923,LNP858,0,2195,baseline,5,0.44182316138678585,0
369,931,LNP858,0,2195,baseline,5,0.4874657948970665,0
130,193,LNP193,1,2195,baseline_plus_md,0,0.696434904623265,1
131,194,LNP194,1,2195,baseline_plus_md,1,0.5728863541746319,1
132,195,LNP195,0,2195,baseline_plus_md,2,0.7708929334554339,1
294,782,LNP782,1,2195,baseline_plus_md,3,0.5700793413351792,1
357,875,LNP782,1,2195,baseline_plus_md,3,0.5851466178046603,1
295,783,LNP854,0,2195,baseline_plus_md,4,0.9764591131431096,1
366,911,LNP854,1,2195,baseline_plus_md,4,0.6637504727512562,1
272,636,LNP858,0,2195,baseline_plus_md,5,0.47888728601335406,0
288,687,LNP858,0,2195,baseline_plus_md,5,0.5256382904268971,1
293,781,LNP858,1,2195,baseline_plus_md,5,0.4698967106165284,0
367,922,LNP858,0,2195,baseline_plus_md,5,0.46369248081854847,0
368,923,LNP858,0,2195,baseline_plus_md,5,0.46369248081854847,0
369,931,LNP858,0,2195,baseline_plus_md,5,0.5100286223172287,1
130,193,LNP193,1,2196,baseline,0,0.6233422570795928,1
131,194,LNP194,1,2196,baseline,1,0.576982108562564,1
132,195,LNP195,0,2196,baseline,2,0.9369926930708175,1
294,782,LNP782,1,2196,baseline,3,0.4736576733017736,0
357,875,LNP782,1,2196,baseline,3,0.5060373862604441,1
295,783,LNP854,0,2196,baseline,4,0.9846199335569349,1
366,911,LNP854,1,2196,baseline,4,0.45834018552933997,0
272,636,LNP858,0,2196,baseline,5,0.45567560157234693,0
288,687,LNP858,0,2196,baseline,5,0.504414240384515,1
293,781,LNP858,1,2196,baseline,5,0.4376696491913939,0
367,922,LNP858,0,2196,baseline,5,0.4422989781957232,0
368,923,LNP858,0,2196,baseline,5,0.4422989781957232,0
369,931,LNP858,0,2196,baseline,5,0.49000947847975274,0
130,193,LNP193,1,2196,baseline_plus_md,0,0.6994559236153153,1
131,194,LNP194,1,2196,baseline_plus_md,1,0.568716829302298,1
132,195,LNP195,0,2196,baseline_plus_md,2,0.7693221535409037,1
294,782,LNP782,1,2196,baseline_plus_md,3,0.5715301446503115,1
357,875,LNP782,1,2196,baseline_plus_md,3,0.5921001601227401,1
295,783,LNP854,0,2196,baseline_plus_md,4,0.9721404019503084,1
366,911,LNP854,1,2196,baseline_plus_md,4,0.647803364991627,1
272,636,LNP858,0,2196,baseline_plus_md,5,0.46165538729967764,0
288,687,LNP858,0,2196,baseline_plus_md,5,0.5055410789214374,1
293,781,LNP858,1,2196,baseline_plus_md,5,0.4493413992044393,0
367,922,LNP858,0,2196,baseline_plus_md,5,0.4475049543992445,0
368,923,LNP858,0,2196,baseline_plus_md,5,0.4475049543992445,0
369,931,LNP858,0,2196,baseline_plus_md,5,0.491102045732404,0
130,193,LNP193,1,2197,baseline,0,0.6140962270288678,1
131,194,LNP194,1,2197,baseline,1,0.5701728975412179,1
132,195,LNP195,0,2197,baseline,2,0.91915573489011,1
294,782,LNP782,1,2197,baseline,3,0.47446110930125224,0
357,875,LNP782,1,2197,baseline,3,0.5067110499693552,1
295,783,LNP854,0,2197,baseline,4,0.976069430744958,1
366,911,LNP854,1,2197,baseline,4,0.48374135456187894,0
272,636,LNP858,0,2197,baseline,5,0.4677486311997242,0
288,687,LNP858,0,2197,baseline,5,0.5116351572553678,1
293,781,LNP858,1,2197,baseline,5,0.44567521850131087,0
367,922,LNP858,0,2197,baseline,5,0.4462911997422922,0
368,923,LNP858,0,2197,baseline,5,0.4462911997422922,0
369,931,LNP858,0,2197,baseline,5,0.4893164343116443,0
130,193,LNP193,1,2197,baseline_plus_md,0,0.6986220003295708,1
131,194,LNP194,1,2197,baseline_plus_md,1,0.5775196171051403,1
132,195,LNP195,0,2197,baseline_plus_md,2,0.7662624007936505,1
294,782,LNP782,1,2197,baseline_plus_md,3,0.5687220267735914,1
357,875,LNP782,1,2197,baseline_plus_md,3,0.5841106484304158,1
295,783,LNP854,0,2197,baseline_plus_md,4,0.9676753812736866,1
366,911,LNP854,1,2197,baseline_plus_md,4,0.6454632031029109,1
272,636,LNP858,0,2197,baseline_plus_md,5,0.4793252149224558,0
288,687,LNP858,0,2197,baseline_plus_md,5,0.5212503692315112,1
293,781,LNP858,1,2197,baseline_plus_md,5,0.4661803736526142,0
367,922,LNP858,0,2197,baseline_plus_md,5,0.46819065503789564,0
368,923,LNP858,0,2197,baseline_plus_md,5,0.46819065503789564,0
369,931,LNP858,0,2197,baseline_plus_md,5,0.5092590272401689,1
130,193,LNP193,1,2198,baseline,0,0.6100260085683394,1
131,194,LNP194,1,2198,baseline,1,0.573612566284973,1
132,195,LNP195,0,2198,baseline,2,0.9331156326312575,1
294,782,LNP782,1,2198,baseline,3,0.4664826227139963,0
357,875,LNP782,1,2198,baseline,3,0.5009570386604169,1
295,783,LNP854,0,2198,baseline,4,0.9761113692961103,1
366,911,LNP854,1,2198,baseline,4,0.4434737715868514,0
272,636,LNP858,0,2198,baseline,5,0.4618146087359705,0
288,687,LNP858,0,2198,baseline,5,0.5019350071284279,1
293,781,LNP858,1,2198,baseline,5,0.44901698968835096,0
367,922,LNP858,0,2198,baseline,5,0.44529855534491686,0
368,923,LNP858,0,2198,baseline,5,0.44529855534491686,0
369,931,LNP858,0,2198,baseline,5,0.48597360741702794,0
130,193,LNP193,1,2198,baseline_plus_md,0,0.6940361967946364,1
131,194,LNP194,1,2198,baseline_plus_md,1,0.5811138008036907,1
132,195,LNP195,0,2198,baseline_plus_md,2,0.7636409785067866,1
294,782,LNP782,1,2198,baseline_plus_md,3,0.560563794037079,1
357,875,LNP782,1,2198,baseline_plus_md,3,0.572273264543868,1
295,783,LNP854,0,2198,baseline_plus_md,4,0.9776832286337137,1
366,911,LNP854,1,2198,baseline_plus_md,4,0.6705328467995012,1
272,636,LNP858,0,2198,baseline_plus_md,5,0.47610449816772143,0
288,687,LNP858,0,2198,baseline_plus_md,5,0.5131176524970522,1
293,781,LNP858,1,2198,baseline_plus_md,5,0.4674611449931181,0
367,922,LNP858,0,2198,baseline_plus_md,5,0.46650402919225237,0
368,923,LNP858,0,2198,baseline_plus_md,5,0.46650402919225237,0
369,931,LNP858,0,2198,baseline_plus_md,5,0.5032962239256236,1
130,193,LNP193,1,2199,baseline,0,0.6146812841161347,1
131,194,LNP194,1,2199,baseline,1,0.5721406496788282,1
132,195,LNP195,0,2199,baseline,2,0.9281031364468865,1
294,782,LNP782,1,2199,baseline,3,0.4789891106663648,0
357,875,LNP782,1,2199,baseline,3,0.5103281371230747,1
295,783,LNP854,0,2199,baseline,4,0.9814071871590929,1
366,911,LNP854,1,2199,baseline,4,0.43598388173671104,0
272,636,LNP858,0,2199,baseline,5,0.4629477511334985,0
288,687,LNP858,0,2199,baseline,5,0.5084894643222706,1
293,781,LNP858,1,2199,baseline,5,0.4423624336731805,0
367,922,LNP858,0,2199,baseline,5,0.44480200798775493,0
368,923,LNP858,0,2199,baseline,5,0.44480200798775493,0
369,931,LNP858,0,2199,baseline,5,0.48866623199903786,0
130,193,LNP193,1,2199,baseline_plus_md,0,0.6933949649061077,1
131,194,LNP194,1,2199,baseline_plus_md,1,0.5757339991652066,1
132,195,LNP195,0,2199,baseline_plus_md,2,0.7947300442612943,1
294,782,LNP782,1,2199,baseline_plus_md,3,0.5670758317317849,1
357,875,LNP782,1,2199,baseline_plus_md,3,0.5783256143413994,1
295,783,LNP854,0,2199,baseline_plus_md,4,0.9741095884150757,1
366,911,LNP854,1,2199,baseline_plus_md,4,0.6514606217215961,1
272,636,LNP858,0,2199,baseline_plus_md,5,0.4676787978547381,0
288,687,LNP858,0,2199,baseline_plus_md,5,0.5061425013339212,1
293,781,LNP858,1,2199,baseline_plus_md,5,0.4575969526166427,0
367,922,LNP858,0,2199,baseline_plus_md,5,0.45458536351130346,0
368,923,LNP858,0,2199,baseline_plus_md,5,0.45458536351130346,0
369,931,LNP858,0,2199,baseline_plus_md,5,0.4917864407278604,0
