permutation,is_identity,assignment,macro_f1,mcc,inactive_pr_auc,roc_auc
1,True,LNP193<-LNP193;LNP194<-LNP194;LNP195<-LNP195;LNP782<-LNP782;LNP854<-LNP854;LNP858<-LNP858,0.7187500000000002,0.45584230583855184,0.49404761904761907,0.5584415584415585
2,False,LNP193<-LNP193;LNP194<-LNP194;LNP195<-LNP195;LNP782<-LNP782;LNP854<-LNP858;LNP858<-LNP854,0.6062500000000001,0.2279211529192759,0.40674603174603174,0.4025974025974026
3,False,LNP193<-LNP193;LNP194<-LNP194;LNP195<-LNP195;LNP782<-LNP854;LNP854<-LNP782;LNP858<-LNP858,0.7187500000000002,0.45584230583855184,0.5107142857142857,0.6168831168831168
4,False,LNP193<-LNP193;LNP194<-LNP194;LNP195<-LNP195;LNP782<-LNP854;LNP854<-LNP858;LNP858<-LNP782,0.6062500000000001,0.2279211529192759,0.40674603174603174,0.4025974025974026
5,False,LNP193<-LNP193;LNP194<-LNP194;LNP195<-LNP195;LNP782<-LNP858;LNP854<-LNP782;LNP858<-LNP854,0.2173913043478261,-0.5640760748177664,0.3148809523809524,0.12987012987012989
6,False,LNP193<-LNP193;LNP194<-LNP194;LNP195<-LNP195;LNP782<-LNP858;LNP854<-LNP854;LNP858<-LNP782,0.2173913043478261,-0.5640760748177664,0.2942460317460317,0.05194805194805194
7,False,LNP193<-LNP193;LNP194<-LNP194;LNP195<-LNP782;LNP782<-LNP195;LNP854<-LNP854;LNP858<-LNP858,0.43750000000000006,-0.11396057645963795,0.6755952380952381,0.6168831168831168
8,False,LNP193<-LNP193;LNP194<-LNP194;LNP195<-LNP782;LNP782<-LNP195;LNP854<-LNP858;LNP858<-LNP854,0.7187500000000002,0.45584230583855184,0.5325396825396825,0.6363636363636365
9,False,LNP193<-LNP193;LNP194<-LNP194;LNP195<-LNP782;LNP782<-LNP854;LNP854<-LNP195;LNP858<-LNP858,0.6989966555183946,0.40291148201269017,0.6904761904761905,0.7727272727272727
10,False,LNP193<-LNP193;LNP194<-LNP194;LNP195<-LNP782;LNP782<-LNP854;LNP854<-LNP858;LNP858<-LNP195,0.55,0.11396057645963795,0.37896825396825395,0.34415584415584427
11,False,LNP193<-LNP193;LNP194<-LNP194;LNP195<-LNP782;LNP782<-LNP858;LNP854<-LNP195;LNP858<-LNP854,0.3812500000000001,-0.22792115291927598,0.37896825396825395,0.3441558441558441
12,False,LNP193<-LNP193;LNP194<-LNP194;LNP195<-LNP782;LNP782<-LNP858;LNP854<-LNP854;LNP858<-LNP195,0.1,-0.7977240352174653,0.28869047619047616,0.03246753246753248
13,False,LNP193<-LNP193;LNP194<-LNP194;LNP195<-LNP854;LNP782<-LNP195;LNP854<-LNP782;LNP858<-LNP858,0.26875000000000004,-0.45584230583855206,0.4345238095238095,0.4415584415584415
14,False,LNP193<-LNP193;LNP194<-LNP194;LNP195<-LNP854;LNP782<-LNP195;LNP854<-LNP858;LNP858<-LNP782,0.5183946488294314,0.040291148201268875,0.6595238095238094,0.7142857142857142
15,False,LNP193<-LNP193;LNP194<-LNP194;LNP195<-LNP854;LNP782<-LNP782;LNP854<-LNP195;LNP858<-LNP858,0.55,0.11396057645963795,0.4325396825396825,0.40259740259740273
16,False,LNP193<-LNP193;LNP194<-LNP194;LNP195<-LNP854;LNP782<-LNP782;LNP854<-LNP858;LNP858<-LNP195,0.55,0.11396057645963795,0.37896825396825395,0.34415584415584427
17,False,LNP193<-LNP193;LNP194<-LNP194;LNP195<-LNP854;LNP782<-LNP858;LNP854<-LNP195;LNP858<-LNP782,0.4375,-0.11396057645963795,0.38988095238095244,0.3636363636363636
18,False,LNP193<-LNP193;LNP194<-LNP194;LNP195<-LNP854;LNP782<-LNP858;LNP854<-LNP782;LNP858<-LNP195,0.1,-0.7977240352174653,0.31031746031746027,0.11038961038961038
19,False,LNP193<-LNP193;LNP194<-LNP194;LNP195<-LNP858;LNP782<-LNP195;LNP854<-LNP782;LNP858<-LNP854,0.26875000000000004,-0.45584230583855206,0.4261904761904762,0.42207792207792205
20,False,LNP193<-LNP193;LNP194<-LNP194;LNP195<-LNP858;LNP782<-LNP195;LNP854<-LNP854;LNP858<-LNP782,0.3812500000000001,-0.22792115291927598,0.569047619047619,0.5389610389610389
21,False,LNP193<-LNP193;LNP194<-LNP194;LNP195<-LNP858;LNP782<-LNP782;LNP854<-LNP195;LNP858<-LNP854,0.60625,0.2279211529192759,0.4603174603174603,0.461038961038961
22,False,LNP193<-LNP193;LNP194<-LNP194;LNP195<-LNP858;LNP782<-LNP782;LNP854<-LNP854;LNP858<-LNP195,0.7187500000000002,0.45584230583855184,0.5158730158730159,0.577922077922078
23,False,LNP193<-LNP193;LNP194<-LNP194;LNP195<-LNP858;LNP782<-LNP854;LNP854<-LNP195;LNP858<-LNP782,0.7591973244147158,0.523784926616497,0.7063492063492063,0.8701298701298701
24,False,LNP193<-LNP193;LNP194<-LNP194;LNP195<-LNP858;LNP782<-LNP854;LNP854<-LNP782;LNP858<-LNP195,0.7187500000000002,0.45584230583855184,0.7718253968253967,0.8116883116883117
25,False,LNP193<-LNP193;LNP194<-LNP195;LNP195<-LNP194;LNP782<-LNP782;LNP854<-LNP854;LNP858<-LNP858,0.3076923076923077,-0.35675303400633795,0.29821428571428565,0.07142857142857142
26,False,LNP193<-LNP193;LNP194<-LNP195;LNP195<-LNP194;LNP782<-LNP782;LNP854<-LNP858;LNP858<-LNP854,0.21739130434782608,-0.5640760748177661,0.29821428571428565,0.07142857142857142
27,False,LNP193<-LNP193;LNP194<-LNP195;LNP195<-LNP194;LNP782<-LNP854;LNP854<-LNP782;LNP858<-LNP858,0.3076923076923077,-0.35675303400633795,0.29821428571428565,0.07142857142857142
28,False,LNP193<-LNP193;LNP194<-LNP195;LNP195<-LNP194;LNP782<-LNP854;LNP854<-LNP858;LNP858<-LNP782,0.1,-0.7977240352174653,0.29821428571428565,0.07142857142857142
29,False,LNP193<-LNP193;LNP194<-LNP195;LNP195<-LNP194;LNP782<-LNP858;LNP854<-LNP782;LNP858<-LNP854,0.5183946488294314,0.040291148201268875,0.5595238095238095,0.48051948051948046
30,False,LNP193<-LNP193;LNP194<-LNP195;LNP195<-LNP194;LNP782<-LNP858;LNP854<-LNP854;LNP858<-LNP782,0.39799331103678937,-0.2014557410063451,0.37896825396825395,0.34415584415584427
31,False,LNP193<-LNP193;LNP194<-LNP195;LNP195<-LNP782;LNP782<-LNP194;LNP854<-LNP854;LNP858<-LNP858,0.4375,-0.11396057645963795,0.6755952380952381,0.6168831168831168
32,False,LNP193<-LNP193;LNP194<-LNP195;LNP195<-LNP782;LNP782<-LNP194;LNP854<-LNP858;LNP858<-LNP854,0.7187500000000002,0.45584230583855184,0.5325396825396825,0.6363636363636365
33,False,LNP193<-LNP193;LNP194<-LNP195;LNP195<-LNP782;LNP782<-LNP854;LNP854<-LNP194;LNP858<-LNP858,0.1,-0.7977240352174653,0.3214285714285715,0.14935064935064934
34,False,LNP193<-LNP193;LNP194<-LNP195;LNP195<-LNP782;LNP782<-LNP854;LNP854<-LNP858;LNP858<-LNP194,0.1,-0.7977240352174653,0.31031746031746027,0.11038961038961038
35,False,LNP193<-LNP193;LNP194<-LNP195;LNP195<-LNP782;LNP782<-LNP858;LNP854<-LNP194;LNP858<-LNP854,0.7187500000000002,0.45584230583855184,0.49404761904761907,0.5584415584415585
36,False,LNP193<-LNP193;LNP194<-LNP195;LNP195<-LNP782;LNP782<-LNP858;LNP854<-LNP854;LNP858<-LNP194,0.39799331103678937,-0.2014557410063451,0.40674603174603174,0.4025974025974026
37,False,LNP193<-LNP193;LNP194<-LNP195;LNP195<-LNP854;LNP782<-LNP194;LNP854<-LNP782;LNP858<-LNP858,0.26875,-0.4558423058385518,0.4345238095238095,0.4415584415584415
38,False,LNP193<-LNP193;LNP194<-LNP195;LNP195<-LNP854;LNP782<-LNP194;LNP854<-LNP858;LNP858<-LNP782,0.5183946488294314,0.040291148201268875,0.6595238095238094,0.7142857142857142
39,False,LNP193<-LNP193;LNP194<-LNP195;LNP195<-LNP854;LNP782<-LNP782;LNP854<-LNP194;LNP858<-LNP858,0.1,-0.7977240352174653,0.3214285714285715,0.14935064935064934
40,False,LNP193<-LNP193;LNP194<-LNP195;LNP195<-LNP854;LNP782<-LNP782;LNP854<-LNP858;LNP858<-LNP194,0.1,-0.7977240352174653,0.31031746031746027,0.11038961038961038
41,False,LNP193<-LNP193;LNP194<-LNP195;LNP195<-LNP854;LNP782<-LNP858;LNP854<-LNP194;LNP858<-LNP782,0.7187500000000002,0.45584230583855184,0.5158730158730159,0.577922077922078
42,False,LNP193<-LNP193;LNP194<-LNP195;LNP195<-LNP854;LNP782<-LNP858;LNP854<-LNP782;LNP858<-LNP194,0.5785953177257526,0.16116459280507595,0.4603174603174603,0.461038961038961
43,False,LNP193<-LNP193;LNP194<-LNP195;LNP195<-LNP858;LNP782<-LNP194;LNP854<-LNP782;LNP858<-LNP854,0.26875,-0.4558423058385518,0.4261904761904762,0.42207792207792205
44,False,LNP193<-LNP193;LNP194<-LNP195;LNP195<-LNP858;LNP782<-LNP194;LNP854<-LNP854;LNP858<-LNP782,0.3812500000000001,-0.22792115291927598,0.569047619047619,0.5389610389610389
45,False,LNP193<-LNP193;LNP194<-LNP195;LNP195<-LNP858;LNP782<-LNP782;LNP854<-LNP194;LNP858<-LNP854,0.2173913043478261,-0.5640760748177664,0.3148809523809524,0.12987012987012989
46,False,LNP193<-LNP193;LNP194<-LNP195;LNP195<-LNP858;LNP782<-LNP782;LNP854<-LNP854;LNP858<-LNP194,0.2173913043478261,-0.5640760748177664,0.31031746031746027,0.11038961038961038
47,False,LNP193<-LNP193;LNP194<-LNP195;LNP195<-LNP858;LNP782<-LNP854;LNP854<-LNP194;LNP858<-LNP782,0.5183946488294314,0.040291148201268875,0.38928571428571423,0.3246753246753247
48,False,LNP193<-LNP193;LNP194<-LNP195;LNP195<-LNP858;LNP782<-LNP854;LNP854<-LNP782;LNP858<-LNP194,0.3076923076923077,-0.35675303400633795,0.321031746031746,0.16883116883116878
49,False,LNP193<-LNP193;LNP194<-LNP782;LNP195<-LNP194;LNP782<-LNP195;LNP854<-LNP854;LNP858<-LNP858,0.2173913043478261,-0.5640760748177664,0.29821428571428565,0.07142857142857142
50,False,LNP193<-LNP193;LNP194<-LNP782;LNP195<-LNP194;LNP782<-LNP195;LNP854<-LNP858;LNP858<-LNP854,0.1,-0.7977240352174653,0.29821428571428565,0.07142857142857142
51,False,LNP193<-LNP193;LNP194<-LNP782;LNP195<-LNP194;LNP782<-LNP854;LNP854<-LNP195;LNP858<-LNP858,0.8875000000000002,0.7977240352174658,0.7738095238095237,0.8896103896103897
52,False,LNP193<-LNP193;LNP194<-LNP782;LNP195<-LNP194;LNP782<-LNP854;LNP854<-LNP858;LNP858<-LNP195,0.8875000000000002,0.7977240352174658,0.8670634920634921,0.9285714285714286
53,False,LNP193<-LNP193;LNP194<-LNP782;LNP195<-LNP194;LNP782<-LNP858;LNP854<-LNP195;LNP858<-LNP854,0.43750000000000006,-0.11396057645963795,0.6922619047619047,0.6558441558441558
54,False,LNP193<-LNP193;LNP194<-LNP782;LNP195<-LNP194;LNP782<-LNP858;LNP854<-LNP854;LNP858<-LNP195,0.5785953177257526,0.1611645928050761,0.7468253968253968,0.7532467532467533
55,False,LNP193<-LNP193;LNP194<-LNP782;LNP195<-LNP195;LNP782<-LNP194;LNP854<-LNP854;LNP858<-LNP858,0.7187500000000002,0.45584230583855195,0.49404761904761907,0.5584415584415585
56,False,LNP193<-LNP193;LNP194<-LNP782;LNP195<-LNP195;LNP782<-LNP194;LNP854<-LNP858;LNP858<-LNP854,0.60625,0.2279211529192759,0.40674603174603174,0.4025974025974026
57,False,LNP193<-LNP193;LNP194<-LNP782;LNP195<-LNP195;LNP782<-LNP854;LNP854<-LNP194;LNP858<-LNP858,0.8875000000000002,0.7977240352174658,0.6785714285714286,0.8506493506493507
58,False,LNP193<-LNP193;LNP194<-LNP782;LNP195<-LNP195;LNP782<-LNP854;LNP854<-LNP858;LNP858<-LNP194,0.8875000000000002,0.7977240352174658,0.7738095238095237,0.8896103896103897
59,False,LNP193<-LNP193;LNP194<-LNP782;LNP195<-LNP195;LNP782<-LNP858;LNP854<-LNP194;LNP858<-LNP854,0.39799331103678925,-0.20145574100634525,0.4345238095238095,0.4415584415584415
60,False,LNP193<-LNP193;LNP194<-LNP782;LNP195<-LNP195;LNP782<-LNP858;LNP854<-LNP854;LNP858<-LNP194,0.5183946488294314,0.040291148201269084,0.6595238095238094,0.7142857142857142
61,False,LNP193<-LNP193;LNP194<-LNP782;LNP195<-LNP854;LNP782<-LNP194;LNP854<-LNP195;LNP858<-LNP858,0.55,0.11396057645963795,0.4325396825396825,0.40259740259740273
62,False,LNP193<-LNP193;LNP194<-LNP782;LNP195<-LNP854;LNP782<-LNP194;LNP854<-LNP858;LNP858<-LNP195,0.55,0.11396057645963795,0.37896825396825395,0.34415584415584427
63,False,LNP193<-LNP193;LNP194<-LNP782;LNP195<-LNP854;LNP782<-LNP195;LNP854<-LNP194;LNP858<-LNP858,0.1,-0.7977240352174653,0.3214285714285715,0.14935064935064934
64,False,LNP193<-LNP193;LNP194<-LNP782;LNP195<-LNP854;LNP782<-LNP195;LNP854<-LNP858;LNP858<-LNP194,0.21739130434782608,-0.5640760748177661,0.31031746031746027,0.11038961038961038
65,False,LNP193<-LNP193;LNP194<-LNP782;LNP195<-LNP854;LNP782<-LNP858;LNP854<-LNP194;LNP858<-LNP195,0.39799331103678925,-0.20145574100634525,0.4261904761904762,0.42207792207792205
66,False,LNP193<-LNP193;LNP194<-LNP782;LNP195<-LNP854;LNP782<-LNP858;LNP854<-LNP195;LNP858<-LNP194,0.3812500000000001,-0.22792115291927598,0.5940476190476189,0.5974025974025974
67,False,LNP193<-LNP193;LNP194<-LNP782;LNP195<-LNP858;LNP782<-LNP194;LNP854<-LNP195;LNP858<-LNP854,0.6062500000000001,0.2279211529192759,0.4603174603174603,0.461038961038961
68,False,LNP193<-LNP193;LNP194<-LNP782;LNP195<-LNP858;LNP782<-LNP194;LNP854<-LNP854;LNP858<-LNP195,0.7187500000000002,0.45584230583855195,0.5158730158730159,0.577922077922078
69,False,LNP193<-LNP193;LNP194<-LNP782;LNP195<-LNP858;LNP782<-LNP195;LNP854<-LNP194;LNP858<-LNP854,0.2173913043478261,-0.5640760748177664,0.3148809523809524,0.12987012987012989
70,False,LNP193<-LNP193;LNP194<-LNP782;LNP195<-LNP858;LNP782<-LNP195;LNP854<-LNP854;LNP858<-LNP194,0.2173913043478261,-0.5640760748177664,0.31031746031746027,0.11038961038961038
71,False,LNP193<-LNP193;LNP194<-LNP782;LNP195<-LNP858;LNP782<-LNP854;LNP854<-LNP194;LNP858<-LNP195,0.8875000000000002,0.7977240352174658,0.7063492063492063,0.8701298701298701
72,False,LNP193<-LNP193;LNP194<-LNP782;LNP195<-LNP858;LNP782<-LNP854;LNP854<-LNP195;LNP858<-LNP194,0.8875000000000002,0.7977240352174658,0.7063492063492063,0.8701298701298701
73,False,LNP193<-LNP193;LNP194<-LNP854;LNP195<-LNP194;LNP782<-LNP195;LNP854<-LNP782;LNP858<-LNP858,0.30769230769230765,-0.3567530340063377,0.29821428571428565,0.07142857142857142
74,False,LNP193<-LNP193;LNP194<-LNP854;LNP195<-LNP194;LNP782<-LNP195;LNP854<-LNP858;LNP858<-LNP782,0.1,-0.7977240352174653,0.29821428571428565,0.07142857142857142
75,False,LNP193<-LNP193;LNP194<-LNP854;LNP195<-LNP194;LNP782<-LNP782;LNP854<-LNP195;LNP858<-LNP858,0.8875000000000002,0.7977240352174658,0.7738095238095237,0.8896103896103897
76,False,LNP193<-LNP193;LNP194<-LNP854;LNP195<-LNP194;LNP782<-LNP782;LNP854<-LNP858;LNP858<-LNP195,0.8875000000000002,0.7977240352174658,0.8670634920634921,0.9285714285714286
77,False,LNP193<-LNP193;LNP194<-LNP854;LNP195<-LNP194;LNP782<-LNP858;LNP854<-LNP195;LNP858<-LNP782,0.2755417956656347,-0.40291148201268995,0.6317460317460317,0.46103896103896097
78,False,LNP193<-LNP193;LNP194<-LNP854;LNP195<-LNP194;LNP782<-LNP858;LNP854<-LNP782;LNP858<-LNP195,0.5785953177257526,0.1611645928050761,0.6755952380952381,0.5974025974025974
79,False,LNP193<-LNP193;LNP194<-LNP854;LNP195<-LNP195;LNP782<-LNP194;LNP854<-LNP782;LNP858<-LNP858,0.7187500000000002,0.45584230583855195,0.5107142857142857,0.6168831168831168
80,False,LNP193<-LNP193;LNP194<-LNP854;LNP195<-LNP195;LNP782<-LNP194;LNP854<-LNP858;LNP858<-LNP782,0.60625,0.2279211529192759,0.40674603174603174,0.4025974025974026
81,False,LNP193<-LNP193;LNP194<-LNP854;LNP195<-LNP195;LNP782<-LNP782;LNP854<-LNP194;LNP858<-LNP858,0.8875000000000002,0.7977240352174658,0.6785714285714286,0.8506493506493507
82,False,LNP193<-LNP193;LNP194<-LNP854;LNP195<-LNP195;LNP782<-LNP782;LNP854<-LNP858;LNP858<-LNP194,0.8875000000000002,0.7977240352174658,0.7738095238095237,0.8896103896103897
83,False,LNP193<-LNP193;LNP194<-LNP854;LNP195<-LNP195;LNP782<-LNP858;LNP854<-LNP194;LNP858<-LNP782,0.39799331103678925,-0.20145574100634525,0.37460317460317455,0.22727272727272718
84,False,LNP193<-LNP193;LNP194<-LNP854;LNP195<-LNP195;LNP782<-LNP858;LNP854<-LNP782;LNP858<-LNP194,0.5183946488294314,0.040291148201269084,0.5773809523809523,0.5389610389610389
85,False,LNP193<-LNP193;LNP194<-LNP854;LNP195<-LNP782;LNP782<-LNP194;LNP854<-LNP195;LNP858<-LNP858,0.6989966555183946,0.40291148201269017,0.6904761904761905,0.7727272727272727
86,False,LNP193<-LNP193;LNP194<-LNP854;LNP195<-LNP782;LNP782<-LNP194;LNP854<-LNP858;LNP858<-LNP195,0.55,0.11396057645963795,0.37896825396825395,0.34415584415584427
87,False,LNP193<-LNP193;LNP194<-LNP854;LNP195<-LNP782;LNP782<-LNP195;LNP854<-LNP194;LNP858<-LNP858,0.1,-0.7977240352174653,0.3214285714285715,0.14935064935064934
88,False,LNP193<-LNP193;LNP194<-LNP854;LNP195<-LNP782;LNP782<-LNP195;LNP854<-LNP858;LNP858<-LNP194,0.21739130434782608,-0.5640760748177661,0.31031746031746027,0.11038961038961038
89,False,LNP193<-LNP193;LNP194<-LNP854;LNP195<-LNP782;LNP782<-LNP858;LNP854<-LNP194;LNP858<-LNP195,0.26875000000000004,-0.45584230583855206,0.369047619047619,0.2077922077922078
90,False,LNP193<-LNP193;LNP194<-LNP854;LNP195<-LNP782;LNP782<-LNP858;LNP854<-LNP195;LNP858<-LNP194,0.21981424148606815,-0.523784926616497,0.5214285714285714,0.3636363636363636
91,False,LNP193<-LNP193;LNP194<-LNP854;LNP195<-LNP858;LNP782<-LNP194;LNP854<-LNP195;LNP858<-LNP782,0.7591973244147158,0.523784926616497,0.7063492063492063,0.8701298701298701
92,False,LNP193<-LNP193;LNP194<-LNP854;LNP195<-LNP858;LNP782<-LNP194;LNP854<-LNP782;LNP858<-LNP195,0.7187500000000002,0.45584230583855195,0.7718253968253967,0.8116883116883117
93,False,LNP193<-LNP193;LNP194<-LNP854;LNP195<-LNP858;LNP782<-LNP195;LNP854<-LNP194;LNP858<-LNP782,0.5183946488294314,0.040291148201269084,0.38928571428571423,0.3246753246753247
94,False,LNP193<-LNP193;LNP194<-LNP854;LNP195<-LNP858;LNP782<-LNP195;LNP854<-LNP782;LNP858<-LNP194,0.30769230769230765,-0.3567530340063377,0.321031746031746,0.16883116883116878
95,False,LNP193<-LNP193;LNP194<-LNP854;LNP195<-LNP858;LNP782<-LNP782;LNP854<-LNP194;LNP858<-LNP195,0.8875000000000002,0.7977240352174658,0.7063492063492063,0.8701298701298701
96,False,LNP193<-LNP193;LNP194<-LNP854;LNP195<-LNP858;LNP782<-LNP782;LNP854<-LNP195;LNP858<-LNP194,0.8875000000000002,0.7977240352174658,0.7063492063492063,0.8701298701298701
97,False,LNP193<-LNP193;LNP194<-LNP858;LNP195<-LNP194;LNP782<-LNP195;LNP854<-LNP782;LNP858<-LNP854,0.5183946488294314,0.040291148201268875,0.5595238095238095,0.48051948051948046
98,False,LNP193<-LNP193;LNP194<-LNP858;LNP195<-LNP194;LNP782<-LNP195;LNP854<-LNP854;LNP858<-LNP782,0.39799331103678937,-0.2014557410063451,0.37896825396825395,0.34415584415584427
99,False,LNP193<-LNP193;LNP194<-LNP858;LNP195<-LNP194;LNP782<-LNP782;LNP854<-LNP195;LNP858<-LNP854,0.4375,-0.11396057645963795,0.6922619047619047,0.6558441558441558
100,False,LNP193<-LNP193;LNP194<-LNP858;LNP195<-LNP194;LNP782<-LNP782;LNP854<-LNP854;LNP858<-LNP195,0.5785953177257526,0.16116459280507595,0.7468253968253968,0.7532467532467533
101,False,LNP193<-LNP193;LNP194<-LNP858;LNP195<-LNP194;LNP782<-LNP854;LNP854<-LNP195;LNP858<-LNP782,0.2755417956656347,-0.40291148201268995,0.6317460317460317,0.46103896103896097
102,False,LNP193<-LNP193;LNP194<-LNP858;LNP195<-LNP194;LNP782<-LNP854;LNP854<-LNP782;LNP858<-LNP195,0.5785953177257526,0.16116459280507595,0.6755952380952381,0.5974025974025974
103,False,LNP193<-LNP193;LNP194<-LNP858;LNP195<-LNP195;LNP782<-LNP194;LNP854<-LNP782;LNP858<-LNP854,0.2173913043478261,-0.5640760748177664,0.3148809523809524,0.12987012987012989
104,False,LNP193<-LNP193;LNP194<-LNP858;LNP195<-LNP195;LNP782<-LNP194;LNP854<-LNP854;LNP858<-LNP782,0.2173913043478261,-0.5640760748177664,0.2942460317460317,0.05194805194805194
105,False,LNP193<-LNP193;LNP194<-LNP858;LNP195<-LNP195;LNP782<-LNP782;LNP854<-LNP194;LNP858<-LNP854,0.39799331103678937,-0.2014557410063451,0.4345238095238095,0.4415584415584415
106,False,LNP193<-LNP193;LNP194<-LNP858;LNP195<-LNP195;LNP782<-LNP782;LNP854<-LNP854;LNP858<-LNP194,0.5183946488294314,0.040291148201268875,0.6595238095238094,0.7142857142857142
107,False,LNP193<-LNP193;LNP194<-LNP858;LNP195<-LNP195;LNP782<-LNP854;LNP854<-LNP194;LNP858<-LNP782,0.39799331103678937,-0.2014557410063451,0.37460317460317455,0.22727272727272718
108,False,LNP193<-LNP193;LNP194<-LNP858;LNP195<-LNP195;LNP782<-LNP854;LNP854<-LNP782;LNP858<-LNP194,0.5183946488294314,0.040291148201268875,0.5773809523809523,0.5389610389610389
109,False,LNP193<-LNP193;LNP194<-LNP858;LNP195<-LNP782;LNP782<-LNP194;LNP854<-LNP195;LNP858<-LNP854,0.3812500000000001,-0.22792115291927598,0.37896825396825395,0.3441558441558441
110,False,LNP193<-LNP193;LNP194<-LNP858;LNP195<-LNP782;LNP782<-LNP194;LNP854<-LNP854;LNP858<-LNP195,0.1,-0.7977240352174653,0.28869047619047616,0.03246753246753248
111,False,LNP193<-LNP193;LNP194<-LNP858;LNP195<-LNP782;LNP782<-LNP195;LNP854<-LNP194;LNP858<-LNP854,0.7187500000000002,0.45584230583855184,0.49404761904761907,0.5584415584415585
112,False,LNP193<-LNP193;LNP194<-LNP858;LNP195<-LNP782;LNP782<-LNP195;LNP854<-LNP854;LNP858<-LNP194,0.39799331103678937,-0.2014557410063451,0.40674603174603174,0.4025974025974026
113,False,LNP193<-LNP193;LNP194<-LNP858;LNP195<-LNP782;LNP782<-LNP854;LNP854<-LNP194;LNP858<-LNP195,0.26875000000000004,-0.45584230583855206,0.369047619047619,0.2077922077922078
114,False,LNP193<-LNP193;LNP194<-LNP858;LNP195<-LNP782;LNP782<-LNP854;LNP854<-LNP195;LNP858<-LNP194,0.21981424148606815,-0.523784926616497,0.5214285714285714,0.3636363636363636
115,False,LNP193<-LNP193;LNP194<-LNP858;LNP195<-LNP854;LNP782<-LNP194;LNP854<-LNP195;LNP858<-LNP782,0.43750000000000006,-0.11396057645963795,0.38988095238095244,0.3636363636363636
116,False,LNP193<-LNP193;LNP194<-LNP858;LNP195<-LNP854;LNP782<-LNP194;LNP854<-LNP782;LNP858<-LNP195,0.1,-0.7977240352174653,0.31031746031746027,0.11038961038961038
117,False,LNP193<-LNP193;LNP194<-LNP858;LNP195<-LNP854;LNP782<-LNP195;LNP854<-LNP194;LNP858<-LNP782,0.7187500000000002,0.45584230583855184,0.5158730158730159,0.577922077922078
118,False,LNP193<-LNP193;LNP194<-LNP858;LNP195<-LNP854;LNP782<-LNP195;LNP854<-LNP782;LNP858<-LNP194,0.5785953177257526,0.16116459280507595,0.4603174603174603,0.461038961038961
119,False,LNP193<-LNP193;LNP194<-LNP858;LNP195<-LNP854;LNP782<-LNP782;LNP854<-LNP194;LNP858<-LNP195,0.39799331103678937,-0.2014557410063451,0.4261904761904762,0.42207792207792205
120,False,LNP193<-LNP193;LNP194<-LNP858;LNP195<-LNP854;LNP782<-LNP782;LNP854<-LNP195;LNP858<-LNP194,0.3812500000000001,-0.22792115291927598,0.5940476190476189,0.5974025974025974
121,False,LNP193<-LNP194;LNP194<-LNP193;LNP195<-LNP195;LNP782<-LNP782;LNP854<-LNP854;LNP858<-LNP858,0.7187500000000002,0.45584230583855184,0.49404761904761907,0.5584415584415585
122,False,LNP193<-LNP194;LNP194<-LNP193;LNP195<-LNP195;LNP782<-LNP782;LNP854<-LNP858;LNP858<-LNP854,0.6062500000000001,0.2279211529192759,0.40674603174603174,0.4025974025974026
123,False,LNP193<-LNP194;LNP194<-LNP193;LNP195<-LNP195;LNP782<-LNP854;LNP854<-LNP782;LNP858<-LNP858,0.7187500000000002,0.45584230583855184,0.5107142857142857,0.6168831168831168
124,False,LNP193<-LNP194;LNP194<-LNP193;LNP195<-LNP195;LNP782<-LNP854;LNP854<-LNP858;LNP858<-LNP782,0.6062500000000001,0.2279211529192759,0.40674603174603174,0.4025974025974026
125,False,LNP193<-LNP194;LNP194<-LNP193;LNP195<-LNP195;LNP782<-LNP858;LNP854<-LNP782;LNP858<-LNP854,0.2173913043478261,-0.5640760748177664,0.3148809523809524,0.12987012987012989
126,False,LNP193<-LNP194;LNP194<-LNP193;LNP195<-LNP195;LNP782<-LNP858;LNP854<-LNP854;LNP858<-LNP782,0.2173913043478261,-0.5640760748177664,0.2942460317460317,0.05194805194805194
127,False,LNP193<-LNP194;LNP194<-LNP193;LNP195<-LNP782;LNP782<-LNP195;LNP854<-LNP854;LNP858<-LNP858,0.43750000000000006,-0.11396057645963795,0.6755952380952381,0.6168831168831168
128,False,LNP193<-LNP194;LNP194<-LNP193;LNP195<-LNP782;LNP782<-LNP195;LNP854<-LNP858;LNP858<-LNP854,0.7187500000000002,0.45584230583855184,0.5325396825396825,0.6363636363636365
129,False,LNP193<-LNP194;LNP194<-LNP193;LNP195<-LNP782;LNP782<-LNP854;LNP854<-LNP195;LNP858<-LNP858,0.6989966555183946,0.40291148201269017,0.6904761904761905,0.7727272727272727
130,False,LNP193<-LNP194;LNP194<-LNP193;LNP195<-LNP782;LNP782<-LNP854;LNP854<-LNP858;LNP858<-LNP195,0.55,0.11396057645963795,0.37896825396825395,0.34415584415584427
131,False,LNP193<-LNP194;LNP194<-LNP193;LNP195<-LNP782;LNP782<-LNP858;LNP854<-LNP195;LNP858<-LNP854,0.3812500000000001,-0.22792115291927598,0.37896825396825395,0.3441558441558441
132,False,LNP193<-LNP194;LNP194<-LNP193;LNP195<-LNP782;LNP782<-LNP858;LNP854<-LNP854;LNP858<-LNP195,0.1,-0.7977240352174653,0.28869047619047616,0.03246753246753248
133,False,LNP193<-LNP194;LNP194<-LNP193;LNP195<-LNP854;LNP782<-LNP195;LNP854<-LNP782;LNP858<-LNP858,0.26875000000000004,-0.45584230583855206,0.4345238095238095,0.4415584415584415
134,False,LNP193<-LNP194;LNP194<-LNP193;LNP195<-LNP854;LNP782<-LNP195;LNP854<-LNP858;LNP858<-LNP782,0.5183946488294314,0.040291148201268875,0.6595238095238094,0.7142857142857142
135,False,LNP193<-LNP194;LNP194<-LNP193;LNP195<-LNP854;LNP782<-LNP782;LNP854<-LNP195;LNP858<-LNP858,0.55,0.11396057645963795,0.4325396825396825,0.40259740259740273
136,False,LNP193<-LNP194;LNP194<-LNP193;LNP195<-LNP854;LNP782<-LNP782;LNP854<-LNP858;LNP858<-LNP195,0.55,0.11396057645963795,0.37896825396825395,0.34415584415584427
137,False,LNP193<-LNP194;LNP194<-LNP193;LNP195<-LNP854;LNP782<-LNP858;LNP854<-LNP195;LNP858<-LNP782,0.4375,-0.11396057645963795,0.38988095238095244,0.3636363636363636
138,False,LNP193<-LNP194;LNP194<-LNP193;LNP195<-LNP854;LNP782<-LNP858;LNP854<-LNP782;LNP858<-LNP195,0.1,-0.7977240352174653,0.31031746031746027,0.11038961038961038
139,False,LNP193<-LNP194;LNP194<-LNP193;LNP195<-LNP858;LNP782<-LNP195;LNP854<-LNP782;LNP858<-LNP854,0.26875000000000004,-0.45584230583855206,0.4261904761904762,0.42207792207792205
140,False,LNP193<-LNP194;LNP194<-LNP193;LNP195<-LNP858;LNP782<-LNP195;LNP854<-LNP854;LNP858<-LNP782,0.3812500000000001,-0.22792115291927598,0.569047619047619,0.5389610389610389
141,False,LNP193<-LNP194;LNP194<-LNP193;LNP195<-LNP858;LNP782<-LNP782;LNP854<-LNP195;LNP858<-LNP854,0.60625,0.2279211529192759,0.4603174603174603,0.461038961038961
142,False,LNP193<-LNP194;LNP194<-LNP193;LNP195<-LNP858;LNP782<-LNP782;LNP854<-LNP854;LNP858<-LNP195,0.7187500000000002,0.45584230583855184,0.5158730158730159,0.577922077922078
143,False,LNP193<-LNP194;LNP194<-LNP193;LNP195<-LNP858;LNP782<-LNP854;LNP854<-LNP195;LNP858<-LNP782,0.7591973244147158,0.523784926616497,0.7063492063492063,0.8701298701298701
144,False,LNP193<-LNP194;LNP194<-LNP193;LNP195<-LNP858;LNP782<-LNP854;LNP854<-LNP782;LNP858<-LNP195,0.7187500000000002,0.45584230583855184,0.7718253968253967,0.8116883116883117
145,False,LNP193<-LNP194;LNP194<-LNP195;LNP195<-LNP193;LNP782<-LNP782;LNP854<-LNP854;LNP858<-LNP858,0.2173913043478261,-0.5640760748177664,0.363095238095238,0.3246753246753247
146,False,LNP193<-LNP194;LNP194<-LNP195;LNP195<-LNP193;LNP782<-LNP782;LNP854<-LNP858;LNP858<-LNP854,0.7187500000000002,0.45584230583855195,0.5107142857142857,0.6168831168831168
147,False,LNP193<-LNP194;LNP194<-LNP195;LNP195<-LNP193;LNP782<-LNP854;LNP854<-LNP782;LNP858<-LNP858,0.26875000000000004,-0.45584230583855206,0.4345238095238095,0.4415584415584415
148,False,LNP193<-LNP194;LNP194<-LNP195;LNP195<-LNP193;LNP782<-LNP854;LNP854<-LNP858;LNP858<-LNP782,0.7187500000000002,0.45584230583855195,0.6595238095238094,0.7142857142857142
149,False,LNP193<-LNP194;LNP194<-LNP195;LNP195<-LNP193;LNP782<-LNP858;LNP854<-LNP782;LNP858<-LNP854,0.8875000000000002,0.7977240352174658,0.6785714285714286,0.8506493506493507
150,False,LNP193<-LNP194;LNP194<-LNP195;LNP195<-LNP193;LNP782<-LNP858;LNP854<-LNP854;LNP858<-LNP782,0.8875000000000002,0.7977240352174658,0.7738095238095237,0.8896103896103897
151,False,LNP193<-LNP194;LNP194<-LNP195;LNP195<-LNP782;LNP782<-LNP193;LNP854<-LNP854;LNP858<-LNP858,0.43750000000000006,-0.11396057645963795,0.6755952380952381,0.6168831168831168
152,False,LNP193<-LNP194;LNP194<-LNP195;LNP195<-LNP782;LNP782<-LNP193;LNP854<-LNP858;LNP858<-LNP854,0.7187500000000002,0.45584230583855195,0.5325396825396825,0.6363636363636365
153,False,LNP193<-LNP194;LNP194<-LNP195;LNP195<-LNP782;LNP782<-LNP854;LNP854<-LNP193;LNP858<-LNP858,0.44272445820433437,-0.040291148201268875,0.6755952380952381,0.6168831168831168
154,False,LNP193<-LNP194;LNP194<-LNP195;LNP195<-LNP782;LNP782<-LNP854;LNP854<-LNP858;LNP858<-LNP193,0.7187500000000002,0.45584230583855195,0.7468253968253968,0.7532467532467533
155,False,LNP193<-LNP194;LNP194<-LNP195;LNP195<-LNP782;LNP782<-LNP858;LNP854<-LNP193;LNP858<-LNP854,0.8875000000000002,0.7977240352174658,0.7738095238095237,0.8896103896103897
156,False,LNP193<-LNP194;LNP194<-LNP195;LNP195<-LNP782;LNP782<-LNP858;LNP854<-LNP854;LNP858<-LNP193,0.8875000000000002,0.7977240352174658,0.7738095238095237,0.8896103896103897
157,False,LNP193<-LNP194;LNP194<-LNP195;LNP195<-LNP854;LNP782<-LNP193;LNP854<-LNP782;LNP858<-LNP858,0.26875000000000004,-0.45584230583855206,0.4345238095238095,0.4415584415584415
158,False,LNP193<-LNP194;LNP194<-LNP195;LNP195<-LNP854;LNP782<-LNP193;LNP854<-LNP858;LNP858<-LNP782,0.5183946488294314,0.040291148201269084,0.6595238095238094,0.7142857142857142
159,False,LNP193<-LNP194;LNP194<-LNP195;LNP195<-LNP854;LNP782<-LNP782;LNP854<-LNP193;LNP858<-LNP858,0.2173913043478261,-0.5640760748177664,0.363095238095238,0.3246753246753247
160,False,LNP193<-LNP194;LNP194<-LNP195;LNP195<-LNP854;LNP782<-LNP782;LNP854<-LNP858;LNP858<-LNP193,0.5183946488294314,0.040291148201269084,0.5107142857142857,0.6168831168831168
161,False,LNP193<-LNP194;LNP194<-LNP195;LNP195<-LNP854;LNP782<-LNP858;LNP854<-LNP193;LNP858<-LNP782,0.8875000000000002,0.7977240352174658,0.7738095238095237,0.8896103896103897
162,False,LNP193<-LNP194;LNP194<-LNP195;LNP195<-LNP854;LNP782<-LNP858;LNP854<-LNP782;LNP858<-LNP193,0.8875000000000002,0.7977240352174658,0.6785714285714286,0.8506493506493507
163,False,LNP193<-LNP194;LNP194<-LNP195;LNP195<-LNP858;LNP782<-LNP193;LNP854<-LNP782;LNP858<-LNP854,0.26875000000000004,-0.45584230583855206,0.4261904761904762,0.42207792207792205
164,False,LNP193<-LNP194;LNP194<-LNP195;LNP195<-LNP858;LNP782<-LNP193;LNP854<-LNP854;LNP858<-LNP782,0.3812500000000001,-0.22792115291927598,0.569047619047619,0.5389610389610389
165,False,LNP193<-LNP194;LNP194<-LNP195;LNP195<-LNP858;LNP782<-LNP782;LNP854<-LNP193;LNP858<-LNP854,0.2173913043478261,-0.5640760748177664,0.3547619047619047,0.3051948051948052
166,False,LNP193<-LNP194;LNP194<-LNP195;LNP195<-LNP858;LNP782<-LNP782;LNP854<-LNP854;LNP858<-LNP193,0.2173913043478261,-0.5640760748177664,0.3706349206349206,0.3441558441558441
167,False,LNP193<-LNP194;LNP194<-LNP195;LNP195<-LNP858;LNP782<-LNP854;LNP854<-LNP193;LNP858<-LNP782,0.5183946488294314,0.040291148201268875,0.569047619047619,0.5389610389610389
168,False,LNP193<-LNP194;LNP194<-LNP195;LNP195<-LNP858;LNP782<-LNP854;LNP854<-LNP782;LNP858<-LNP193,0.39799331103678937,-0.2014557410063451,0.4261904761904762,0.42207792207792205
169,False,LNP193<-LNP194;LNP194<-LNP782;LNP195<-LNP193;LNP782<-LNP195;LNP854<-LNP854;LNP858<-LNP858,0.2173913043478261,-0.5640760748177664,0.363095238095238,0.3246753246753247
170,False,LNP193<-LNP194;LNP194<-LNP782;LNP195<-LNP193;LNP782<-LNP195;LNP854<-LNP858;LNP858<-LNP854,0.7187500000000002,0.45584230583855184,0.5107142857142857,0.6168831168831168
171,False,LNP193<-LNP194;LNP194<-LNP782;LNP195<-LNP193;LNP782<-LNP854;LNP854<-LNP195;LNP858<-LNP858,0.55,0.11396057645963795,0.37896825396825395,0.34415584415584427
172,False,LNP193<-LNP194;LNP194<-LNP782;LNP195<-LNP193;LNP782<-LNP854;LNP854<-LNP858;LNP858<-LNP195,0.55,0.11396057645963795,0.37896825396825395,0.34415584415584427
173,False,LNP193<-LNP194;LNP194<-LNP782;LNP195<-LNP193;LNP782<-LNP858;LNP854<-LNP195;LNP858<-LNP854,0.3812500000000001,-0.22792115291927598,0.37896825396825395,0.3441558441558441
174,False,LNP193<-LNP194;LNP194<-LNP782;LNP195<-LNP193;LNP782<-LNP858;LNP854<-LNP854;LNP858<-LNP195,0.2173913043478261,-0.5640760748177664,0.2942460317460317,0.05194805194805194
175,False,LNP193<-LNP194;LNP194<-LNP782;LNP195<-LNP195;LNP782<-LNP193;LNP854<-LNP854;LNP858<-LNP858,0.7187500000000002,0.45584230583855184,0.49404761904761907,0.5584415584415585
176,False,LNP193<-LNP194;LNP194<-LNP782;LNP195<-LNP195;LNP782<-LNP193;LNP854<-LNP858;LNP858<-LNP854,0.6062500000000001,0.2279211529192759,0.40674603174603174,0.4025974025974026
177,False,LNP193<-LNP194;LNP194<-LNP782;LNP195<-LNP195;LNP782<-LNP854;LNP854<-LNP193;LNP858<-LNP858,0.7187500000000002,0.45584230583855184,0.49404761904761907,0.5584415584415585
178,False,LNP193<-LNP194;LNP194<-LNP782;LNP195<-LNP195;LNP782<-LNP854;LNP854<-LNP858;LNP858<-LNP193,0.6062500000000001,0.2279211529192759,0.40674603174603174,0.4025974025974026
179,False,LNP193<-LNP194;LNP194<-LNP782;LNP195<-LNP195;LNP782<-LNP858;LNP854<-LNP193;LNP858<-LNP854,0.2173913043478261,-0.5640760748177664,0.3214285714285714,0.18831168831168832
180,False,LNP193<-LNP194;LNP194<-LNP782;LNP195<-LNP195;LNP782<-LNP858;LNP854<-LNP854;LNP858<-LNP193,0.2173913043478261,-0.5640760748177664,0.29761904761904756,0.09090909090909091
181,False,LNP193<-LNP194;LNP194<-LNP782;LNP195<-LNP854;LNP782<-LNP193;LNP854<-LNP195;LNP858<-LNP858,0.55,0.11396057645963795,0.4325396825396825,0.40259740259740273
182,False,LNP193<-LNP194;LNP194<-LNP782;LNP195<-LNP854;LNP782<-LNP193;LNP854<-LNP858;LNP858<-LNP195,0.55,0.11396057645963795,0.37896825396825395,0.34415584415584427
183,False,LNP193<-LNP194;LNP194<-LNP782;LNP195<-LNP854;LNP782<-LNP195;LNP854<-LNP193;LNP858<-LNP858,0.2173913043478261,-0.5640760748177664,0.363095238095238,0.3246753246753247
184,False,LNP193<-LNP194;LNP194<-LNP782;LNP195<-LNP854;LNP782<-LNP195;LNP854<-LNP858;LNP858<-LNP193,0.5183946488294314,0.040291148201268875,0.5107142857142857,0.6168831168831168
185,False,LNP193<-LNP194;LNP194<-LNP782;LNP195<-LNP854;LNP782<-LNP858;LNP854<-LNP193;LNP858<-LNP195,0.2173913043478261,-0.5640760748177664,0.2942460317460317,0.05194805194805194
186,False,LNP193<-LNP194;LNP194<-LNP782;LNP195<-LNP854;LNP782<-LNP858;LNP854<-LNP195;LNP858<-LNP193,0.3812500000000001,-0.22792115291927598,0.37896825396825395,0.3441558441558441
187,False,LNP193<-LNP194;LNP194<-LNP782;LNP195<-LNP858;LNP782<-LNP193;LNP854<-LNP195;LNP858<-LNP854,0.6062500000000001,0.2279211529192759,0.4603174603174603,0.461038961038961
188,False,LNP193<-LNP194;LNP194<-LNP782;LNP195<-LNP858;LNP782<-LNP193;LNP854<-LNP854;LNP858<-LNP195,0.7187500000000002,0.45584230583855184,0.5158730158730159,0.577922077922078
189,False,LNP193<-LNP194;LNP194<-LNP782;LNP195<-LNP858;LNP782<-LNP195;LNP854<-LNP193;LNP858<-LNP854,0.2173913043478261,-0.5640760748177664,0.3547619047619047,0.3051948051948052
190,False,LNP193<-LNP194;LNP194<-LNP782;LNP195<-LNP858;LNP782<-LNP195;LNP854<-LNP854;LNP858<-LNP193,0.2173913043478261,-0.5640760748177664,0.3706349206349206,0.3441558441558441
191,False,LNP193<-LNP194;LNP194<-LNP782;LNP195<-LNP858;LNP782<-LNP854;LNP854<-LNP193;LNP858<-LNP195,0.7187500000000002,0.45584230583855184,0.5325396825396825,0.6363636363636365
192,False,LNP193<-LNP194;LNP194<-LNP782;LNP195<-LNP858;LNP782<-LNP854;LNP854<-LNP195;LNP858<-LNP193,0.6062500000000001,0.2279211529192759,0.4603174603174603,0.461038961038961
193,False,LNP193<-LNP194;LNP194<-LNP854;LNP195<-LNP193;LNP782<-LNP195;LNP854<-LNP782;LNP858<-LNP858,0.26875000000000004,-0.45584230583855206,0.4345238095238095,0.4415584415584415
194,False,LNP193<-LNP194;LNP194<-LNP854;LNP195<-LNP193;LNP782<-LNP195;LNP854<-LNP858;LNP858<-LNP782,0.7187500000000002,0.45584230583855184,0.6595238095238094,0.7142857142857142
195,False,LNP193<-LNP194;LNP194<-LNP854;LNP195<-LNP193;LNP782<-LNP782;LNP854<-LNP195;LNP858<-LNP858,0.55,0.11396057645963795,0.37896825396825395,0.34415584415584427
196,False,LNP193<-LNP194;LNP194<-LNP854;LNP195<-LNP193;LNP782<-LNP782;LNP854<-LNP858;LNP858<-LNP195,0.55,0.11396057645963795,0.37896825396825395,0.34415584415584427
197,False,LNP193<-LNP194;LNP194<-LNP854;LNP195<-LNP193;LNP782<-LNP858;LNP854<-LNP195;LNP858<-LNP782,0.3812500000000001,-0.22792115291927598,0.37896825396825395,0.3441558441558441
198,False,LNP193<-LNP194;LNP194<-LNP854;LNP195<-LNP193;LNP782<-LNP858;LNP854<-LNP782;LNP858<-LNP195,0.1,-0.7977240352174653,0.2942460317460317,0.05194805194805194
199,False,LNP193<-LNP194;LNP194<-LNP854;LNP195<-LNP195;LNP782<-LNP193;LNP854<-LNP782;LNP858<-LNP858,0.7187500000000002,0.45584230583855184,0.5107142857142857,0.6168831168831168
200,False,LNP193<-LNP194;LNP194<-LNP854;LNP195<-LNP195;LNP782<-LNP193;LNP854<-LNP858;LNP858<-LNP782,0.6062500000000001,0.2279211529192759,0.40674603174603174,0.4025974025974026
201,False,LNP193<-LNP194;LNP194<-LNP854;LNP195<-LNP195;LNP782<-LNP782;LNP854<-LNP193;LNP858<-LNP858,0.7187500000000002,0.45584230583855184,0.49404761904761907,0.5584415584415585
202,False,LNP193<-LNP194;LNP194<-LNP854;LNP195<-LNP195;LNP782<-LNP782;LNP854<-LNP858;LNP858<-LNP193,0.6062500000000001,0.2279211529192759,0.40674603174603174,0.4025974025974026
203,False,LNP193<-LNP194;LNP194<-LNP854;LNP195<-LNP195;LNP782<-LNP858;LNP854<-LNP193;LNP858<-LNP782,0.1,-0.7977240352174653,0.2942460317460317,0.05194805194805194
204,False,LNP193<-LNP194;LNP194<-LNP854;LNP195<-LNP195;LNP782<-LNP858;LNP854<-LNP782;LNP858<-LNP193,0.2173913043478261,-0.5640760748177664,0.3148809523809524,0.12987012987012989
205,False,LNP193<-LNP194;LNP194<-LNP854;LNP195<-LNP782;LNP782<-LNP193;LNP854<-LNP195;LNP858<-LNP858,0.6989966555183946,0.40291148201269017,0.6904761904761905,0.7727272727272727
206,False,LNP193<-LNP194;LNP194<-LNP854;LNP195<-LNP782;LNP782<-LNP193;LNP854<-LNP858;LNP858<-LNP195,0.55,0.11396057645963795,0.37896825396825395,0.34415584415584427
207,False,LNP193<-LNP194;LNP194<-LNP854;LNP195<-LNP782;LNP782<-LNP195;LNP854<-LNP193;LNP858<-LNP858,0.44272445820433437,-0.040291148201268875,0.6755952380952381,0.6168831168831168
208,False,LNP193<-LNP194;LNP194<-LNP854;LNP195<-LNP782;LNP782<-LNP195;LNP854<-LNP858;LNP858<-LNP193,0.7187500000000002,0.45584230583855184,0.7468253968253968,0.7532467532467533
209,False,LNP193<-LNP194;LNP194<-LNP854;LNP195<-LNP782;LNP782<-LNP858;LNP854<-LNP193;LNP858<-LNP195,0.1,-0.7977240352174653,0.28869047619047616,0.03246753246753248
210,False,LNP193<-LNP194;LNP194<-LNP854;LNP195<-LNP782;LNP782<-LNP858;LNP854<-LNP195;LNP858<-LNP193,0.3812500000000001,-0.22792115291927598,0.37896825396825395,0.3441558441558441
211,False,LNP193<-LNP194;LNP194<-LNP854;LNP195<-LNP858;LNP782<-LNP193;LNP854<-LNP195;LNP858<-LNP782,0.7591973244147158,0.523784926616497,0.7063492063492063,0.8701298701298701
212,False,LNP193<-LNP194;LNP194<-LNP854;LNP195<-LNP858;LNP782<-LNP193;LNP854<-LNP782;LNP858<-LNP195,0.7187500000000002,0.45584230583855184,0.7718253968253967,0.8116883116883117
213,False,LNP193<-LNP194;LNP194<-LNP854;LNP195<-LNP858;LNP782<-LNP195;LNP854<-LNP193;LNP858<-LNP782,0.5183946488294314,0.040291148201269084,0.569047619047619,0.5389610389610389
214,False,LNP193<-LNP194;LNP194<-LNP854;LNP195<-LNP858;LNP782<-LNP195;LNP854<-LNP782;LNP858<-LNP193,0.39799331103678925,-0.20145574100634525,0.4261904761904762,0.42207792207792205
215,False,LNP193<-LNP194;LNP194<-LNP854;LNP195<-LNP858;LNP782<-LNP782;LNP854<-LNP193;LNP858<-LNP195,0.7187500000000002,0.45584230583855184,0.5158730158730159,0.577922077922078
216,False,LNP193<-LNP194;LNP194<-LNP854;LNP195<-LNP858;LNP782<-LNP782;LNP854<-LNP195;LNP858<-LNP193,0.60625,0.2279211529192759,0.4603174603174603,0.461038961038961
217,False,LNP193<-LNP194;LNP194<-LNP858;LNP195<-LNP193;LNP782<-LNP195;LNP854<-LNP782;LNP858<-LNP854,0.8875000000000002,0.7977240352174658,0.6785714285714286,0.8506493506493507
218,False,LNP193<-LNP194;LNP194<-LNP858;LNP195<-LNP193;LNP782<-LNP195;LNP854<-LNP854;LNP858<-LNP782,0.8875000000000002,0.7977240352174658,0.7738095238095237,0.8896103896103897
219,False,LNP193<-LNP194;LNP194<-LNP858;LNP195<-LNP193;LNP782<-LNP782;LNP854<-LNP195;LNP858<-LNP854,0.3812500000000001,-0.22792115291927598,0.37896825396825395,0.3441558441558441
220,False,LNP193<-LNP194;LNP194<-LNP858;LNP195<-LNP193;LNP782<-LNP782;LNP854<-LNP854;LNP858<-LNP195,0.21739130434782608,-0.5640760748177661,0.2942460317460317,0.05194805194805194
221,False,LNP193<-LNP194;LNP194<-LNP858;LNP195<-LNP193;LNP782<-LNP854;LNP854<-LNP195;LNP858<-LNP782,0.3812500000000001,-0.22792115291927598,0.37896825396825395,0.3441558441558441
222,False,LNP193<-LNP194;LNP194<-LNP858;LNP195<-LNP193;LNP782<-LNP854;LNP854<-LNP782;LNP858<-LNP195,0.1,-0.7977240352174653,0.2942460317460317,0.05194805194805194
223,False,LNP193<-LNP194;LNP194<-LNP858;LNP195<-LNP195;LNP782<-LNP193;LNP854<-LNP782;LNP858<-LNP854,0.21739130434782608,-0.5640760748177661,0.3148809523809524,0.12987012987012989
224,False,LNP193<-LNP194;LNP194<-LNP858;LNP195<-LNP195;LNP782<-LNP193;LNP854<-LNP854;LNP858<-LNP782,0.21739130434782608,-0.5640760748177661,0.2942460317460317,0.05194805194805194
225,False,LNP193<-LNP194;LNP194<-LNP858;LNP195<-LNP195;LNP782<-LNP782;LNP854<-LNP193;LNP858<-LNP854,0.21739130434782608,-0.5640760748177661,0.3214285714285714,0.18831168831168832
226,False,LNP193<-LNP194;LNP194<-LNP858;LNP195<-LNP195;LNP782<-LNP782;LNP854<-LNP854;LNP858<-LNP193,0.21739130434782608,-0.5640760748177661,0.29761904761904756,0.09090909090909091
227,False,LNP193<-LNP194;LNP194<-LNP858;LNP195<-LNP195;LNP782<-LNP854;LNP854<-LNP193;LNP858<-LNP782,0.21739130434782608,-0.5640760748177661,0.2942460317460317,0.05194805194805194
228,False,LNP193<-LNP194;LNP194<-LNP858;LNP195<-LNP195;LNP782<-LNP854;LNP854<-LNP782;LNP858<-LNP193,0.21739130434782608,-0.5640760748177661,0.3148809523809524,0.12987012987012989
229,False,LNP193<-LNP194;LNP194<-LNP858;LNP195<-LNP782;LNP782<-LNP193;LNP854<-LNP195;LNP858<-LNP854,0.3812500000000001,-0.22792115291927598,0.37896825396825395,0.3441558441558441
230,False,LNP193<-LNP194;LNP194<-LNP858;LNP195<-LNP782;LNP782<-LNP193;LNP854<-LNP854;LNP858<-LNP195,0.1,-0.7977240352174653,0.28869047619047616,0.03246753246753248
231,False,LNP193<-LNP194;LNP194<-LNP858;LNP195<-LNP782;LNP782<-LNP195;LNP854<-LNP193;LNP858<-LNP854,0.8875000000000002,0.7977240352174658,0.7738095238095237,0.8896103896103897
232,False,LNP193<-LNP194;LNP194<-LNP858;LNP195<-LNP782;LNP782<-LNP195;LNP854<-LNP854;LNP858<-LNP193,0.8875000000000002,0.7977240352174658,0.7738095238095237,0.8896103896103897
233,False,LNP193<-LNP194;LNP194<-LNP858;LNP195<-LNP782;LNP782<-LNP854;LNP854<-LNP193;LNP858<-LNP195,0.1,-0.7977240352174653,0.28869047619047616,0.03246753246753248
234,False,LNP193<-LNP194;LNP194<-LNP858;LNP195<-LNP782;LNP782<-LNP854;LNP854<-LNP195;LNP858<-LNP193,0.3812500000000001,-0.22792115291927598,0.37896825396825395,0.3441558441558441
235,False,LNP193<-LNP194;LNP194<-LNP858;LNP195<-LNP854;LNP782<-LNP193;LNP854<-LNP195;LNP858<-LNP782,0.43750000000000006,-0.11396057645963795,0.38988095238095244,0.3636363636363636
236,False,LNP193<-LNP194;LNP194<-LNP858;LNP195<-LNP854;LNP782<-LNP193;LNP854<-LNP782;LNP858<-LNP195,0.1,-0.7977240352174653,0.31031746031746027,0.11038961038961038
237,False,LNP193<-LNP194;LNP194<-LNP858;LNP195<-LNP854;LNP782<-LNP195;LNP854<-LNP193;LNP858<-LNP782,0.8875000000000002,0.7977240352174658,0.7738095238095237,0.8896103896103897
238,False,LNP193<-LNP194;LNP194<-LNP858;LNP195<-LNP854;LNP782<-LNP195;LNP854<-LNP782;LNP858<-LNP193,0.8875000000000002,0.7977240352174658,0.6785714285714286,0.8506493506493507
239,False,LNP193<-LNP194;LNP194<-LNP858;LNP195<-LNP854;LNP782<-LNP782;LNP854<-LNP193;LNP858<-LNP195,0.21739130434782608,-0.5640760748177661,0.2942460317460317,0.05194805194805194
240,False,LNP193<-LNP194;LNP194<-LNP858;LNP195<-LNP854;LNP782<-LNP782;LNP854<-LNP195;LNP858<-LNP193,0.3812500000000001,-0.22792115291927598,0.37896825396825395,0.3441558441558441
241,False,LNP193<-LNP195;LNP194<-LNP193;LNP195<-LNP194;LNP782<-LNP782;LNP854<-LNP854;LNP858<-LNP858,0.3076923076923077,-0.35675303400633795,0.29821428571428565,0.07142857142857142
242,False,LNP193<-LNP195;LNP194<-LNP193;LNP195<-LNP194;LNP782<-LNP782;LNP854<-LNP858;LNP858<-LNP854,0.21739130434782608,-0.5640760748177661,0.29821428571428565,0.07142857142857142
243,False,LNP193<-LNP195;LNP194<-LNP193;LNP195<-LNP194;LNP782<-LNP854;LNP854<-LNP782;LNP858<-LNP858,0.3076923076923077,-0.35675303400633795,0.29821428571428565,0.07142857142857142
244,False,LNP193<-LNP195;LNP194<-LNP193;LNP195<-LNP194;LNP782<-LNP854;LNP854<-LNP858;LNP858<-LNP782,0.1,-0.7977240352174653,0.29821428571428565,0.07142857142857142
245,False,LNP193<-LNP195;LNP194<-LNP193;LNP195<-LNP194;LNP782<-LNP858;LNP854<-LNP782;LNP858<-LNP854,0.5183946488294314,0.040291148201268875,0.5595238095238095,0.48051948051948046
246,False,LNP193<-LNP195;LNP194<-LNP193;LNP195<-LNP194;LNP782<-LNP858;LNP854<-LNP854;LNP858<-LNP782,0.39799331103678937,-0.2014557410063451,0.37896825396825395,0.34415584415584427
247,False,LNP193<-LNP195;LNP194<-LNP193;LNP195<-LNP782;LNP782<-LNP194;LNP854<-LNP854;LNP858<-LNP858,0.4375,-0.11396057645963795,0.6755952380952381,0.6168831168831168
248,False,LNP193<-LNP195;LNP194<-LNP193;LNP195<-LNP782;LNP782<-LNP194;LNP854<-LNP858;LNP858<-LNP854,0.7187500000000002,0.45584230583855184,0.5325396825396825,0.6363636363636365
249,False,LNP193<-LNP195;LNP194<-LNP193;LNP195<-LNP782;LNP782<-LNP854;LNP854<-LNP194;LNP858<-LNP858,0.1,-0.7977240352174653,0.3214285714285715,0.14935064935064934
250,False,LNP193<-LNP195;LNP194<-LNP193;LNP195<-LNP782;LNP782<-LNP854;LNP854<-LNP858;LNP858<-LNP194,0.1,-0.7977240352174653,0.31031746031746027,0.11038961038961038
251,False,LNP193<-LNP195;LNP194<-LNP193;LNP195<-LNP782;LNP782<-LNP858;LNP854<-LNP194;LNP858<-LNP854,0.7187500000000002,0.45584230583855184,0.49404761904761907,0.5584415584415585
252,False,LNP193<-LNP195;LNP194<-LNP193;LNP195<-LNP782;LNP782<-LNP858;LNP854<-LNP854;LNP858<-LNP194,0.39799331103678937,-0.2014557410063451,0.40674603174603174,0.4025974025974026
253,False,LNP193<-LNP195;LNP194<-LNP193;LNP195<-LNP854;LNP782<-LNP194;LNP854<-LNP782;LNP858<-LNP858,0.26875,-0.4558423058385518,0.4345238095238095,0.4415584415584415
254,False,LNP193<-LNP195;LNP194<-LNP193;LNP195<-LNP854;LNP782<-LNP194;LNP854<-LNP858;LNP858<-LNP782,0.5183946488294314,0.040291148201268875,0.6595238095238094,0.7142857142857142
255,False,LNP193<-LNP195;LNP194<-LNP193;LNP195<-LNP854;LNP782<-LNP782;LNP854<-LNP194;LNP858<-LNP858,0.1,-0.7977240352174653,0.3214285714285715,0.14935064935064934
256,False,LNP193<-LNP195;LNP194<-LNP193;LNP195<-LNP854;LNP782<-LNP782;LNP854<-LNP858;LNP858<-LNP194,0.1,-0.7977240352174653,0.31031746031746027,0.11038961038961038
257,False,LNP193<-LNP195;LNP194<-LNP193;LNP195<-LNP854;LNP782<-LNP858;LNP854<-LNP194;LNP858<-LNP782,0.7187500000000002,0.45584230583855184,0.5158730158730159,0.577922077922078
258,False,LNP193<-LNP195;LNP194<-LNP193;LNP195<-LNP854;LNP782<-LNP858;LNP854<-LNP782;LNP858<-LNP194,0.5785953177257526,0.16116459280507595,0.4603174603174603,0.461038961038961
259,False,LNP193<-LNP195;LNP194<-LNP193;LNP195<-LNP858;LNP782<-LNP194;LNP854<-LNP782;LNP858<-LNP854,0.26875,-0.4558423058385518,0.4261904761904762,0.42207792207792205
260,False,LNP193<-LNP195;LNP194<-LNP193;LNP195<-LNP858;LNP782<-LNP194;LNP854<-LNP854;LNP858<-LNP782,0.3812500000000001,-0.22792115291927598,0.569047619047619,0.5389610389610389
261,False,LNP193<-LNP195;LNP194<-LNP193;LNP195<-LNP858;LNP782<-LNP782;LNP854<-LNP194;LNP858<-LNP854,0.2173913043478261,-0.5640760748177664,0.3148809523809524,0.12987012987012989
262,False,LNP193<-LNP195;LNP194<-LNP193;LNP195<-LNP858;LNP782<-LNP782;LNP854<-LNP854;LNP858<-LNP194,0.2173913043478261,-0.5640760748177664,0.31031746031746027,0.11038961038961038
263,False,LNP193<-LNP195;LNP194<-LNP193;LNP195<-LNP858;LNP782<-LNP854;LNP854<-LNP194;LNP858<-LNP782,0.5183946488294314,0.040291148201268875,0.38928571428571423,0.3246753246753247
264,False,LNP193<-LNP195;LNP194<-LNP193;LNP195<-LNP858;LNP782<-LNP854;LNP854<-LNP782;LNP858<-LNP194,0.3076923076923077,-0.35675303400633795,0.321031746031746,0.16883116883116878
265,False,LNP193<-LNP195;LNP194<-LNP194;LNP195<-LNP193;LNP782<-LNP782;LNP854<-LNP854;LNP858<-LNP858,0.2173913043478261,-0.5640760748177664,0.363095238095238,0.3246753246753247
266,False,LNP193<-LNP195;LNP194<-LNP194;LNP195<-LNP193;LNP782<-LNP782;LNP854<-LNP858;LNP858<-LNP854,0.7187500000000002,0.45584230583855195,0.5107142857142857,0.6168831168831168
267,False,LNP193<-LNP195;LNP194<-LNP194;LNP195<-LNP193;LNP782<-LNP854;LNP854<-LNP782;LNP858<-LNP858,0.26875000000000004,-0.45584230583855206,0.4345238095238095,0.4415584415584415
268,False,LNP193<-LNP195;LNP194<-LNP194;LNP195<-LNP193;LNP782<-LNP854;LNP854<-LNP858;LNP858<-LNP782,0.7187500000000002,0.45584230583855195,0.6595238095238094,0.7142857142857142
269,False,LNP193<-LNP195;LNP194<-LNP194;LNP195<-LNP193;LNP782<-LNP858;LNP854<-LNP782;LNP858<-LNP854,0.8875000000000002,0.7977240352174658,0.6785714285714286,0.8506493506493507
270,False,LNP193<-LNP195;LNP194<-LNP194;LNP195<-LNP193;LNP782<-LNP858;LNP854<-LNP854;LNP858<-LNP782,0.8875000000000002,0.7977240352174658,0.7738095238095237,0.8896103896103897
271,False,LNP193<-LNP195;LNP194<-LNP194;LNP195<-LNP782;LNP782<-LNP193;LNP854<-LNP854;LNP858<-LNP858,0.43750000000000006,-0.11396057645963795,0.6755952380952381,0.6168831168831168
272,False,LNP193<-LNP195;LNP194<-LNP194;LNP195<-LNP782;LNP782<-LNP193;LNP854<-LNP858;LNP858<-LNP854,0.7187500000000002,0.45584230583855195,0.5325396825396825,0.6363636363636365
273,False,LNP193<-LNP195;LNP194<-LNP194;LNP195<-LNP782;LNP782<-LNP854;LNP854<-LNP193;LNP858<-LNP858,0.44272445820433437,-0.040291148201268875,0.6755952380952381,0.6168831168831168
274,False,LNP193<-LNP195;LNP194<-LNP194;LNP195<-LNP782;LNP782<-LNP854;LNP854<-LNP858;LNP858<-LNP193,0.7187500000000002,0.45584230583855195,0.7468253968253968,0.7532467532467533
275,False,LNP193<-LNP195;LNP194<-LNP194;LNP195<-LNP782;LNP782<-LNP858;LNP854<-LNP193;LNP858<-LNP854,0.8875000000000002,0.7977240352174658,0.7738095238095237,0.8896103896103897
276,False,LNP193<-LNP195;LNP194<-LNP194;LNP195<-LNP782;LNP782<-LNP858;LNP854<-LNP854;LNP858<-LNP193,0.8875000000000002,0.7977240352174658,0.7738095238095237,0.8896103896103897
277,False,LNP193<-LNP195;LNP194<-LNP194;LNP195<-LNP854;LNP782<-LNP193;LNP854<-LNP782;LNP858<-LNP858,0.26875000000000004,-0.45584230583855206,0.4345238095238095,0.4415584415584415
278,False,LNP193<-LNP195;LNP194<-LNP194;LNP195<-LNP854;LNP782<-LNP193;LNP854<-LNP858;LNP858<-LNP782,0.5183946488294314,0.040291148201269084,0.6595238095238094,0.7142857142857142
279,False,LNP193<-LNP195;LNP194<-LNP194;LNP195<-LNP854;LNP782<-LNP782;LNP854<-LNP193;LNP858<-LNP858,0.2173913043478261,-0.5640760748177664,0.363095238095238,0.3246753246753247
280,False,LNP193<-LNP195;LNP194<-LNP194;LNP195<-LNP854;LNP782<-LNP782;LNP854<-LNP858;LNP858<-LNP193,0.5183946488294314,0.040291148201269084,0.5107142857142857,0.6168831168831168
281,False,LNP193<-LNP195;LNP194<-LNP194;LNP195<-LNP854;LNP782<-LNP858;LNP854<-LNP193;LNP858<-LNP782,0.8875000000000002,0.7977240352174658,0.7738095238095237,0.8896103896103897
282,False,LNP193<-LNP195;LNP194<-LNP194;LNP195<-LNP854;LNP782<-LNP858;LNP854<-LNP782;LNP858<-LNP193,0.8875000000000002,0.7977240352174658,0.6785714285714286,0.8506493506493507
283,False,LNP193<-LNP195;LNP194<-LNP194;LNP195<-LNP858;LNP782<-LNP193;LNP854<-LNP782;LNP858<-LNP854,0.26875000000000004,-0.45584230583855206,0.4261904761904762,0.42207792207792205
284,False,LNP193<-LNP195;LNP194<-LNP194;LNP195<-LNP858;LNP782<-LNP193;LNP854<-LNP854;LNP858<-LNP782,0.3812500000000001,-0.22792115291927598,0.569047619047619,0.5389610389610389
285,False,LNP193<-LNP195;LNP194<-LNP194;LNP195<-LNP858;LNP782<-LNP782;LNP854<-LNP193;LNP858<-LNP854,0.2173913043478261,-0.5640760748177664,0.3547619047619047,0.3051948051948052
286,False,LNP193<-LNP195;LNP194<-LNP194;LNP195<-LNP858;LNP782<-LNP782;LNP854<-LNP854;LNP858<-LNP193,0.2173913043478261,-0.5640760748177664,0.3706349206349206,0.3441558441558441
287,False,LNP193<-LNP195;LNP194<-LNP194;LNP195<-LNP858;LNP782<-LNP854;LNP854<-LNP193;LNP858<-LNP782,0.5183946488294314,0.040291148201268875,0.569047619047619,0.5389610389610389
288,False,LNP193<-LNP195;LNP194<-LNP194;LNP195<-LNP858;LNP782<-LNP854;LNP854<-LNP782;LNP858<-LNP193,0.39799331103678937,-0.2014557410063451,0.4261904761904762,0.42207792207792205
289,False,LNP193<-LNP195;LNP194<-LNP782;LNP195<-LNP193;LNP782<-LNP194;LNP854<-LNP854;LNP858<-LNP858,0.21739130434782608,-0.5640760748177661,0.363095238095238,0.3246753246753247
290,False,LNP193<-LNP195;LNP194<-LNP782;LNP195<-LNP193;LNP782<-LNP194;LNP854<-LNP858;LNP858<-LNP854,0.7187500000000002,0.45584230583855184,0.5107142857142857,0.6168831168831168
291,False,LNP193<-LNP195;LNP194<-LNP782;LNP195<-LNP193;LNP782<-LNP854;LNP854<-LNP194;LNP858<-LNP858,0.21739130434782608,-0.5640760748177661,0.3214285714285715,0.14935064935064934
292,False,LNP193<-LNP195;LNP194<-LNP782;LNP195<-LNP193;LNP782<-LNP854;LNP854<-LNP858;LNP858<-LNP194,0.1,-0.7977240352174653,0.31031746031746027,0.11038961038961038
293,False,LNP193<-LNP195;LNP194<-LNP782;LNP195<-LNP193;LNP782<-LNP858;LNP854<-LNP194;LNP858<-LNP854,0.7187500000000002,0.45584230583855184,0.49404761904761907,0.5584415584415585
294,False,LNP193<-LNP195;LNP194<-LNP782;LNP195<-LNP193;LNP782<-LNP858;LNP854<-LNP854;LNP858<-LNP194,0.6062500000000001,0.2279211529192759,0.4603174603174603,0.461038961038961
295,False,LNP193<-LNP195;LNP194<-LNP782;LNP195<-LNP194;LNP782<-LNP193;LNP854<-LNP854;LNP858<-LNP858,0.21739130434782608,-0.5640760748177661,0.29821428571428565,0.07142857142857142
296,False,LNP193<-LNP195;LNP194<-LNP782;LNP195<-LNP194;LNP782<-LNP193;LNP854<-LNP858;LNP858<-LNP854,0.1,-0.7977240352174653,0.29821428571428565,0.07142857142857142
297,False,LNP193<-LNP195;LNP194<-LNP782;LNP195<-LNP194;LNP782<-LNP854;LNP854<-LNP193;LNP858<-LNP858,0.21739130434782608,-0.5640760748177661,0.29821428571428565,0.07142857142857142
298,False,LNP193<-LNP195;LNP194<-LNP782;LNP195<-LNP194;LNP782<-LNP854;LNP854<-LNP858;LNP858<-LNP193,0.1,-0.7977240352174653,0.29821428571428565,0.07142857142857142
299,False,LNP193<-LNP195;LNP194<-LNP782;LNP195<-LNP194;LNP782<-LNP858;LNP854<-LNP193;LNP858<-LNP854,0.55,0.11396057645963795,0.6071428571428572,0.538961038961039
300,False,LNP193<-LNP195;LNP194<-LNP782;LNP195<-LNP194;LNP782<-LNP858;LNP854<-LNP854;LNP858<-LNP193,0.55,0.11396057645963795,0.5119047619047619,0.5000000000000001
301,False,LNP193<-LNP195;LNP194<-LNP782;LNP195<-LNP854;LNP782<-LNP193;LNP854<-LNP194;LNP858<-LNP858,0.21739130434782608,-0.5640760748177661,0.3214285714285715,0.14935064935064934
302,False,LNP193<-LNP195;LNP194<-LNP782;LNP195<-LNP854;LNP782<-LNP193;LNP854<-LNP858;LNP858<-LNP194,0.1,-0.7977240352174653,0.31031746031746027,0.11038961038961038
303,False,LNP193<-LNP195;LNP194<-LNP782;LNP195<-LNP854;LNP782<-LNP194;LNP854<-LNP193;LNP858<-LNP858,0.21739130434782608,-0.5640760748177661,0.363095238095238,0.3246753246753247
304,False,LNP193<-LNP195;LNP194<-LNP782;LNP195<-LNP854;LNP782<-LNP194;LNP854<-LNP858;LNP858<-LNP193,0.5183946488294314,0.040291148201268875,0.5107142857142857,0.6168831168831168
305,False,LNP193<-LNP195;LNP194<-LNP782;LNP195<-LNP854;LNP782<-LNP858;LNP854<-LNP193;LNP858<-LNP194,0.6062500000000001,0.2279211529192759,0.4603174603174603,0.461038961038961
306,False,LNP193<-LNP195;LNP194<-LNP782;LNP195<-LNP854;LNP782<-LNP858;LNP854<-LNP194;LNP858<-LNP193,0.7187500000000002,0.45584230583855184,0.49404761904761907,0.5584415584415585
307,False,LNP193<-LNP195;LNP194<-LNP782;LNP195<-LNP858;LNP782<-LNP193;LNP854<-LNP194;LNP858<-LNP854,0.21739130434782608,-0.5640760748177661,0.3148809523809524,0.12987012987012989
308,False,LNP193<-LNP195;LNP194<-LNP782;LNP195<-LNP858;LNP782<-LNP193;LNP854<-LNP854;LNP858<-LNP194,0.21739130434782608,-0.5640760748177661,0.31031746031746027,0.11038961038961038
309,False,LNP193<-LNP195;LNP194<-LNP782;LNP195<-LNP858;LNP782<-LNP194;LNP854<-LNP193;LNP858<-LNP854,0.21739130434782608,-0.5640760748177661,0.3547619047619047,0.3051948051948052
310,False,LNP193<-LNP195;LNP194<-LNP782;LNP195<-LNP858;LNP782<-LNP194;LNP854<-LNP854;LNP858<-LNP193,0.21739130434782608,-0.5640760748177661,0.3706349206349206,0.3441558441558441
311,False,LNP193<-LNP195;LNP194<-LNP782;LNP195<-LNP858;LNP782<-LNP854;LNP854<-LNP193;LNP858<-LNP194,0.21739130434782608,-0.5640760748177661,0.34603174603174597,0.22727272727272724
312,False,LNP193<-LNP195;LNP194<-LNP782;LNP195<-LNP858;LNP782<-LNP854;LNP854<-LNP194;LNP858<-LNP193,0.21739130434782608,-0.5640760748177661,0.3148809523809524,0.12987012987012989
313,False,LNP193<-LNP195;LNP194<-LNP854;LNP195<-LNP193;LNP782<-LNP194;LNP854<-LNP782;LNP858<-LNP858,0.26875,-0.4558423058385518,0.4345238095238095,0.4415584415584415
314,False,LNP193<-LNP195;LNP194<-LNP854;LNP195<-LNP193;LNP782<-LNP194;LNP854<-LNP858;LNP858<-LNP782,0.7187500000000002,0.45584230583855184,0.6595238095238094,0.7142857142857142
315,False,LNP193<-LNP195;LNP194<-LNP854;LNP195<-LNP193;LNP782<-LNP782;LNP854<-LNP194;LNP858<-LNP858,0.2173913043478261,-0.5640760748177664,0.3214285714285715,0.14935064935064934
316,False,LNP193<-LNP195;LNP194<-LNP854;LNP195<-LNP193;LNP782<-LNP782;LNP854<-LNP858;LNP858<-LNP194,0.1,-0.7977240352174653,0.31031746031746027,0.11038961038961038
317,False,LNP193<-LNP195;LNP194<-LNP854;LNP195<-LNP193;LNP782<-LNP858;LNP854<-LNP194;LNP858<-LNP782,0.7187500000000002,0.45584230583855184,0.49404761904761907,0.5584415584415585
318,False,LNP193<-LNP195;LNP194<-LNP854;LNP195<-LNP193;LNP782<-LNP858;LNP854<-LNP782;LNP858<-LNP194,0.6062500000000001,0.2279211529192759,0.4603174603174603,0.461038961038961
319,False,LNP193<-LNP195;LNP194<-LNP854;LNP195<-LNP194;LNP782<-LNP193;LNP854<-LNP782;LNP858<-LNP858,0.3076923076923077,-0.35675303400633795,0.29821428571428565,0.07142857142857142
320,False,LNP193<-LNP195;LNP194<-LNP854;LNP195<-LNP194;LNP782<-LNP193;LNP854<-LNP858;LNP858<-LNP782,0.1,-0.7977240352174653,0.29821428571428565,0.07142857142857142
321,False,LNP193<-LNP195;LNP194<-LNP854;LNP195<-LNP194;LNP782<-LNP782;LNP854<-LNP193;LNP858<-LNP858,0.2173913043478261,-0.5640760748177664,0.29821428571428565,0.07142857142857142
322,False,LNP193<-LNP195;LNP194<-LNP854;LNP195<-LNP194;LNP782<-LNP782;LNP854<-LNP858;LNP858<-LNP193,0.1,-0.7977240352174653,0.29821428571428565,0.07142857142857142
323,False,LNP193<-LNP195;LNP194<-LNP854;LNP195<-LNP194;LNP782<-LNP858;LNP854<-LNP193;LNP858<-LNP782,0.39799331103678937,-0.2014557410063451,0.37896825396825395,0.34415584415584427
324,False,LNP193<-LNP195;LNP194<-LNP854;LNP195<-LNP194;LNP782<-LNP858;LNP854<-LNP782;LNP858<-LNP193,0.5183946488294314,0.040291148201268875,0.4107142857142857,0.3831168831168831
325,False,LNP193<-LNP195;LNP194<-LNP854;LNP195<-LNP782;LNP782<-LNP193;LNP854<-LNP194;LNP858<-LNP858,0.1,-0.7977240352174653,0.3214285714285715,0.14935064935064934
326,False,LNP193<-LNP195;LNP194<-LNP854;LNP195<-LNP782;LNP782<-LNP193;LNP854<-LNP858;LNP858<-LNP194,0.1,-0.7977240352174653,0.31031746031746027,0.11038961038961038
327,False,LNP193<-LNP195;LNP194<-LNP854;LNP195<-LNP782;LNP782<-LNP194;LNP854<-LNP193;LNP858<-LNP858,0.44272445820433437,-0.04029114820126887,0.6755952380952381,0.6168831168831168
328,False,LNP193<-LNP195;LNP194<-LNP854;LNP195<-LNP782;LNP782<-LNP194;LNP854<-LNP858;LNP858<-LNP193,0.7187500000000002,0.45584230583855184,0.7468253968253968,0.7532467532467533
329,False,LNP193<-LNP195;LNP194<-LNP854;LNP195<-LNP782;LNP782<-LNP858;LNP854<-LNP193;LNP858<-LNP194,0.39799331103678937,-0.2014557410063451,0.40674603174603174,0.4025974025974026
330,False,LNP193<-LNP195;LNP194<-LNP854;LNP195<-LNP782;LNP782<-LNP858;LNP854<-LNP194;LNP858<-LNP193,0.7187500000000002,0.45584230583855184,0.49404761904761907,0.5584415584415585
331,False,LNP193<-LNP195;LNP194<-LNP854;LNP195<-LNP858;LNP782<-LNP193;LNP854<-LNP194;LNP858<-LNP782,0.5183946488294314,0.040291148201268875,0.38928571428571423,0.3246753246753247
332,False,LNP193<-LNP195;LNP194<-LNP854;LNP195<-LNP858;LNP782<-LNP193;LNP854<-LNP782;LNP858<-LNP194,0.3076923076923077,-0.35675303400633795,0.321031746031746,0.16883116883116878
333,False,LNP193<-LNP195;LNP194<-LNP854;LNP195<-LNP858;LNP782<-LNP194;LNP854<-LNP193;LNP858<-LNP782,0.5183946488294314,0.040291148201268875,0.569047619047619,0.5389610389610389
334,False,LNP193<-LNP195;LNP194<-LNP854;LNP195<-LNP858;LNP782<-LNP194;LNP854<-LNP782;LNP858<-LNP193,0.39799331103678937,-0.2014557410063451,0.4261904761904762,0.42207792207792205
335,False,LNP193<-LNP195;LNP194<-LNP854;LNP195<-LNP858;LNP782<-LNP782;LNP854<-LNP193;LNP858<-LNP194,0.2173913043478261,-0.5640760748177664,0.31031746031746027,0.11038961038961038
336,False,LNP193<-LNP195;LNP194<-LNP854;LNP195<-LNP858;LNP782<-LNP782;LNP854<-LNP194;LNP858<-LNP193,0.2173913043478261,-0.5640760748177664,0.3148809523809524,0.12987012987012989
337,False,LNP193<-LNP195;LNP194<-LNP858;LNP195<-LNP193;LNP782<-LNP194;LNP854<-LNP782;LNP858<-LNP854,0.8875000000000002,0.7977240352174658,0.6785714285714286,0.8506493506493507
338,False,LNP193<-LNP195;LNP194<-LNP858;LNP195<-LNP193;LNP782<-LNP194;LNP854<-LNP854;LNP858<-LNP782,0.8875000000000002,0.7977240352174658,0.7738095238095237,0.8896103896103897
339,False,LNP193<-LNP195;LNP194<-LNP858;LNP195<-LNP193;LNP782<-LNP782;LNP854<-LNP194;LNP858<-LNP854,0.7187500000000002,0.45584230583855195,0.49404761904761907,0.5584415584415585
340,False,LNP193<-LNP195;LNP194<-LNP858;LNP195<-LNP193;LNP782<-LNP782;LNP854<-LNP854;LNP858<-LNP194,0.60625,0.2279211529192759,0.4603174603174603,0.461038961038961
341,False,LNP193<-LNP195;LNP194<-LNP858;LNP195<-LNP193;LNP782<-LNP854;LNP854<-LNP194;LNP858<-LNP782,0.7187500000000002,0.45584230583855195,0.49404761904761907,0.5584415584415585
342,False,LNP193<-LNP195;LNP194<-LNP858;LNP195<-LNP193;LNP782<-LNP854;LNP854<-LNP782;LNP858<-LNP194,0.60625,0.2279211529192759,0.4603174603174603,0.461038961038961
343,False,LNP193<-LNP195;LNP194<-LNP858;LNP195<-LNP194;LNP782<-LNP193;LNP854<-LNP782;LNP858<-LNP854,0.5183946488294314,0.040291148201269084,0.5595238095238095,0.48051948051948046
344,False,LNP193<-LNP195;LNP194<-LNP858;LNP195<-LNP194;LNP782<-LNP193;LNP854<-LNP854;LNP858<-LNP782,0.39799331103678925,-0.20145574100634525,0.37896825396825395,0.34415584415584427
345,False,LNP193<-LNP195;LNP194<-LNP858;LNP195<-LNP194;LNP782<-LNP782;LNP854<-LNP193;LNP858<-LNP854,0.55,0.11396057645963795,0.6071428571428572,0.538961038961039
346,False,LNP193<-LNP195;LNP194<-LNP858;LNP195<-LNP194;LNP782<-LNP782;LNP854<-LNP854;LNP858<-LNP193,0.55,0.11396057645963795,0.5119047619047619,0.5000000000000001
347,False,LNP193<-LNP195;LNP194<-LNP858;LNP195<-LNP194;LNP782<-LNP854;LNP854<-LNP193;LNP858<-LNP782,0.39799331103678925,-0.20145574100634525,0.37896825396825395,0.34415584415584427
348,False,LNP193<-LNP195;LNP194<-LNP858;LNP195<-LNP194;LNP782<-LNP854;LNP854<-LNP782;LNP858<-LNP193,0.5183946488294314,0.040291148201269084,0.4107142857142857,0.3831168831168831
349,False,LNP193<-LNP195;LNP194<-LNP858;LNP195<-LNP782;LNP782<-LNP193;LNP854<-LNP194;LNP858<-LNP854,0.7187500000000002,0.45584230583855195,0.49404761904761907,0.5584415584415585
350,False,LNP193<-LNP195;LNP194<-LNP858;LNP195<-LNP782;LNP782<-LNP193;LNP854<-LNP854;LNP858<-LNP194,0.39799331103678925,-0.20145574100634525,0.40674603174603174,0.4025974025974026
351,False,LNP193<-LNP195;LNP194<-LNP858;LNP195<-LNP782;LNP782<-LNP194;LNP854<-LNP193;LNP858<-LNP854,0.8875000000000002,0.7977240352174658,0.7738095238095237,0.8896103896103897
352,False,LNP193<-LNP195;LNP194<-LNP858;LNP195<-LNP782;LNP782<-LNP194;LNP854<-LNP854;LNP858<-LNP193,0.8875000000000002,0.7977240352174658,0.7738095238095237,0.8896103896103897
353,False,LNP193<-LNP195;LNP194<-LNP858;LNP195<-LNP782;LNP782<-LNP854;LNP854<-LNP193;LNP858<-LNP194,0.39799331103678925,-0.20145574100634525,0.40674603174603174,0.4025974025974026
354,False,LNP193<-LNP195;LNP194<-LNP858;LNP195<-LNP782;LNP782<-LNP854;LNP854<-LNP194;LNP858<-LNP193,0.7187500000000002,0.45584230583855195,0.49404761904761907,0.5584415584415585
355,False,LNP193<-LNP195;LNP194<-LNP858;LNP195<-LNP854;LNP782<-LNP193;LNP854<-LNP194;LNP858<-LNP782,0.7187500000000002,0.45584230583855195,0.5158730158730159,0.577922077922078
356,False,LNP193<-LNP195;LNP194<-LNP858;LNP195<-LNP854;LNP782<-LNP193;LNP854<-LNP782;LNP858<-LNP194,0.5785953177257526,0.1611645928050761,0.4603174603174603,0.461038961038961
357,False,LNP193<-LNP195;LNP194<-LNP858;LNP195<-LNP854;LNP782<-LNP194;LNP854<-LNP193;LNP858<-LNP782,0.8875000000000002,0.7977240352174658,0.7738095238095237,0.8896103896103897
358,False,LNP193<-LNP195;LNP194<-LNP858;LNP195<-LNP854;LNP782<-LNP194;LNP854<-LNP782;LNP858<-LNP193,0.8875000000000002,0.7977240352174658,0.6785714285714286,0.8506493506493507
359,False,LNP193<-LNP195;LNP194<-LNP858;LNP195<-LNP854;LNP782<-LNP782;LNP854<-LNP193;LNP858<-LNP194,0.60625,0.2279211529192759,0.4603174603174603,0.461038961038961
360,False,LNP193<-LNP195;LNP194<-LNP858;LNP195<-LNP854;LNP782<-LNP782;LNP854<-LNP194;LNP858<-LNP193,0.7187500000000002,0.45584230583855195,0.49404761904761907,0.5584415584415585
361,False,LNP193<-LNP782;LNP194<-LNP193;LNP195<-LNP194;LNP782<-LNP195;LNP854<-LNP854;LNP858<-LNP858,0.2173913043478261,-0.5640760748177664,0.29821428571428565,0.07142857142857142
362,False,LNP193<-LNP782;LNP194<-LNP193;LNP195<-LNP194;LNP782<-LNP195;LNP854<-LNP858;LNP858<-LNP854,0.1,-0.7977240352174653,0.29821428571428565,0.07142857142857142
363,False,LNP193<-LNP782;LNP194<-LNP193;LNP195<-LNP194;LNP782<-LNP854;LNP854<-LNP195;LNP858<-LNP858,0.8875000000000002,0.7977240352174658,0.7738095238095237,0.8896103896103897
364,False,LNP193<-LNP782;LNP194<-LNP193;LNP195<-LNP194;LNP782<-LNP854;LNP854<-LNP858;LNP858<-LNP195,0.8875000000000002,0.7977240352174658,0.8670634920634921,0.9285714285714286
365,False,LNP193<-LNP782;LNP194<-LNP193;LNP195<-LNP194;LNP782<-LNP858;LNP854<-LNP195;LNP858<-LNP854,0.43750000000000006,-0.11396057645963795,0.6922619047619047,0.6558441558441558
366,False,LNP193<-LNP782;LNP194<-LNP193;LNP195<-LNP194;LNP782<-LNP858;LNP854<-LNP854;LNP858<-LNP195,0.5785953177257526,0.1611645928050761,0.7468253968253968,0.7532467532467533
367,False,LNP193<-LNP782;LNP194<-LNP193;LNP195<-LNP195;LNP782<-LNP194;LNP854<-LNP854;LNP858<-LNP858,0.7187500000000002,0.45584230583855195,0.49404761904761907,0.5584415584415585
368,False,LNP193<-LNP782;LNP194<-LNP193;LNP195<-LNP195;LNP782<-LNP194;LNP854<-LNP858;LNP858<-LNP854,0.60625,0.2279211529192759,0.40674603174603174,0.4025974025974026
369,False,LNP193<-LNP782;LNP194<-LNP193;LNP195<-LNP195;LNP782<-LNP854;LNP854<-LNP194;LNP858<-LNP858,0.8875000000000002,0.7977240352174658,0.6785714285714286,0.8506493506493507
370,False,LNP193<-LNP782;LNP194<-LNP193;LNP195<-LNP195;LNP782<-LNP854;LNP854<-LNP858;LNP858<-LNP194,0.8875000000000002,0.7977240352174658,0.7738095238095237,0.8896103896103897
371,False,LNP193<-LNP782;LNP194<-LNP193;LNP195<-LNP195;LNP782<-LNP858;LNP854<-LNP194;LNP858<-LNP854,0.39799331103678925,-0.20145574100634525,0.4345238095238095,0.4415584415584415
372,False,LNP193<-LNP782;LNP194<-LNP193;LNP195<-LNP195;LNP782<-LNP858;LNP854<-LNP854;LNP858<-LNP194,0.5183946488294314,0.040291148201269084,0.6595238095238094,0.7142857142857142
373,False,LNP193<-LNP782;LNP194<-LNP193;LNP195<-LNP854;LNP782<-LNP194;LNP854<-LNP195;LNP858<-LNP858,0.55,0.11396057645963795,0.4325396825396825,0.40259740259740273
374,False,LNP193<-LNP782;LNP194<-LNP193;LNP195<-LNP854;LNP782<-LNP194;LNP854<-LNP858;LNP858<-LNP195,0.55,0.11396057645963795,0.37896825396825395,0.34415584415584427
375,False,LNP193<-LNP782;LNP194<-LNP193;LNP195<-LNP854;LNP782<-LNP195;LNP854<-LNP194;LNP858<-LNP858,0.1,-0.7977240352174653,0.3214285714285715,0.14935064935064934
376,False,LNP193<-LNP782;LNP194<-LNP193;LNP195<-LNP854;LNP782<-LNP195;LNP854<-LNP858;LNP858<-LNP194,0.21739130434782608,-0.5640760748177661,0.31031746031746027,0.11038961038961038
377,False,LNP193<-LNP782;LNP194<-LNP193;LNP195<-LNP854;LNP782<-LNP858;LNP854<-LNP194;LNP858<-LNP195,0.39799331103678925,-0.20145574100634525,0.4261904761904762,0.42207792207792205
378,False,LNP193<-LNP782;LNP194<-LNP193;LNP195<-LNP854;LNP782<-LNP858;LNP854<-LNP195;LNP858<-LNP194,0.3812500000000001,-0.22792115291927598,0.5940476190476189,0.5974025974025974
379,False,LNP193<-LNP782;LNP194<-LNP193;LNP195<-LNP858;LNP782<-LNP194;LNP854<-LNP195;LNP858<-LNP854,0.6062500000000001,0.2279211529192759,0.4603174603174603,0.461038961038961
380,False,LNP193<-LNP782;LNP194<-LNP193;LNP195<-LNP858;LNP782<-LNP194;LNP854<-LNP854;LNP858<-LNP195,0.7187500000000002,0.45584230583855195,0.5158730158730159,0.577922077922078
381,False,LNP193<-LNP782;LNP194<-LNP193;LNP195<-LNP858;LNP782<-LNP195;LNP854<-LNP194;LNP858<-LNP854,0.2173913043478261,-0.5640760748177664,0.3148809523809524,0.12987012987012989
382,False,LNP193<-LNP782;LNP194<-LNP193;LNP195<-LNP858;LNP782<-LNP195;LNP854<-LNP854;LNP858<-LNP194,0.2173913043478261,-0.5640760748177664,0.31031746031746027,0.11038961038961038
383,False,LNP193<-LNP782;LNP194<-LNP193;LNP195<-LNP858;LNP782<-LNP854;LNP854<-LNP194;LNP858<-LNP195,0.8875000000000002,0.7977240352174658,0.7063492063492063,0.8701298701298701
384,False,LNP193<-LNP782;LNP194<-LNP193;LNP195<-LNP858;LNP782<-LNP854;LNP854<-LNP195;LNP858<-LNP194,0.8875000000000002,0.7977240352174658,0.7063492063492063,0.8701298701298701
385,False,LNP193<-LNP782;LNP194<-LNP194;LNP195<-LNP193;LNP782<-LNP195;LNP854<-LNP854;LNP858<-LNP858,0.2173913043478261,-0.5640760748177664,0.363095238095238,0.3246753246753247
386,False,LNP193<-LNP782;LNP194<-LNP194;LNP195<-LNP193;LNP782<-LNP195;LNP854<-LNP858;LNP858<-LNP854,0.7187500000000002,0.45584230583855184,0.5107142857142857,0.6168831168831168
387,False,LNP193<-LNP782;LNP194<-LNP194;LNP195<-LNP193;LNP782<-LNP854;LNP854<-LNP195;LNP858<-LNP858,0.55,0.11396057645963795,0.37896825396825395,0.34415584415584427
388,False,LNP193<-LNP782;LNP194<-LNP194;LNP195<-LNP193;LNP782<-LNP854;LNP854<-LNP858;LNP858<-LNP195,0.55,0.11396057645963795,0.37896825396825395,0.34415584415584427
389,False,LNP193<-LNP782;LNP194<-LNP194;LNP195<-LNP193;LNP782<-LNP858;LNP854<-LNP195;LNP858<-LNP854,0.3812500000000001,-0.22792115291927598,0.37896825396825395,0.3441558441558441
390,False,LNP193<-LNP782;LNP194<-LNP194;LNP195<-LNP193;LNP782<-LNP858;LNP854<-LNP854;LNP858<-LNP195,0.2173913043478261,-0.5640760748177664,0.2942460317460317,0.05194805194805194
391,False,LNP193<-LNP782;LNP194<-LNP194;LNP195<-LNP195;LNP782<-LNP193;LNP854<-LNP854;LNP858<-LNP858,0.7187500000000002,0.45584230583855184,0.49404761904761907,0.5584415584415585
392,False,LNP193<-LNP782;LNP194<-LNP194;LNP195<-LNP195;LNP782<-LNP193;LNP854<-LNP858;LNP858<-LNP854,0.6062500000000001,0.2279211529192759,0.40674603174603174,0.4025974025974026
393,False,LNP193<-LNP782;LNP194<-LNP194;LNP195<-LNP195;LNP782<-LNP854;LNP854<-LNP193;LNP858<-LNP858,0.7187500000000002,0.45584230583855184,0.49404761904761907,0.5584415584415585
394,False,LNP193<-LNP782;LNP194<-LNP194;LNP195<-LNP195;LNP782<-LNP854;LNP854<-LNP858;LNP858<-LNP193,0.6062500000000001,0.2279211529192759,0.40674603174603174,0.4025974025974026
395,False,LNP193<-LNP782;LNP194<-LNP194;LNP195<-LNP195;LNP782<-LNP858;LNP854<-LNP193;LNP858<-LNP854,0.2173913043478261,-0.5640760748177664,0.3214285714285714,0.18831168831168832
396,False,LNP193<-LNP782;LNP194<-LNP194;LNP195<-LNP195;LNP782<-LNP858;LNP854<-LNP854;LNP858<-LNP193,0.2173913043478261,-0.5640760748177664,0.29761904761904756,0.09090909090909091
397,False,LNP193<-LNP782;LNP194<-LNP194;LNP195<-LNP854;LNP782<-LNP193;LNP854<-LNP195;LNP858<-LNP858,0.55,0.11396057645963795,0.4325396825396825,0.40259740259740273
398,False,LNP193<-LNP782;LNP194<-LNP194;LNP195<-LNP854;LNP782<-LNP193;LNP854<-LNP858;LNP858<-LNP195,0.55,0.11396057645963795,0.37896825396825395,0.34415584415584427
399,False,LNP193<-LNP782;LNP194<-LNP194;LNP195<-LNP854;LNP782<-LNP195;LNP854<-LNP193;LNP858<-LNP858,0.2173913043478261,-0.5640760748177664,0.363095238095238,0.3246753246753247
400,False,LNP193<-LNP782;LNP194<-LNP194;LNP195<-LNP854;LNP782<-LNP195;LNP854<-LNP858;LNP858<-LNP193,0.5183946488294314,0.040291148201268875,0.5107142857142857,0.6168831168831168
401,False,LNP193<-LNP782;LNP194<-LNP194;LNP195<-LNP854;LNP782<-LNP858;LNP854<-LNP193;LNP858<-LNP195,0.2173913043478261,-0.5640760748177664,0.2942460317460317,0.05194805194805194
402,False,LNP193<-LNP782;LNP194<-LNP194;LNP195<-LNP854;LNP782<-LNP858;LNP854<-LNP195;LNP858<-LNP193,0.3812500000000001,-0.22792115291927598,0.37896825396825395,0.3441558441558441
403,False,LNP193<-LNP782;LNP194<-LNP194;LNP195<-LNP858;LNP782<-LNP193;LNP854<-LNP195;LNP858<-LNP854,0.6062500000000001,0.2279211529192759,0.4603174603174603,0.461038961038961
404,False,LNP193<-LNP782;LNP194<-LNP194;LNP195<-LNP858;LNP782<-LNP193;LNP854<-LNP854;LNP858<-LNP195,0.7187500000000002,0.45584230583855184,0.5158730158730159,0.577922077922078
405,False,LNP193<-LNP782;LNP194<-LNP194;LNP195<-LNP858;LNP782<-LNP195;LNP854<-LNP193;LNP858<-LNP854,0.2173913043478261,-0.5640760748177664,0.3547619047619047,0.3051948051948052
406,False,LNP193<-LNP782;LNP194<-LNP194;LNP195<-LNP858;LNP782<-LNP195;LNP854<-LNP854;LNP858<-LNP193,0.2173913043478261,-0.5640760748177664,0.3706349206349206,0.3441558441558441
407,False,LNP193<-LNP782;LNP194<-LNP194;LNP195<-LNP858;LNP782<-LNP854;LNP854<-LNP193;LNP858<-LNP195,0.7187500000000002,0.45584230583855184,0.5325396825396825,0.6363636363636365
408,False,LNP193<-LNP782;LNP194<-LNP194;LNP195<-LNP858;LNP782<-LNP854;LNP854<-LNP195;LNP858<-LNP193,0.6062500000000001,0.2279211529192759,0.4603174603174603,0.461038961038961
409,False,LNP193<-LNP782;LNP194<-LNP195;LNP195<-LNP193;LNP782<-LNP194;LNP854<-LNP854;LNP858<-LNP858,0.21739130434782608,-0.5640760748177661,0.363095238095238,0.3246753246753247
410,False,LNP193<-LNP782;LNP194<-LNP195;LNP195<-LNP193;LNP782<-LNP194;LNP854<-LNP858;LNP858<-LNP854,0.7187500000000002,0.45584230583855184,0.5107142857142857,0.6168831168831168
411,False,LNP193<-LNP782;LNP194<-LNP195;LNP195<-LNP193;LNP782<-LNP854;LNP854<-LNP194;LNP858<-LNP858,0.21739130434782608,-0.5640760748177661,0.3214285714285715,0.14935064935064934
412,False,LNP193<-LNP782;LNP194<-LNP195;LNP195<-LNP193;LNP782<-LNP854;LNP854<-LNP858;LNP858<-LNP194,0.1,-0.7977240352174653,0.31031746031746027,0.11038961038961038
413,False,LNP193<-LNP782;LNP194<-LNP195;LNP195<-LNP193;LNP782<-LNP858;LNP854<-LNP194;LNP858<-LNP854,0.7187500000000002,0.45584230583855184,0.49404761904761907,0.5584415584415585
414,False,LNP193<-LNP782;LNP194<-LNP195;LNP195<-LNP193;LNP782<-LNP858;LNP854<-LNP854;LNP858<-LNP194,0.6062500000000001,0.2279211529192759,0.4603174603174603,0.461038961038961
415,False,LNP193<-LNP782;LNP194<-LNP195;LNP195<-LNP194;LNP782<-LNP193;LNP854<-LNP854;LNP858<-LNP858,0.21739130434782608,-0.5640760748177661,0.29821428571428565,0.07142857142857142
416,False,LNP193<-LNP782;LNP194<-LNP195;LNP195<-LNP194;LNP782<-LNP193;LNP854<-LNP858;LNP858<-LNP854,0.1,-0.7977240352174653,0.29821428571428565,0.07142857142857142
417,False,LNP193<-LNP782;LNP194<-LNP195;LNP195<-LNP194;LNP782<-LNP854;LNP854<-LNP193;LNP858<-LNP858,0.21739130434782608,-0.5640760748177661,0.29821428571428565,0.07142857142857142
418,False,LNP193<-LNP782;LNP194<-LNP195;LNP195<-LNP194;LNP782<-LNP854;LNP854<-LNP858;LNP858<-LNP193,0.1,-0.7977240352174653,0.29821428571428565,0.07142857142857142
419,False,LNP193<-LNP782;LNP194<-LNP195;LNP195<-LNP194;LNP782<-LNP858;LNP854<-LNP193;LNP858<-LNP854,0.55,0.11396057645963795,0.6071428571428572,0.538961038961039
420,False,LNP193<-LNP782;LNP194<-LNP195;LNP195<-LNP194;LNP782<-LNP858;LNP854<-LNP854;LNP858<-LNP193,0.55,0.11396057645963795,0.5119047619047619,0.5000000000000001
421,False,LNP193<-LNP782;LNP194<-LNP195;LNP195<-LNP854;LNP782<-LNP193;LNP854<-LNP194;LNP858<-LNP858,0.21739130434782608,-0.5640760748177661,0.3214285714285715,0.14935064935064934
422,False,LNP193<-LNP782;LNP194<-LNP195;LNP195<-LNP854;LNP782<-LNP193;LNP854<-LNP858;LNP858<-LNP194,0.1,-0.7977240352174653,0.31031746031746027,0.11038961038961038
423,False,LNP193<-LNP782;LNP194<-LNP195;LNP195<-LNP854;LNP782<-LNP194;LNP854<-LNP193;LNP858<-LNP858,0.21739130434782608,-0.5640760748177661,0.363095238095238,0.3246753246753247
424,False,LNP193<-LNP782;LNP194<-LNP195;LNP195<-LNP854;LNP782<-LNP194;LNP854<-LNP858;LNP858<-LNP193,0.5183946488294314,0.040291148201268875,0.5107142857142857,0.6168831168831168
425,False,LNP193<-LNP782;LNP194<-LNP195;LNP195<-LNP854;LNP782<-LNP858;LNP854<-LNP193;LNP858<-LNP194,0.6062500000000001,0.2279211529192759,0.4603174603174603,0.461038961038961
426,False,LNP193<-LNP782;LNP194<-LNP195;LNP195<-LNP854;LNP782<-LNP858;LNP854<-LNP194;LNP858<-LNP193,0.7187500000000002,0.45584230583855184,0.49404761904761907,0.5584415584415585
427,False,LNP193<-LNP782;LNP194<-LNP195;LNP195<-LNP858;LNP782<-LNP193;LNP854<-LNP194;LNP858<-LNP854,0.21739130434782608,-0.5640760748177661,0.3148809523809524,0.12987012987012989
428,False,LNP193<-LNP782;LNP194<-LNP195;LNP195<-LNP858;LNP782<-LNP193;LNP854<-LNP854;LNP858<-LNP194,0.21739130434782608,-0.5640760748177661,0.31031746031746027,0.11038961038961038
429,False,LNP193<-LNP782;LNP194<-LNP195;LNP195<-LNP858;LNP782<-LNP194;LNP854<-LNP193;LNP858<-LNP854,0.21739130434782608,-0.5640760748177661,0.3547619047619047,0.3051948051948052
430,False,LNP193<-LNP782;LNP194<-LNP195;LNP195<-LNP858;LNP782<-LNP194;LNP854<-LNP854;LNP858<-LNP193,0.21739130434782608,-0.5640760748177661,0.3706349206349206,0.3441558441558441
431,False,LNP193<-LNP782;LNP194<-LNP195;LNP195<-LNP858;LNP782<-LNP854;LNP854<-LNP193;LNP858<-LNP194,0.21739130434782608,-0.5640760748177661,0.34603174603174597,0.22727272727272724
432,False,LNP193<-LNP782;LNP194<-LNP195;LNP195<-LNP858;LNP782<-LNP854;LNP854<-LNP194;LNP858<-LNP193,0.21739130434782608,-0.5640760748177661,0.3148809523809524,0.12987012987012989
433,False,LNP193<-LNP782;LNP194<-LNP854;LNP195<-LNP193;LNP782<-LNP194;LNP854<-LNP195;LNP858<-LNP858,0.55,0.11396057645963795,0.37896825396825395,0.34415584415584427
434,False,LNP193<-LNP782;LNP194<-LNP854;LNP195<-LNP193;LNP782<-LNP194;LNP854<-LNP858;LNP858<-LNP195,0.55,0.11396057645963795,0.37896825396825395,0.34415584415584427
435,False,LNP193<-LNP782;LNP194<-LNP854;LNP195<-LNP193;LNP782<-LNP195;LNP854<-LNP194;LNP858<-LNP858,0.2173913043478261,-0.5640760748177664,0.3214285714285715,0.14935064935064934
436,False,LNP193<-LNP782;LNP194<-LNP854;LNP195<-LNP193;LNP782<-LNP195;LNP854<-LNP858;LNP858<-LNP194,0.1,-0.7977240352174653,0.31031746031746027,0.11038961038961038
437,False,LNP193<-LNP782;LNP194<-LNP854;LNP195<-LNP193;LNP782<-LNP858;LNP854<-LNP194;LNP858<-LNP195,0.26875000000000004,-0.45584230583855206,0.39285714285714285,0.30519480519480524
438,False,LNP193<-LNP782;LNP194<-LNP854;LNP195<-LNP193;LNP782<-LNP858;LNP854<-LNP195;LNP858<-LNP194,0.3812500000000001,-0.22792115291927598,0.5357142857142857,0.42207792207792205
439,False,LNP193<-LNP782;LNP194<-LNP854;LNP195<-LNP194;LNP782<-LNP193;LNP854<-LNP195;LNP858<-LNP858,0.8875000000000002,0.7977240352174658,0.7738095238095237,0.8896103896103897
440,False,LNP193<-LNP782;LNP194<-LNP854;LNP195<-LNP194;LNP782<-LNP193;LNP854<-LNP858;LNP858<-LNP195,0.8875000000000002,0.7977240352174658,0.8670634920634921,0.9285714285714286
441,False,LNP193<-LNP782;LNP194<-LNP854;LNP195<-LNP194;LNP782<-LNP195;LNP854<-LNP193;LNP858<-LNP858,0.2173913043478261,-0.5640760748177664,0.29821428571428565,0.07142857142857142
442,False,LNP193<-LNP782;LNP194<-LNP854;LNP195<-LNP194;LNP782<-LNP195;LNP854<-LNP858;LNP858<-LNP193,0.1,-0.7977240352174653,0.29821428571428565,0.07142857142857142
443,False,LNP193<-LNP782;LNP194<-LNP854;LNP195<-LNP194;LNP782<-LNP858;LNP854<-LNP193;LNP858<-LNP195,0.5785953177257526,0.1611645928050761,0.6922619047619047,0.6558441558441558
444,False,LNP193<-LNP782;LNP194<-LNP854;LNP195<-LNP194;LNP782<-LNP858;LNP854<-LNP195;LNP858<-LNP193,0.43750000000000006,-0.11396057645963795,0.6755952380952381,0.6168831168831168
445,False,LNP193<-LNP782;LNP194<-LNP854;LNP195<-LNP195;LNP782<-LNP193;LNP854<-LNP194;LNP858<-LNP858,0.8875000000000002,0.7977240352174658,0.6785714285714286,0.8506493506493507
446,False,LNP193<-LNP782;LNP194<-LNP854;LNP195<-LNP195;LNP782<-LNP193;LNP854<-LNP858;LNP858<-LNP194,0.8875000000000002,0.7977240352174658,0.7738095238095237,0.8896103896103897
447,False,LNP193<-LNP782;LNP194<-LNP854;LNP195<-LNP195;LNP782<-LNP194;LNP854<-LNP193;LNP858<-LNP858,0.7187500000000002,0.45584230583855195,0.49404761904761907,0.5584415584415585
448,False,LNP193<-LNP782;LNP194<-LNP854;LNP195<-LNP195;LNP782<-LNP194;LNP854<-LNP858;LNP858<-LNP193,0.60625,0.2279211529192759,0.40674603174603174,0.4025974025974026
449,False,LNP193<-LNP782;LNP194<-LNP854;LNP195<-LNP195;LNP782<-LNP858;LNP854<-LNP193;LNP858<-LNP194,0.5183946488294314,0.040291148201269084,0.5940476190476189,0.5974025974025974
450,False,LNP193<-LNP782;LNP194<-LNP854;LNP195<-LNP195;LNP782<-LNP858;LNP854<-LNP194;LNP858<-LNP193,0.39799331103678925,-0.20145574100634525,0.4345238095238095,0.4415584415584415
451,False,LNP193<-LNP782;LNP194<-LNP854;LNP195<-LNP858;LNP782<-LNP193;LNP854<-LNP194;LNP858<-LNP195,0.8875000000000002,0.7977240352174658,0.7063492063492063,0.8701298701298701
452,False,LNP193<-LNP782;LNP194<-LNP854;LNP195<-LNP858;LNP782<-LNP193;LNP854<-LNP195;LNP858<-LNP194,0.8875000000000002,0.7977240352174658,0.7063492063492063,0.8701298701298701
453,False,LNP193<-LNP782;LNP194<-LNP854;LNP195<-LNP858;LNP782<-LNP194;LNP854<-LNP193;LNP858<-LNP195,0.7187500000000002,0.45584230583855195,0.5158730158730159,0.577922077922078
454,False,LNP193<-LNP782;LNP194<-LNP854;LNP195<-LNP858;LNP782<-LNP194;LNP854<-LNP195;LNP858<-LNP193,0.6062500000000001,0.2279211529192759,0.4603174603174603,0.461038961038961
455,False,LNP193<-LNP782;LNP194<-LNP854;LNP195<-LNP858;LNP782<-LNP195;LNP854<-LNP193;LNP858<-LNP194,0.2173913043478261,-0.5640760748177664,0.31031746031746027,0.11038961038961038
456,False,LNP193<-LNP782;LNP194<-LNP854;LNP195<-LNP858;LNP782<-LNP195;LNP854<-LNP194;LNP858<-LNP193,0.2173913043478261,-0.5640760748177664,0.3148809523809524,0.12987012987012989
457,False,LNP193<-LNP782;LNP194<-LNP858;LNP195<-LNP193;LNP782<-LNP194;LNP854<-LNP195;LNP858<-LNP854,0.3812500000000001,-0.22792115291927598,0.37896825396825395,0.3441558441558441
458,False,LNP193<-LNP782;LNP194<-LNP858;LNP195<-LNP193;LNP782<-LNP194;LNP854<-LNP854;LNP858<-LNP195,0.2173913043478261,-0.5640760748177664,0.2942460317460317,0.05194805194805194
459,False,LNP193<-LNP782;LNP194<-LNP858;LNP195<-LNP193;LNP782<-LNP195;LNP854<-LNP194;LNP858<-LNP854,0.7187500000000002,0.45584230583855184,0.49404761904761907,0.5584415584415585
460,False,LNP193<-LNP782;LNP194<-LNP858;LNP195<-LNP193;LNP782<-LNP195;LNP854<-LNP854;LNP858<-LNP194,0.6062500000000001,0.2279211529192759,0.4603174603174603,0.461038961038961
461,False,LNP193<-LNP782;LNP194<-LNP858;LNP195<-LNP193;LNP782<-LNP854;LNP854<-LNP194;LNP858<-LNP195,0.39799331103678937,-0.2014557410063451,0.39285714285714285,0.30519480519480524
462,False,LNP193<-LNP782;LNP194<-LNP858;LNP195<-LNP193;LNP782<-LNP854;LNP854<-LNP195;LNP858<-LNP194,0.3812500000000001,-0.22792115291927598,0.5357142857142857,0.42207792207792205
463,False,LNP193<-LNP782;LNP194<-LNP858;LNP195<-LNP194;LNP782<-LNP193;LNP854<-LNP195;LNP858<-LNP854,0.43750000000000006,-0.11396057645963795,0.6922619047619047,0.6558441558441558
464,False,LNP193<-LNP782;LNP194<-LNP858;LNP195<-LNP194;LNP782<-LNP193;LNP854<-LNP854;LNP858<-LNP195,0.5785953177257526,0.16116459280507595,0.7468253968253968,0.7532467532467533
465,False,LNP193<-LNP782;LNP194<-LNP858;LNP195<-LNP194;LNP782<-LNP195;LNP854<-LNP193;LNP858<-LNP854,0.55,0.11396057645963795,0.6071428571428572,0.538961038961039
466,False,LNP193<-LNP782;LNP194<-LNP858;LNP195<-LNP194;LNP782<-LNP195;LNP854<-LNP854;LNP858<-LNP193,0.55,0.11396057645963795,0.5119047619047619,0.5000000000000001
467,False,LNP193<-LNP782;LNP194<-LNP858;LNP195<-LNP194;LNP782<-LNP854;LNP854<-LNP193;LNP858<-LNP195,0.5785953177257526,0.16116459280507595,0.6922619047619047,0.6558441558441558
468,False,LNP193<-LNP782;LNP194<-LNP858;LNP195<-LNP194;LNP782<-LNP854;LNP854<-LNP195;LNP858<-LNP193,0.43750000000000006,-0.11396057645963795,0.6755952380952381,0.6168831168831168
469,False,LNP193<-LNP782;LNP194<-LNP858;LNP195<-LNP195;LNP782<-LNP193;LNP854<-LNP194;LNP858<-LNP854,0.39799331103678937,-0.2014557410063451,0.4345238095238095,0.4415584415584415
470,False,LNP193<-LNP782;LNP194<-LNP858;LNP195<-LNP195;LNP782<-LNP193;LNP854<-LNP854;LNP858<-LNP194,0.5183946488294314,0.040291148201268875,0.6595238095238094,0.7142857142857142
471,False,LNP193<-LNP782;LNP194<-LNP858;LNP195<-LNP195;LNP782<-LNP194;LNP854<-LNP193;LNP858<-LNP854,0.2173913043478261,-0.5640760748177664,0.3214285714285714,0.18831168831168832
472,False,LNP193<-LNP782;LNP194<-LNP858;LNP195<-LNP195;LNP782<-LNP194;LNP854<-LNP854;LNP858<-LNP193,0.2173913043478261,-0.5640760748177664,0.29761904761904756,0.09090909090909091
473,False,LNP193<-LNP782;LNP194<-LNP858;LNP195<-LNP195;LNP782<-LNP854;LNP854<-LNP193;LNP858<-LNP194,0.5183946488294314,0.040291148201268875,0.6595238095238094,0.7142857142857142
474,False,LNP193<-LNP782;LNP194<-LNP858;LNP195<-LNP195;LNP782<-LNP854;LNP854<-LNP194;LNP858<-LNP193,0.39799331103678937,-0.2014557410063451,0.4345238095238095,0.4415584415584415
475,False,LNP193<-LNP782;LNP194<-LNP858;LNP195<-LNP854;LNP782<-LNP193;LNP854<-LNP194;LNP858<-LNP195,0.39799331103678937,-0.2014557410063451,0.4261904761904762,0.42207792207792205
476,False,LNP193<-LNP782;LNP194<-LNP858;LNP195<-LNP854;LNP782<-LNP193;LNP854<-LNP195;LNP858<-LNP194,0.3812500000000001,-0.22792115291927598,0.5940476190476189,0.5974025974025974
477,False,LNP193<-LNP782;LNP194<-LNP858;LNP195<-LNP854;LNP782<-LNP194;LNP854<-LNP193;LNP858<-LNP195,0.2173913043478261,-0.5640760748177664,0.2942460317460317,0.05194805194805194
478,False,LNP193<-LNP782;LNP194<-LNP858;LNP195<-LNP854;LNP782<-LNP194;LNP854<-LNP195;LNP858<-LNP193,0.3812500000000001,-0.22792115291927598,0.37896825396825395,0.3441558441558441
479,False,LNP193<-LNP782;LNP194<-LNP858;LNP195<-LNP854;LNP782<-LNP195;LNP854<-LNP193;LNP858<-LNP194,0.6062500000000001,0.2279211529192759,0.4603174603174603,0.461038961038961
480,False,LNP193<-LNP782;LNP194<-LNP858;LNP195<-LNP854;LNP782<-LNP195;LNP854<-LNP194;LNP858<-LNP193,0.7187500000000002,0.45584230583855184,0.49404761904761907,0.5584415584415585
481,False,LNP193<-LNP854;LNP194<-LNP193;LNP195<-LNP194;LNP782<-LNP195;LNP854<-LNP782;LNP858<-LNP858,0.30769230769230765,-0.3567530340063377,0.29821428571428565,0.07142857142857142
482,False,LNP193<-LNP854;LNP194<-LNP193;LNP195<-LNP194;LNP782<-LNP195;LNP854<-LNP858;LNP858<-LNP782,0.1,-0.7977240352174653,0.29821428571428565,0.07142857142857142
483,False,LNP193<-LNP854;LNP194<-LNP193;LNP195<-LNP194;LNP782<-LNP782;LNP854<-LNP195;LNP858<-LNP858,0.8875000000000002,0.7977240352174658,0.7738095238095237,0.8896103896103897
484,False,LNP193<-LNP854;LNP194<-LNP193;LNP195<-LNP194;LNP782<-LNP782;LNP854<-LNP858;LNP858<-LNP195,0.8875000000000002,0.7977240352174658,0.8670634920634921,0.9285714285714286
485,False,LNP193<-LNP854;LNP194<-LNP193;LNP195<-LNP194;LNP782<-LNP858;LNP854<-LNP195;LNP858<-LNP782,0.2755417956656347,-0.40291148201268995,0.6317460317460317,0.46103896103896097
486,False,LNP193<-LNP854;LNP194<-LNP193;LNP195<-LNP194;LNP782<-LNP858;LNP854<-LNP782;LNP858<-LNP195,0.5785953177257526,0.1611645928050761,0.6755952380952381,0.5974025974025974
487,False,LNP193<-LNP854;LNP194<-LNP193;LNP195<-LNP195;LNP782<-LNP194;LNP854<-LNP782;LNP858<-LNP858,0.7187500000000002,0.45584230583855195,0.5107142857142857,0.6168831168831168
488,False,LNP193<-LNP854;LNP194<-LNP193;LNP195<-LNP195;LNP782<-LNP194;LNP854<-LNP858;LNP858<-LNP782,0.60625,0.2279211529192759,0.40674603174603174,0.4025974025974026
489,False,LNP193<-LNP854;LNP194<-LNP193;LNP195<-LNP195;LNP782<-LNP782;LNP854<-LNP194;LNP858<-LNP858,0.8875000000000002,0.7977240352174658,0.6785714285714286,0.8506493506493507
490,False,LNP193<-LNP854;LNP194<-LNP193;LNP195<-LNP195;LNP782<-LNP782;LNP854<-LNP858;LNP858<-LNP194,0.8875000000000002,0.7977240352174658,0.7738095238095237,0.8896103896103897
491,False,LNP193<-LNP854;LNP194<-LNP193;LNP195<-LNP195;LNP782<-LNP858;LNP854<-LNP194;LNP858<-LNP782,0.39799331103678925,-0.20145574100634525,0.37460317460317455,0.22727272727272718
492,False,LNP193<-LNP854;LNP194<-LNP193;LNP195<-LNP195;LNP782<-LNP858;LNP854<-LNP782;LNP858<-LNP194,0.5183946488294314,0.040291148201269084,0.5773809523809523,0.5389610389610389
493,False,LNP193<-LNP854;LNP194<-LNP193;LNP195<-LNP782;LNP782<-LNP194;LNP854<-LNP195;LNP858<-LNP858,0.6989966555183946,0.40291148201269017,0.6904761904761905,0.7727272727272727
494,False,LNP193<-LNP854;LNP194<-LNP193;LNP195<-LNP782;LNP782<-LNP194;LNP854<-LNP858;LNP858<-LNP195,0.55,0.11396057645963795,0.37896825396825395,0.34415584415584427
495,False,LNP193<-LNP854;LNP194<-LNP193;LNP195<-LNP782;LNP782<-LNP195;LNP854<-LNP194;LNP858<-LNP858,0.1,-0.7977240352174653,0.3214285714285715,0.14935064935064934
496,False,LNP193<-LNP854;LNP194<-LNP193;LNP195<-LNP782;LNP782<-LNP195;LNP854<-LNP858;LNP858<-LNP194,0.21739130434782608,-0.5640760748177661,0.31031746031746027,0.11038961038961038
497,False,LNP193<-LNP854;LNP194<-LNP193;LNP195<-LNP782;LNP782<-LNP858;LNP854<-LNP194;LNP858<-LNP195,0.26875000000000004,-0.45584230583855206,0.369047619047619,0.2077922077922078
498,False,LNP193<-LNP854;LNP194<-LNP193;LNP195<-LNP782;LNP782<-LNP858;LNP854<-LNP195;LNP858<-LNP194,0.21981424148606815,-0.523784926616497,0.5214285714285714,0.3636363636363636
499,False,LNP193<-LNP854;LNP194<-LNP193;LNP195<-LNP858;LNP782<-LNP194;LNP854<-LNP195;LNP858<-LNP782,0.7591973244147158,0.523784926616497,0.7063492063492063,0.8701298701298701
500,False,LNP193<-LNP854;LNP194<-LNP193;LNP195<-LNP858;LNP782<-LNP194;LNP854<-LNP782;LNP858<-LNP195,0.7187500000000002,0.45584230583855195,0.7718253968253967,0.8116883116883117
501,False,LNP193<-LNP854;LNP194<-LNP193;LNP195<-LNP858;LNP782<-LNP195;LNP854<-LNP194;LNP858<-LNP782,0.5183946488294314,0.040291148201269084,0.38928571428571423,0.3246753246753247
502,False,LNP193<-LNP854;LNP194<-LNP193;LNP195<-LNP858;LNP782<-LNP195;LNP854<-LNP782;LNP858<-LNP194,0.30769230769230765,-0.3567530340063377,0.321031746031746,0.16883116883116878
503,False,LNP193<-LNP854;LNP194<-LNP193;LNP195<-LNP858;LNP782<-LNP782;LNP854<-LNP194;LNP858<-LNP195,0.8875000000000002,0.7977240352174658,0.7063492063492063,0.8701298701298701
504,False,LNP193<-LNP854;LNP194<-LNP193;LNP195<-LNP858;LNP782<-LNP782;LNP854<-LNP195;LNP858<-LNP194,0.8875000000000002,0.7977240352174658,0.7063492063492063,0.8701298701298701
505,False,LNP193<-LNP854;LNP194<-LNP194;LNP195<-LNP193;LNP782<-LNP195;LNP854<-LNP782;LNP858<-LNP858,0.26875000000000004,-0.45584230583855206,0.4345238095238095,0.4415584415584415
506,False,LNP193<-LNP854;LNP194<-LNP194;LNP195<-LNP193;LNP782<-LNP195;LNP854<-LNP858;LNP858<-LNP782,0.7187500000000002,0.45584230583855184,0.6595238095238094,0.7142857142857142
507,False,LNP193<-LNP854;LNP194<-LNP194;LNP195<-LNP193;LNP782<-LNP782;LNP854<-LNP195;LNP858<-LNP858,0.55,0.11396057645963795,0.37896825396825395,0.34415584415584427
508,False,LNP193<-LNP854;LNP194<-LNP194;LNP195<-LNP193;LNP782<-LNP782;LNP854<-LNP858;LNP858<-LNP195,0.55,0.11396057645963795,0.37896825396825395,0.34415584415584427
509,False,LNP193<-LNP854;LNP194<-LNP194;LNP195<-LNP193;LNP782<-LNP858;LNP854<-LNP195;LNP858<-LNP782,0.3812500000000001,-0.22792115291927598,0.37896825396825395,0.3441558441558441
510,False,LNP193<-LNP854;LNP194<-LNP194;LNP195<-LNP193;LNP782<-LNP858;LNP854<-LNP782;LNP858<-LNP195,0.1,-0.7977240352174653,0.2942460317460317,0.05194805194805194
511,False,LNP193<-LNP854;LNP194<-LNP194;LNP195<-LNP195;LNP782<-LNP193;LNP854<-LNP782;LNP858<-LNP858,0.7187500000000002,0.45584230583855184,0.5107142857142857,0.6168831168831168
512,False,LNP193<-LNP854;LNP194<-LNP194;LNP195<-LNP195;LNP782<-LNP193;LNP854<-LNP858;LNP858<-LNP782,0.6062500000000001,0.2279211529192759,0.40674603174603174,0.4025974025974026
513,False,LNP193<-LNP854;LNP194<-LNP194;LNP195<-LNP195;LNP782<-LNP782;LNP854<-LNP193;LNP858<-LNP858,0.7187500000000002,0.45584230583855184,0.49404761904761907,0.5584415584415585
514,False,LNP193<-LNP854;LNP194<-LNP194;LNP195<-LNP195;LNP782<-LNP782;LNP854<-LNP858;LNP858<-LNP193,0.6062500000000001,0.2279211529192759,0.40674603174603174,0.4025974025974026
515,False,LNP193<-LNP854;LNP194<-LNP194;LNP195<-LNP195;LNP782<-LNP858;LNP854<-LNP193;LNP858<-LNP782,0.1,-0.7977240352174653,0.2942460317460317,0.05194805194805194
516,False,LNP193<-LNP854;LNP194<-LNP194;LNP195<-LNP195;LNP782<-LNP858;LNP854<-LNP782;LNP858<-LNP193,0.2173913043478261,-0.5640760748177664,0.3148809523809524,0.12987012987012989
517,False,LNP193<-LNP854;LNP194<-LNP194;LNP195<-LNP782;LNP782<-LNP193;LNP854<-LNP195;LNP858<-LNP858,0.6989966555183946,0.40291148201269017,0.6904761904761905,0.7727272727272727
518,False,LNP193<-LNP854;LNP194<-LNP194;LNP195<-LNP782;LNP782<-LNP193;LNP854<-LNP858;LNP858<-LNP195,0.55,0.11396057645963795,0.37896825396825395,0.34415584415584427
519,False,LNP193<-LNP854;LNP194<-LNP194;LNP195<-LNP782;LNP782<-LNP195;LNP854<-LNP193;LNP858<-LNP858,0.44272445820433437,-0.040291148201268875,0.6755952380952381,0.6168831168831168
520,False,LNP193<-LNP854;LNP194<-LNP194;LNP195<-LNP782;LNP782<-LNP195;LNP854<-LNP858;LNP858<-LNP193,0.7187500000000002,0.45584230583855184,0.7468253968253968,0.7532467532467533
521,False,LNP193<-LNP854;LNP194<-LNP194;LNP195<-LNP782;LNP782<-LNP858;LNP854<-LNP193;LNP858<-LNP195,0.1,-0.7977240352174653,0.28869047619047616,0.03246753246753248
522,False,LNP193<-LNP854;LNP194<-LNP194;LNP195<-LNP782;LNP782<-LNP858;LNP854<-LNP195;LNP858<-LNP193,0.3812500000000001,-0.22792115291927598,0.37896825396825395,0.3441558441558441
523,False,LNP193<-LNP854;LNP194<-LNP194;LNP195<-LNP858;LNP782<-LNP193;LNP854<-LNP195;LNP858<-LNP782,0.7591973244147158,0.523784926616497,0.7063492063492063,0.8701298701298701
524,False,LNP193<-LNP854;LNP194<-LNP194;LNP195<-LNP858;LNP782<-LNP193;LNP854<-LNP782;LNP858<-LNP195,0.7187500000000002,0.45584230583855184,0.7718253968253967,0.8116883116883117
525,False,LNP193<-LNP854;LNP194<-LNP194;LNP195<-LNP858;LNP782<-LNP195;LNP854<-LNP193;LNP858<-LNP782,0.5183946488294314,0.040291148201269084,0.569047619047619,0.5389610389610389
526,False,LNP193<-LNP854;LNP194<-LNP194;LNP195<-LNP858;LNP782<-LNP195;LNP854<-LNP782;LNP858<-LNP193,0.39799331103678925,-0.20145574100634525,0.4261904761904762,0.42207792207792205
527,False,LNP193<-LNP854;LNP194<-LNP194;LNP195<-LNP858;LNP782<-LNP782;LNP854<-LNP193;LNP858<-LNP195,0.7187500000000002,0.45584230583855184,0.5158730158730159,0.577922077922078
528,False,LNP193<-LNP854;LNP194<-LNP194;LNP195<-LNP858;LNP782<-LNP782;LNP854<-LNP195;LNP858<-LNP193,0.60625,0.2279211529192759,0.4603174603174603,0.461038961038961
529,False,LNP193<-LNP854;LNP194<-LNP195;LNP195<-LNP193;LNP782<-LNP194;LNP854<-LNP782;LNP858<-LNP858,0.26875,-0.4558423058385518,0.4345238095238095,0.4415584415584415
530,False,LNP193<-LNP854;LNP194<-LNP195;LNP195<-LNP193;LNP782<-LNP194;LNP854<-LNP858;LNP858<-LNP782,0.7187500000000002,0.45584230583855184,0.6595238095238094,0.7142857142857142
531,False,LNP193<-LNP854;LNP194<-LNP195;LNP195<-LNP193;LNP782<-LNP782;LNP854<-LNP194;LNP858<-LNP858,0.2173913043478261,-0.5640760748177664,0.3214285714285715,0.14935064935064934
532,False,LNP193<-LNP854;LNP194<-LNP195;LNP195<-LNP193;LNP782<-LNP782;LNP854<-LNP858;LNP858<-LNP194,0.1,-0.7977240352174653,0.31031746031746027,0.11038961038961038
533,False,LNP193<-LNP854;LNP194<-LNP195;LNP195<-LNP193;LNP782<-LNP858;LNP854<-LNP194;LNP858<-LNP782,0.7187500000000002,0.45584230583855184,0.49404761904761907,0.5584415584415585
534,False,LNP193<-LNP854;LNP194<-LNP195;LNP195<-LNP193;LNP782<-LNP858;LNP854<-LNP782;LNP858<-LNP194,0.6062500000000001,0.2279211529192759,0.4603174603174603,0.461038961038961
535,False,LNP193<-LNP854;LNP194<-LNP195;LNP195<-LNP194;LNP782<-LNP193;LNP854<-LNP782;LNP858<-LNP858,0.3076923076923077,-0.35675303400633795,0.29821428571428565,0.07142857142857142
536,False,LNP193<-LNP854;LNP194<-LNP195;LNP195<-LNP194;LNP782<-LNP193;LNP854<-LNP858;LNP858<-LNP782,0.1,-0.7977240352174653,0.29821428571428565,0.07142857142857142
537,False,LNP193<-LNP854;LNP194<-LNP195;LNP195<-LNP194;LNP782<-LNP782;LNP854<-LNP193;LNP858<-LNP858,0.2173913043478261,-0.5640760748177664,0.29821428571428565,0.07142857142857142
538,False,LNP193<-LNP854;LNP194<-LNP195;LNP195<-LNP194;LNP782<-LNP782;LNP854<-LNP858;LNP858<-LNP193,0.1,-0.7977240352174653,0.29821428571428565,0.07142857142857142
539,False,LNP193<-LNP854;LNP194<-LNP195;LNP195<-LNP194;LNP782<-LNP858;LNP854<-LNP193;LNP858<-LNP782,0.39799331103678937,-0.2014557410063451,0.37896825396825395,0.34415584415584427
540,False,LNP193<-LNP854;LNP194<-LNP195;LNP195<-LNP194;LNP782<-LNP858;LNP854<-LNP782;LNP858<-LNP193,0.5183946488294314,0.040291148201268875,0.4107142857142857,0.3831168831168831
541,False,LNP193<-LNP854;LNP194<-LNP195;LNP195<-LNP782;LNP782<-LNP193;LNP854<-LNP194;LNP858<-LNP858,0.1,-0.7977240352174653,0.3214285714285715,0.14935064935064934
542,False,LNP193<-LNP854;LNP194<-LNP195;LNP195<-LNP782;LNP782<-LNP193;LNP854<-LNP858;LNP858<-LNP194,0.1,-0.7977240352174653,0.31031746031746027,0.11038961038961038
543,False,LNP193<-LNP854;LNP194<-LNP195;LNP195<-LNP782;LNP782<-LNP194;LNP854<-LNP193;LNP858<-LNP858,0.44272445820433437,-0.04029114820126887,0.6755952380952381,0.6168831168831168
544,False,LNP193<-LNP854;LNP194<-LNP195;LNP195<-LNP782;LNP782<-LNP194;LNP854<-LNP858;LNP858<-LNP193,0.7187500000000002,0.45584230583855184,0.7468253968253968,0.7532467532467533
545,False,LNP193<-LNP854;LNP194<-LNP195;LNP195<-LNP782;LNP782<-LNP858;LNP854<-LNP193;LNP858<-LNP194,0.39799331103678937,-0.2014557410063451,0.40674603174603174,0.4025974025974026
546,False,LNP193<-LNP854;LNP194<-LNP195;LNP195<-LNP782;LNP782<-LNP858;LNP854<-LNP194;LNP858<-LNP193,0.7187500000000002,0.45584230583855184,0.49404761904761907,0.5584415584415585
547,False,LNP193<-LNP854;LNP194<-LNP195;LNP195<-LNP858;LNP782<-LNP193;LNP854<-LNP194;LNP858<-LNP782,0.5183946488294314,0.040291148201268875,0.38928571428571423,0.3246753246753247
548,False,LNP193<-LNP854;LNP194<-LNP195;LNP195<-LNP858;LNP782<-LNP193;LNP854<-LNP782;LNP858<-LNP194,0.3076923076923077,-0.35675303400633795,0.321031746031746,0.16883116883116878
549,False,LNP193<-LNP854;LNP194<-LNP195;LNP195<-LNP858;LNP782<-LNP194;LNP854<-LNP193;LNP858<-LNP782,0.5183946488294314,0.040291148201268875,0.569047619047619,0.5389610389610389
550,False,LNP193<-LNP854;LNP194<-LNP195;LNP195<-LNP858;LNP782<-LNP194;LNP854<-LNP782;LNP858<-LNP193,0.39799331103678937,-0.2014557410063451,0.4261904761904762,0.42207792207792205
551,False,LNP193<-LNP854;LNP194<-LNP195;LNP195<-LNP858;LNP782<-LNP782;LNP854<-LNP193;LNP858<-LNP194,0.2173913043478261,-0.5640760748177664,0.31031746031746027,0.11038961038961038
552,False,LNP193<-LNP854;LNP194<-LNP195;LNP195<-LNP858;LNP782<-LNP782;LNP854<-LNP194;LNP858<-LNP193,0.2173913043478261,-0.5640760748177664,0.3148809523809524,0.12987012987012989
553,False,LNP193<-LNP854;LNP194<-LNP782;LNP195<-LNP193;LNP782<-LNP194;LNP854<-LNP195;LNP858<-LNP858,0.55,0.11396057645963795,0.37896825396825395,0.34415584415584427
554,False,LNP193<-LNP854;LNP194<-LNP782;LNP195<-LNP193;LNP782<-LNP194;LNP854<-LNP858;LNP858<-LNP195,0.55,0.11396057645963795,0.37896825396825395,0.34415584415584427
555,False,LNP193<-LNP854;LNP194<-LNP782;LNP195<-LNP193;LNP782<-LNP195;LNP854<-LNP194;LNP858<-LNP858,0.2173913043478261,-0.5640760748177664,0.3214285714285715,0.14935064935064934
556,False,LNP193<-LNP854;LNP194<-LNP782;LNP195<-LNP193;LNP782<-LNP195;LNP854<-LNP858;LNP858<-LNP194,0.1,-0.7977240352174653,0.31031746031746027,0.11038961038961038
557,False,LNP193<-LNP854;LNP194<-LNP782;LNP195<-LNP193;LNP782<-LNP858;LNP854<-LNP194;LNP858<-LNP195,0.26875000000000004,-0.45584230583855206,0.39285714285714285,0.30519480519480524
558,False,LNP193<-LNP854;LNP194<-LNP782;LNP195<-LNP193;LNP782<-LNP858;LNP854<-LNP195;LNP858<-LNP194,0.3812500000000001,-0.22792115291927598,0.5357142857142857,0.42207792207792205
559,False,LNP193<-LNP854;LNP194<-LNP782;LNP195<-LNP194;LNP782<-LNP193;LNP854<-LNP195;LNP858<-LNP858,0.8875000000000002,0.7977240352174658,0.7738095238095237,0.8896103896103897
560,False,LNP193<-LNP854;LNP194<-LNP782;LNP195<-LNP194;LNP782<-LNP193;LNP854<-LNP858;LNP858<-LNP195,0.8875000000000002,0.7977240352174658,0.8670634920634921,0.9285714285714286
561,False,LNP193<-LNP854;LNP194<-LNP782;LNP195<-LNP194;LNP782<-LNP195;LNP854<-LNP193;LNP858<-LNP858,0.2173913043478261,-0.5640760748177664,0.29821428571428565,0.07142857142857142
562,False,LNP193<-LNP854;LNP194<-LNP782;LNP195<-LNP194;LNP782<-LNP195;LNP854<-LNP858;LNP858<-LNP193,0.1,-0.7977240352174653,0.29821428571428565,0.07142857142857142
563,False,LNP193<-LNP854;LNP194<-LNP782;LNP195<-LNP194;LNP782<-LNP858;LNP854<-LNP193;LNP858<-LNP195,0.5785953177257526,0.1611645928050761,0.6922619047619047,0.6558441558441558
564,False,LNP193<-LNP854;LNP194<-LNP782;LNP195<-LNP194;LNP782<-LNP858;LNP854<-LNP195;LNP858<-LNP193,0.43750000000000006,-0.11396057645963795,0.6755952380952381,0.6168831168831168
565,False,LNP193<-LNP854;LNP194<-LNP782;LNP195<-LNP195;LNP782<-LNP193;LNP854<-LNP194;LNP858<-LNP858,0.8875000000000002,0.7977240352174658,0.6785714285714286,0.8506493506493507
566,False,LNP193<-LNP854;LNP194<-LNP782;LNP195<-LNP195;LNP782<-LNP193;LNP854<-LNP858;LNP858<-LNP194,0.8875000000000002,0.7977240352174658,0.7738095238095237,0.8896103896103897
567,False,LNP193<-LNP854;LNP194<-LNP782;LNP195<-LNP195;LNP782<-LNP194;LNP854<-LNP193;LNP858<-LNP858,0.7187500000000002,0.45584230583855195,0.49404761904761907,0.5584415584415585
568,False,LNP193<-LNP854;LNP194<-LNP782;LNP195<-LNP195;LNP782<-LNP194;LNP854<-LNP858;LNP858<-LNP193,0.60625,0.2279211529192759,0.40674603174603174,0.4025974025974026
569,False,LNP193<-LNP854;LNP194<-LNP782;LNP195<-LNP195;LNP782<-LNP858;LNP854<-LNP193;LNP858<-LNP194,0.5183946488294314,0.040291148201269084,0.5940476190476189,0.5974025974025974
570,False,LNP193<-LNP854;LNP194<-LNP782;LNP195<-LNP195;LNP782<-LNP858;LNP854<-LNP194;LNP858<-LNP193,0.39799331103678925,-0.20145574100634525,0.4345238095238095,0.4415584415584415
571,False,LNP193<-LNP854;LNP194<-LNP782;LNP195<-LNP858;LNP782<-LNP193;LNP854<-LNP194;LNP858<-LNP195,0.8875000000000002,0.7977240352174658,0.7063492063492063,0.8701298701298701
572,False,LNP193<-LNP854;LNP194<-LNP782;LNP195<-LNP858;LNP782<-LNP193;LNP854<-LNP195;LNP858<-LNP194,0.8875000000000002,0.7977240352174658,0.7063492063492063,0.8701298701298701
573,False,LNP193<-LNP854;LNP194<-LNP782;LNP195<-LNP858;LNP782<-LNP194;LNP854<-LNP193;LNP858<-LNP195,0.7187500000000002,0.45584230583855195,0.5158730158730159,0.577922077922078
574,False,LNP193<-LNP854;LNP194<-LNP782;LNP195<-LNP858;LNP782<-LNP194;LNP854<-LNP195;LNP858<-LNP193,0.6062500000000001,0.2279211529192759,0.4603174603174603,0.461038961038961
575,False,LNP193<-LNP854;LNP194<-LNP782;LNP195<-LNP858;LNP782<-LNP195;LNP854<-LNP193;LNP858<-LNP194,0.2173913043478261,-0.5640760748177664,0.31031746031746027,0.11038961038961038
576,False,LNP193<-LNP854;LNP194<-LNP782;LNP195<-LNP858;LNP782<-LNP195;LNP854<-LNP194;LNP858<-LNP193,0.2173913043478261,-0.5640760748177664,0.3148809523809524,0.12987012987012989
577,False,LNP193<-LNP854;LNP194<-LNP858;LNP195<-LNP193;LNP782<-LNP194;LNP854<-LNP195;LNP858<-LNP782,0.3812500000000001,-0.22792115291927598,0.37896825396825395,0.3441558441558441
578,False,LNP193<-LNP854;LNP194<-LNP858;LNP195<-LNP193;LNP782<-LNP194;LNP854<-LNP782;LNP858<-LNP195,0.1,-0.7977240352174653,0.2942460317460317,0.05194805194805194
579,False,LNP193<-LNP854;LNP194<-LNP858;LNP195<-LNP193;LNP782<-LNP195;LNP854<-LNP194;LNP858<-LNP782,0.7187500000000002,0.45584230583855184,0.49404761904761907,0.5584415584415585
580,False,LNP193<-LNP854;LNP194<-LNP858;LNP195<-LNP193;LNP782<-LNP195;LNP854<-LNP782;LNP858<-LNP194,0.6062500000000001,0.2279211529192759,0.4603174603174603,0.461038961038961
581,False,LNP193<-LNP854;LNP194<-LNP858;LNP195<-LNP193;LNP782<-LNP782;LNP854<-LNP194;LNP858<-LNP195,0.26875,-0.4558423058385518,0.4261904761904762,0.42207792207792205
582,False,LNP193<-LNP854;LNP194<-LNP858;LNP195<-LNP193;LNP782<-LNP782;LNP854<-LNP195;LNP858<-LNP194,0.3812500000000001,-0.22792115291927598,0.569047619047619,0.5389610389610389
583,False,LNP193<-LNP854;LNP194<-LNP858;LNP195<-LNP194;LNP782<-LNP193;LNP854<-LNP195;LNP858<-LNP782,0.2755417956656347,-0.40291148201268995,0.6317460317460317,0.46103896103896097
584,False,LNP193<-LNP854;LNP194<-LNP858;LNP195<-LNP194;LNP782<-LNP193;LNP854<-LNP782;LNP858<-LNP195,0.5785953177257526,0.16116459280507595,0.6755952380952381,0.5974025974025974
585,False,LNP193<-LNP854;LNP194<-LNP858;LNP195<-LNP194;LNP782<-LNP195;LNP854<-LNP193;LNP858<-LNP782,0.39799331103678937,-0.2014557410063451,0.37896825396825395,0.34415584415584427
586,False,LNP193<-LNP854;LNP194<-LNP858;LNP195<-LNP194;LNP782<-LNP195;LNP854<-LNP782;LNP858<-LNP193,0.5183946488294314,0.040291148201268875,0.4107142857142857,0.3831168831168831
587,False,LNP193<-LNP854;LNP194<-LNP858;LNP195<-LNP194;LNP782<-LNP782;LNP854<-LNP193;LNP858<-LNP195,0.5785953177257526,0.16116459280507595,0.6922619047619047,0.6558441558441558
588,False,LNP193<-LNP854;LNP194<-LNP858;LNP195<-LNP194;LNP782<-LNP782;LNP854<-LNP195;LNP858<-LNP193,0.4375,-0.11396057645963795,0.6755952380952381,0.6168831168831168
589,False,LNP193<-LNP854;LNP194<-LNP858;LNP195<-LNP195;LNP782<-LNP193;LNP854<-LNP194;LNP858<-LNP782,0.39799331103678937,-0.2014557410063451,0.37460317460317455,0.22727272727272718
590,False,LNP193<-LNP854;LNP194<-LNP858;LNP195<-LNP195;LNP782<-LNP193;LNP854<-LNP782;LNP858<-LNP194,0.5183946488294314,0.040291148201268875,0.5773809523809523,0.5389610389610389
591,False,LNP193<-LNP854;LNP194<-LNP858;LNP195<-LNP195;LNP782<-LNP194;LNP854<-LNP193;LNP858<-LNP782,0.1,-0.7977240352174653,0.2942460317460317,0.05194805194805194
592,False,LNP193<-LNP854;LNP194<-LNP858;LNP195<-LNP195;LNP782<-LNP194;LNP854<-LNP782;LNP858<-LNP193,0.2173913043478261,-0.5640760748177664,0.3148809523809524,0.12987012987012989
593,False,LNP193<-LNP854;LNP194<-LNP858;LNP195<-LNP195;LNP782<-LNP782;LNP854<-LNP193;LNP858<-LNP194,0.5183946488294314,0.040291148201268875,0.5940476190476189,0.5974025974025974
594,False,LNP193<-LNP854;LNP194<-LNP858;LNP195<-LNP195;LNP782<-LNP782;LNP854<-LNP194;LNP858<-LNP193,0.39799331103678937,-0.2014557410063451,0.4345238095238095,0.4415584415584415
595,False,LNP193<-LNP854;LNP194<-LNP858;LNP195<-LNP782;LNP782<-LNP193;LNP854<-LNP194;LNP858<-LNP195,0.26875,-0.4558423058385518,0.369047619047619,0.2077922077922078
596,False,LNP193<-LNP854;LNP194<-LNP858;LNP195<-LNP782;LNP782<-LNP193;LNP854<-LNP195;LNP858<-LNP194,0.21981424148606815,-0.523784926616497,0.5214285714285714,0.3636363636363636
597,False,LNP193<-LNP854;LNP194<-LNP858;LNP195<-LNP782;LNP782<-LNP194;LNP854<-LNP193;LNP858<-LNP195,0.1,-0.7977240352174653,0.28869047619047616,0.03246753246753248
598,False,LNP193<-LNP854;LNP194<-LNP858;LNP195<-LNP782;LNP782<-LNP194;LNP854<-LNP195;LNP858<-LNP193,0.3812500000000001,-0.22792115291927598,0.37896825396825395,0.3441558441558441
599,False,LNP193<-LNP854;LNP194<-LNP858;LNP195<-LNP782;LNP782<-LNP195;LNP854<-LNP193;LNP858<-LNP194,0.39799331103678937,-0.2014557410063451,0.40674603174603174,0.4025974025974026
600,False,LNP193<-LNP854;LNP194<-LNP858;LNP195<-LNP782;LNP782<-LNP195;LNP854<-LNP194;LNP858<-LNP193,0.7187500000000002,0.45584230583855184,0.49404761904761907,0.5584415584415585
601,False,LNP193<-LNP858;LNP194<-LNP193;LNP195<-LNP194;LNP782<-LNP195;LNP854<-LNP782;LNP858<-LNP854,0.5183946488294314,0.040291148201268875,0.5595238095238095,0.48051948051948046
602,False,LNP193<-LNP858;LNP194<-LNP193;LNP195<-LNP194;LNP782<-LNP195;LNP854<-LNP854;LNP858<-LNP782,0.39799331103678937,-0.2014557410063451,0.37896825396825395,0.34415584415584427
603,False,LNP193<-LNP858;LNP194<-LNP193;LNP195<-LNP194;LNP782<-LNP782;LNP854<-LNP195;LNP858<-LNP854,0.4375,-0.11396057645963795,0.6922619047619047,0.6558441558441558
604,False,LNP193<-LNP858;LNP194<-LNP193;LNP195<-LNP194;LNP782<-LNP782;LNP854<-LNP854;LNP858<-LNP195,0.5785953177257526,0.16116459280507595,0.7468253968253968,0.7532467532467533
605,False,LNP193<-LNP858;LNP194<-LNP193;LNP195<-LNP194;LNP782<-LNP854;LNP854<-LNP195;LNP858<-LNP782,0.2755417956656347,-0.40291148201268995,0.6317460317460317,0.46103896103896097
606,False,LNP193<-LNP858;LNP194<-LNP193;LNP195<-LNP194;LNP782<-LNP854;LNP854<-LNP782;LNP858<-LNP195,0.5785953177257526,0.16116459280507595,0.6755952380952381,0.5974025974025974
607,False,LNP193<-LNP858;LNP194<-LNP193;LNP195<-LNP195;LNP782<-LNP194;LNP854<-LNP782;LNP858<-LNP854,0.2173913043478261,-0.5640760748177664,0.3148809523809524,0.12987012987012989
608,False,LNP193<-LNP858;LNP194<-LNP193;LNP195<-LNP195;LNP782<-LNP194;LNP854<-LNP854;LNP858<-LNP782,0.2173913043478261,-0.5640760748177664,0.2942460317460317,0.05194805194805194
609,False,LNP193<-LNP858;LNP194<-LNP193;LNP195<-LNP195;LNP782<-LNP782;LNP854<-LNP194;LNP858<-LNP854,0.39799331103678937,-0.2014557410063451,0.4345238095238095,0.4415584415584415
610,False,LNP193<-LNP858;LNP194<-LNP193;LNP195<-LNP195;LNP782<-LNP782;LNP854<-LNP854;LNP858<-LNP194,0.5183946488294314,0.040291148201268875,0.6595238095238094,0.7142857142857142
611,False,LNP193<-LNP858;LNP194<-LNP193;LNP195<-LNP195;LNP782<-LNP854;LNP854<-LNP194;LNP858<-LNP782,0.39799331103678937,-0.2014557410063451,0.37460317460317455,0.22727272727272718
612,False,LNP193<-LNP858;LNP194<-LNP193;LNP195<-LNP195;LNP782<-LNP854;LNP854<-LNP782;LNP858<-LNP194,0.5183946488294314,0.040291148201268875,0.5773809523809523,0.5389610389610389
613,False,LNP193<-LNP858;LNP194<-LNP193;LNP195<-LNP782;LNP782<-LNP194;LNP854<-LNP195;LNP858<-LNP854,0.3812500000000001,-0.22792115291927598,0.37896825396825395,0.3441558441558441
614,False,LNP193<-LNP858;LNP194<-LNP193;LNP195<-LNP782;LNP782<-LNP194;LNP854<-LNP854;LNP858<-LNP195,0.1,-0.7977240352174653,0.28869047619047616,0.03246753246753248
615,False,LNP193<-LNP858;LNP194<-LNP193;LNP195<-LNP782;LNP782<-LNP195;LNP854<-LNP194;LNP858<-LNP854,0.7187500000000002,0.45584230583855184,0.49404761904761907,0.5584415584415585
616,False,LNP193<-LNP858;LNP194<-LNP193;LNP195<-LNP782;LNP782<-LNP195;LNP854<-LNP854;LNP858<-LNP194,0.39799331103678937,-0.2014557410063451,0.40674603174603174,0.4025974025974026
617,False,LNP193<-LNP858;LNP194<-LNP193;LNP195<-LNP782;LNP782<-LNP854;LNP854<-LNP194;LNP858<-LNP195,0.26875000000000004,-0.45584230583855206,0.369047619047619,0.2077922077922078
618,False,LNP193<-LNP858;LNP194<-LNP193;LNP195<-LNP782;LNP782<-LNP854;LNP854<-LNP195;LNP858<-LNP194,0.21981424148606815,-0.523784926616497,0.5214285714285714,0.3636363636363636
619,False,LNP193<-LNP858;LNP194<-LNP193;LNP195<-LNP854;LNP782<-LNP194;LNP854<-LNP195;LNP858<-LNP782,0.43750000000000006,-0.11396057645963795,0.38988095238095244,0.3636363636363636
620,False,LNP193<-LNP858;LNP194<-LNP193;LNP195<-LNP854;LNP782<-LNP194;LNP854<-LNP782;LNP858<-LNP195,0.1,-0.7977240352174653,0.31031746031746027,0.11038961038961038
621,False,LNP193<-LNP858;LNP194<-LNP193;LNP195<-LNP854;LNP782<-LNP195;LNP854<-LNP194;LNP858<-LNP782,0.7187500000000002,0.45584230583855184,0.5158730158730159,0.577922077922078
622,False,LNP193<-LNP858;LNP194<-LNP193;LNP195<-LNP854;LNP782<-LNP195;LNP854<-LNP782;LNP858<-LNP194,0.5785953177257526,0.16116459280507595,0.4603174603174603,0.461038961038961
623,False,LNP193<-LNP858;LNP194<-LNP193;LNP195<-LNP854;LNP782<-LNP782;LNP854<-LNP194;LNP858<-LNP195,0.39799331103678937,-0.2014557410063451,0.4261904761904762,0.42207792207792205
624,False,LNP193<-LNP858;LNP194<-LNP193;LNP195<-LNP854;LNP782<-LNP782;LNP854<-LNP195;LNP858<-LNP194,0.3812500000000001,-0.22792115291927598,0.5940476190476189,0.5974025974025974
625,False,LNP193<-LNP858;LNP194<-LNP194;LNP195<-LNP193;LNP782<-LNP195;LNP854<-LNP782;LNP858<-LNP854,0.8875000000000002,0.7977240352174658,0.6785714285714286,0.8506493506493507
626,False,LNP193<-LNP858;LNP194<-LNP194;LNP195<-LNP193;LNP782<-LNP195;LNP854<-LNP854;LNP858<-LNP782,0.8875000000000002,0.7977240352174658,0.7738095238095237,0.8896103896103897
627,False,LNP193<-LNP858;LNP194<-LNP194;LNP195<-LNP193;LNP782<-LNP782;LNP854<-LNP195;LNP858<-LNP854,0.3812500000000001,-0.22792115291927598,0.37896825396825395,0.3441558441558441
628,False,LNP193<-LNP858;LNP194<-LNP194;LNP195<-LNP193;LNP782<-LNP782;LNP854<-LNP854;LNP858<-LNP195,0.21739130434782608,-0.5640760748177661,0.2942460317460317,0.05194805194805194
629,False,LNP193<-LNP858;LNP194<-LNP194;LNP195<-LNP193;LNP782<-LNP854;LNP854<-LNP195;LNP858<-LNP782,0.3812500000000001,-0.22792115291927598,0.37896825396825395,0.3441558441558441
630,False,LNP193<-LNP858;LNP194<-LNP194;LNP195<-LNP193;LNP782<-LNP854;LNP854<-LNP782;LNP858<-LNP195,0.1,-0.7977240352174653,0.2942460317460317,0.05194805194805194
631,False,LNP193<-LNP858;LNP194<-LNP194;LNP195<-LNP195;LNP782<-LNP193;LNP854<-LNP782;LNP858<-LNP854,0.21739130434782608,-0.5640760748177661,0.3148809523809524,0.12987012987012989
632,False,LNP193<-LNP858;LNP194<-LNP194;LNP195<-LNP195;LNP782<-LNP193;LNP854<-LNP854;LNP858<-LNP782,0.21739130434782608,-0.5640760748177661,0.2942460317460317,0.05194805194805194
633,False,LNP193<-LNP858;LNP194<-LNP194;LNP195<-LNP195;LNP782<-LNP782;LNP854<-LNP193;LNP858<-LNP854,0.21739130434782608,-0.5640760748177661,0.3214285714285714,0.18831168831168832
634,False,LNP193<-LNP858;LNP194<-LNP194;LNP195<-LNP195;LNP782<-LNP782;LNP854<-LNP854;LNP858<-LNP193,0.21739130434782608,-0.5640760748177661,0.29761904761904756,0.09090909090909091
635,False,LNP193<-LNP858;LNP194<-LNP194;LNP195<-LNP195;LNP782<-LNP854;LNP854<-LNP193;LNP858<-LNP782,0.21739130434782608,-0.5640760748177661,0.2942460317460317,0.05194805194805194
636,False,LNP193<-LNP858;LNP194<-LNP194;LNP195<-LNP195;LNP782<-LNP854;LNP854<-LNP782;LNP858<-LNP193,0.21739130434782608,-0.5640760748177661,0.3148809523809524,0.12987012987012989
637,False,LNP193<-LNP858;LNP194<-LNP194;LNP195<-LNP782;LNP782<-LNP193;LNP854<-LNP195;LNP858<-LNP854,0.3812500000000001,-0.22792115291927598,0.37896825396825395,0.3441558441558441
638,False,LNP193<-LNP858;LNP194<-LNP194;LNP195<-LNP782;LNP782<-LNP193;LNP854<-LNP854;LNP858<-LNP195,0.1,-0.7977240352174653,0.28869047619047616,0.03246753246753248
639,False,LNP193<-LNP858;LNP194<-LNP194;LNP195<-LNP782;LNP782<-LNP195;LNP854<-LNP193;LNP858<-LNP854,0.8875000000000002,0.7977240352174658,0.7738095238095237,0.8896103896103897
640,False,LNP193<-LNP858;LNP194<-LNP194;LNP195<-LNP782;LNP782<-LNP195;LNP854<-LNP854;LNP858<-LNP193,0.8875000000000002,0.7977240352174658,0.7738095238095237,0.8896103896103897
641,False,LNP193<-LNP858;LNP194<-LNP194;LNP195<-LNP782;LNP782<-LNP854;LNP854<-LNP193;LNP858<-LNP195,0.1,-0.7977240352174653,0.28869047619047616,0.03246753246753248
642,False,LNP193<-LNP858;LNP194<-LNP194;LNP195<-LNP782;LNP782<-LNP854;LNP854<-LNP195;LNP858<-LNP193,0.3812500000000001,-0.22792115291927598,0.37896825396825395,0.3441558441558441
643,False,LNP193<-LNP858;LNP194<-LNP194;LNP195<-LNP854;LNP782<-LNP193;LNP854<-LNP195;LNP858<-LNP782,0.43750000000000006,-0.11396057645963795,0.38988095238095244,0.3636363636363636
644,False,LNP193<-LNP858;LNP194<-LNP194;LNP195<-LNP854;LNP782<-LNP193;LNP854<-LNP782;LNP858<-LNP195,0.1,-0.7977240352174653,0.31031746031746027,0.11038961038961038
645,False,LNP193<-LNP858;LNP194<-LNP194;LNP195<-LNP854;LNP782<-LNP195;LNP854<-LNP193;LNP858<-LNP782,0.8875000000000002,0.7977240352174658,0.7738095238095237,0.8896103896103897
646,False,LNP193<-LNP858;LNP194<-LNP194;LNP195<-LNP854;LNP782<-LNP195;LNP854<-LNP782;LNP858<-LNP193,0.8875000000000002,0.7977240352174658,0.6785714285714286,0.8506493506493507
647,False,LNP193<-LNP858;LNP194<-LNP194;LNP195<-LNP854;LNP782<-LNP782;LNP854<-LNP193;LNP858<-LNP195,0.21739130434782608,-0.5640760748177661,0.2942460317460317,0.05194805194805194
648,False,LNP193<-LNP858;LNP194<-LNP194;LNP195<-LNP854;LNP782<-LNP782;LNP854<-LNP195;LNP858<-LNP193,0.3812500000000001,-0.22792115291927598,0.37896825396825395,0.3441558441558441
649,False,LNP193<-LNP858;LNP194<-LNP195;LNP195<-LNP193;LNP782<-LNP194;LNP854<-LNP782;LNP858<-LNP854,0.8875000000000002,0.7977240352174658,0.6785714285714286,0.8506493506493507
650,False,LNP193<-LNP858;LNP194<-LNP195;LNP195<-LNP193;LNP782<-LNP194;LNP854<-LNP854;LNP858<-LNP782,0.8875000000000002,0.7977240352174658,0.7738095238095237,0.8896103896103897
651,False,LNP193<-LNP858;LNP194<-LNP195;LNP195<-LNP193;LNP782<-LNP782;LNP854<-LNP194;LNP858<-LNP854,0.7187500000000002,0.45584230583855195,0.49404761904761907,0.5584415584415585
652,False,LNP193<-LNP858;LNP194<-LNP195;LNP195<-LNP193;LNP782<-LNP782;LNP854<-LNP854;LNP858<-LNP194,0.60625,0.2279211529192759,0.4603174603174603,0.461038961038961
653,False,LNP193<-LNP858;LNP194<-LNP195;LNP195<-LNP193;LNP782<-LNP854;LNP854<-LNP194;LNP858<-LNP782,0.7187500000000002,0.45584230583855195,0.49404761904761907,0.5584415584415585
654,False,LNP193<-LNP858;LNP194<-LNP195;LNP195<-LNP193;LNP782<-LNP854;LNP854<-LNP782;LNP858<-LNP194,0.60625,0.2279211529192759,0.4603174603174603,0.461038961038961
655,False,LNP193<-LNP858;LNP194<-LNP195;LNP195<-LNP194;LNP782<-LNP193;LNP854<-LNP782;LNP858<-LNP854,0.5183946488294314,0.040291148201269084,0.5595238095238095,0.48051948051948046
656,False,LNP193<-LNP858;LNP194<-LNP195;LNP195<-LNP194;LNP782<-LNP193;LNP854<-LNP854;LNP858<-LNP782,0.39799331103678925,-0.20145574100634525,0.37896825396825395,0.34415584415584427
657,False,LNP193<-LNP858;LNP194<-LNP195;LNP195<-LNP194;LNP782<-LNP782;LNP854<-LNP193;LNP858<-LNP854,0.55,0.11396057645963795,0.6071428571428572,0.538961038961039
658,False,LNP193<-LNP858;LNP194<-LNP195;LNP195<-LNP194;LNP782<-LNP782;LNP854<-LNP854;LNP858<-LNP193,0.55,0.11396057645963795,0.5119047619047619,0.5000000000000001
659,False,LNP193<-LNP858;LNP194<-LNP195;LNP195<-LNP194;LNP782<-LNP854;LNP854<-LNP193;LNP858<-LNP782,0.39799331103678925,-0.20145574100634525,0.37896825396825395,0.34415584415584427
660,False,LNP193<-LNP858;LNP194<-LNP195;LNP195<-LNP194;LNP782<-LNP854;LNP854<-LNP782;LNP858<-LNP193,0.5183946488294314,0.040291148201269084,0.4107142857142857,0.3831168831168831
661,False,LNP193<-LNP858;LNP194<-LNP195;LNP195<-LNP782;LNP782<-LNP193;LNP854<-LNP194;LNP858<-LNP854,0.7187500000000002,0.45584230583855195,0.49404761904761907,0.5584415584415585
662,False,LNP193<-LNP858;LNP194<-LNP195;LNP195<-LNP782;LNP782<-LNP193;LNP854<-LNP854;LNP858<-LNP194,0.39799331103678925,-0.20145574100634525,0.40674603174603174,0.4025974025974026
663,False,LNP193<-LNP858;LNP194<-LNP195;LNP195<-LNP782;LNP782<-LNP194;LNP854<-LNP193;LNP858<-LNP854,0.8875000000000002,0.7977240352174658,0.7738095238095237,0.8896103896103897
664,False,LNP193<-LNP858;LNP194<-LNP195;LNP195<-LNP782;LNP782<-LNP194;LNP854<-LNP854;LNP858<-LNP193,0.8875000000000002,0.7977240352174658,0.7738095238095237,0.8896103896103897
665,False,LNP193<-LNP858;LNP194<-LNP195;LNP195<-LNP782;LNP782<-LNP854;LNP854<-LNP193;LNP858<-LNP194,0.39799331103678925,-0.20145574100634525,0.40674603174603174,0.4025974025974026
666,False,LNP193<-LNP858;LNP194<-LNP195;LNP195<-LNP782;LNP782<-LNP854;LNP854<-LNP194;LNP858<-LNP193,0.7187500000000002,0.45584230583855195,0.49404761904761907,0.5584415584415585
667,False,LNP193<-LNP858;LNP194<-LNP195;LNP195<-LNP854;LNP782<-LNP193;LNP854<-LNP194;LNP858<-LNP782,0.7187500000000002,0.45584230583855195,0.5158730158730159,0.577922077922078
668,False,LNP193<-LNP858;LNP194<-LNP195;LNP195<-LNP854;LNP782<-LNP193;LNP854<-LNP782;LNP858<-LNP194,0.5785953177257526,0.1611645928050761,0.4603174603174603,0.461038961038961
669,False,LNP193<-LNP858;LNP194<-LNP195;LNP195<-LNP854;LNP782<-LNP194;LNP854<-LNP193;LNP858<-LNP782,0.8875000000000002,0.7977240352174658,0.7738095238095237,0.8896103896103897
670,False,LNP193<-LNP858;LNP194<-LNP195;LNP195<-LNP854;LNP782<-LNP194;LNP854<-LNP782;LNP858<-LNP193,0.8875000000000002,0.7977240352174658,0.6785714285714286,0.8506493506493507
671,False,LNP193<-LNP858;LNP194<-LNP195;LNP195<-LNP854;LNP782<-LNP782;LNP854<-LNP193;LNP858<-LNP194,0.60625,0.2279211529192759,0.4603174603174603,0.461038961038961
672,False,LNP193<-LNP858;LNP194<-LNP195;LNP195<-LNP854;LNP782<-LNP782;LNP854<-LNP194;LNP858<-LNP193,0.7187500000000002,0.45584230583855195,0.49404761904761907,0.5584415584415585
673,False,LNP193<-LNP858;LNP194<-LNP782;LNP195<-LNP193;LNP782<-LNP194;LNP854<-LNP195;LNP858<-LNP854,0.3812500000000001,-0.22792115291927598,0.37896825396825395,0.3441558441558441
674,False,LNP193<-LNP858;LNP194<-LNP782;LNP195<-LNP193;LNP782<-LNP194;LNP854<-LNP854;LNP858<-LNP195,0.2173913043478261,-0.5640760748177664,0.2942460317460317,0.05194805194805194
675,False,LNP193<-LNP858;LNP194<-LNP782;LNP195<-LNP193;LNP782<-LNP195;LNP854<-LNP194;LNP858<-LNP854,0.7187500000000002,0.45584230583855184,0.49404761904761907,0.5584415584415585
676,False,LNP193<-LNP858;LNP194<-LNP782;LNP195<-LNP193;LNP782<-LNP195;LNP854<-LNP854;LNP858<-LNP194,0.6062500000000001,0.2279211529192759,0.4603174603174603,0.461038961038961
677,False,LNP193<-LNP858;LNP194<-LNP782;LNP195<-LNP193;LNP782<-LNP854;LNP854<-LNP194;LNP858<-LNP195,0.39799331103678937,-0.2014557410063451,0.39285714285714285,0.30519480519480524
678,False,LNP193<-LNP858;LNP194<-LNP782;LNP195<-LNP193;LNP782<-LNP854;LNP854<-LNP195;LNP858<-LNP194,0.3812500000000001,-0.22792115291927598,0.5357142857142857,0.42207792207792205
679,False,LNP193<-LNP858;LNP194<-LNP782;LNP195<-LNP194;LNP782<-LNP193;LNP854<-LNP195;LNP858<-LNP854,0.43750000000000006,-0.11396057645963795,0.6922619047619047,0.6558441558441558
680,False,LNP193<-LNP858;LNP194<-LNP782;LNP195<-LNP194;LNP782<-LNP193;LNP854<-LNP854;LNP858<-LNP195,0.5785953177257526,0.16116459280507595,0.7468253968253968,0.7532467532467533
681,False,LNP193<-LNP858;LNP194<-LNP782;LNP195<-LNP194;LNP782<-LNP195;LNP854<-LNP193;LNP858<-LNP854,0.55,0.11396057645963795,0.6071428571428572,0.538961038961039
682,False,LNP193<-LNP858;LNP194<-LNP782;LNP195<-LNP194;LNP782<-LNP195;LNP854<-LNP854;LNP858<-LNP193,0.55,0.11396057645963795,0.5119047619047619,0.5000000000000001
683,False,LNP193<-LNP858;LNP194<-LNP782;LNP195<-LNP194;LNP782<-LNP854;LNP854<-LNP193;LNP858<-LNP195,0.5785953177257526,0.16116459280507595,0.6922619047619047,0.6558441558441558
684,False,LNP193<-LNP858;LNP194<-LNP782;LNP195<-LNP194;LNP782<-LNP854;LNP854<-LNP195;LNP858<-LNP193,0.43750000000000006,-0.11396057645963795,0.6755952380952381,0.6168831168831168
685,False,LNP193<-LNP858;LNP194<-LNP782;LNP195<-LNP195;LNP782<-LNP193;LNP854<-LNP194;LNP858<-LNP854,0.39799331103678937,-0.2014557410063451,0.4345238095238095,0.4415584415584415
686,False,LNP193<-LNP858;LNP194<-LNP782;LNP195<-LNP195;LNP782<-LNP193;LNP854<-LNP854;LNP858<-LNP194,0.5183946488294314,0.040291148201268875,0.6595238095238094,0.7142857142857142
687,False,LNP193<-LNP858;LNP194<-LNP782;LNP195<-LNP195;LNP782<-LNP194;LNP854<-LNP193;LNP858<-LNP854,0.2173913043478261,-0.5640760748177664,0.3214285714285714,0.18831168831168832
688,False,LNP193<-LNP858;LNP194<-LNP782;LNP195<-LNP195;LNP782<-LNP194;LNP854<-LNP854;LNP858<-LNP193,0.2173913043478261,-0.5640760748177664,0.29761904761904756,0.09090909090909091
689,False,LNP193<-LNP858;LNP194<-LNP782;LNP195<-LNP195;LNP782<-LNP854;LNP854<-LNP193;LNP858<-LNP194,0.5183946488294314,0.040291148201268875,0.6595238095238094,0.7142857142857142
690,False,LNP193<-LNP858;LNP194<-LNP782;LNP195<-LNP195;LNP782<-LNP854;LNP854<-LNP194;LNP858<-LNP193,0.39799331103678937,-0.2014557410063451,0.4345238095238095,0.4415584415584415
691,False,LNP193<-LNP858;LNP194<-LNP782;LNP195<-LNP854;LNP782<-LNP193;LNP854<-LNP194;LNP858<-LNP195,0.39799331103678937,-0.2014557410063451,0.4261904761904762,0.42207792207792205
692,False,LNP193<-LNP858;LNP194<-LNP782;LNP195<-LNP854;LNP782<-LNP193;LNP854<-LNP195;LNP858<-LNP194,0.3812500000000001,-0.22792115291927598,0.5940476190476189,0.5974025974025974
693,False,LNP193<-LNP858;LNP194<-LNP782;LNP195<-LNP854;LNP782<-LNP194;LNP854<-LNP193;LNP858<-LNP195,0.2173913043478261,-0.5640760748177664,0.2942460317460317,0.05194805194805194
694,False,LNP193<-LNP858;LNP194<-LNP782;LNP195<-LNP854;LNP782<-LNP194;LNP854<-LNP195;LNP858<-LNP193,0.3812500000000001,-0.22792115291927598,0.37896825396825395,0.3441558441558441
695,False,LNP193<-LNP858;LNP194<-LNP782;LNP195<-LNP854;LNP782<-LNP195;LNP854<-LNP193;LNP858<-LNP194,0.6062500000000001,0.2279211529192759,0.4603174603174603,0.461038961038961
696,False,LNP193<-LNP858;LNP194<-LNP782;LNP195<-LNP854;LNP782<-LNP195;LNP854<-LNP194;LNP858<-LNP193,0.7187500000000002,0.45584230583855184,0.49404761904761907,0.5584415584415585
697,False,LNP193<-LNP858;LNP194<-LNP854;LNP195<-LNP193;LNP782<-LNP194;LNP854<-LNP195;LNP858<-LNP782,0.3812500000000001,-0.22792115291927598,0.37896825396825395,0.3441558441558441
698,False,LNP193<-LNP858;LNP194<-LNP854;LNP195<-LNP193;LNP782<-LNP194;LNP854<-LNP782;LNP858<-LNP195,0.1,-0.7977240352174653,0.2942460317460317,0.05194805194805194
699,False,LNP193<-LNP858;LNP194<-LNP854;LNP195<-LNP193;LNP782<-LNP195;LNP854<-LNP194;LNP858<-LNP782,0.7187500000000002,0.45584230583855184,0.49404761904761907,0.5584415584415585
700,False,LNP193<-LNP858;LNP194<-LNP854;LNP195<-LNP193;LNP782<-LNP195;LNP854<-LNP782;LNP858<-LNP194,0.6062500000000001,0.2279211529192759,0.4603174603174603,0.461038961038961
701,False,LNP193<-LNP858;LNP194<-LNP854;LNP195<-LNP193;LNP782<-LNP782;LNP854<-LNP194;LNP858<-LNP195,0.26875,-0.4558423058385518,0.4261904761904762,0.42207792207792205
702,False,LNP193<-LNP858;LNP194<-LNP854;LNP195<-LNP193;LNP782<-LNP782;LNP854<-LNP195;LNP858<-LNP194,0.3812500000000001,-0.22792115291927598,0.569047619047619,0.5389610389610389
703,False,LNP193<-LNP858;LNP194<-LNP854;LNP195<-LNP194;LNP782<-LNP193;LNP854<-LNP195;LNP858<-LNP782,0.2755417956656347,-0.40291148201268995,0.6317460317460317,0.46103896103896097
704,False,LNP193<-LNP858;LNP194<-LNP854;LNP195<-LNP194;LNP782<-LNP193;LNP854<-LNP782;LNP858<-LNP195,0.5785953177257526,0.16116459280507595,0.6755952380952381,0.5974025974025974
705,False,LNP193<-LNP858;LNP194<-LNP854;LNP195<-LNP194;LNP782<-LNP195;LNP854<-LNP193;LNP858<-LNP782,0.39799331103678937,-0.2014557410063451,0.37896825396825395,0.34415584415584427
706,False,LNP193<-LNP858;LNP194<-LNP854;LNP195<-LNP194;LNP782<-LNP195;LNP854<-LNP782;LNP858<-LNP193,0.5183946488294314,0.040291148201268875,0.4107142857142857,0.3831168831168831
707,False,LNP193<-LNP858;LNP194<-LNP854;LNP195<-LNP194;LNP782<-LNP782;LNP854<-LNP193;LNP858<-LNP195,0.5785953177257526,0.16116459280507595,0.6922619047619047,0.6558441558441558
708,False,LNP193<-LNP858;LNP194<-LNP854;LNP195<-LNP194;LNP782<-LNP782;LNP854<-LNP195;LNP858<-LNP193,0.4375,-0.11396057645963795,0.6755952380952381,0.6168831168831168
709,False,LNP193<-LNP858;LNP194<-LNP854;LNP195<-LNP195;LNP782<-LNP193;LNP854<-LNP194;LNP858<-LNP782,0.39799331103678937,-0.2014557410063451,0.37460317460317455,0.22727272727272718
710,False,LNP193<-LNP858;LNP194<-LNP854;LNP195<-LNP195;LNP782<-LNP193;LNP854<-LNP782;LNP858<-LNP194,0.5183946488294314,0.040291148201268875,0.5773809523809523,0.5389610389610389
711,False,LNP193<-LNP858;LNP194<-LNP854;LNP195<-LNP195;LNP782<-LNP194;LNP854<-LNP193;LNP858<-LNP782,0.1,-0.7977240352174653,0.2942460317460317,0.05194805194805194
712,False,LNP193<-LNP858;LNP194<-LNP854;LNP195<-LNP195;LNP782<-LNP194;LNP854<-LNP782;LNP858<-LNP193,0.2173913043478261,-0.5640760748177664,0.3148809523809524,0.12987012987012989
713,False,LNP193<-LNP858;LNP194<-LNP854;LNP195<-LNP195;LNP782<-LNP782;LNP854<-LNP193;LNP858<-LNP194,0.5183946488294314,0.040291148201268875,0.5940476190476189,0.5974025974025974
714,False,LNP193<-LNP858;LNP194<-LNP854;LNP195<-LNP195;LNP782<-LNP782;LNP854<-LNP194;LNP858<-LNP193,0.39799331103678937,-0.2014557410063451,0.4345238095238095,0.4415584415584415
715,False,LNP193<-LNP858;LNP194<-LNP854;LNP195<-LNP782;LNP782<-LNP193;LNP854<-LNP194;LNP858<-LNP195,0.26875,-0.4558423058385518,0.369047619047619,0.2077922077922078
716,False,LNP193<-LNP858;LNP194<-LNP854;LNP195<-LNP782;LNP782<-LNP193;LNP854<-LNP195;LNP858<-LNP194,0.21981424148606815,-0.523784926616497,0.5214285714285714,0.3636363636363636
717,False,LNP193<-LNP858;LNP194<-LNP854;LNP195<-LNP782;LNP782<-LNP194;LNP854<-LNP193;LNP858<-LNP195,0.1,-0.7977240352174653,0.28869047619047616,0.03246753246753248
718,False,LNP193<-LNP858;LNP194<-LNP854;LNP195<-LNP782;LNP782<-LNP194;LNP854<-LNP195;LNP858<-LNP193,0.3812500000000001,-0.22792115291927598,0.37896825396825395,0.3441558441558441
719,False,LNP193<-LNP858;LNP194<-LNP854;LNP195<-LNP782;LNP782<-LNP195;LNP854<-LNP193;LNP858<-LNP194,0.39799331103678937,-0.2014557410063451,0.40674603174603174,0.4025974025974026
720,False,LNP193<-LNP858;LNP194<-LNP854;LNP195<-LNP782;LNP782<-LNP195;LNP854<-LNP194;LNP858<-LNP193,0.7187500000000002,0.45584230583855184,0.49404761904761907,0.5584415584415585
