permutation,is_identity,assignment,row_weighted_roc_auc,row_weighted_delta_roc_auc,row_weighted_pr_auc_active,row_weighted_delta_pr_auc_active,row_weighted_pr_auc_inactive,row_weighted_delta_pr_auc_inactive,row_weighted_balanced_accuracy,row_weighted_delta_balanced_accuracy,row_weighted_macro_f1,row_weighted_delta_macro_f1,row_weighted_mcc,row_weighted_delta_mcc,source_balanced_roc_auc,source_balanced_delta_roc_auc,source_balanced_pr_auc_active,source_balanced_delta_pr_auc_active,source_balanced_pr_auc_inactive,source_balanced_delta_pr_auc_inactive,source_balanced_balanced_accuracy,source_balanced_delta_balanced_accuracy,source_balanced_macro_f1,source_balanced_delta_macro_f1,source_balanced_mcc,source_balanced_delta_mcc
1,True,LNP193<-LNP193;LNP194<-LNP194;LNP195<-LNP195;LNP782<-LNP782;LNP854<-LNP854;LNP858<-LNP858,0.6428571428571429,0.09523809523809523,0.55995670995671,0.0542328042328043,0.7745421245421246,0.06241496598639451,0.7023809523809523,0.16666666666666663,0.6904761904761905,0.15476190476190477,0.4147575310031266,0.3433289595745552,0.3474025974025974,0.03896103896103903,0.5618792971734148,0.008177060008956571,0.5392857142857143,0.060930735930735946,0.6201298701298701,0.1363636363636363,0.6067527308838134,0.12760379471360062,0.33868074965743356,0.37304115629463613
2,False,LNP193<-LNP193;LNP194<-LNP194;LNP195<-LNP195;LNP782<-LNP782;LNP854<-LNP858;LNP858<-LNP854,0.0,-0.5476190476190477,0.31484395234395235,-0.19087995337995334,0.38947718947718946,-0.3226499690785406,0.5,-0.0357142857142857,0.3157894736842105,-0.2199248120300752,0.0,-0.07142857142857142,0.0,-0.30844155844155835,0.45677226813590455,-0.09692996902855366,0.27088319088319085,-0.20747178747178746,0.5,0.01623376623376621,0.37931034482758613,-0.09983859134262668,0.0,0.03436040663720258
3,False,LNP193<-LNP193;LNP194<-LNP194;LNP195<-LNP195;LNP782<-LNP854;LNP854<-LNP782;LNP858<-LNP858,0.6428571428571429,0.09523809523809523,0.55995670995671,0.0542328042328043,0.7745421245421246,0.06241496598639451,0.6309523809523809,0.09523809523809523,0.606060606060606,0.07034632034632027,0.2828894749305018,0.2114609035019304,0.3474025974025974,0.03896103896103903,0.5607429335370512,0.007040696372592969,0.5392857142857143,0.060930735930735946,0.5844155844155844,0.1006493506493506,0.5555555555555556,0.07640661938534277,0.26189246330824845,0.296252869945451
4,False,LNP193<-LNP193;LNP194<-LNP194;LNP195<-LNP195;LNP782<-LNP854;LNP854<-LNP858;LNP858<-LNP782,0.0,-0.5476190476190477,0.31484395234395235,-0.19087995337995334,0.38947718947718946,-0.3226499690785406,0.5,-0.0357142857142857,0.3157894736842105,-0.2199248120300752,0.0,-0.07142857142857142,0.0,-0.30844155844155835,0.4598255280073462,-0.09387670915711199,0.27088319088319085,-0.20747178747178746,0.5,0.01623376623376621,0.37931034482758613,-0.09983859134262668,0.0,0.03436040663720258
5,False,LNP193<-LNP193;LNP194<-LNP194;LNP195<-LNP195;LNP782<-LNP858;LNP854<-LNP782;LNP858<-LNP854,0.07142857142857142,-0.4761904761904763,0.32734395234395236,-0.17837995337995333,0.40563365206222346,-0.3064935064935066,0.5,-0.0357142857142857,0.3157894736842105,-0.2199248120300752,0.0,-0.07142857142857142,0.05844155844155838,-0.24999999999999997,0.47424107384000436,-0.07946116332445385,0.2775582117687381,-0.20079676658624024,0.5,0.01623376623376621,0.37931034482758613,-0.09983859134262668,0.0,0.03436040663720258
6,False,LNP193<-LNP193;LNP194<-LNP194;LNP195<-LNP195;LNP782<-LNP858;LNP854<-LNP854;LNP858<-LNP782,0.0,-0.5476190476190477,0.31484395234395235,-0.19087995337995334,0.38947718947718946,-0.3226499690785406,0.4166666666666667,-0.11904761904761901,0.2777777777777778,-0.2579365079365079,-0.31180478223116176,-0.3832333536597332,0.0,-0.30844155844155835,0.4610881542699725,-0.0926140828944857,0.27088319088319085,-0.20747178747178746,0.4318181818181818,-0.051948051948051965,0.3454545454545454,-0.1336943907156674,-0.2405228464604172,-0.2061624398232146
7,False,LNP193<-LNP193;LNP194<-LNP194;LNP195<-LNP782;LNP782<-LNP195;LNP854<-LNP854;LNP858<-LNP858,0.0,-0.5476190476190477,0.31484395234395235,-0.19087995337995334,0.38947718947718946,-0.3226499690785406,0.5,-0.0357142857142857,0.3157894736842105,-0.2199248120300752,0.0,-0.07142857142857142,0.0,-0.30844155844155835,0.45805785123966947,-0.09564438592478874,0.27088319088319085,-0.20747178747178746,0.5,0.01623376623376621,0.37931034482758613,-0.09983859134262668,0.0,0.03436040663720258
8,False,LNP193<-LNP193;LNP194<-LNP194;LNP195<-LNP782;LNP782<-LNP195;LNP854<-LNP858;LNP858<-LNP854,0.5952380952380952,0.04761904761904756,0.5335016835016835,0.02777777777777779,0.7384877027734171,0.026360544217687076,0.6190476190476191,0.08333333333333337,0.6153846153846154,0.07967032967032972,0.23809523809523808,0.16666666666666666,0.30844155844155835,0.0,0.548811115355233,-0.004891121809225241,0.4783549783549783,0.0,0.48376623376623373,-5.551115123125783e-17,0.4791489361702128,0.0,-0.03436040663720258,0.0
9,False,LNP193<-LNP193;LNP194<-LNP194;LNP195<-LNP782;LNP782<-LNP854;LNP854<-LNP195;LNP858<-LNP858,0.5476190476190477,0.0,0.5195156695156695,0.013791763791763834,0.6432496075353218,-0.06887755102040827,0.5476190476190476,0.011904761904761862,0.5357142857142857,0.0,0.09759000729485333,0.026161435866281904,0.3214285714285714,0.012987012987013047,0.5559027777777777,0.002200540613319535,0.4480158730158729,-0.030339105339105388,0.5162337662337663,0.03246753246753248,0.4957983193277311,0.016649383157518294,0.03999232221113232,0.0743527288483349
10,False,LNP193<-LNP193;LNP194<-LNP194;LNP195<-LNP782;LNP782<-LNP854;LNP854<-LNP858;LNP858<-LNP195,0.4761904761904762,-0.07142857142857145,0.48247863247863243,-0.023245273245273257,0.5954604918890634,-0.1166666666666667,0.47619047619047616,-0.059523809523809534,0.4484848484848485,-0.08722943722943721,-0.05143444998736397,-0.12286302141593539,0.25974025974025966,-0.04870129870129869,0.5356663729299991,-0.01803586423445913,0.35578231292517,-0.12257266542980833,0.48051948051948057,-0.00324675324675322,0.44615384615384623,-0.03299509001636658,-0.050964719143762376,-0.016604312506559797
11,False,LNP193<-LNP193;LNP194<-LNP194;LNP195<-LNP782;LNP782<-LNP858;LNP854<-LNP195;LNP858<-LNP854,0.5952380952380952,0.04761904761904756,0.5335016835016835,0.02777777777777779,0.7384877027734171,0.026360544217687076,0.5476190476190476,0.011904761904761862,0.5357142857142857,0.0,0.09759000729485333,0.026161435866281904,0.30844155844155835,0.0,0.5380968296409472,-0.015605407523511028,0.4783549783549783,0.0,0.44805194805194803,-0.035714285714285754,0.4375,-0.041648936170212814,-0.11308055883843511,-0.07872015220123253
12,False,LNP193<-LNP193;LNP194<-LNP194;LNP195<-LNP782;LNP782<-LNP858;LNP854<-LNP854;LNP858<-LNP195,0.047619047619047616,-0.5,0.3217883967883968,-0.18393550893550886,0.3996812711098425,-0.3124458874458876,0.3333333333333333,-0.20238095238095238,0.23529411764705882,-0.3004201680672269,-0.4605661864718383,-0.5319947579004097,0.0064935064935064905,-0.30194805194805185,0.45473617291799107,-0.09896606424646714,0.27140078922687616,-0.20695418912810215,0.36363636363636365,-0.12012987012987014,0.30769230769230765,-0.17145662847790516,-0.3567530340063377,-0.3223926273691351
13,False,LNP193<-LNP193;LNP194<-LNP194;LNP195<-LNP854;LNP782<-LNP195;LNP854<-LNP782;LNP858<-LNP858,0.047619047619047616,-0.5,0.3217883967883968,-0.18393550893550886,0.3996812711098425,-0.3124458874458876,0.3333333333333333,-0.20238095238095238,0.23529411764705882,-0.3004201680672269,-0.4605661864718383,-0.5319947579004097,0.00649350649350649,-0.30194805194805185,0.4602917284735467,-0.0934105086909115,0.26901983684592373,-0.20933514150905458,0.36363636363636365,-0.12012987012987014,0.30769230769230765,-0.17145662847790516,-0.3567530340063377,-0.3223926273691351
14,False,LNP193<-LNP193;LNP194<-LNP194;LNP195<-LNP854;LNP782<-LNP195;LNP854<-LNP858;LNP858<-LNP782,0.6428571428571429,0.09523809523809523,0.55995670995671,0.0542328042328043,0.7745421245421246,0.06241496598639451,0.6904761904761905,0.15476190476190477,0.6904761904761905,0.15476190476190477,0.38095238095238093,0.30952380952380953,0.3474025974025974,0.03896103896103903,0.5607429335370512,0.007040696372592969,0.5392857142857143,0.060930735930735946,0.5194805194805194,0.03571428571428564,0.5183946488294314,0.03924571265921861,0.040291148201268875,0.07465155483847145
15,False,LNP193<-LNP193;LNP194<-LNP194;LNP195<-LNP854;LNP782<-LNP782;LNP854<-LNP195;LNP858<-LNP858,0.5238095238095237,-0.023809523809523947,0.5102564102564102,0.004532504532504533,0.6218210361067504,-0.09030612244897962,0.5476190476190476,0.011904761904761862,0.5357142857142857,0.0,0.09759000729485333,0.026161435866281904,0.2987012987012987,-0.00974025974025966,0.5482055578829772,-0.0054966792814810095,0.38696145124716547,-0.09139352710781284,0.5162337662337663,0.03246753246753248,0.4957983193277311,0.016649383157518294,0.03999232221113232,0.0743527288483349
16,False,LNP193<-LNP193;LNP194<-LNP194;LNP195<-LNP854;LNP782<-LNP782;LNP854<-LNP858;LNP858<-LNP195,0.40476190476190477,-0.1428571428571429,0.4593304843304843,-0.0463934213934214,0.5335557299843015,-0.1785714285714286,0.4642857142857143,-0.0714285714285714,0.46153846153846156,-0.07417582417582413,-0.07142857142857142,-0.14285714285714285,0.2012987012987013,-0.10714285714285704,0.5191892955529319,-0.03451294161152629,0.3104847533418962,-0.16787022501308213,0.37987012987012986,-0.10389610389610393,0.37777777777777777,-0.10137115839243505,-0.2438488811817297,-0.20948847454452713
17,False,LNP193<-LNP193;LNP194<-LNP194;LNP195<-LNP854;LNP782<-LNP858;LNP854<-LNP195;LNP858<-LNP782,0.3571428571428572,-0.19047619047619047,0.4122405372405373,-0.09348336848336841,0.5529692529692529,-0.15915790558647713,0.4166666666666667,-0.11904761904761901,0.2777777777777778,-0.2579365079365079,-0.31180478223116176,-0.3832333536597332,0.1623376623376622,-0.14610389610389615,0.49094386006150703,-0.06275837710295118,0.3089832068092937,-0.1693717715456846,0.36363636363636365,-0.12012987012987014,0.3076923076923077,-0.1714566284779051,-0.35675303400633795,-0.3223926273691354
18,False,LNP193<-LNP193;LNP194<-LNP194;LNP195<-LNP854;LNP782<-LNP858;LNP854<-LNP782;LNP858<-LNP195,0.047619047619047616,-0.5,0.3217883967883968,-0.18393550893550886,0.3996812711098425,-0.3124458874458876,0.25,-0.2857142857142857,0.1875,-0.3482142857142857,-0.5916079783099616,-0.663036549738533,0.0064935064935064905,-0.30194805194805185,0.4524864024864025,-0.10121583467805573,0.27140078922687616,-0.20695418912810215,0.22727272727272727,-0.25649350649350655,0.2173913043478261,-0.2617576318223867,-0.5640760748177664,-0.5297156681805639
19,False,LNP193<-LNP193;LNP194<-LNP194;LNP195<-LNP858;LNP782<-LNP195;LNP854<-LNP782;LNP858<-LNP854,0.19047619047619047,-0.3571428571428572,0.36808469308469316,-0.13763921263921253,0.4397348683062968,-0.27239229024943323,0.5,-0.0357142857142857,0.3157894736842105,-0.2199248120300752,0.0,-0.07142857142857142,0.15584415584415579,-0.15259740259740256,0.507841923849829,-0.04586031331462925,0.29777603349031917,-0.18057894486465914,0.5,0.01623376623376621,0.37931034482758613,-0.09983859134262668,0.0,0.03436040663720258
20,False,LNP193<-LNP193;LNP194<-LNP194;LNP195<-LNP858;LNP782<-LNP195;LNP854<-LNP854;LNP858<-LNP782,0.4285714285714286,-0.11904761904761907,0.4491452991452992,-0.05657860657860647,0.5776033490319203,-0.1345238095238097,0.4166666666666667,-0.11904761904761901,0.2777777777777778,-0.2579365079365079,-0.31180478223116176,-0.3832333536597332,0.2629870129870129,-0.04545454545454547,0.5388635572021151,-0.014838679962343115,0.395021645021645,-0.08333333333333331,0.4772727272727273,-0.006493506493506496,0.3684210526315789,-0.11072788353863389,-0.13483997249264773,-0.10047956585544515
21,False,LNP193<-LNP193;LNP194<-LNP194;LNP195<-LNP858;LNP782<-LNP782;LNP854<-LNP195;LNP858<-LNP854,0.047619047619047616,-0.5,0.3217883967883968,-0.18393550893550886,0.3996812711098425,-0.3124458874458876,0.5,-0.0357142857142857,0.3157894736842105,-0.2199248120300752,0.0,-0.07142857142857142,0.00649350649350649,-0.30194805194805185,0.4602917284735467,-0.0934105086909115,0.27140078922687616,-0.20695418912810215,0.5,0.01623376623376621,0.37931034482758613,-0.09983859134262668,0.0,0.03436040663720258
22,False,LNP193<-LNP193;LNP194<-LNP194;LNP195<-LNP858;LNP782<-LNP782;LNP854<-LNP854;LNP858<-LNP195,0.6428571428571429,0.09523809523809523,0.55995670995671,0.0542328042328043,0.7745421245421246,0.06241496598639451,0.6309523809523809,0.09523809523809523,0.606060606060606,0.07034632034632027,0.2828894749305018,0.2114609035019304,0.3474025974025974,0.03896103896103903,0.5607429335370512,0.007040696372592969,0.5392857142857143,0.060930735930735946,0.5844155844155844,0.1006493506493506,0.5555555555555556,0.07640661938534277,0.26189246330824845,0.296252869945451
23,False,LNP193<-LNP193;LNP194<-LNP194;LNP195<-LNP858;LNP782<-LNP854;LNP854<-LNP195;LNP858<-LNP782,0.0,-0.5476190476190477,0.31484395234395235,-0.19087995337995334,0.38947718947718946,-0.3226499690785406,0.5,-0.0357142857142857,0.3157894736842105,-0.2199248120300752,0.0,-0.07142857142857142,0.0,-0.30844155844155835,0.4598255280073462,-0.09387670915711199,0.27088319088319085,-0.20747178747178746,0.5,0.01623376623376621,0.37931034482758613,-0.09983859134262668,0.0,0.03436040663720258
24,False,LNP193<-LNP193;LNP194<-LNP194;LNP195<-LNP858;LNP782<-LNP854;LNP854<-LNP782;LNP858<-LNP195,0.6428571428571429,0.09523809523809523,0.55995670995671,0.0542328042328043,0.7745421245421246,0.06241496598639451,0.6309523809523809,0.09523809523809523,0.606060606060606,0.07034632034632027,0.2828894749305018,0.2114609035019304,0.3474025974025974,0.03896103896103903,0.5607429335370512,0.007040696372592969,0.5392857142857143,0.060930735930735946,0.5844155844155844,0.1006493506493506,0.5555555555555556,0.07640661938534277,0.26189246330824845,0.296252869945451
25,False,LNP193<-LNP193;LNP194<-LNP195;LNP195<-LNP194;LNP782<-LNP782;LNP854<-LNP854;LNP858<-LNP858,0.5238095238095237,-0.023809523809523947,0.5102564102564102,0.004532504532504533,0.6218210361067504,-0.09030612244897962,0.5476190476190476,0.011904761904761862,0.5357142857142857,0.0,0.09759000729485333,0.026161435866281904,0.24999999999999997,-0.05844155844155838,0.5223484848484848,-0.03135375231597337,0.339069264069264,-0.1392857142857143,0.44805194805194803,-0.035714285714285754,0.4375,-0.041648936170212814,-0.11308055883843511,-0.07872015220123253
26,False,LNP193<-LNP193;LNP194<-LNP195;LNP195<-LNP194;LNP782<-LNP782;LNP854<-LNP858;LNP858<-LNP854,0.047619047619047616,-0.5,0.3217883967883968,-0.18393550893550886,0.3996812711098425,-0.3124458874458876,0.3333333333333333,-0.20238095238095238,0.23529411764705882,-0.3004201680672269,-0.4605661864718383,-0.5319947579004097,0.0064935064935064905,-0.30194805194805185,0.44819347319347325,-0.10550876397098496,0.27140078922687616,-0.20695418912810215,0.22727272727272727,-0.25649350649350655,0.21739130434782608,-0.26175763182238676,-0.5640760748177661,-0.5297156681805635
27,False,LNP193<-LNP193;LNP194<-LNP195;LNP195<-LNP194;LNP782<-LNP854;LNP854<-LNP782;LNP858<-LNP858,0.5238095238095237,-0.023809523809523947,0.5102564102564102,0.004532504532504533,0.6218210361067504,-0.09030612244897962,0.5476190476190476,0.011904761904761862,0.5357142857142857,0.0,0.09759000729485333,0.026161435866281904,0.24999999999999997,-0.05844155844155838,0.5262445887445887,-0.02745764841986953,0.339069264069264,-0.1392857142857143,0.44805194805194803,-0.035714285714285754,0.4375,-0.041648936170212814,-0.11308055883843511,-0.07872015220123253
28,False,LNP193<-LNP193;LNP194<-LNP195;LNP195<-LNP194;LNP782<-LNP854;LNP854<-LNP858;LNP858<-LNP782,0.047619047619047616,-0.5,0.3217883967883968,-0.18393550893550886,0.3996812711098425,-0.3124458874458876,0.4166666666666667,-0.11904761904761901,0.2777777777777778,-0.2579365079365079,-0.31180478223116176,-0.3832333536597332,0.0064935064935064905,-0.30194805194805185,0.44819347319347325,-0.10550876397098496,0.27140078922687616,-0.20695418912810215,0.36363636363636365,-0.12012987012987014,0.3076923076923077,-0.1714566284779051,-0.35675303400633795,-0.3223926273691354
29,False,LNP193<-LNP193;LNP194<-LNP195;LNP195<-LNP194;LNP782<-LNP858;LNP854<-LNP782;LNP858<-LNP854,0.5714285714285714,0.023809523809523725,0.5176286676286675,0.011904761904761862,0.7257326007326007,0.013605442176870652,0.6071428571428572,0.07142857142857151,0.606060606060606,0.07034632034632027,0.21957751641341997,0.14814894498484854,0.30844155844155835,0.0,0.5494198815889992,-0.004282355575458974,0.4797619047619047,0.001406926406926412,0.4512987012987013,-0.03246753246753248,0.4514835605453088,-0.02766537562490401,-0.09631426606617752,-0.06195385942897494
30,False,LNP193<-LNP193;LNP194<-LNP195;LNP195<-LNP194;LNP782<-LNP858;LNP854<-LNP854;LNP858<-LNP782,0.380952380952381,-0.16666666666666669,0.4426638176638177,-0.063060088060088,0.5236350950636666,-0.1884920634920635,0.5357142857142857,0.0,0.5357142857142857,0.0,0.07142857142857142,0.0,0.224025974025974,-0.08441558441558436,0.524793388429752,-0.028908848734706227,0.3281615210186638,-0.1501934573363145,0.41558441558441556,-0.06818181818181823,0.4155844155844156,-0.0635645205857972,-0.1688311688311691,-0.13447076219396653
31,False,LNP193<-LNP193;LNP194<-LNP195;LNP195<-LNP782;LNP782<-LNP194;LNP854<-LNP854;LNP858<-LNP858,0.09523809523809523,-0.45238095238095244,0.3323704073704074,-0.17335349835349828,0.41328671328671324,-0.2988404452690168,0.5,-0.0357142857142857,0.3157894736842105,-0.2199248120300752,0.0,-0.07142857142857142,0.025974025974025962,-0.28246753246753237,0.45303030303030306,-0.10067193413415515,0.2732641432641432,-0.2050908350908351,0.5,0.01623376623376621,0.37931034482758613,-0.09983859134262668,0.0,0.03436040663720258
32,False,LNP193<-LNP193;LNP194<-LNP195;LNP195<-LNP782;LNP782<-LNP194;LNP854<-LNP858;LNP858<-LNP854,0.5238095238095237,-0.023809523809523947,0.5102564102564102,0.004532504532504533,0.6218210361067504,-0.09030612244897962,0.6190476190476191,0.08333333333333337,0.6153846153846154,0.07967032967032972,0.23809523809523808,0.16666666666666666,0.24999999999999997,-0.05844155844155838,0.5330627705627705,-0.020639466601687695,0.339069264069264,-0.1392857142857143,0.48376623376623373,-5.551115123125783e-17,0.4791489361702128,0.0,-0.03436040663720258,0.0
33,False,LNP193<-LNP193;LNP194<-LNP195;LNP195<-LNP782;LNP782<-LNP854;LNP854<-LNP194;LNP858<-LNP858,0.4761904761904762,-0.07142857142857145,0.48247863247863243,-0.023245273245273257,0.5954604918890634,-0.1166666666666667,0.5476190476190476,0.011904761904761862,0.5357142857142857,0.0,0.09759000729485333,0.026161435866281904,0.23051948051948049,-0.07792207792207786,0.5157925407925408,-0.037909696371917434,0.3275510204081632,-0.15080395794681511,0.44805194805194803,-0.035714285714285754,0.4375,-0.041648936170212814,-0.11308055883843511,-0.07872015220123253
34,False,LNP193<-LNP193;LNP194<-LNP195;LNP195<-LNP782;LNP782<-LNP854;LNP854<-LNP858;LNP858<-LNP194,0.35714285714285715,-0.19047619047619052,0.4086339586339586,-0.09708994708994706,0.6275724275724275,-0.08455473098330257,0.5,-0.0357142857142857,0.3157894736842105,-0.2199248120300752,0.0,-0.07142857142857142,0.18181818181818168,-0.12662337662337667,0.49784380155224145,-0.05585843561221676,0.4097476597476597,-0.06860731860731861,0.5,0.01623376623376621,0.37931034482758613,-0.09983859134262668,0.0,0.03436040663720258
35,False,LNP193<-LNP193;LNP194<-LNP195;LNP195<-LNP782;LNP782<-LNP858;LNP854<-LNP194;LNP858<-LNP854,0.5714285714285714,0.023809523809523725,0.5242424242424242,0.01851851851851849,0.7170591313448456,0.004931972789115502,0.6071428571428572,0.07142857142857151,0.606060606060606,0.07034632034632027,0.21957751641341997,0.14814894498484854,0.2889610389610389,-0.01948051948051943,0.5428666921313979,-0.010835545033060279,0.44621212121212117,-0.03214285714285714,0.4512987012987013,-0.03246753246753248,0.4514835605453088,-0.02766537562490401,-0.09631426606617752,-0.06195385942897494
36,False,LNP193<-LNP193;LNP194<-LNP195;LNP195<-LNP782;LNP782<-LNP858;LNP854<-LNP854;LNP858<-LNP194,0.2857142857142857,-0.261904761904762,0.39405270655270663,-0.11167119917119905,0.48735391592534444,-0.22477324263038562,0.3333333333333333,-0.20238095238095238,0.23529411764705882,-0.3004201680672269,-0.4605661864718383,-0.5319947579004097,0.15259740259740256,-0.15584415584415579,0.5023829201101929,-0.05131931705426529,0.2944689239332096,-0.1838860544217687,0.29545454545454547,-0.18831168831168832,0.26530612244897966,-0.21384281372123315,-0.46056618647183817,-0.4262057798346356
37,False,LNP193<-LNP193;LNP194<-LNP195;LNP195<-LNP854;LNP782<-LNP194;LNP854<-LNP782;LNP858<-LNP858,0.09523809523809523,-0.45238095238095244,0.3323704073704074,-0.17335349835349828,0.41328671328671324,-0.2988404452690168,0.5,-0.0357142857142857,0.3157894736842105,-0.2199248120300752,0.0,-0.07142857142857142,0.025974025974025962,-0.28246753246753237,0.45198135198135203,-0.10172088518310618,0.27088319088319085,-0.20747178747178746,0.5,0.01623376623376621,0.37931034482758613,-0.09983859134262668,0.0,0.03436040663720258
38,False,LNP193<-LNP193;LNP194<-LNP195;LNP195<-LNP854;LNP782<-LNP194;LNP854<-LNP858;LNP858<-LNP782,0.5952380952380952,0.04761904761904756,0.5335016835016835,0.02777777777777779,0.7384877027734171,0.026360544217687076,0.6904761904761905,0.15476190476190477,0.6904761904761905,0.15476190476190477,0.38095238095238093,0.30952380952380953,0.30844155844155835,0.0,0.5356617647058822,-0.018040472458575985,0.4783549783549783,0.0,0.5194805194805194,0.03571428571428564,0.5183946488294314,0.03924571265921861,0.040291148201268875,0.07465155483847145
39,False,LNP193<-LNP193;LNP194<-LNP195;LNP195<-LNP854;LNP782<-LNP782;LNP854<-LNP194;LNP858<-LNP858,0.380952380952381,-0.16666666666666669,0.4233516483516484,-0.08237225737225728,0.5609057609057608,-0.15122139764996922,0.47619047619047616,-0.059523809523809534,0.4484848484848485,-0.08722943722943721,-0.05143444998736397,-0.12286302141593539,0.1818181818181817,-0.12662337662337664,0.5031134007106547,-0.05058883645380352,0.31336756924992215,-0.16498740910505616,0.41233766233766234,-0.07142857142857145,0.3930789707187223,-0.08606996545149054,-0.1973855084879307,-0.16302510185072813
40,False,LNP193<-LNP193;LNP194<-LNP195;LNP195<-LNP854;LNP782<-LNP782;LNP854<-LNP858;LNP858<-LNP194,0.5952380952380952,0.04761904761904756,0.5335016835016835,0.02777777777777779,0.7384877027734171,0.026360544217687076,0.5476190476190476,0.011904761904761862,0.5357142857142857,0.0,0.09759000729485333,0.026161435866281904,0.30844155844155835,0.0,0.5356617647058822,-0.018040472458575985,0.4783549783549783,0.0,0.44805194805194803,-0.035714285714285754,0.4375,-0.041648936170212814,-0.11308055883843511,-0.07872015220123253
41,False,LNP193<-LNP193;LNP194<-LNP195;LNP195<-LNP854;LNP782<-LNP858;LNP854<-LNP194;LNP858<-LNP782,0.4761904761904762,-0.07142857142857145,0.48247863247863243,-0.023245273245273257,0.5954604918890634,-0.1166666666666667,0.6071428571428572,0.07142857142857151,0.606060606060606,0.07034632034632027,0.21957751641341997,0.14814894498484854,0.23051948051948049,-0.07792207792207786,0.5265068265068265,-0.027195410657631758,0.32517006802721077,-0.15318491032776754,0.4512987012987013,-0.03246753246753248,0.4514835605453088,-0.02766537562490401,-0.09631426606617752,-0.06195385942897494
42,False,LNP193<-LNP193;LNP194<-LNP195;LNP195<-LNP854;LNP782<-LNP858;LNP854<-LNP782;LNP858<-LNP194,0.35714285714285715,-0.19047619047619052,0.4307590557590558,-0.07496484996484987,0.5134310134310134,-0.19869614512471667,0.47619047619047616,-0.059523809523809534,0.4484848484848485,-0.08722943722943721,-0.05143444998736397,-0.12286302141593539,0.1818181818181818,-0.12662337662337655,0.5114492753623188,-0.042252961802139444,0.3029150587974117,-0.1754399195575666,0.3668831168831169,-0.11688311688311687,0.35659574468085115,-0.12255319148936167,-0.28175533442506023,-0.24739492778785765
43,False,LNP193<-LNP193;LNP194<-LNP195;LNP195<-LNP858;LNP782<-LNP194;LNP854<-LNP782;LNP858<-LNP854,0.16666666666666666,-0.38095238095238104,0.35042596292596295,-0.15529794279794273,0.4382867132867132,-0.27384044526901685,0.5,-0.0357142857142857,0.3157894736842105,-0.2199248120300752,0.0,-0.07142857142857142,0.11688311688311681,-0.19155844155844154,0.49467840166369575,-0.059023835500762456,0.29343122764175394,-0.18492375071322437,0.5,0.01623376623376621,0.37931034482758613,-0.09983859134262668,0.0,0.03436040663720258
44,False,LNP193<-LNP193;LNP194<-LNP195;LNP195<-LNP858;LNP782<-LNP194;LNP854<-LNP854;LNP858<-LNP782,0.5238095238095238,-0.023809523809523836,0.49855006105006106,-0.0071738446738446315,0.6396214896214896,-0.07250566893424049,0.6309523809523809,0.09523809523809523,0.606060606060606,0.07034632034632027,0.2828894749305018,0.2114609035019304,0.30194805194805185,-0.006493506493506496,0.5471307122333515,-0.006571524931106687,0.45198412698412693,-0.026370851370851378,0.5844155844155844,0.1006493506493506,0.5555555555555556,0.07640661938534277,0.26189246330824845,0.296252869945451
45,False,LNP193<-LNP193;LNP194<-LNP195;LNP195<-LNP858;LNP782<-LNP782;LNP854<-LNP194;LNP858<-LNP854,0.0,-0.5476190476190477,0.31484395234395235,-0.19087995337995334,0.38947718947718946,-0.3226499690785406,0.3333333333333333,-0.20238095238095238,0.23529411764705882,-0.3004201680672269,-0.4605661864718383,-0.5319947579004097,0.0,-0.30844155844155835,0.45580808080808083,-0.09789415635637738,0.27088319088319085,-0.20747178747178746,0.29545454545454547,-0.18831168831168832,0.26530612244897966,-0.21384281372123315,-0.46056618647183817,-0.4262057798346356
46,False,LNP193<-LNP193;LNP194<-LNP195;LNP195<-LNP858;LNP782<-LNP782;LNP854<-LNP854;LNP858<-LNP194,0.38095238095238093,-0.16666666666666674,0.43525641025641026,-0.07046749546749542,0.5299843014128728,-0.18214285714285727,0.47619047619047616,-0.059523809523809534,0.4484848484848485,-0.08722943722943721,-0.05143444998736397,-0.12286302141593539,0.19480519480519473,-0.11363636363636362,0.5072380968313982,-0.04646414033306001,0.31465419501133784,-0.16370078334364047,0.41233766233766234,-0.07142857142857145,0.3930789707187223,-0.08606996545149054,-0.1973855084879307,-0.16302510185072813
47,False,LNP193<-LNP193;LNP194<-LNP195;LNP195<-LNP858;LNP782<-LNP854;LNP854<-LNP194;LNP858<-LNP782,0.0,-0.5476190476190477,0.31484395234395235,-0.19087995337995334,0.38947718947718946,-0.3226499690785406,0.4166666666666667,-0.11904761904761901,0.2777777777777778,-0.2579365079365079,-0.31180478223116176,-0.3832333536597332,0.0,-0.30844155844155835,0.44949494949494945,-0.10420728766950876,0.27088319088319085,-0.20747178747178746,0.36363636363636365,-0.12012987012987014,0.3076923076923077,-0.1714566284779051,-0.35675303400633795,-0.3223926273691354
48,False,LNP193<-LNP193;LNP194<-LNP195;LNP195<-LNP858;LNP782<-LNP854;LNP854<-LNP782;LNP858<-LNP194,0.30952380952380953,-0.23809523809523814,0.39835164835164844,-0.10737225737225725,0.5053502053502053,-0.2067769532055248,0.4166666666666667,-0.11904761904761901,0.2777777777777778,-0.2579365079365079,-0.31180478223116176,-0.3832333536597332,0.15584415584415573,-0.15259740259740262,0.4949224688355122,-0.05877976832894599,0.30501495284103974,-0.17334002551393857,0.36363636363636365,-0.12012987012987014,0.3076923076923077,-0.1714566284779051,-0.35675303400633795,-0.3223926273691354
49,False,LNP193<-LNP193;LNP194<-LNP782;LNP195<-LNP194;LNP782<-LNP195;LNP854<-LNP854;LNP858<-LNP858,0.2380952380952381,-0.30952380952380953,0.3756243756243757,-0.13009953009953001,0.4624930624930625,-0.24963409606266757,0.3333333333333333,-0.20238095238095238,0.23529411764705882,-0.3004201680672269,-0.4605661864718383,-0.5319947579004097,0.16558441558441547,-0.14285714285714288,0.5070671752489934,-0.04663506191546485,0.30687830687830686,-0.17147667147667145,0.36363636363636365,-0.12012987012987014,0.30769230769230765,-0.17145662847790516,-0.3567530340063377,-0.3223926273691351
50,False,LNP193<-LNP193;LNP194<-LNP782;LNP195<-LNP194;LNP782<-LNP195;LNP854<-LNP858;LNP858<-LNP854,0.07142857142857142,-0.4761904761904763,0.32734395234395236,-0.17837995337995333,0.40563365206222346,-0.3064935064935066,0.3333333333333333,-0.20238095238095238,0.23529411764705882,-0.3004201680672269,-0.4605661864718383,-0.5319947579004097,0.05844155844155838,-0.24999999999999997,0.47729433371144603,-0.07640790345301218,0.2775582117687381,-0.20079676658624024,0.36363636363636365,-0.12012987012987014,0.30769230769230765,-0.17145662847790516,-0.3567530340063377,-0.3223926273691351
51,False,LNP193<-LNP193;LNP194<-LNP782;LNP195<-LNP194;LNP782<-LNP854;LNP854<-LNP195;LNP858<-LNP858,0.5238095238095237,-0.023809523809523947,0.5102564102564102,0.004532504532504533,0.6218210361067504,-0.09030612244897962,0.6904761904761905,0.15476190476190477,0.6904761904761905,0.15476190476190477,0.38095238095238093,0.30952380952380953,0.2987012987012987,-0.00974025974025966,0.5498289345063538,-0.0038733026581043717,0.38696145124716547,-0.09139352710781284,0.5876623376623377,0.10389610389610388,0.5847382431233363,0.10558930695312352,0.19738550848793068,0.23174591512513326
52,False,LNP193<-LNP193;LNP194<-LNP782;LNP195<-LNP194;LNP782<-LNP854;LNP854<-LNP858;LNP858<-LNP195,0.6428571428571429,0.09523809523809523,0.55995670995671,0.0542328042328043,0.7745421245421246,0.06241496598639451,0.6904761904761905,0.15476190476190477,0.6904761904761905,0.15476190476190477,0.38095238095238093,0.30952380952380953,0.3474025974025974,0.03896103896103903,0.5659377387318564,0.012235501567398166,0.5369047619047619,0.058549783549783574,0.5876623376623377,0.10389610389610388,0.5847382431233363,0.10558930695312352,0.19738550848793068,0.23174591512513326
53,False,LNP193<-LNP193;LNP194<-LNP782;LNP195<-LNP194;LNP782<-LNP858;LNP854<-LNP195;LNP858<-LNP854,0.21428571428571427,-0.33333333333333337,0.3666958041958042,-0.13902810152810147,0.4522889808604094,-0.25983817769532064,0.5,-0.0357142857142857,0.3157894736842105,-0.2199248120300752,0.0,-0.07142857142857142,0.1428571428571428,-0.16558441558441556,0.5027745837824888,-0.05092765338196936,0.29616124616124617,-0.18219373219373214,0.5,0.01623376623376621,0.37931034482758613,-0.09983859134262668,0.0,0.03436040663720258
54,False,LNP193<-LNP193;LNP194<-LNP782;LNP195<-LNP194;LNP782<-LNP858;LNP854<-LNP854;LNP858<-LNP195,0.40476190476190477,-0.1428571428571429,0.4593304843304843,-0.0463934213934214,0.5335557299843015,-0.1785714285714286,0.39285714285714285,-0.14285714285714285,0.38095238095238093,-0.15476190476190477,-0.21957751641341997,-0.2910060878419914,0.24999999999999997,-0.05844155844155838,0.5379820936639118,-0.015720143500546402,0.339069264069264,-0.1392857142857143,0.41233766233766234,-0.07142857142857145,0.3930789707187223,-0.08606996545149054,-0.19738550848793068,-0.1630251018507281
55,False,LNP193<-LNP193;LNP194<-LNP782;LNP195<-LNP195;LNP782<-LNP194;LNP854<-LNP854;LNP858<-LNP858,0.5714285714285714,0.023809523809523725,0.5176286676286675,0.011904761904761862,0.7257326007326007,0.013605442176870652,0.6309523809523809,0.09523809523809523,0.606060606060606,0.07034632034632027,0.2828894749305018,0.2114609035019304,0.3181818181818181,0.009740259740259771,0.554290011459129,0.0005877742946708286,0.488095238095238,0.009740259740259716,0.5844155844155844,0.1006493506493506,0.5555555555555556,0.07640661938534277,0.26189246330824845,0.296252869945451
56,False,LNP193<-LNP193;LNP194<-LNP782;LNP195<-LNP195;LNP782<-LNP194;LNP854<-LNP858;LNP858<-LNP854,0.0,-0.5476190476190477,0.31484395234395235,-0.19087995337995334,0.38947718947718946,-0.3226499690785406,0.5,-0.0357142857142857,0.3157894736842105,-0.2199248120300752,0.0,-0.07142857142857142,0.0,-0.30844155844155835,0.4598255280073462,-0.09387670915711199,0.27088319088319085,-0.20747178747178746,0.5,0.01623376623376621,0.37931034482758613,-0.09983859134262668,0.0,0.03436040663720258
57,False,LNP193<-LNP193;LNP194<-LNP782;LNP195<-LNP195;LNP782<-LNP854;LNP854<-LNP194;LNP858<-LNP858,0.7142857142857143,0.16666666666666663,0.6405122655122656,0.1347883597883599,0.7983516483516483,0.08622448979591824,0.7738095238095238,0.23809523809523814,0.7692307692307693,0.23351648351648358,0.5476190476190477,0.4761904761904763,0.6396103896103896,0.3311688311688313,0.7294117647058824,0.17570952754142422,0.6583333333333333,0.17997835497835502,0.6558441558441559,0.1720779220779221,0.6538461538461539,0.17469721767594104,0.40771775315010056,0.44207815978730314
58,False,LNP193<-LNP193;LNP194<-LNP782;LNP195<-LNP195;LNP782<-LNP854;LNP854<-LNP858;LNP858<-LNP194,0.5238095238095237,-0.023809523809523947,0.551923076923077,0.046199171199171274,0.588487702773417,-0.12363945578231306,0.4166666666666667,-0.11904761904761901,0.2777777777777778,-0.2579365079365079,-0.31180478223116176,-0.3832333536597332,0.525974025974026,0.21753246753246763,0.6856404958677687,0.13193825870331044,0.4614512471655329,-0.016903731189445437,0.4318181818181818,-0.051948051948051965,0.3454545454545454,-0.1336943907156674,-0.2405228464604172,-0.2061624398232146
59,False,LNP193<-LNP193;LNP194<-LNP782;LNP195<-LNP195;LNP782<-LNP858;LNP854<-LNP194;LNP858<-LNP854,0.0,-0.5476190476190477,0.31484395234395235,-0.19087995337995334,0.38947718947718946,-0.3226499690785406,0.4166666666666667,-0.11904761904761901,0.2777777777777778,-0.2579365079365079,-0.31180478223116176,-0.3832333536597332,0.0,-0.30844155844155835,0.4598255280073462,-0.09387670915711199,0.27088319088319085,-0.20747178747178746,0.4318181818181818,-0.051948051948051965,0.3454545454545454,-0.1336943907156674,-0.2405228464604172,-0.2061624398232146
60,False,LNP193<-LNP193;LNP194<-LNP782;LNP195<-LNP195;LNP782<-LNP858;LNP854<-LNP854;LNP858<-LNP194,0.5714285714285714,0.023809523809523725,0.5176286676286675,0.011904761904761862,0.7257326007326007,0.013605442176870652,0.5476190476190476,0.011904761904761862,0.5357142857142857,0.0,0.09759000729485333,0.026161435866281904,0.3181818181818181,0.009740259740259771,0.556725076394194,0.0030228392297357853,0.488095238095238,0.009740259740259716,0.5162337662337663,0.03246753246753248,0.4957983193277311,0.016649383157518294,0.03999232221113232,0.0743527288483349
61,False,LNP193<-LNP193;LNP194<-LNP782;LNP195<-LNP854;LNP782<-LNP194;LNP854<-LNP195;LNP858<-LNP858,0.5238095238095237,-0.023809523809523947,0.5102564102564102,0.004532504532504533,0.6218210361067504,-0.09030612244897962,0.5476190476190476,0.011904761904761862,0.5357142857142857,0.0,0.09759000729485333,0.026161435866281904,0.2987012987012987,-0.00974025974025966,0.5522639994414188,-0.001438237723039415,0.38696145124716547,-0.09139352710781284,0.5162337662337663,0.03246753246753248,0.4957983193277311,0.016649383157518294,0.03999232221113232,0.0743527288483349
62,False,LNP193<-LNP193;LNP194<-LNP782;LNP195<-LNP854;LNP782<-LNP194;LNP854<-LNP858;LNP858<-LNP195,0.5,-0.04761904761904767,0.4943833943833944,-0.011340511340511283,0.609065934065934,-0.10306122448979604,0.5476190476190476,0.011904761904761862,0.5357142857142857,0.0,0.09759000729485333,0.026161435866281904,0.2889610389610389,-0.01948051948051943,0.5490172461946655,-0.004684990969792691,0.3770408163265306,-0.10131416202844773,0.5162337662337663,0.03246753246753248,0.4957983193277311,0.016649383157518294,0.03999232221113232,0.0743527288483349
63,False,LNP193<-LNP193;LNP194<-LNP782;LNP195<-LNP854;LNP782<-LNP195;LNP854<-LNP194;LNP858<-LNP858,0.11904761904761904,-0.4285714285714286,0.33792596292596294,-0.16779794279794275,0.4192390942390942,-0.29288806431663583,0.3333333333333333,-0.20238095238095238,0.23529411764705882,-0.3004201680672269,-0.4605661864718383,-0.5319947579004097,0.06493506493506487,-0.24350649350649348,0.47888923004318446,-0.07481300712127376,0.2784919185847978,-0.19986305977018048,0.36363636363636365,-0.12012987012987014,0.30769230769230765,-0.17145662847790516,-0.3567530340063377,-0.3223926273691351
64,False,LNP193<-LNP193;LNP194<-LNP782;LNP195<-LNP854;LNP782<-LNP195;LNP854<-LNP858;LNP858<-LNP194,0.40476190476190477,-0.1428571428571429,0.44464794464794466,-0.06107596107596103,0.561050061050061,-0.151077097505669,0.5595238095238095,0.023809523809523836,0.5125,-0.023214285714285743,0.14085904245475275,0.06943047102618133,0.24999999999999994,-0.058441558441558406,0.5366171462945656,-0.017085090869892627,0.34897959183673466,-0.12937538651824365,0.5032467532467533,0.019480519480519487,0.46375372393247266,-0.015395212237740152,0.0091535337745252,0.04351394041172778
65,False,LNP193<-LNP193;LNP194<-LNP782;LNP195<-LNP854;LNP782<-LNP858;LNP854<-LNP194;LNP858<-LNP195,0.3333333333333333,-0.21428571428571436,0.4218304843304843,-0.08389342139342137,0.5032269317983604,-0.20890022675736963,0.4166666666666667,-0.11904761904761901,0.2777777777777778,-0.2579365079365079,-0.31180478223116176,-0.3832333536597332,0.22077922077922074,-0.08766233766233761,0.5283392365210547,-0.025363000643403466,0.3202250130821559,-0.15812996527282241,0.4318181818181818,-0.051948051948051965,0.3454545454545454,-0.1336943907156674,-0.2405228464604172,-0.2061624398232146
66,False,LNP193<-LNP193;LNP194<-LNP782;LNP195<-LNP854;LNP782<-LNP858;LNP854<-LNP195;LNP858<-LNP194,0.6190476190476191,0.0714285714285714,0.5450757575757575,0.03935185185185186,0.7575353218210361,0.045408163265306056,0.6904761904761905,0.15476190476190477,0.6904761904761905,0.15476190476190477,0.38095238095238093,0.30952380952380953,0.3376623376623376,0.02922077922077926,0.5628585598462259,0.009156322681767692,0.5194444444444444,0.041089466089466065,0.5876623376623377,0.10389610389610388,0.5847382431233363,0.10558930695312352,0.19738550848793068,0.23174591512513326
67,False,LNP193<-LNP193;LNP194<-LNP782;LNP195<-LNP858;LNP782<-LNP194;LNP854<-LNP195;LNP858<-LNP854,0.047619047619047616,-0.5,0.3217883967883968,-0.18393550893550886,0.3996812711098425,-0.3124458874458876,0.5,-0.0357142857142857,0.3157894736842105,-0.2199248120300752,0.0,-0.07142857142857142,0.00649350649350649,-0.30194805194805185,0.4602917284735467,-0.0934105086909115,0.27140078922687616,-0.20695418912810215,0.5,0.01623376623376621,0.37931034482758613,-0.09983859134262668,0.0,0.03436040663720258
68,False,LNP193<-LNP193;LNP194<-LNP782;LNP195<-LNP858;LNP782<-LNP194;LNP854<-LNP854;LNP858<-LNP195,0.5952380952380952,0.04761904761904756,0.5292027417027417,0.023478835978836043,0.7447802197802198,0.03265306122448974,0.6309523809523809,0.09523809523809523,0.606060606060606,0.07034632034632027,0.2828894749305018,0.2114609035019304,0.32792207792207784,0.019480519480519487,0.5571767416644077,0.00347450449994946,0.5095238095238095,0.03116883116883118,0.5844155844155844,0.1006493506493506,0.5555555555555556,0.07640661938534277,0.26189246330824845,0.296252869945451
69,False,LNP193<-LNP193;LNP194<-LNP782;LNP195<-LNP858;LNP782<-LNP195;LNP854<-LNP194;LNP858<-LNP854,0.0,-0.5476190476190477,0.31484395234395235,-0.19087995337995334,0.38947718947718946,-0.3226499690785406,0.3333333333333333,-0.20238095238095238,0.23529411764705882,-0.3004201680672269,-0.4605661864718383,-0.5319947579004097,0.0,-0.30844155844155835,0.4598255280073462,-0.09387670915711199,0.27088319088319085,-0.20747178747178746,0.36363636363636365,-0.12012987012987014,0.30769230769230765,-0.17145662847790516,-0.3567530340063377,-0.3223926273691351
70,False,LNP193<-LNP193;LNP194<-LNP782;LNP195<-LNP858;LNP782<-LNP195;LNP854<-LNP854;LNP858<-LNP194,0.2857142857142857,-0.261904761904762,0.4006243756243757,-0.10509953009952999,0.4769230769230769,-0.23520408163265316,0.3333333333333333,-0.20238095238095238,0.23529411764705882,-0.3004201680672269,-0.4605661864718383,-0.5319947579004097,0.20454545454545447,-0.10389610389610388,0.5226107226107226,-0.0310915145537356,0.31678004535147386,-0.16157493300350445,0.36363636363636365,-0.12012987012987014,0.30769230769230765,-0.17145662847790516,-0.3567530340063377,-0.3223926273691351
71,False,LNP193<-LNP193;LNP194<-LNP782;LNP195<-LNP858;LNP782<-LNP854;LNP854<-LNP194;LNP858<-LNP195,0.6904761904761905,0.1428571428571428,0.6155122655122656,0.10978835978835988,0.7888278388278388,0.07670068027210875,0.7738095238095238,0.23809523809523814,0.7692307692307693,0.23351648351648358,0.5476190476190477,0.4761904761904763,0.5811688311688312,0.2727272727272729,0.7010026737967914,0.14730043663233316,0.6209183673469387,0.14256338899196042,0.6558441558441559,0.1720779220779221,0.6538461538461539,0.17469721767594104,0.40771775315010056,0.44207815978730314
72,False,LNP193<-LNP193;LNP194<-LNP782;LNP195<-LNP858;LNP782<-LNP854;LNP854<-LNP195;LNP858<-LNP194,0.47619047619047616,-0.07142857142857151,0.4963675213675214,-0.009356384356384306,0.5742019884877028,-0.1379251700680273,0.4166666666666667,-0.11904761904761901,0.2777777777777778,-0.2579365079365079,-0.31180478223116176,-0.3832333536597332,0.2922077922077922,-0.016233766233766156,0.5505755608028335,-0.0031266763616246696,0.3774376417233559,-0.10091733663162239,0.4318181818181818,-0.051948051948051965,0.3454545454545454,-0.1336943907156674,-0.2405228464604172,-0.2061624398232146
73,False,LNP193<-LNP193;LNP194<-LNP854;LNP195<-LNP194;LNP782<-LNP195;LNP854<-LNP782;LNP858<-LNP858,0.30952380952380953,-0.23809523809523814,0.40298127798127803,-0.10274262774262766,0.4975579975579975,-0.21456916099773254,0.3333333333333333,-0.20238095238095238,0.23529411764705882,-0.3004201680672269,-0.4605661864718383,-0.5319947579004097,0.19155844155844146,-0.1168831168831169,0.517874483882389,-0.03582775328206922,0.314625850340136,-0.1637291280148423,0.36363636363636365,-0.12012987012987014,0.30769230769230765,-0.17145662847790516,-0.3567530340063377,-0.3223926273691351
74,False,LNP193<-LNP193;LNP194<-LNP854;LNP195<-LNP194;LNP782<-LNP195;LNP854<-LNP858;LNP858<-LNP782,0.07142857142857142,-0.4761904761904763,0.32734395234395236,-0.17837995337995333,0.40563365206222346,-0.3064935064935066,0.4166666666666667,-0.11904761904761901,0.2777777777777778,-0.2579365079365079,-0.31180478223116176,-0.3832333536597332,0.05844155844155838,-0.24999999999999997,0.47729433371144603,-0.07640790345301218,0.2775582117687381,-0.20079676658624024,0.4318181818181818,-0.051948051948051965,0.3454545454545454,-0.1336943907156674,-0.2405228464604172,-0.2061624398232146
75,False,LNP193<-LNP193;LNP194<-LNP854;LNP195<-LNP194;LNP782<-LNP782;LNP854<-LNP195;LNP858<-LNP858,0.5238095238095237,-0.023809523809523947,0.5102564102564102,0.004532504532504533,0.6218210361067504,-0.09030612244897962,0.6904761904761905,0.15476190476190477,0.6904761904761905,0.15476190476190477,0.38095238095238093,0.30952380952380953,0.2987012987012987,-0.00974025974025966,0.5498289345063538,-0.0038733026581043717,0.38696145124716547,-0.09139352710781284,0.5876623376623377,0.10389610389610388,0.5847382431233363,0.10558930695312352,0.19738550848793068,0.23174591512513326
76,False,LNP193<-LNP193;LNP194<-LNP854;LNP195<-LNP194;LNP782<-LNP782;LNP854<-LNP858;LNP858<-LNP195,0.5952380952380952,0.04761904761904756,0.5335016835016835,0.02777777777777779,0.7384877027734171,0.026360544217687076,0.6904761904761905,0.15476190476190477,0.6904761904761905,0.15476190476190477,0.38095238095238093,0.30952380952380953,0.32792207792207784,0.019480519480519487,0.5559133880825057,0.0022111509180474664,0.49563492063492054,0.01727994227994223,0.5876623376623377,0.10389610389610388,0.5847382431233363,0.10558930695312352,0.19738550848793068,0.23174591512513326
77,False,LNP193<-LNP193;LNP194<-LNP854;LNP195<-LNP194;LNP782<-LNP858;LNP854<-LNP195;LNP858<-LNP782,0.047619047619047616,-0.5,0.3217883967883968,-0.18393550893550886,0.3996812711098425,-0.3124458874458876,0.4166666666666667,-0.11904761904761901,0.2777777777777778,-0.2579365079365079,-0.31180478223116176,-0.3832333536597332,0.00649350649350649,-0.30194805194805185,0.4602917284735467,-0.0934105086909115,0.27140078922687616,-0.20695418912810215,0.4318181818181818,-0.051948051948051965,0.3454545454545454,-0.1336943907156674,-0.2405228464604172,-0.2061624398232146
78,False,LNP193<-LNP193;LNP194<-LNP854;LNP195<-LNP194;LNP782<-LNP858;LNP854<-LNP782;LNP858<-LNP195,0.40476190476190477,-0.1428571428571429,0.4593304843304843,-0.0463934213934214,0.5335557299843015,-0.1785714285714286,0.3333333333333333,-0.20238095238095238,0.23529411764705882,-0.3004201680672269,-0.4605661864718383,-0.5319947579004097,0.24999999999999997,-0.05844155844155838,0.5355470287288469,-0.01815520843561136,0.339069264069264,-0.1392857142857143,0.36363636363636365,-0.12012987012987014,0.30769230769230765,-0.17145662847790516,-0.3567530340063377,-0.3223926273691351
79,False,LNP193<-LNP193;LNP194<-LNP854;LNP195<-LNP195;LNP782<-LNP194;LNP854<-LNP782;LNP858<-LNP858,0.6428571428571429,0.09523809523809523,0.55995670995671,0.0542328042328043,0.7745421245421246,0.06241496598639451,0.7023809523809523,0.16666666666666663,0.6904761904761905,0.15476190476190477,0.4147575310031266,0.3433289595745552,0.3474025974025974,0.03896103896103903,0.5659377387318564,0.012235501567398166,0.5392857142857143,0.060930735930735946,0.6201298701298701,0.1363636363636363,0.6067527308838134,0.12760379471360062,0.33868074965743356,0.37304115629463613
80,False,LNP193<-LNP193;LNP194<-LNP854;LNP195<-LNP195;LNP782<-LNP194;LNP854<-LNP858;LNP858<-LNP782,0.0,-0.5476190476190477,0.31484395234395235,-0.19087995337995334,0.38947718947718946,-0.3226499690785406,0.5,-0.0357142857142857,0.3157894736842105,-0.2199248120300752,0.0,-0.07142857142857142,0.0,-0.30844155844155835,0.4598255280073462,-0.09387670915711199,0.27088319088319085,-0.20747178747178746,0.5,0.01623376623376621,0.37931034482758613,-0.09983859134262668,0.0,0.03436040663720258
81,False,LNP193<-LNP193;LNP194<-LNP854;LNP195<-LNP195;LNP782<-LNP782;LNP854<-LNP194;LNP858<-LNP858,0.7380952380952381,0.19047619047619047,0.6627344877344877,0.15701058201058204,0.8102564102564103,0.09812925170068021,0.7738095238095238,0.23809523809523814,0.7692307692307693,0.23351648351648358,0.5476190476190477,0.4761904761904763,0.698051948051948,0.3896103896103897,0.7553857906799084,0.2016835535154502,0.7107142857142857,0.23235930735930743,0.6558441558441559,0.1720779220779221,0.6538461538461539,0.17469721767594104,0.40771775315010056,0.44207815978730314
82,False,LNP193<-LNP193;LNP194<-LNP854;LNP195<-LNP195;LNP782<-LNP782;LNP854<-LNP858;LNP858<-LNP194,0.5,-0.04761904761904767,0.5241452991452992,0.018421393421393484,0.5806954949812092,-0.13143166357452085,0.4166666666666667,-0.11904761904761901,0.2777777777777778,-0.2579365079365079,-0.31180478223116176,-0.3832333536597332,0.4090909090909091,0.10064935064935077,0.6233028335301063,0.06960059636564808,0.41156462585034004,-0.06679035250463827,0.4318181818181818,-0.051948051948051965,0.3454545454545454,-0.1336943907156674,-0.2405228464604172,-0.2061624398232146
83,False,LNP193<-LNP193;LNP194<-LNP854;LNP195<-LNP195;LNP782<-LNP858;LNP854<-LNP194;LNP858<-LNP782,0.047619047619047616,-0.5,0.3217883967883968,-0.18393550893550886,0.3996812711098425,-0.3124458874458876,0.4166666666666667,-0.11904761904761901,0.2777777777777778,-0.2579365079365079,-0.31180478223116176,-0.3832333536597332,0.00649350649350649,-0.30194805194805185,0.4602917284735467,-0.0934105086909115,0.27140078922687616,-0.20695418912810215,0.4318181818181818,-0.051948051948051965,0.3454545454545454,-0.1336943907156674,-0.2405228464604172,-0.2061624398232146
84,False,LNP193<-LNP193;LNP194<-LNP854;LNP195<-LNP195;LNP782<-LNP858;LNP854<-LNP782;LNP858<-LNP194,0.4523809523809524,-0.09523809523809529,0.47321937321937324,-0.032504532504532446,0.581174777603349,-0.13095238095238104,0.4166666666666667,-0.11904761904761901,0.2777777777777778,-0.2579365079365079,-0.31180478223116176,-0.3832333536597332,0.26948051948051943,-0.03896103896103892,0.5407380254154447,-0.012964211749013521,0.3604978354978355,-0.11785714285714283,0.4318181818181818,-0.051948051948051965,0.3454545454545454,-0.1336943907156674,-0.2405228464604172,-0.2061624398232146
85,False,LNP193<-LNP193;LNP194<-LNP854;LNP195<-LNP782;LNP782<-LNP194;LNP854<-LNP195;LNP858<-LNP858,0.5952380952380952,0.04761904761904756,0.5335016835016835,0.02777777777777779,0.7384877027734171,0.026360544217687076,0.6190476190476191,0.08333333333333337,0.6153846153846154,0.07967032967032972,0.23809523809523808,0.16666666666666666,0.32792207792207784,0.019480519480519487,0.5575367647058823,0.0038345275414241042,0.49563492063492054,0.01727994227994223,0.551948051948052,0.06818181818181818,0.5418181818181819,0.06266924564796905,0.1218289807746346,0.1561893874118372
86,False,LNP193<-LNP193;LNP194<-LNP854;LNP195<-LNP782;LNP782<-LNP194;LNP854<-LNP858;LNP858<-LNP195,0.4761904761904762,-0.07142857142857145,0.4777167277167277,-0.028007178007178002,0.599145299145299,-0.11298185941043104,0.5595238095238095,0.023809523809523836,0.5125,-0.023214285714285743,0.14085904245475275,0.06943047102618133,0.27922077922077915,-0.029220779220779203,0.5456081552855746,-0.008094081878883608,0.3710884353741496,-0.10726654298082872,0.5032467532467533,0.019480519480519487,0.46375372393247266,-0.015395212237740152,0.0091535337745252,0.04351394041172778
87,False,LNP193<-LNP193;LNP194<-LNP854;LNP195<-LNP782;LNP782<-LNP195;LNP854<-LNP194;LNP858<-LNP858,0.2619047619047619,-0.28571428571428575,0.3807590557590558,-0.12496484996484991,0.48471528471528463,-0.22741187384044542,0.3333333333333333,-0.20238095238095238,0.23529411764705882,-0.3004201680672269,-0.4605661864718383,-0.5319947579004097,0.15259740259740245,-0.1558441558441559,0.4971104652922834,-0.05659177187217479,0.3075498575498575,-0.17080512080512084,0.36363636363636365,-0.12012987012987014,0.30769230769230765,-0.17145662847790516,-0.3567530340063377,-0.3223926273691351
88,False,LNP193<-LNP193;LNP194<-LNP854;LNP195<-LNP782;LNP782<-LNP195;LNP854<-LNP858;LNP858<-LNP194,0.3333333333333333,-0.21428571428571436,0.4079415954415955,-0.09778231028231021,0.534972963544392,-0.177154195011338,0.5,-0.0357142857142857,0.3157894736842105,-0.2199248120300752,0.0,-0.07142857142857142,0.2012987012987012,-0.10714285714285715,0.5200260468843919,-0.0336761902800663,0.33110936682365255,-0.14724561153132576,0.5,0.01623376623376621,0.37931034482758613,-0.09983859134262668,0.0,0.03436040663720258
89,False,LNP193<-LNP193;LNP194<-LNP854;LNP195<-LNP782;LNP782<-LNP858;LNP854<-LNP194;LNP858<-LNP195,0.23809523809523808,-0.3095238095238096,0.3805846930846931,-0.12513921263921257,0.45878248735391586,-0.2533446712018142,0.3333333333333333,-0.20238095238095238,0.23529411764705882,-0.3004201680672269,-0.4605661864718383,-0.5319947579004097,0.16233766233766228,-0.14610389610389607,0.5095927656006707,-0.04410947156378753,0.29994053565482137,-0.17841444270015694,0.36363636363636365,-0.12012987012987014,0.30769230769230765,-0.17145662847790516,-0.3567530340063377,-0.3223926273691351
90,False,LNP193<-LNP193;LNP194<-LNP854;LNP195<-LNP782;LNP782<-LNP858;LNP854<-LNP195;LNP858<-LNP194,0.5476190476190477,0.0,0.5057239057239057,0.0,0.71212715855573,0.0,0.6309523809523809,0.09523809523809523,0.606060606060606,0.07034632034632027,0.2828894749305018,0.2114609035019304,0.30844155844155835,0.0,0.5537022371644582,0.0,0.4783549783549783,0.0,0.5844155844155844,0.1006493506493506,0.5555555555555556,0.07640661938534277,0.26189246330824845,0.296252869945451
91,False,LNP193<-LNP193;LNP194<-LNP854;LNP195<-LNP858;LNP782<-LNP194;LNP854<-LNP195;LNP858<-LNP782,0.047619047619047616,-0.5,0.3217883967883968,-0.18393550893550886,0.3996812711098425,-0.3124458874458876,0.5,-0.0357142857142857,0.3157894736842105,-0.2199248120300752,0.0,-0.07142857142857142,0.00649350649350649,-0.30194805194805185,0.4602917284735467,-0.0934105086909115,0.27140078922687616,-0.20695418912810215,0.5,0.01623376623376621,0.37931034482758613,-0.09983859134262668,0.0,0.03436040663720258
92,False,LNP193<-LNP193;LNP194<-LNP854;LNP195<-LNP858;LNP782<-LNP194;LNP854<-LNP782;LNP858<-LNP195,0.5476190476190477,0.0,0.5057239057239057,0.0,0.71212715855573,0.0,0.5595238095238095,0.023809523809523836,0.5125,-0.023214285714285743,0.14085904245475275,0.06943047102618133,0.30844155844155835,0.0,0.5537022371644582,0.0,0.4783549783549783,0.0,0.5487012987012987,0.0649350649350649,0.49946524064171127,0.02031630447149846,0.1718020331860125,0.20616243982321508
93,False,LNP193<-LNP193;LNP194<-LNP854;LNP195<-LNP858;LNP782<-LNP195;LNP854<-LNP194;LNP858<-LNP782,0.0,-0.5476190476190477,0.31484395234395235,-0.19087995337995334,0.38947718947718946,-0.3226499690785406,0.4166666666666667,-0.11904761904761901,0.2777777777777778,-0.2579365079365079,-0.31180478223116176,-0.3832333536597332,0.0,-0.30844155844155835,0.4598255280073462,-0.09387670915711199,0.27088319088319085,-0.20747178747178746,0.4318181818181818,-0.051948051948051965,0.3454545454545454,-0.1336943907156674,-0.2405228464604172,-0.2061624398232146
94,False,LNP193<-LNP193;LNP194<-LNP854;LNP195<-LNP858;LNP782<-LNP195;LNP854<-LNP782;LNP858<-LNP194,0.26190476190476186,-0.2857142857142858,0.38016381766381774,-0.12556008806008795,0.480860409431838,-0.23126674912389206,0.3333333333333333,-0.20238095238095238,0.23529411764705882,-0.3004201680672269,-0.4605661864718383,-0.5319947579004097,0.16233766233766223,-0.14610389610389612,0.5081425491504542,-0.04555968801400401,0.3059015059015059,-0.17245347245347242,0.36363636363636365,-0.12012987012987014,0.30769230769230765,-0.17145662847790516,-0.3567530340063377,-0.3223926273691351
95,False,LNP193<-LNP193;LNP194<-LNP854;LNP195<-LNP858;LNP782<-LNP782;LNP854<-LNP194;LNP858<-LNP195,0.6904761904761905,0.1428571428571428,0.6155122655122656,0.10978835978835988,0.7888278388278388,0.07670068027210875,0.7738095238095238,0.23809523809523814,0.7692307692307693,0.23351648351648358,0.5476190476190477,0.4761904761904763,0.5811688311688312,0.2727272727272729,0.7010026737967914,0.14730043663233316,0.6209183673469387,0.14256338899196042,0.6558441558441559,0.1720779220779221,0.6538461538461539,0.17469721767594104,0.40771775315010056,0.44207815978730314
96,False,LNP193<-LNP193;LNP194<-LNP854;LNP195<-LNP858;LNP782<-LNP782;LNP854<-LNP195;LNP858<-LNP194,0.5238095238095237,-0.023809523809523947,0.5102564102564102,0.004532504532504533,0.6218210361067504,-0.09030612244897962,0.4166666666666667,-0.11904761904761901,0.2777777777777778,-0.2579365079365079,-0.31180478223116176,-0.3832333536597332,0.2987012987012987,-0.00974025974025966,0.5522639994414188,-0.001438237723039415,0.38696145124716547,-0.09139352710781284,0.4318181818181818,-0.051948051948051965,0.3454545454545454,-0.1336943907156674,-0.2405228464604172,-0.2061624398232146
97,False,LNP193<-LNP193;LNP194<-LNP858;LNP195<-LNP194;LNP782<-LNP195;LNP854<-LNP782;LNP858<-LNP854,0.5952380952380952,0.04761904761904756,0.5335016835016835,0.02777777777777779,0.7384877027734171,0.026360544217687076,0.5238095238095238,-0.011904761904761862,0.5125,-0.023214285714285743,0.05143444998736397,-0.019994121441207456,0.32792207792207784,0.019480519480519487,0.5559133880825057,0.0022111509180474664,0.49563492063492054,0.01727994227994223,0.3831168831168831,-0.10064935064935071,0.3812500000000001,-0.09789893617021272,-0.22792115291927598,-0.1935607462820734
98,False,LNP193<-LNP193;LNP194<-LNP858;LNP195<-LNP194;LNP782<-LNP195;LNP854<-LNP854;LNP858<-LNP782,0.23809523809523808,-0.3095238095238096,0.3805846930846931,-0.12513921263921257,0.45878248735391586,-0.2533446712018142,0.38095238095238093,-0.15476190476190477,0.38095238095238093,-0.15476190476190477,-0.23809523809523808,-0.30952380952380953,0.14610389610389607,-0.16233766233766228,0.5015495867768595,-0.052152650387598753,0.29230442176870747,-0.18605055658627084,0.3116883116883117,-0.1720779220779221,0.3142857142857143,-0.16486322188449853,-0.3694942137922787,-0.3351338071550761
99,False,LNP193<-LNP193;LNP194<-LNP858;LNP195<-LNP194;LNP782<-LNP782;LNP854<-LNP195;LNP858<-LNP854,0.14285714285714285,-0.4047619047619048,0.3448704073704074,-0.16085349835349827,0.43233433233433227,-0.2797928262213978,0.5,-0.0357142857142857,0.3157894736842105,-0.2199248120300752,0.0,-0.07142857142857142,0.045454545454545435,-0.26298701298701294,0.46054685612101876,-0.09315538104343946,0.27578515166750456,-0.20256982668747375,0.5,0.01623376623376621,0.37931034482758613,-0.09983859134262668,0.0,0.03436040663720258
100,False,LNP193<-LNP193;LNP194<-LNP858;LNP195<-LNP194;LNP782<-LNP782;LNP854<-LNP854;LNP858<-LNP195,0.5952380952380952,0.04761904761904756,0.5335016835016835,0.02777777777777779,0.7384877027734171,0.026360544217687076,0.6904761904761905,0.15476190476190477,0.6904761904761905,0.15476190476190477,0.38095238095238093,0.30952380952380953,0.30844155844155835,0.0,0.5380968296409472,-0.015605407523511028,0.4783549783549783,0.0,0.5194805194805194,0.03571428571428564,0.5183946488294314,0.03924571265921861,0.040291148201268875,0.07465155483847145
101,False,LNP193<-LNP193;LNP194<-LNP858;LNP195<-LNP194;LNP782<-LNP854;LNP854<-LNP195;LNP858<-LNP782,0.047619047619047616,-0.5,0.3217883967883968,-0.18393550893550886,0.3996812711098425,-0.3124458874458876,0.5,-0.0357142857142857,0.3157894736842105,-0.2199248120300752,0.0,-0.07142857142857142,0.00649350649350649,-0.30194805194805185,0.45723846860210504,-0.09646376856235317,0.26901983684592373,-0.20933514150905458,0.5,0.01623376623376621,0.37931034482758613,-0.09983859134262668,0.0,0.03436040663720258
102,False,LNP193<-LNP193;LNP194<-LNP858;LNP195<-LNP194;LNP782<-LNP854;LNP854<-LNP782;LNP858<-LNP195,0.5714285714285714,0.023809523809523725,0.5242424242424242,0.01851851851851849,0.7170591313448456,0.004931972789115502,0.6904761904761905,0.15476190476190477,0.6904761904761905,0.15476190476190477,0.38095238095238093,0.30952380952380953,0.2889610389610389,-0.01948051948051943,0.5433875616362247,-0.010314675528233508,0.44621212121212117,-0.03214285714285714,0.5194805194805194,0.03571428571428564,0.5183946488294314,0.03924571265921861,0.040291148201268875,0.07465155483847145
103,False,LNP193<-LNP193;LNP194<-LNP858;LNP195<-LNP195;LNP782<-LNP194;LNP854<-LNP782;LNP858<-LNP854,0.2142857142857143,-0.33333333333333337,0.3672910422910423,-0.13843286343286337,0.45614385614385605,-0.255983302411874,0.4166666666666667,-0.11904761904761901,0.2777777777777778,-0.2579365079365079,-0.31180478223116176,-0.3832333536597332,0.14610389610389596,-0.1623376623376624,0.5034291809678346,-0.05027305619662359,0.3035816035816035,-0.1747733747733748,0.4318181818181818,-0.051948051948051965,0.3454545454545454,-0.1336943907156674,-0.2405228464604172,-0.2061624398232146
104,False,LNP193<-LNP193;LNP194<-LNP858;LNP195<-LNP195;LNP782<-LNP194;LNP854<-LNP854;LNP858<-LNP782,0.0,-0.5476190476190477,0.31484395234395235,-0.19087995337995334,0.38947718947718946,-0.3226499690785406,0.5,-0.0357142857142857,0.3157894736842105,-0.2199248120300752,0.0,-0.07142857142857142,0.0,-0.30844155844155835,0.46285583103764927,-0.09084640612680894,0.27088319088319085,-0.20747178747178746,0.5,0.01623376623376621,0.37931034482758613,-0.09983859134262668,0.0,0.03436040663720258
105,False,LNP193<-LNP193;LNP194<-LNP858;LNP195<-LNP195;LNP782<-LNP782;LNP854<-LNP194;LNP858<-LNP854,0.0,-0.5476190476190477,0.31484395234395235,-0.19087995337995334,0.38947718947718946,-0.3226499690785406,0.4166666666666667,-0.11904761904761901,0.2777777777777778,-0.2579365079365079,-0.31180478223116176,-0.3832333536597332,0.0,-0.30844155844155835,0.45298438934802565,-0.10071784781643256,0.27088319088319085,-0.20747178747178746,0.4318181818181818,-0.051948051948051965,0.3454545454545454,-0.1336943907156674,-0.2405228464604172,-0.2061624398232146
106,False,LNP193<-LNP193;LNP194<-LNP858;LNP195<-LNP195;LNP782<-LNP782;LNP854<-LNP854;LNP858<-LNP194,0.5952380952380953,0.04761904761904767,0.545970695970696,0.04024679024679034,0.6793040293040293,-0.03282312925170072,0.7023809523809523,0.16666666666666663,0.6904761904761905,0.15476190476190477,0.4147575310031266,0.3433289595745552,0.3409090909090909,0.032467532467532534,0.5483946608946608,-0.005307576269797387,0.4916666666666666,0.013311688311688274,0.6201298701298701,0.1363636363636363,0.6067527308838134,0.12760379471360062,0.33868074965743356,0.37304115629463613
107,False,LNP193<-LNP193;LNP194<-LNP858;LNP195<-LNP195;LNP782<-LNP854;LNP854<-LNP194;LNP858<-LNP782,0.0,-0.5476190476190477,0.31484395234395235,-0.19087995337995334,0.38947718947718946,-0.3226499690785406,0.5,-0.0357142857142857,0.3157894736842105,-0.2199248120300752,0.0,-0.07142857142857142,0.0,-0.30844155844155835,0.45677226813590455,-0.09692996902855366,0.27088319088319085,-0.20747178747178746,0.5,0.01623376623376621,0.37931034482758613,-0.09983859134262668,0.0,0.03436040663720258
108,False,LNP193<-LNP193;LNP194<-LNP858;LNP195<-LNP195;LNP782<-LNP854;LNP854<-LNP782;LNP858<-LNP194,0.45238095238095233,-0.09523809523809534,0.48049450549450545,-0.025229400229400234,0.5614468864468865,-0.1506802721088436,0.47619047619047616,-0.059523809523809534,0.4484848484848485,-0.08722943722943721,-0.05143444998736397,-0.12286302141593539,0.23376623376623373,-0.07467532467532462,0.5284271284271284,-0.025275108737329854,0.3291486291486291,-0.14920634920634923,0.41233766233766234,-0.07142857142857145,0.3930789707187223,-0.08606996545149054,-0.1973855084879307,-0.16302510185072813
109,False,LNP193<-LNP193;LNP194<-LNP858;LNP195<-LNP782;LNP782<-LNP194;LNP854<-LNP195;LNP858<-LNP854,0.5238095238095237,-0.023809523809523947,0.5102564102564102,0.004532504532504533,0.6218210361067504,-0.09030612244897962,0.6190476190476191,0.08333333333333337,0.6153846153846154,0.07967032967032972,0.23809523809523808,0.16666666666666666,0.24999999999999997,-0.05844155844155838,0.5223484848484848,-0.03135375231597337,0.339069264069264,-0.1392857142857143,0.48376623376623373,-5.551115123125783e-17,0.4791489361702128,0.0,-0.03436040663720258,0.0
110,False,LNP193<-LNP193;LNP194<-LNP858;LNP195<-LNP782;LNP782<-LNP194;LNP854<-LNP854;LNP858<-LNP195,0.047619047619047616,-0.5,0.3217883967883968,-0.18393550893550886,0.3996812711098425,-0.3124458874458876,0.4166666666666667,-0.11904761904761901,0.2777777777777778,-0.2579365079365079,-0.31180478223116176,-0.3832333536597332,0.0064935064935064905,-0.30194805194805185,0.4524864024864025,-0.10121583467805573,0.27140078922687616,-0.20695418912810215,0.36363636363636365,-0.12012987012987014,0.3076923076923077,-0.1714566284779051,-0.35675303400633795,-0.3223926273691354
111,False,LNP193<-LNP193;LNP194<-LNP858;LNP195<-LNP782;LNP782<-LNP195;LNP854<-LNP194;LNP858<-LNP854,0.5952380952380952,0.04761904761904756,0.5335016835016835,0.02777777777777779,0.7384877027734171,0.026360544217687076,0.6071428571428572,0.07142857142857151,0.606060606060606,0.07034632034632027,0.21957751641341997,0.14814894498484854,0.30844155844155835,0.0,0.548811115355233,-0.004891121809225241,0.47597402597402594,-0.0023809523809523725,0.4512987012987013,-0.03246753246753248,0.4514835605453088,-0.02766537562490401,-0.09631426606617752,-0.06195385942897494
112,False,LNP193<-LNP193;LNP194<-LNP858;LNP195<-LNP782;LNP782<-LNP195;LNP854<-LNP854;LNP858<-LNP194,0.11904761904761904,-0.4285714285714286,0.34956617456617456,-0.15615773115773113,0.41847636490493634,-0.2936507936507937,0.3333333333333333,-0.20238095238095238,0.23529411764705882,-0.3004201680672269,-0.4605661864718383,-0.5319947579004097,0.09740259740259738,-0.21103896103896097,0.4870752984389348,-0.06662693872552339,0.2822532521780642,-0.19610172617691413,0.29545454545454547,-0.18831168831168832,0.26530612244897966,-0.21384281372123315,-0.46056618647183817,-0.4262057798346356
113,False,LNP193<-LNP193;LNP194<-LNP858;LNP195<-LNP782;LNP782<-LNP854;LNP854<-LNP194;LNP858<-LNP195,0.47619047619047616,-0.07142857142857151,0.4678932178932179,-0.03783068783068777,0.6705738705738705,-0.04155328798185953,0.5476190476190476,0.011904761904761862,0.5357142857142857,0.0,0.09759000729485333,0.026161435866281904,0.24999999999999992,-0.05844155844155843,0.5300557847174913,-0.023646452446966948,0.4247432306255835,-0.05361174772939481,0.44805194805194803,-0.035714285714285754,0.4375,-0.041648936170212814,-0.11308055883843511,-0.07872015220123253
114,False,LNP193<-LNP193;LNP194<-LNP858;LNP195<-LNP782;LNP782<-LNP854;LNP854<-LNP195;LNP858<-LNP194,0.4761904761904762,-0.07142857142857145,0.475071225071225,-0.030652680652680675,0.6069684283969998,-0.10515873015873023,0.5595238095238095,0.023809523809523836,0.5125,-0.023214285714285743,0.14085904245475275,0.06943047102618133,0.28246753246753237,-0.025974025974025983,0.5428150034831069,-0.01088723368135136,0.42081529581529575,-0.05753968253968256,0.5487012987012987,0.0649350649350649,0.49946524064171127,0.02031630447149846,0.1718020331860125,0.20616243982321508
115,False,LNP193<-LNP193;LNP194<-LNP858;LNP195<-LNP854;LNP782<-LNP194;LNP854<-LNP195;LNP858<-LNP782,0.33333333333333337,-0.2142857142857143,0.4039072039072039,-0.10181670181670177,0.5466200466200466,-0.16550711193568346,0.4166666666666667,-0.11904761904761901,0.2777777777777778,-0.2579365079365079,-0.31180478223116176,-0.3832333536597332,0.15259740259740245,-0.1558441558441559,0.49440631831936177,-0.05929591884509644,0.3075498575498575,-0.17080512080512084,0.36363636363636365,-0.12012987012987014,0.3076923076923077,-0.1714566284779051,-0.35675303400633795,-0.3223926273691354
116,False,LNP193<-LNP193;LNP194<-LNP858;LNP195<-LNP854;LNP782<-LNP194;LNP854<-LNP782;LNP858<-LNP195,0.047619047619047616,-0.5,0.3217883967883968,-0.18393550893550886,0.3996812711098425,-0.3124458874458876,0.3333333333333333,-0.20238095238095238,0.23529411764705882,-0.3004201680672269,-0.4605661864718383,-0.5319947579004097,0.0064935064935064905,-0.30194805194805185,0.4524864024864025,-0.10121583467805573,0.27140078922687616,-0.20695418912810215,0.29545454545454547,-0.18831168831168832,0.26530612244897966,-0.21384281372123315,-0.46056618647183817,-0.4262057798346356
117,False,LNP193<-LNP193;LNP194<-LNP858;LNP195<-LNP854;LNP782<-LNP195;LNP854<-LNP194;LNP858<-LNP782,0.4761904761904762,-0.07142857142857145,0.48247863247863243,-0.023245273245273257,0.5954604918890634,-0.1166666666666667,0.5357142857142857,0.0,0.5357142857142857,0.0,0.07142857142857142,0.0,0.23051948051948049,-0.07792207792207786,0.5265068265068265,-0.027195410657631758,0.32517006802721077,-0.15318491032776754,0.41558441558441556,-0.06818181818181823,0.4155844155844156,-0.0635645205857972,-0.1688311688311691,-0.13447076219396653
118,False,LNP193<-LNP193;LNP194<-LNP858;LNP195<-LNP854;LNP782<-LNP195;LNP854<-LNP782;LNP858<-LNP194,0.16666666666666666,-0.38095238095238104,0.36014818514818514,-0.14557572057572055,0.4320818070818071,-0.28004535147392295,0.25,-0.2857142857142857,0.1875,-0.3482142857142857,-0.5916079783099616,-0.663036549738533,0.10389610389610388,-0.20454545454545447,0.4877060074428496,-0.06599622972160862,0.28318695899412394,-0.19516801936085437,0.22727272727272727,-0.25649350649350655,0.2173913043478261,-0.2617576318223867,-0.5640760748177664,-0.5297156681805639
119,False,LNP193<-LNP193;LNP194<-LNP858;LNP195<-LNP854;LNP782<-LNP782;LNP854<-LNP194;LNP858<-LNP195,0.5,-0.04761904761904767,0.49173789173789173,-0.013986013986013957,0.6168890633176347,-0.09523809523809534,0.4642857142857143,-0.0714285714285714,0.46153846153846156,-0.07417582417582413,-0.07142857142857142,-0.14285714285714285,0.28246753246753237,-0.025974025974025983,0.5349220343832412,-0.01878020278121706,0.41683673469387744,-0.06151824366110087,0.37987012987012986,-0.10389610389610393,0.37777777777777777,-0.10137115839243505,-0.2438488811817297,-0.20948847454452713
120,False,LNP193<-LNP193;LNP194<-LNP858;LNP195<-LNP854;LNP782<-LNP782;LNP854<-LNP195;LNP858<-LNP194,0.6428571428571429,0.09523809523809523,0.55995670995671,0.0542328042328043,0.7745421245421246,0.06241496598639451,0.6904761904761905,0.15476190476190477,0.6904761904761905,0.15476190476190477,0.38095238095238093,0.30952380952380953,0.3474025974025974,0.03896103896103903,0.551165011459129,-0.0025372257053292158,0.5392857142857143,0.060930735930735946,0.5876623376623377,0.10389610389610388,0.5847382431233363,0.10558930695312352,0.19738550848793068,0.23174591512513326
121,False,LNP193<-LNP194;LNP194<-LNP193;LNP195<-LNP195;LNP782<-LNP782;LNP854<-LNP854;LNP858<-LNP858,0.6428571428571429,0.09523809523809523,0.55995670995671,0.0542328042328043,0.7745421245421246,0.06241496598639451,0.7023809523809523,0.16666666666666663,0.6904761904761905,0.15476190476190477,0.4147575310031266,0.3433289595745552,0.3474025974025974,0.03896103896103903,0.5566844919786095,0.002982254814151264,0.5392857142857143,0.060930735930735946,0.6201298701298701,0.1363636363636363,0.6067527308838134,0.12760379471360062,0.33868074965743356,0.37304115629463613
122,False,LNP193<-LNP194;LNP194<-LNP193;LNP195<-LNP195;LNP782<-LNP782;LNP854<-LNP858;LNP858<-LNP854,0.0,-0.5476190476190477,0.31484395234395235,-0.19087995337995334,0.38947718947718946,-0.3226499690785406,0.5,-0.0357142857142857,0.3157894736842105,-0.2199248120300752,0.0,-0.07142857142857142,0.0,-0.30844155844155835,0.4598255280073462,-0.09387670915711199,0.27088319088319085,-0.20747178747178746,0.5,0.01623376623376621,0.37931034482758613,-0.09983859134262668,0.0,0.03436040663720258
123,False,LNP193<-LNP194;LNP194<-LNP193;LNP195<-LNP195;LNP782<-LNP854;LNP854<-LNP782;LNP858<-LNP858,0.6428571428571429,0.09523809523809523,0.55995670995671,0.0542328042328043,0.7745421245421246,0.06241496598639451,0.7023809523809523,0.16666666666666663,0.6904761904761905,0.15476190476190477,0.4147575310031266,0.3433289595745552,0.3474025974025974,0.03896103896103903,0.5635026737967914,0.00980043663233321,0.5392857142857143,0.060930735930735946,0.6201298701298701,0.1363636363636363,0.6067527308838134,0.12760379471360062,0.33868074965743356,0.37304115629463613
124,False,LNP193<-LNP194;LNP194<-LNP193;LNP195<-LNP195;LNP782<-LNP854;LNP854<-LNP858;LNP858<-LNP782,0.0,-0.5476190476190477,0.31484395234395235,-0.19087995337995334,0.38947718947718946,-0.3226499690785406,0.5,-0.0357142857142857,0.3157894736842105,-0.2199248120300752,0.0,-0.07142857142857142,0.0,-0.30844155844155835,0.4598255280073462,-0.09387670915711199,0.27088319088319085,-0.20747178747178746,0.5,0.01623376623376621,0.37931034482758613,-0.09983859134262668,0.0,0.03436040663720258
125,False,LNP193<-LNP194;LNP194<-LNP193;LNP195<-LNP195;LNP782<-LNP858;LNP854<-LNP782;LNP858<-LNP854,0.07142857142857142,-0.4761904761904763,0.32734395234395236,-0.17837995337995333,0.40563365206222346,-0.3064935064935066,0.5,-0.0357142857142857,0.3157894736842105,-0.2199248120300752,0.0,-0.07142857142857142,0.05844155844155838,-0.24999999999999997,0.4745704546041677,-0.07913178256029052,0.2775582117687381,-0.20079676658624024,0.5,0.01623376623376621,0.37931034482758613,-0.09983859134262668,0.0,0.03436040663720258
126,False,LNP193<-LNP194;LNP194<-LNP193;LNP195<-LNP195;LNP782<-LNP858;LNP854<-LNP854;LNP858<-LNP782,0.0,-0.5476190476190477,0.31484395234395235,-0.19087995337995334,0.38947718947718946,-0.3226499690785406,0.5,-0.0357142857142857,0.3157894736842105,-0.2199248120300752,0.0,-0.07142857142857142,0.0,-0.30844155844155835,0.4610881542699725,-0.0926140828944857,0.27088319088319085,-0.20747178747178746,0.5,0.01623376623376621,0.37931034482758613,-0.09983859134262668,0.0,0.03436040663720258
127,False,LNP193<-LNP194;LNP194<-LNP193;LNP195<-LNP782;LNP782<-LNP195;LNP854<-LNP854;LNP858<-LNP858,0.07142857142857142,-0.4761904761904763,0.32734395234395236,-0.17837995337995333,0.40563365206222346,-0.3064935064935066,0.4166666666666667,-0.11904761904761901,0.2777777777777778,-0.2579365079365079,-0.31180478223116176,-0.3832333536597332,0.05844155844155838,-0.24999999999999997,0.47327688651218064,-0.08042535065227757,0.2775582117687381,-0.20079676658624024,0.36363636363636365,-0.12012987012987014,0.3076923076923077,-0.1714566284779051,-0.35675303400633795,-0.3223926273691354
128,False,LNP193<-LNP194;LNP194<-LNP193;LNP195<-LNP782;LNP782<-LNP195;LNP854<-LNP858;LNP858<-LNP854,0.5238095238095237,-0.023809523809523947,0.5102564102564102,0.004532504532504533,0.6218210361067504,-0.09030612244897962,0.6190476190476191,0.08333333333333337,0.6153846153846154,0.07967032967032972,0.23809523809523808,0.16666666666666666,0.24999999999999997,-0.05844155844155838,0.5330627705627705,-0.020639466601687695,0.339069264069264,-0.1392857142857143,0.48376623376623373,-5.551115123125783e-17,0.4791489361702128,0.0,-0.03436040663720258,0.0
129,False,LNP193<-LNP194;LNP194<-LNP193;LNP195<-LNP782;LNP782<-LNP854;LNP854<-LNP195;LNP858<-LNP858,0.5476190476190477,0.0,0.5195156695156695,0.013791763791763834,0.6432496075353218,-0.06887755102040827,0.5476190476190476,0.011904761904761862,0.5357142857142857,0.0,0.09759000729485333,0.026161435866281904,0.3214285714285714,0.012987012987013047,0.5559027777777777,0.002200540613319535,0.4480158730158729,-0.030339105339105388,0.5162337662337663,0.03246753246753248,0.4957983193277311,0.016649383157518294,0.03999232221113232,0.0743527288483349
130,False,LNP193<-LNP194;LNP194<-LNP193;LNP195<-LNP782;LNP782<-LNP854;LNP854<-LNP858;LNP858<-LNP195,0.5238095238095237,-0.023809523809523947,0.5102564102564102,0.004532504532504533,0.6218210361067504,-0.09030612244897962,0.47619047619047616,-0.059523809523809534,0.4484848484848485,-0.08722943722943721,-0.05143444998736397,-0.12286302141593539,0.2987012987012987,-0.00974025974025966,0.5498289345063538,-0.0038733026581043717,0.38696145124716547,-0.09139352710781284,0.48051948051948057,-0.00324675324675322,0.44615384615384623,-0.03299509001636658,-0.050964719143762376,-0.016604312506559797
131,False,LNP193<-LNP194;LNP194<-LNP193;LNP195<-LNP782;LNP782<-LNP858;LNP854<-LNP195;LNP858<-LNP854,0.5714285714285714,0.023809523809523725,0.5242424242424242,0.01851851851851849,0.7170591313448456,0.004931972789115502,0.5476190476190476,0.011904761904761862,0.5357142857142857,0.0,0.09759000729485333,0.026161435866281904,0.2889610389610389,-0.01948051948051943,0.5428666921313979,-0.010835545033060279,0.44621212121212117,-0.03214285714285714,0.44805194805194803,-0.035714285714285754,0.4375,-0.041648936170212814,-0.11308055883843511,-0.07872015220123253
132,False,LNP193<-LNP194;LNP194<-LNP193;LNP195<-LNP782;LNP782<-LNP858;LNP854<-LNP854;LNP858<-LNP195,0.047619047619047616,-0.5,0.3217883967883968,-0.18393550893550886,0.3996812711098425,-0.3124458874458876,0.3333333333333333,-0.20238095238095238,0.23529411764705882,-0.3004201680672269,-0.4605661864718383,-0.5319947579004097,0.00649350649350649,-0.30194805194805185,0.45852405170586996,-0.09517818545858825,0.27140078922687616,-0.20695418912810215,0.36363636363636365,-0.12012987012987014,0.30769230769230765,-0.17145662847790516,-0.3567530340063377,-0.3223926273691351
133,False,LNP193<-LNP194;LNP194<-LNP193;LNP195<-LNP854;LNP782<-LNP195;LNP854<-LNP782;LNP858<-LNP858,0.09523809523809523,-0.45238095238095244,0.3323704073704074,-0.17335349835349828,0.41328671328671324,-0.2988404452690168,0.3333333333333333,-0.20238095238095238,0.23529411764705882,-0.3004201680672269,-0.4605661864718383,-0.5319947579004097,0.045454545454545435,-0.26298701298701294,0.4680934296963005,-0.08560880746815769,0.2734041992865522,-0.20495077906842613,0.36363636363636365,-0.12012987012987014,0.30769230769230765,-0.17145662847790516,-0.3567530340063377,-0.3223926273691351
134,False,LNP193<-LNP194;LNP194<-LNP193;LNP195<-LNP854;LNP782<-LNP195;LNP854<-LNP858;LNP858<-LNP782,0.5952380952380952,0.04761904761904756,0.5335016835016835,0.02777777777777779,0.7384877027734171,0.026360544217687076,0.6904761904761905,0.15476190476190477,0.6904761904761905,0.15476190476190477,0.38095238095238093,0.30952380952380953,0.30844155844155835,0.0,0.548811115355233,-0.004891121809225241,0.4783549783549783,0.0,0.5194805194805194,0.03571428571428564,0.5183946488294314,0.03924571265921861,0.040291148201268875,0.07465155483847145
135,False,LNP193<-LNP194;LNP194<-LNP193;LNP195<-LNP854;LNP782<-LNP782;LNP854<-LNP195;LNP858<-LNP858,0.5238095238095237,-0.023809523809523947,0.5102564102564102,0.004532504532504533,0.6218210361067504,-0.09030612244897962,0.5476190476190476,0.011904761904761862,0.5357142857142857,0.0,0.09759000729485333,0.026161435866281904,0.2987012987012987,-0.00974025974025966,0.5498289345063538,-0.0038733026581043717,0.38696145124716547,-0.09139352710781284,0.5162337662337663,0.03246753246753248,0.4957983193277311,0.016649383157518294,0.03999232221113232,0.0743527288483349
136,False,LNP193<-LNP194;LNP194<-LNP193;LNP195<-LNP854;LNP782<-LNP782;LNP854<-LNP858;LNP858<-LNP195,0.4761904761904762,-0.07142857142857145,0.48247863247863243,-0.023245273245273257,0.5954604918890634,-0.1166666666666667,0.5476190476190476,0.011904761904761862,0.5357142857142857,0.0,0.09759000729485333,0.026161435866281904,0.25974025974025966,-0.04870129870129869,0.5288481911118172,-0.024854046052640966,0.35578231292517,-0.12257266542980833,0.5162337662337663,0.03246753246753248,0.4957983193277311,0.016649383157518294,0.03999232221113232,0.0743527288483349
137,False,LNP193<-LNP194;LNP194<-LNP193;LNP195<-LNP854;LNP782<-LNP858;LNP854<-LNP195;LNP858<-LNP782,0.40476190476190477,-0.1428571428571429,0.43724053724053724,-0.06848336848336845,0.5673992673992674,-0.14472789115646267,0.4166666666666667,-0.11904761904761901,0.2777777777777778,-0.2579365079365079,-0.31180478223116176,-0.3832333536597332,0.2012987012987012,-0.10714285714285715,0.5161424768976256,-0.03755976026683261,0.31714685874349735,-0.16120811961148096,0.36363636363636365,-0.12012987012987014,0.3076923076923077,-0.1714566284779051,-0.35675303400633795,-0.3223926273691354
138,False,LNP193<-LNP194;LNP194<-LNP193;LNP195<-LNP854;LNP782<-LNP858;LNP854<-LNP782;LNP858<-LNP195,0.047619047619047616,-0.5,0.3217883967883968,-0.18393550893550886,0.3996812711098425,-0.3124458874458876,0.3333333333333333,-0.20238095238095238,0.23529411764705882,-0.3004201680672269,-0.4605661864718383,-0.5319947579004097,0.0064935064935064905,-0.30194805194805185,0.45473617291799107,-0.09896606424646714,0.27140078922687616,-0.20695418912810215,0.36363636363636365,-0.12012987012987014,0.30769230769230765,-0.17145662847790516,-0.3567530340063377,-0.3223926273691351
139,False,LNP193<-LNP194;LNP194<-LNP193;LNP195<-LNP858;LNP782<-LNP195;LNP854<-LNP782;LNP858<-LNP854,0.11904761904761904,-0.4285714285714286,0.34956617456617456,-0.15615773115773113,0.41847636490493634,-0.2936507936507937,0.5,-0.0357142857142857,0.3157894736842105,-0.2199248120300752,0.0,-0.07142857142857142,0.09740259740259738,-0.21103896103896097,0.4870752984389348,-0.06662693872552339,0.28463420455901656,-0.19372077379596175,0.5,0.01623376623376621,0.37931034482758613,-0.09983859134262668,0.0,0.03436040663720258
140,False,LNP193<-LNP194;LNP194<-LNP193;LNP195<-LNP858;LNP782<-LNP195;LNP854<-LNP854;LNP858<-LNP782,0.35714285714285715,-0.19047619047619052,0.41687016687016687,-0.08885373885373882,0.5451770451770451,-0.16695011337868493,0.4166666666666667,-0.11904761904761901,0.2777777777777778,-0.2579365079365079,-0.31180478223116176,-0.3832333536597332,0.2142857142857142,-0.09415584415584416,0.5186898630574519,-0.035012374107006305,0.3692046049188906,-0.10915037343608769,0.4772727272727273,-0.006493506493506496,0.3684210526315789,-0.11072788353863389,-0.13483997249264773,-0.10047956585544515
141,False,LNP193<-LNP194;LNP194<-LNP193;LNP195<-LNP858;LNP782<-LNP782;LNP854<-LNP195;LNP858<-LNP854,0.0,-0.5476190476190477,0.31484395234395235,-0.19087995337995334,0.38947718947718946,-0.3226499690785406,0.5,-0.0357142857142857,0.3157894736842105,-0.2199248120300752,0.0,-0.07142857142857142,0.0,-0.30844155844155835,0.4598255280073462,-0.09387670915711199,0.27088319088319085,-0.20747178747178746,0.5,0.01623376623376621,0.37931034482758613,-0.09983859134262668,0.0,0.03436040663720258
142,False,LNP193<-LNP194;LNP194<-LNP193;LNP195<-LNP858;LNP782<-LNP782;LNP854<-LNP854;LNP858<-LNP195,0.6428571428571429,0.09523809523809523,0.55995670995671,0.0542328042328043,0.7745421245421246,0.06241496598639451,0.6309523809523809,0.09523809523809523,0.606060606060606,0.07034632034632027,0.2828894749305018,0.2114609035019304,0.3474025974025974,0.03896103896103903,0.5566844919786095,0.002982254814151264,0.5392857142857143,0.060930735930735946,0.5844155844155844,0.1006493506493506,0.5555555555555556,0.07640661938534277,0.26189246330824845,0.296252869945451
143,False,LNP193<-LNP194;LNP194<-LNP193;LNP195<-LNP858;LNP782<-LNP854;LNP854<-LNP195;LNP858<-LNP782,0.0,-0.5476190476190477,0.31484395234395235,-0.19087995337995334,0.38947718947718946,-0.3226499690785406,0.5,-0.0357142857142857,0.3157894736842105,-0.2199248120300752,0.0,-0.07142857142857142,0.0,-0.30844155844155835,0.4598255280073462,-0.09387670915711199,0.27088319088319085,-0.20747178747178746,0.5,0.01623376623376621,0.37931034482758613,-0.09983859134262668,0.0,0.03436040663720258
144,False,LNP193<-LNP194;LNP194<-LNP193;LNP195<-LNP858;LNP782<-LNP854;LNP854<-LNP782;LNP858<-LNP195,0.6428571428571429,0.09523809523809523,0.55995670995671,0.0542328042328043,0.7745421245421246,0.06241496598639451,0.6309523809523809,0.09523809523809523,0.606060606060606,0.07034632034632027,0.2828894749305018,0.2114609035019304,0.3474025974025974,0.03896103896103903,0.5607429335370512,0.007040696372592969,0.5392857142857143,0.060930735930735946,0.5844155844155844,0.1006493506493506,0.5555555555555556,0.07640661938534277,0.26189246330824845,0.296252869945451
145,False,LNP193<-LNP194;LNP194<-LNP195;LNP195<-LNP193;LNP782<-LNP782;LNP854<-LNP854;LNP858<-LNP858,0.11904761904761904,-0.4285714285714286,0.33792596292596294,-0.16779794279794275,0.4192390942390942,-0.29288806431663583,0.3333333333333333,-0.20238095238095238,0.23529411764705882,-0.3004201680672269,-0.4605661864718383,-0.5319947579004097,0.06493506493506487,-0.24350649350649348,0.4771215532755077,-0.07658068388895051,0.2784919185847978,-0.19986305977018048,0.36363636363636365,-0.12012987012987014,0.30769230769230765,-0.17145662847790516,-0.3567530340063377,-0.3223926273691351
146,False,LNP193<-LNP194;LNP194<-LNP195;LNP195<-LNP193;LNP782<-LNP782;LNP854<-LNP858;LNP858<-LNP854,0.5238095238095237,-0.023809523809523947,0.4964646464646464,-0.0092592592592593,0.6906985871271585,-0.021428571428571574,0.6071428571428572,0.07142857142857151,0.606060606060606,0.07034632034632027,0.21957751641341997,0.14814894498484854,0.29870129870129863,-0.009740259740259716,0.5485553953698892,-0.005146841794569035,0.4553957946815089,-0.022959183673469385,0.5194805194805195,0.035714285714285754,0.5183946488294314,0.03924571265921861,0.040291148201269084,0.07465155483847166
147,False,LNP193<-LNP194;LNP194<-LNP195;LNP195<-LNP193;LNP782<-LNP854;LNP854<-LNP782;LNP858<-LNP858,0.16666666666666666,-0.38095238095238104,0.36014818514818514,-0.14557572057572055,0.4320818070818071,-0.28004535147392295,0.4166666666666667,-0.11904761904761901,0.2777777777777778,-0.2579365079365079,-0.31180478223116176,-0.3832333536597332,0.10389610389610388,-0.20454545454545447,0.48995577787443817,-0.06374645929002004,0.28318695899412394,-0.19516801936085437,0.4318181818181818,-0.051948051948051965,0.3454545454545454,-0.1336943907156674,-0.2405228464604172,-0.2061624398232146
148,False,LNP193<-LNP194;LNP194<-LNP195;LNP195<-LNP193;LNP782<-LNP854;LNP854<-LNP858;LNP858<-LNP782,0.6428571428571429,0.09523809523809523,0.55995670995671,0.0542328042328043,0.7745421245421246,0.06241496598639451,0.6904761904761905,0.15476190476190477,0.6904761904761905,0.15476190476190477,0.38095238095238093,0.30952380952380953,0.3474025974025974,0.03896103896103903,0.5659377387318564,0.012235501567398166,0.5392857142857143,0.060930735930735946,0.5876623376623377,0.10389610389610388,0.5847382431233363,0.10558930695312352,0.19738550848793068,0.23174591512513326
149,False,LNP193<-LNP194;LNP194<-LNP195;LNP195<-LNP193;LNP782<-LNP858;LNP854<-LNP782;LNP858<-LNP854,0.6428571428571429,0.09523809523809523,0.55995670995671,0.0542328042328043,0.7745421245421246,0.06241496598639451,0.6904761904761905,0.15476190476190477,0.6904761904761905,0.15476190476190477,0.38095238095238093,0.30952380952380953,0.3474025974025974,0.03896103896103903,0.5618792971734148,0.008177060008956571,0.5369047619047619,0.058549783549783574,0.5876623376623377,0.10389610389610388,0.5847382431233363,0.10558930695312352,0.19738550848793068,0.23174591512513326
150,False,LNP193<-LNP194;LNP194<-LNP195;LNP195<-LNP193;LNP782<-LNP858;LNP854<-LNP854;LNP858<-LNP782,0.6428571428571429,0.09523809523809523,0.55995670995671,0.0542328042328043,0.7745421245421246,0.06241496598639451,0.6904761904761905,0.15476190476190477,0.6904761904761905,0.15476190476190477,0.38095238095238093,0.30952380952380953,0.3474025974025974,0.03896103896103903,0.5635026737967914,0.00980043663233321,0.5369047619047619,0.058549783549783574,0.5876623376623377,0.10389610389610388,0.5847382431233363,0.10558930695312352,0.19738550848793068,0.23174591512513326
151,False,LNP193<-LNP194;LNP194<-LNP195;LNP195<-LNP782;LNP782<-LNP193;LNP854<-LNP854;LNP858<-LNP858,0.09523809523809523,-0.45238095238095244,0.3356772856772857,-0.17004662004661997,0.41198285841142984,-0.3001443001443002,0.4166666666666667,-0.11904761904761901,0.2777777777777778,-0.2579365079365079,-0.31180478223116176,-0.3832333536597332,0.07792207792207788,-0.23051948051948046,0.4815426997245179,-0.0721595374399403,0.28085491506544136,-0.19750006328953695,0.4318181818181818,-0.051948051948051965,0.3454545454545454,-0.1336943907156674,-0.2405228464604172,-0.2061624398232146
152,False,LNP193<-LNP194;LNP194<-LNP195;LNP195<-LNP782;LNP782<-LNP193;LNP854<-LNP858;LNP858<-LNP854,0.5,-0.04761904761904767,0.4872053872053872,-0.01851851851851849,0.6764128728414442,-0.03571428571428581,0.4642857142857143,-0.0714285714285714,0.46153846153846156,-0.07417582417582413,-0.07142857142857142,-0.14285714285714285,0.2889610389610389,-0.01948051948051943,0.5480750511348235,-0.005627186029634745,0.44621212121212117,-0.03214285714285714,0.4480519480519481,-0.0357142857142857,0.4375,-0.041648936170212814,-0.1130805588384352,-0.07872015220123262
153,False,LNP193<-LNP194;LNP194<-LNP195;LNP195<-LNP782;LNP782<-LNP854;LNP854<-LNP193;LNP858<-LNP858,0.16666666666666666,-0.38095238095238104,0.36014818514818514,-0.14557572057572055,0.4320818070818071,-0.28004535147392295,0.5,-0.0357142857142857,0.3157894736842105,-0.2199248120300752,0.0,-0.07142857142857142,0.11688311688311687,-0.19155844155844148,0.4946864525234431,-0.05901578464101509,0.2878088077336197,-0.1905461706213586,0.5,0.01623376623376621,0.37931034482758613,-0.09983859134262668,0.0,0.03436040663720258
154,False,LNP193<-LNP194;LNP194<-LNP195;LNP195<-LNP782;LNP782<-LNP854;LNP854<-LNP858;LNP858<-LNP193,0.6428571428571429,0.09523809523809523,0.55995670995671,0.0542328042328043,0.7745421245421246,0.06241496598639451,0.6071428571428572,0.07142857142857151,0.606060606060606,0.07034632034632027,0.21957751641341997,0.14814894498484854,0.3474025974025974,0.03896103896103903,0.5659377387318564,0.012235501567398166,0.5392857142857143,0.060930735930735946,0.5194805194805195,0.035714285714285754,0.5183946488294314,0.03924571265921861,0.040291148201269084,0.07465155483847166
155,False,LNP193<-LNP194;LNP194<-LNP195;LNP195<-LNP782;LNP782<-LNP858;LNP854<-LNP193;LNP858<-LNP854,0.5952380952380952,0.04761904761904756,0.5335016835016835,0.02777777777777779,0.7384877027734171,0.026360544217687076,0.6904761904761905,0.15476190476190477,0.6904761904761905,0.15476190476190477,0.38095238095238093,0.30952380952380953,0.32792207792207784,0.019480519480519487,0.5575367647058823,0.0038345275414241042,0.49563492063492054,0.01727994227994223,0.5876623376623377,0.10389610389610388,0.5847382431233363,0.10558930695312352,0.19738550848793068,0.23174591512513326
156,False,LNP193<-LNP194;LNP194<-LNP195;LNP195<-LNP782;LNP782<-LNP858;LNP854<-LNP854;LNP858<-LNP193,0.5952380952380952,0.04761904761904756,0.5335016835016835,0.02777777777777779,0.7384877027734171,0.026360544217687076,0.6904761904761905,0.15476190476190477,0.6904761904761905,0.15476190476190477,0.38095238095238093,0.30952380952380953,0.32792207792207784,0.019480519480519487,0.5575367647058823,0.0038345275414241042,0.49563492063492054,0.01727994227994223,0.5876623376623377,0.10389610389610388,0.5847382431233363,0.10558930695312352,0.19738550848793068,0.23174591512513326
157,False,LNP193<-LNP194;LNP194<-LNP195;LNP195<-LNP854;LNP782<-LNP193;LNP854<-LNP782;LNP858<-LNP858,0.11904761904761904,-0.4285714285714286,0.33792596292596294,-0.16779794279794275,0.4192390942390942,-0.29288806431663583,0.3333333333333333,-0.20238095238095238,0.23529411764705882,-0.3004201680672269,-0.4605661864718383,-0.5319947579004097,0.06493506493506487,-0.24350649350649348,0.4758359701717428,-0.07786626699271543,0.2784919185847978,-0.19986305977018048,0.29545454545454547,-0.18831168831168832,0.26530612244897966,-0.21384281372123315,-0.46056618647183817,-0.4262057798346356
158,False,LNP193<-LNP194;LNP194<-LNP195;LNP195<-LNP854;LNP782<-LNP193;LNP854<-LNP858;LNP858<-LNP782,0.6428571428571429,0.09523809523809523,0.55995670995671,0.0542328042328043,0.7745421245421246,0.06241496598639451,0.6904761904761905,0.15476190476190477,0.6904761904761905,0.15476190476190477,0.38095238095238093,0.30952380952380953,0.3474025974025974,0.03896103896103903,0.5566844919786095,0.002982254814151264,0.5392857142857143,0.060930735930735946,0.5876623376623377,0.10389610389610388,0.5847382431233363,0.10558930695312352,0.19738550848793068,0.23174591512513326
159,False,LNP193<-LNP194;LNP194<-LNP195;LNP195<-LNP854;LNP782<-LNP782;LNP854<-LNP193;LNP858<-LNP858,0.11904761904761904,-0.4285714285714286,0.33792596292596294,-0.16779794279794275,0.4192390942390942,-0.29288806431663583,0.3333333333333333,-0.20238095238095238,0.23529411764705882,-0.3004201680672269,-0.4605661864718383,-0.5319947579004097,0.06493506493506487,-0.24350649350649348,0.4771215532755077,-0.07658068388895051,0.2784919185847978,-0.19986305977018048,0.36363636363636365,-0.12012987012987014,0.30769230769230765,-0.17145662847790516,-0.3567530340063377,-0.3223926273691351
160,False,LNP193<-LNP194;LNP194<-LNP195;LNP195<-LNP854;LNP782<-LNP782;LNP854<-LNP858;LNP858<-LNP193,0.6190476190476191,0.0714285714285714,0.5450757575757575,0.03935185185185186,0.7575353218210361,0.045408163265306056,0.6071428571428572,0.07142857142857151,0.606060606060606,0.07034632034632027,0.21957751641341997,0.14814894498484854,0.3376623376623376,0.02922077922077926,0.5604234949111608,0.006721257746702625,0.5194444444444444,0.041089466089466065,0.5194805194805195,0.035714285714285754,0.5183946488294314,0.03924571265921861,0.040291148201269084,0.07465155483847166
161,False,LNP193<-LNP194;LNP194<-LNP195;LNP195<-LNP854;LNP782<-LNP858;LNP854<-LNP193;LNP858<-LNP782,0.6428571428571429,0.09523809523809523,0.55995670995671,0.0542328042328043,0.7745421245421246,0.06241496598639451,0.6904761904761905,0.15476190476190477,0.6904761904761905,0.15476190476190477,0.38095238095238093,0.30952380952380953,0.3474025974025974,0.03896103896103903,0.5618792971734148,0.008177060008956571,0.5369047619047619,0.058549783549783574,0.5876623376623377,0.10389610389610388,0.5847382431233363,0.10558930695312352,0.19738550848793068,0.23174591512513326
162,False,LNP193<-LNP194;LNP194<-LNP195;LNP195<-LNP854;LNP782<-LNP858;LNP854<-LNP782;LNP858<-LNP193,0.6190476190476191,0.0714285714285714,0.5450757575757575,0.03935185185185186,0.7575353218210361,0.045408163265306056,0.6904761904761905,0.15476190476190477,0.6904761904761905,0.15476190476190477,0.38095238095238093,0.30952380952380953,0.3376623376623376,0.02922077922077926,0.5588001182877842,0.005097881123325987,0.5194444444444444,0.041089466089466065,0.5876623376623377,0.10389610389610388,0.5847382431233363,0.10558930695312352,0.19738550848793068,0.23174591512513326
163,False,LNP193<-LNP194;LNP194<-LNP195;LNP195<-LNP858;LNP782<-LNP193;LNP854<-LNP782;LNP858<-LNP854,0.16666666666666666,-0.38095238095238104,0.35419580419580426,-0.15152810152810142,0.4332413618127904,-0.2788857967429397,0.4166666666666667,-0.11904761904761901,0.2777777777777778,-0.2579365079365079,-0.31180478223116176,-0.3832333536597332,0.1363636363636363,-0.17207792207792205,0.5013068104377563,-0.052395426726701944,0.29399674399674397,-0.18435823435823434,0.4318181818181818,-0.051948051948051965,0.3454545454545454,-0.1336943907156674,-0.2405228464604172,-0.2061624398232146
164,False,LNP193<-LNP194;LNP194<-LNP195;LNP195<-LNP858;LNP782<-LNP193;LNP854<-LNP854;LNP858<-LNP782,0.5238095238095238,-0.023809523809523836,0.5036426536426536,-0.002081252081252094,0.6304945054945055,-0.08163265306122458,0.6309523809523809,0.09523809523809523,0.606060606060606,0.07034632034632027,0.2828894749305018,0.2114609035019304,0.3116883116883116,0.0032467532467532756,0.5526560245310245,-0.0010462126334337407,0.4404761904761904,-0.0378787878787879,0.5844155844155844,0.1006493506493506,0.5555555555555556,0.07640661938534277,0.26189246330824845,0.296252869945451
165,False,LNP193<-LNP194;LNP194<-LNP195;LNP195<-LNP858;LNP782<-LNP782;LNP854<-LNP193;LNP858<-LNP854,0.30952380952380953,-0.23809523809523814,0.4172910422910423,-0.08843286343286338,0.48485958485958486,-0.2272675736961452,0.39285714285714285,-0.14285714285714285,0.38095238095238093,-0.15476190476190477,-0.21957751641341997,-0.2910060878419914,0.22402597402597396,-0.08441558441558439,0.5299068986568987,-0.02379533850755955,0.32358276643990924,-0.15477221191506907,0.41233766233766234,-0.07142857142857145,0.3930789707187223,-0.08606996545149054,-0.19738550848793068,-0.1630251018507281
166,False,LNP193<-LNP194;LNP194<-LNP195;LNP195<-LNP858;LNP782<-LNP782;LNP854<-LNP854;LNP858<-LNP193,0.38095238095238093,-0.16666666666666674,0.440018315018315,-0.06570559070559068,0.5277167277167276,-0.18441043083900244,0.5476190476190476,0.011904761904761862,0.5357142857142857,0.0,0.09759000729485333,0.026161435866281904,0.25324675324675316,-0.055194805194805185,0.5378418516349551,-0.015860385529503085,0.34863945578231287,-0.12971552257266544,0.5162337662337663,0.03246753246753248,0.4957983193277311,0.016649383157518294,0.03999232221113232,0.0743527288483349
167,False,LNP193<-LNP194;LNP194<-LNP195;LNP195<-LNP858;LNP782<-LNP854;LNP854<-LNP193;LNP858<-LNP782,0.5952380952380953,0.04761904761904767,0.545970695970696,0.04024679024679034,0.6793040293040293,-0.03282312925170072,0.7023809523809523,0.16666666666666663,0.6904761904761905,0.15476190476190477,0.4147575310031266,0.3433289595745552,0.3409090909090909,0.032467532467532534,0.5643037518037518,0.010601514639293597,0.4916666666666666,0.013311688311688274,0.6201298701298701,0.1363636363636363,0.6067527308838134,0.12760379471360062,0.33868074965743356,0.37304115629463613
168,False,LNP193<-LNP194;LNP194<-LNP195;LNP195<-LNP858;LNP782<-LNP854;LNP854<-LNP782;LNP858<-LNP193,0.38095238095238093,-0.16666666666666674,0.440018315018315,-0.06570559070559068,0.5277167277167276,-0.18441043083900244,0.47619047619047616,-0.059523809523809534,0.4484848484848485,-0.08722943722943721,-0.05143444998736397,-0.12286302141593539,0.25324675324675316,-0.055194805194805185,0.5378418516349551,-0.015860385529503085,0.34863945578231287,-0.12971552257266544,0.48051948051948057,-0.00324675324675322,0.44615384615384623,-0.03299509001636658,-0.050964719143762376,-0.016604312506559797
169,False,LNP193<-LNP194;LNP194<-LNP782;LNP195<-LNP193;LNP782<-LNP195;LNP854<-LNP854;LNP858<-LNP858,0.047619047619047616,-0.5,0.3217883967883968,-0.18393550893550886,0.3996812711098425,-0.3124458874458876,0.4166666666666667,-0.11904761904761901,0.2777777777777778,-0.2579365079365079,-0.31180478223116176,-0.3832333536597332,0.00649350649350649,-0.30194805194805185,0.45627428127428127,-0.09742795589017694,0.26901983684592373,-0.20933514150905458,0.36363636363636365,-0.12012987012987014,0.3076923076923077,-0.1714566284779051,-0.35675303400633795,-0.3223926273691354
170,False,LNP193<-LNP194;LNP194<-LNP782;LNP195<-LNP193;LNP782<-LNP195;LNP854<-LNP858;LNP858<-LNP854,0.5714285714285714,0.023809523809523725,0.5242424242424242,0.01851851851851849,0.7170591313448456,0.004931972789115502,0.6904761904761905,0.15476190476190477,0.6904761904761905,0.15476190476190477,0.38095238095238093,0.30952380952380953,0.2889610389610389,-0.01948051948051943,0.5433875616362247,-0.010314675528233508,0.44621212121212117,-0.03214285714285714,0.5194805194805194,0.03571428571428564,0.5183946488294314,0.03924571265921861,0.040291148201268875,0.07465155483847145
171,False,LNP193<-LNP194;LNP194<-LNP782;LNP195<-LNP193;LNP782<-LNP854;LNP854<-LNP195;LNP858<-LNP858,0.5714285714285714,0.023809523809523725,0.5176286676286675,0.011904761904761862,0.7257326007326007,0.013605442176870652,0.6071428571428572,0.07142857142857151,0.606060606060606,0.07034632034632027,0.21957751641341997,0.14814894498484854,0.30844155844155835,0.0,0.5426016997708173,-0.011100537393640919,0.4797619047619047,0.001406926406926412,0.4512987012987013,-0.03246753246753248,0.4514835605453088,-0.02766537562490401,-0.09631426606617752,-0.06195385942897494
172,False,LNP193<-LNP194;LNP194<-LNP782;LNP195<-LNP193;LNP782<-LNP854;LNP854<-LNP858;LNP858<-LNP195,0.5,-0.04761904761904767,0.4943833943833944,-0.011340511340511283,0.609065934065934,-0.10306122448979604,0.5476190476190476,0.011904761904761862,0.5357142857142857,0.0,0.09759000729485333,0.026161435866281904,0.27922077922077915,-0.029220779220779203,0.530997765675185,-0.022704471489273237,0.3710884353741496,-0.10726654298082872,0.5162337662337663,0.03246753246753248,0.4957983193277311,0.016649383157518294,0.03999232221113232,0.0743527288483349
173,False,LNP193<-LNP194;LNP194<-LNP782;LNP195<-LNP193;LNP782<-LNP858;LNP854<-LNP195;LNP858<-LNP854,0.6190476190476191,0.0714285714285714,0.5450757575757575,0.03935185185185186,0.7575353218210361,0.045408163265306056,0.6904761904761905,0.15476190476190477,0.6904761904761905,0.15476190476190477,0.38095238095238093,0.30952380952380953,0.32792207792207784,0.019480519480519487,0.5545845757657901,0.0008823386013319112,0.5095238095238095,0.03116883116883118,0.5194805194805194,0.03571428571428564,0.5183946488294314,0.03924571265921861,0.040291148201268875,0.07465155483847145
174,False,LNP193<-LNP194;LNP194<-LNP782;LNP195<-LNP193;LNP782<-LNP858;LNP854<-LNP854;LNP858<-LNP195,0.047619047619047616,-0.5,0.3217883967883968,-0.18393550893550886,0.3996812711098425,-0.3124458874458876,0.3333333333333333,-0.20238095238095238,0.23529411764705882,-0.3004201680672269,-0.4605661864718383,-0.5319947579004097,0.00649350649350649,-0.30194805194805185,0.45852405170586996,-0.09517818545858825,0.27140078922687616,-0.20695418912810215,0.36363636363636365,-0.12012987012987014,0.30769230769230765,-0.17145662847790516,-0.3567530340063377,-0.3223926273691351
175,False,LNP193<-LNP194;LNP194<-LNP782;LNP195<-LNP195;LNP782<-LNP193;LNP854<-LNP854;LNP858<-LNP858,0.6428571428571429,0.09523809523809523,0.55995670995671,0.0542328042328043,0.7745421245421246,0.06241496598639451,0.6309523809523809,0.09523809523809523,0.606060606060606,0.07034632034632027,0.2828894749305018,0.2114609035019304,0.3474025974025974,0.03896103896103903,0.5550611153552328,0.0013588781907746261,0.5392857142857143,0.060930735930735946,0.5844155844155844,0.1006493506493506,0.5555555555555556,0.07640661938534277,0.26189246330824845,0.296252869945451
176,False,LNP193<-LNP194;LNP194<-LNP782;LNP195<-LNP195;LNP782<-LNP193;LNP854<-LNP858;LNP858<-LNP854,0.0,-0.5476190476190477,0.31484395234395235,-0.19087995337995334,0.38947718947718946,-0.3226499690785406,0.5,-0.0357142857142857,0.3157894736842105,-0.2199248120300752,0.0,-0.07142857142857142,0.0,-0.30844155844155835,0.4598255280073462,-0.09387670915711199,0.27088319088319085,-0.20747178747178746,0.5,0.01623376623376621,0.37931034482758613,-0.09983859134262668,0.0,0.03436040663720258
177,False,LNP193<-LNP194;LNP194<-LNP782;LNP195<-LNP195;LNP782<-LNP854;LNP854<-LNP193;LNP858<-LNP858,0.5952380952380953,0.04761904761904767,0.545970695970696,0.04024679024679034,0.6793040293040293,-0.03282312925170072,0.7738095238095238,0.23809523809523814,0.7692307692307693,0.23351648351648358,0.5476190476190477,0.4761904761904763,0.3409090909090909,0.032467532467532534,0.5534271284271283,-0.00027510873732994323,0.4916666666666666,0.013311688311688274,0.6558441558441559,0.1720779220779221,0.6538461538461539,0.17469721767594104,0.40771775315010056,0.44207815978730314
178,False,LNP193<-LNP194;LNP194<-LNP782;LNP195<-LNP195;LNP782<-LNP854;LNP854<-LNP858;LNP858<-LNP193,0.0,-0.5476190476190477,0.31484395234395235,-0.19087995337995334,0.38947718947718946,-0.3226499690785406,0.5,-0.0357142857142857,0.3157894736842105,-0.2199248120300752,0.0,-0.07142857142857142,0.0,-0.30844155844155835,0.4598255280073462,-0.09387670915711199,0.27088319088319085,-0.20747178747178746,0.5,0.01623376623376621,0.37931034482758613,-0.09983859134262668,0.0,0.03436040663720258
179,False,LNP193<-LNP194;LNP194<-LNP782;LNP195<-LNP195;LNP782<-LNP858;LNP854<-LNP193;LNP858<-LNP854,0.2857142857142857,-0.261904761904762,0.3900183150183151,-0.11570559070559061,0.4990009990009989,-0.21312615955473113,0.5,-0.0357142857142857,0.3157894736842105,-0.2199248120300752,0.0,-0.07142857142857142,0.17532467532467516,-0.1331168831168832,0.5113641339458911,-0.042338103218567125,0.32863829292400715,-0.14971668543097116,0.5,0.01623376623376621,0.37931034482758613,-0.09983859134262668,0.0,0.03436040663720258
180,False,LNP193<-LNP194;LNP194<-LNP782;LNP195<-LNP195;LNP782<-LNP858;LNP854<-LNP854;LNP858<-LNP193,0.047619047619047616,-0.5,0.3217883967883968,-0.18393550893550886,0.3996812711098425,-0.3124458874458876,0.4166666666666667,-0.11904761904761901,0.2777777777777778,-0.2579365079365079,-0.31180478223116176,-0.3832333536597332,0.03896103896103894,-0.26948051948051943,0.4719467401285583,-0.0817554970358999,0.2748514448514448,-0.2035035335035335,0.4318181818181818,-0.051948051948051965,0.3454545454545454,-0.1336943907156674,-0.2405228464604172,-0.2061624398232146
181,False,LNP193<-LNP194;LNP194<-LNP782;LNP195<-LNP854;LNP782<-LNP193;LNP854<-LNP195;LNP858<-LNP858,0.5238095238095237,-0.023809523809523947,0.5102564102564102,0.004532504532504533,0.6218210361067504,-0.09030612244897962,0.5476190476190476,0.011904761904761862,0.5357142857142857,0.0,0.09759000729485333,0.026161435866281904,0.2987012987012987,-0.00974025974025966,0.5413873760647953,-0.012314861099662955,0.38696145124716547,-0.09139352710781284,0.5162337662337663,0.03246753246753248,0.4957983193277311,0.016649383157518294,0.03999232221113232,0.0743527288483349
182,False,LNP193<-LNP194;LNP194<-LNP782;LNP195<-LNP854;LNP782<-LNP193;LNP854<-LNP858;LNP858<-LNP195,0.5714285714285714,0.023809523809523725,0.5242424242424242,0.01851851851851849,0.7170591313448456,0.004931972789115502,0.6190476190476191,0.08333333333333337,0.6153846153846154,0.07967032967032972,0.23809523809523808,0.16666666666666666,0.3181818181818181,0.009740259740259771,0.5424873255087158,-0.011214911655742399,0.47267573696145115,-0.005679241393527157,0.551948051948052,0.06818181818181818,0.5418181818181819,0.06266924564796905,0.1218289807746346,0.1561893874118372
183,False,LNP193<-LNP194;LNP194<-LNP782;LNP195<-LNP854;LNP782<-LNP195;LNP854<-LNP193;LNP858<-LNP858,0.0,-0.5476190476190477,0.31484395234395235,-0.19087995337995334,0.38947718947718946,-0.3226499690785406,0.25,-0.2857142857142857,0.1875,-0.3482142857142857,-0.5916079783099616,-0.663036549738533,0.0,-0.30844155844155835,0.45677226813590455,-0.09692996902855366,0.27088319088319085,-0.20747178747178746,0.22727272727272727,-0.25649350649350655,0.2173913043478261,-0.2617576318223867,-0.5640760748177664,-0.5297156681805639
184,False,LNP193<-LNP194;LNP194<-LNP782;LNP195<-LNP854;LNP782<-LNP195;LNP854<-LNP858;LNP858<-LNP193,0.5952380952380952,0.04761904761904756,0.5335016835016835,0.02777777777777779,0.7384877027734171,0.026360544217687076,0.6904761904761905,0.15476190476190477,0.6904761904761905,0.15476190476190477,0.38095238095238093,0.30952380952380953,0.30844155844155835,0.0,0.548811115355233,-0.004891121809225241,0.4783549783549783,0.0,0.5194805194805194,0.03571428571428564,0.5183946488294314,0.03924571265921861,0.040291148201268875,0.07465155483847145
185,False,LNP193<-LNP194;LNP194<-LNP782;LNP195<-LNP854;LNP782<-LNP858;LNP854<-LNP193;LNP858<-LNP195,0.047619047619047616,-0.5,0.3217883967883968,-0.18393550893550886,0.3996812711098425,-0.3124458874458876,0.3333333333333333,-0.20238095238095238,0.23529411764705882,-0.3004201680672269,-0.4605661864718383,-0.5319947579004097,0.0064935064935064905,-0.30194805194805185,0.45473617291799107,-0.09896606424646714,0.27140078922687616,-0.20695418912810215,0.36363636363636365,-0.12012987012987014,0.30769230769230765,-0.17145662847790516,-0.3567530340063377,-0.3223926273691351
186,False,LNP193<-LNP194;LNP194<-LNP782;LNP195<-LNP854;LNP782<-LNP858;LNP854<-LNP195;LNP858<-LNP193,0.5714285714285714,0.023809523809523725,0.5242424242424242,0.01851851851851849,0.7170591313448456,0.004931972789115502,0.5476190476190476,0.011904761904761862,0.5357142857142857,0.0,0.09759000729485333,0.026161435866281904,0.2889610389610389,-0.01948051948051943,0.532673275921939,-0.021028961242519184,0.44621212121212117,-0.03214285714285714,0.44805194805194803,-0.035714285714285754,0.4375,-0.041648936170212814,-0.11308055883843511,-0.07872015220123253
187,False,LNP193<-LNP194;LNP194<-LNP782;LNP195<-LNP858;LNP782<-LNP193;LNP854<-LNP195;LNP858<-LNP854,0.0,-0.5476190476190477,0.31484395234395235,-0.19087995337995334,0.38947718947718946,-0.3226499690785406,0.5,-0.0357142857142857,0.3157894736842105,-0.2199248120300752,0.0,-0.07142857142857142,0.0,-0.30844155844155835,0.4598255280073462,-0.09387670915711199,0.27088319088319085,-0.20747178747178746,0.5,0.01623376623376621,0.37931034482758613,-0.09983859134262668,0.0,0.03436040663720258
188,False,LNP193<-LNP194;LNP194<-LNP782;LNP195<-LNP858;LNP782<-LNP193;LNP854<-LNP854;LNP858<-LNP195,0.6428571428571429,0.09523809523809523,0.55995670995671,0.0542328042328043,0.7745421245421246,0.06241496598639451,0.7023809523809523,0.16666666666666663,0.6904761904761905,0.15476190476190477,0.4147575310031266,0.3433289595745552,0.3474025974025974,0.03896103896103903,0.5550611153552328,0.0013588781907746261,0.5392857142857143,0.060930735930735946,0.6201298701298701,0.1363636363636363,0.6067527308838134,0.12760379471360062,0.33868074965743356,0.37304115629463613
189,False,LNP193<-LNP194;LNP194<-LNP782;LNP195<-LNP858;LNP782<-LNP195;LNP854<-LNP193;LNP858<-LNP854,0.19047619047619047,-0.3571428571428572,0.36808469308469316,-0.13763921263921253,0.4397348683062968,-0.27239229024943323,0.25,-0.2857142857142857,0.1875,-0.3482142857142857,-0.5916079783099616,-0.663036549738533,0.12662337662337658,-0.18181818181818177,0.49444444444444446,-0.05925779272001375,0.2899234693877551,-0.18843150896722322,0.22727272727272727,-0.25649350649350655,0.2173913043478261,-0.2617576318223867,-0.5640760748177664,-0.5297156681805639
190,False,LNP193<-LNP194;LNP194<-LNP782;LNP195<-LNP858;LNP782<-LNP195;LNP854<-LNP854;LNP858<-LNP193,0.23809523809523808,-0.3095238095238096,0.3805846930846931,-0.12513921263921257,0.45878248735391586,-0.2533446712018142,0.39285714285714285,-0.14285714285714285,0.38095238095238093,-0.15476190476190477,-0.21957751641341997,-0.2910060878419914,0.14610389610389607,-0.16233766233766228,0.4999158249158249,-0.053786412248633286,0.29468537414965984,-0.18366960420531847,0.3441558441558441,-0.13961038961038968,0.3377926421404682,-0.1413562940297446,-0.3223291856101523,-0.2879687789729497
191,False,LNP193<-LNP194;LNP194<-LNP782;LNP195<-LNP858;LNP782<-LNP854;LNP854<-LNP193;LNP858<-LNP195,0.6428571428571429,0.09523809523809523,0.55995670995671,0.0542328042328043,0.7745421245421246,0.06241496598639451,0.6309523809523809,0.09523809523809523,0.606060606060606,0.07034632034632027,0.2828894749305018,0.2114609035019304,0.3474025974025974,0.03896103896103903,0.5539247517188693,0.0002225145544111351,0.5392857142857143,0.060930735930735946,0.5844155844155844,0.1006493506493506,0.5555555555555556,0.07640661938534277,0.26189246330824845,0.296252869945451
192,False,LNP193<-LNP194;LNP194<-LNP782;LNP195<-LNP858;LNP782<-LNP854;LNP854<-LNP195;LNP858<-LNP193,0.0,-0.5476190476190477,0.31484395234395235,-0.19087995337995334,0.38947718947718946,-0.3226499690785406,0.5,-0.0357142857142857,0.3157894736842105,-0.2199248120300752,0.0,-0.07142857142857142,0.0,-0.30844155844155835,0.4598255280073462,-0.09387670915711199,0.27088319088319085,-0.20747178747178746,0.5,0.01623376623376621,0.37931034482758613,-0.09983859134262668,0.0,0.03436040663720258
193,False,LNP193<-LNP194;LNP194<-LNP854;LNP195<-LNP193;LNP782<-LNP195;LNP854<-LNP782;LNP858<-LNP858,0.11904761904761904,-0.4285714285714286,0.33792596292596294,-0.16779794279794275,0.4192390942390942,-0.29288806431663583,0.4166666666666667,-0.11904761904761901,0.2777777777777778,-0.2579365079365079,-0.31180478223116176,-0.3832333536597332,0.06493506493506487,-0.24350649350649348,0.4771215532755077,-0.07658068388895051,0.2761109662038454,-0.2022440121511329,0.4318181818181818,-0.051948051948051965,0.3454545454545454,-0.1336943907156674,-0.2405228464604172,-0.2061624398232146
194,False,LNP193<-LNP194;LNP194<-LNP854;LNP195<-LNP193;LNP782<-LNP195;LNP854<-LNP858;LNP858<-LNP782,0.6428571428571429,0.09523809523809523,0.55995670995671,0.0542328042328043,0.7745421245421246,0.06241496598639451,0.6904761904761905,0.15476190476190477,0.6904761904761905,0.15476190476190477,0.38095238095238093,0.30952380952380953,0.3474025974025974,0.03896103896103903,0.5607429335370512,0.007040696372592969,0.5392857142857143,0.060930735930735946,0.5194805194805194,0.03571428571428564,0.5183946488294314,0.03924571265921861,0.040291148201268875,0.07465155483847145
195,False,LNP193<-LNP194;LNP194<-LNP854;LNP195<-LNP193;LNP782<-LNP782;LNP854<-LNP195;LNP858<-LNP858,0.5476190476190476,-1.1102230246251565e-16,0.5083694083694084,0.002645502645502673,0.7043040293040292,-0.007823129251700811,0.6190476190476191,0.08333333333333337,0.6153846153846154,0.07967032967032972,0.23809523809523808,0.16666666666666666,0.3084415584415584,5.551115123125783e-17,0.5540132995346899,0.00031106237023170724,0.46275510204081627,-0.015599876314162042,0.551948051948052,0.06818181818181818,0.5418181818181819,0.06266924564796905,0.1218289807746346,0.1561893874118372
196,False,LNP193<-LNP194;LNP194<-LNP854;LNP195<-LNP193;LNP782<-LNP782;LNP854<-LNP858;LNP858<-LNP195,0.26190476190476186,-0.2857142857142858,0.38016381766381774,-0.12556008806008795,0.480860409431838,-0.23126674912389206,0.4166666666666667,-0.11904761904761901,0.2777777777777778,-0.2579365079365079,-0.31180478223116176,-0.3832333536597332,0.16233766233766223,-0.14610389610389612,0.5081425491504542,-0.04555968801400401,0.30352055352055346,-0.17483442483442485,0.4318181818181818,-0.051948051948051965,0.3454545454545454,-0.1336943907156674,-0.2405228464604172,-0.2061624398232146
197,False,LNP193<-LNP194;LNP194<-LNP854;LNP195<-LNP193;LNP782<-LNP858;LNP854<-LNP195;LNP858<-LNP782,0.5952380952380952,0.04761904761904756,0.5335016835016835,0.02777777777777779,0.7384877027734171,0.026360544217687076,0.6190476190476191,0.08333333333333337,0.6153846153846154,0.07967032967032972,0.23809523809523808,0.16666666666666666,0.30844155844155835,0.0,0.548811115355233,-0.004891121809225241,0.4783549783549783,0.0,0.48376623376623373,-5.551115123125783e-17,0.4791489361702128,0.0,-0.03436040663720258,0.0
198,False,LNP193<-LNP194;LNP194<-LNP854;LNP195<-LNP193;LNP782<-LNP858;LNP854<-LNP782;LNP858<-LNP195,0.047619047619047616,-0.5,0.3217883967883968,-0.18393550893550886,0.3996812711098425,-0.3124458874458876,0.3333333333333333,-0.20238095238095238,0.23529411764705882,-0.3004201680672269,-0.4605661864718383,-0.5319947579004097,0.00649350649350649,-0.30194805194805185,0.45852405170586996,-0.09517818545858825,0.26901983684592373,-0.20933514150905458,0.36363636363636365,-0.12012987012987014,0.30769230769230765,-0.17145662847790516,-0.3567530340063377,-0.3223926273691351
199,False,LNP193<-LNP194;LNP194<-LNP854;LNP195<-LNP195;LNP782<-LNP193;LNP854<-LNP782;LNP858<-LNP858,0.6428571428571429,0.09523809523809523,0.55995670995671,0.0542328042328043,0.7745421245421246,0.06241496598639451,0.7023809523809523,0.16666666666666663,0.6904761904761905,0.15476190476190477,0.4147575310031266,0.3433289595745552,0.3474025974025974,0.03896103896103903,0.5635026737967914,0.00980043663233321,0.5392857142857143,0.060930735930735946,0.6201298701298701,0.1363636363636363,0.6067527308838134,0.12760379471360062,0.33868074965743356,0.37304115629463613
200,False,LNP193<-LNP194;LNP194<-LNP854;LNP195<-LNP195;LNP782<-LNP193;LNP854<-LNP858;LNP858<-LNP782,0.0,-0.5476190476190477,0.31484395234395235,-0.19087995337995334,0.38947718947718946,-0.3226499690785406,0.5,-0.0357142857142857,0.3157894736842105,-0.2199248120300752,0.0,-0.07142857142857142,0.0,-0.30844155844155835,0.4598255280073462,-0.09387670915711199,0.27088319088319085,-0.20747178747178746,0.5,0.01623376623376621,0.37931034482758613,-0.09983859134262668,0.0,0.03436040663720258
201,False,LNP193<-LNP194;LNP194<-LNP854;LNP195<-LNP195;LNP782<-LNP782;LNP854<-LNP193;LNP858<-LNP858,0.6428571428571429,0.09523809523809523,0.55995670995671,0.0542328042328043,0.7745421245421246,0.06241496598639451,0.7738095238095238,0.23809523809523814,0.7692307692307693,0.23351648351648358,0.5476190476190477,0.4761904761904763,0.3474025974025974,0.03896103896103903,0.5635026737967914,0.00980043663233321,0.5392857142857143,0.060930735930735946,0.6558441558441559,0.1720779220779221,0.6538461538461539,0.17469721767594104,0.40771775315010056,0.44207815978730314
202,False,LNP193<-LNP194;LNP194<-LNP854;LNP195<-LNP195;LNP782<-LNP782;LNP854<-LNP858;LNP858<-LNP193,0.0,-0.5476190476190477,0.31484395234395235,-0.19087995337995334,0.38947718947718946,-0.3226499690785406,0.5,-0.0357142857142857,0.3157894736842105,-0.2199248120300752,0.0,-0.07142857142857142,0.0,-0.30844155844155835,0.4598255280073462,-0.09387670915711199,0.27088319088319085,-0.20747178747178746,0.5,0.01623376623376621,0.37931034482758613,-0.09983859134262668,0.0,0.03436040663720258
203,False,LNP193<-LNP194;LNP194<-LNP854;LNP195<-LNP195;LNP782<-LNP858;LNP854<-LNP193;LNP858<-LNP782,0.23809523809523808,-0.3095238095238096,0.3805846930846931,-0.12513921263921257,0.45878248735391586,-0.2533446712018142,0.4166666666666667,-0.11904761904761901,0.2777777777777778,-0.2579365079365079,-0.31180478223116176,-0.3832333536597332,0.16558441558441553,-0.14285714285714282,0.5080578512396694,-0.04564438592478881,0.30262188208616775,-0.17573309626881056,0.4318181818181818,-0.051948051948051965,0.3454545454545454,-0.1336943907156674,-0.2405228464604172,-0.2061624398232146
204,False,LNP193<-LNP194;LNP194<-LNP854;LNP195<-LNP195;LNP782<-LNP858;LNP854<-LNP782;LNP858<-LNP193,0.09523809523809523,-0.45238095238095244,0.3356772856772857,-0.17004662004661997,0.41198285841142984,-0.3001443001443002,0.4166666666666667,-0.11904761904761901,0.2777777777777778,-0.2579365079365079,-0.31180478223116176,-0.3832333536597332,0.07792207792207788,-0.23051948051948046,0.48331037649219466,-0.07039186067226355,0.28085491506544136,-0.19750006328953695,0.4318181818181818,-0.051948051948051965,0.3454545454545454,-0.1336943907156674,-0.2405228464604172,-0.2061624398232146
205,False,LNP193<-LNP194;LNP194<-LNP854;LNP195<-LNP782;LNP782<-LNP193;LNP854<-LNP195;LNP858<-LNP858,0.5476190476190477,0.0,0.5195156695156695,0.013791763791763834,0.6432496075353218,-0.06887755102040827,0.5476190476190476,0.011904761904761862,0.5357142857142857,0.0,0.09759000729485333,0.026161435866281904,0.3214285714285714,0.012987012987013047,0.5583378427128427,0.004635605548384492,0.4480158730158729,-0.030339105339105388,0.5162337662337663,0.03246753246753248,0.4957983193277311,0.016649383157518294,0.03999232221113232,0.0743527288483349
206,False,LNP193<-LNP194;LNP194<-LNP854;LNP195<-LNP782;LNP782<-LNP193;LNP854<-LNP858;LNP858<-LNP195,0.5,-0.04761904761904767,0.4943833943833944,-0.011340511340511283,0.609065934065934,-0.10306122448979604,0.5595238095238095,0.023809523809523836,0.5125,-0.023214285714285743,0.14085904245475275,0.06943047102618133,0.2889610389610389,-0.01948051948051943,0.5490172461946655,-0.004684990969792691,0.3770408163265306,-0.10131416202844773,0.5032467532467533,0.019480519480519487,0.46375372393247266,-0.015395212237740152,0.0091535337745252,0.04351394041172778
207,False,LNP193<-LNP194;LNP194<-LNP854;LNP195<-LNP782;LNP782<-LNP195;LNP854<-LNP193;LNP858<-LNP858,0.11904761904761904,-0.4285714285714286,0.34956617456617456,-0.15615773115773113,0.41847636490493634,-0.2936507936507937,0.5,-0.0357142857142857,0.3157894736842105,-0.2199248120300752,0.0,-0.07142857142857142,0.09740259740259738,-0.21103896103896097,0.48836088154269974,-0.06534135562175847,0.28463420455901656,-0.19372077379596175,0.5,0.01623376623376621,0.37931034482758613,-0.09983859134262668,0.0,0.03436040663720258
208,False,LNP193<-LNP194;LNP194<-LNP854;LNP195<-LNP782;LNP782<-LNP195;LNP854<-LNP858;LNP858<-LNP193,0.5952380952380952,0.04761904761904756,0.5335016835016835,0.02777777777777779,0.7384877027734171,0.026360544217687076,0.6904761904761905,0.15476190476190477,0.6904761904761905,0.15476190476190477,0.38095238095238093,0.30952380952380953,0.30844155844155835,0.0,0.548811115355233,-0.004891121809225241,0.4783549783549783,0.0,0.5194805194805194,0.03571428571428564,0.5183946488294314,0.03924571265921861,0.040291148201268875,0.07465155483847145
209,False,LNP193<-LNP194;LNP194<-LNP854;LNP195<-LNP782;LNP782<-LNP858;LNP854<-LNP193;LNP858<-LNP195,0.047619047619047616,-0.5,0.3217883967883968,-0.18393550893550886,0.3996812711098425,-0.3124458874458876,0.3333333333333333,-0.20238095238095238,0.23529411764705882,-0.3004201680672269,-0.4605661864718383,-0.5319947579004097,0.00649350649350649,-0.30194805194805185,0.45852405170586996,-0.09517818545858825,0.27140078922687616,-0.20695418912810215,0.36363636363636365,-0.12012987012987014,0.30769230769230765,-0.17145662847790516,-0.3567530340063377,-0.3223926273691351
210,False,LNP193<-LNP194;LNP194<-LNP854;LNP195<-LNP782;LNP782<-LNP858;LNP854<-LNP195;LNP858<-LNP193,0.5,-0.04761904761904767,0.4943833943833944,-0.011340511340511283,0.609065934065934,-0.10306122448979604,0.5476190476190476,0.011904761904761862,0.5357142857142857,0.0,0.09759000729485333,0.026161435866281904,0.24025974025974023,-0.06818181818181812,0.5296536796536796,-0.024048557510778612,0.33311688311688303,-0.14523809523809528,0.44805194805194803,-0.035714285714285754,0.4375,-0.041648936170212814,-0.11308055883843511,-0.07872015220123253
211,False,LNP193<-LNP194;LNP194<-LNP854;LNP195<-LNP858;LNP782<-LNP193;LNP854<-LNP195;LNP858<-LNP782,0.0,-0.5476190476190477,0.31484395234395235,-0.19087995337995334,0.38947718947718946,-0.3226499690785406,0.5,-0.0357142857142857,0.3157894736842105,-0.2199248120300752,0.0,-0.07142857142857142,0.0,-0.30844155844155835,0.4598255280073462,-0.09387670915711199,0.27088319088319085,-0.20747178747178746,0.5,0.01623376623376621,0.37931034482758613,-0.09983859134262668,0.0,0.03436040663720258
212,False,LNP193<-LNP194;LNP194<-LNP854;LNP195<-LNP858;LNP782<-LNP193;LNP854<-LNP782;LNP858<-LNP195,0.6428571428571429,0.09523809523809523,0.55995670995671,0.0542328042328043,0.7745421245421246,0.06241496598639451,0.6309523809523809,0.09523809523809523,0.606060606060606,0.07034632034632027,0.2828894749305018,0.2114609035019304,0.3474025974025974,0.03896103896103903,0.5635026737967914,0.00980043663233321,0.5392857142857143,0.060930735930735946,0.5844155844155844,0.1006493506493506,0.5555555555555556,0.07640661938534277,0.26189246330824845,0.296252869945451
213,False,LNP193<-LNP194;LNP194<-LNP854;LNP195<-LNP858;LNP782<-LNP195;LNP854<-LNP193;LNP858<-LNP782,0.5952380952380953,0.04761904761904767,0.545970695970696,0.04024679024679034,0.6793040293040293,-0.03282312925170072,0.6309523809523809,0.09523809523809523,0.606060606060606,0.07034632034632027,0.2828894749305018,0.2114609035019304,0.3409090909090909,0.032467532467532534,0.5618686868686869,0.00816644970422864,0.4916666666666666,0.013311688311688274,0.5844155844155844,0.1006493506493506,0.5555555555555556,0.07640661938534277,0.26189246330824845,0.296252869945451
214,False,LNP193<-LNP194;LNP194<-LNP854;LNP195<-LNP858;LNP782<-LNP195;LNP854<-LNP782;LNP858<-LNP193,0.35714285714285715,-0.19047619047619052,0.4233516483516484,-0.08237225737225728,0.5197802197802197,-0.19234693877551035,0.4166666666666667,-0.11904761904761901,0.2777777777777778,-0.2579365079365079,-0.31180478223116176,-0.3832333536597332,0.22402597402597393,-0.08441558441558442,0.5251704985329799,-0.028531738631478287,0.3358543417366946,-0.14250063661828372,0.4318181818181818,-0.051948051948051965,0.3454545454545454,-0.1336943907156674,-0.2405228464604172,-0.2061624398232146
215,False,LNP193<-LNP194;LNP194<-LNP854;LNP195<-LNP858;LNP782<-LNP782;LNP854<-LNP193;LNP858<-LNP195,0.5952380952380952,0.04761904761904756,0.5335016835016835,0.02777777777777779,0.7384877027734171,0.026360544217687076,0.5,-0.0357142857142857,0.3157894736842105,-0.2199248120300752,0.0,-0.07142857142857142,0.32792207792207784,0.019480519480519487,0.5575367647058823,0.0038345275414241042,0.4980158730158729,0.0196608946608946,0.5,0.01623376623376621,0.37931034482758613,-0.09983859134262668,0.0,0.03436040663720258
216,False,LNP193<-LNP194;LNP194<-LNP854;LNP195<-LNP858;LNP782<-LNP782;LNP854<-LNP195;LNP858<-LNP193,0.047619047619047616,-0.5,0.3217883967883968,-0.18393550893550886,0.3996812711098425,-0.3124458874458876,0.5,-0.0357142857142857,0.3157894736842105,-0.2199248120300752,0.0,-0.07142857142857142,0.00649350649350649,-0.30194805194805185,0.4602917284735467,-0.0934105086909115,0.27140078922687616,-0.20695418912810215,0.5,0.01623376623376621,0.37931034482758613,-0.09983859134262668,0.0,0.03436040663720258
217,False,LNP193<-LNP194;LNP194<-LNP858;LNP195<-LNP193;LNP782<-LNP195;LNP854<-LNP782;LNP858<-LNP854,0.5952380952380952,0.04761904761904756,0.5335016835016835,0.02777777777777779,0.7384877027734171,0.026360544217687076,0.6904761904761905,0.15476190476190477,0.6904761904761905,0.15476190476190477,0.38095238095238093,0.30952380952380953,0.32792207792207784,0.019480519480519487,0.5559133880825057,0.0022111509180474664,0.49563492063492054,0.01727994227994223,0.5876623376623377,0.10389610389610388,0.5847382431233363,0.10558930695312352,0.19738550848793068,0.23174591512513326
218,False,LNP193<-LNP194;LNP194<-LNP858;LNP195<-LNP193;LNP782<-LNP195;LNP854<-LNP854;LNP858<-LNP782,0.5714285714285714,0.023809523809523725,0.5310897435897436,0.025365837865837904,0.6622972265829409,-0.049829931972789177,0.6904761904761905,0.15476190476190477,0.6904761904761905,0.15476190476190477,0.38095238095238093,0.30952380952380953,0.3311688311688311,0.022727272727272763,0.5571661313596796,0.0034638941952214175,0.4694444444444444,-0.008910533910533924,0.5876623376623377,0.10389610389610388,0.5847382431233363,0.10558930695312352,0.19738550848793068,0.23174591512513326
219,False,LNP193<-LNP194;LNP194<-LNP858;LNP195<-LNP193;LNP782<-LNP782;LNP854<-LNP195;LNP858<-LNP854,0.5714285714285714,0.023809523809523725,0.5176286676286675,0.011904761904761862,0.7257326007326007,0.013605442176870652,0.6071428571428572,0.07142857142857151,0.606060606060606,0.07034632034632027,0.21957751641341997,0.14814894498484854,0.3181818181818181,0.009740259740259771,0.5474718296409472,-0.006230407523511006,0.488095238095238,0.009740259740259716,0.5194805194805195,0.035714285714285754,0.5183946488294314,0.03924571265921861,0.040291148201269084,0.07465155483847166
220,False,LNP193<-LNP194;LNP194<-LNP858;LNP195<-LNP193;LNP782<-LNP782;LNP854<-LNP854;LNP858<-LNP195,0.0,-0.5476190476190477,0.31484395234395235,-0.19087995337995334,0.38947718947718946,-0.3226499690785406,0.3333333333333333,-0.20238095238095238,0.23529411764705882,-0.3004201680672269,-0.4605661864718383,-0.5319947579004097,0.0,-0.30844155844155835,0.45677226813590455,-0.09692996902855366,0.27088319088319085,-0.20747178747178746,0.29545454545454547,-0.18831168831168832,0.26530612244897966,-0.21384281372123315,-0.46056618647183817,-0.4262057798346356
221,False,LNP193<-LNP194;LNP194<-LNP858;LNP195<-LNP193;LNP782<-LNP854;LNP854<-LNP195;LNP858<-LNP782,0.6190476190476191,0.0714285714285714,0.5450757575757575,0.03935185185185186,0.7575353218210361,0.045408163265306056,0.6071428571428572,0.07142857142857151,0.606060606060606,0.07034632034632027,0.21957751641341997,0.14814894498484854,0.3376623376623376,0.02922077922077926,0.553605313092979,-9.692407147920967e-05,0.5194444444444444,0.041089466089466065,0.5194805194805195,0.035714285714285754,0.5183946488294314,0.03924571265921861,0.040291148201269084,0.07465155483847166
222,False,LNP193<-LNP194;LNP194<-LNP858;LNP195<-LNP193;LNP782<-LNP854;LNP854<-LNP782;LNP858<-LNP195,0.047619047619047616,-0.5,0.3217883967883968,-0.18393550893550886,0.3996812711098425,-0.3124458874458876,0.3333333333333333,-0.20238095238095238,0.23529411764705882,-0.3004201680672269,-0.4605661864718383,-0.5319947579004097,0.00649350649350649,-0.30194805194805185,0.45627428127428127,-0.09742795589017694,0.26901983684592373,-0.20933514150905458,0.29545454545454547,-0.18831168831168832,0.26530612244897966,-0.21384281372123315,-0.46056618647183817,-0.4262057798346356
223,False,LNP193<-LNP194;LNP194<-LNP858;LNP195<-LNP195;LNP782<-LNP193;LNP854<-LNP782;LNP858<-LNP854,0.047619047619047616,-0.5,0.3217883967883968,-0.18393550893550886,0.3996812711098425,-0.3124458874458876,0.5,-0.0357142857142857,0.3157894736842105,-0.2199248120300752,0.0,-0.07142857142857142,0.038961038961038946,-0.26948051948051943,0.4701190607811161,-0.08358317638334212,0.2748514448514448,-0.2035035335035335,0.5,0.01623376623376621,0.37931034482758613,-0.09983859134262668,0.0,0.03436040663720258
224,False,LNP193<-LNP194;LNP194<-LNP858;LNP195<-LNP195;LNP782<-LNP193;LNP854<-LNP854;LNP858<-LNP782,0.0,-0.5476190476190477,0.31484395234395235,-0.19087995337995334,0.38947718947718946,-0.3226499690785406,0.5,-0.0357142857142857,0.3157894736842105,-0.2199248120300752,0.0,-0.07142857142857142,0.0,-0.30844155844155835,0.4644339007387597,-0.08926833642569854,0.27088319088319085,-0.20747178747178746,0.5,0.01623376623376621,0.37931034482758613,-0.09983859134262668,0.0,0.03436040663720258
225,False,LNP193<-LNP194;LNP194<-LNP858;LNP195<-LNP195;LNP782<-LNP782;LNP854<-LNP193;LNP858<-LNP854,0.4285714285714286,-0.11904761904761907,0.44649979649979654,-0.059224109224109145,0.5888278388278387,-0.12329931972789132,0.6309523809523809,0.09523809523809523,0.606060606060606,0.07034632034632027,0.2828894749305018,0.2114609035019304,0.24350649350649337,-0.06493506493506498,0.5198501361973902,-0.03385210096706803,0.40668767507002795,-0.07166730328495036,0.5844155844155844,0.1006493506493506,0.5555555555555556,0.07640661938534277,0.26189246330824845,0.296252869945451
226,False,LNP193<-LNP194;LNP194<-LNP858;LNP195<-LNP195;LNP782<-LNP782;LNP854<-LNP854;LNP858<-LNP193,0.09523809523809523,-0.45238095238095244,0.3323704073704074,-0.17335349835349828,0.41328671328671324,-0.2988404452690168,0.25,-0.2857142857142857,0.1875,-0.3482142857142857,-0.5916079783099616,-0.663036549738533,0.05844155844155842,-0.24999999999999994,0.47650463434162493,-0.07719760282283328,0.27802604802604797,-0.20032893032893034,0.34090909090909094,-0.14285714285714285,0.29411764705882354,-0.18503128911138927,-0.39192475766909773,-0.35756435103189516
227,False,LNP193<-LNP194;LNP194<-LNP858;LNP195<-LNP195;LNP782<-LNP854;LNP854<-LNP193;LNP858<-LNP782,0.30952380952380953,-0.23809523809523814,0.39835164835164844,-0.10737225737225725,0.5053502053502053,-0.2067769532055248,0.4166666666666667,-0.11904761904761901,0.2777777777777778,-0.2579365079365079,-0.31180478223116176,-0.3832333536597332,0.19480519480519468,-0.11363636363636367,0.5174720040911944,-0.036230233073263785,0.33193499622071043,-0.14641998213426788,0.4772727272727273,-0.006493506493506496,0.3684210526315789,-0.11072788353863389,-0.13483997249264773,-0.10047956585544515
228,False,LNP193<-LNP194;LNP194<-LNP858;LNP195<-LNP195;LNP782<-LNP854;LNP854<-LNP782;LNP858<-LNP193,0.09523809523809523,-0.45238095238095244,0.3323704073704074,-0.17335349835349828,0.41328671328671324,-0.2988404452690168,0.4166666666666667,-0.11904761904761901,0.2777777777777778,-0.2579365079365079,-0.31180478223116176,-0.3832333536597332,0.07792207792207789,-0.23051948051948046,0.4837312519130701,-0.06997098525138812,0.28278795278795277,-0.19556702556702554,0.4318181818181818,-0.051948051948051965,0.3454545454545454,-0.1336943907156674,-0.2405228464604172,-0.2061624398232146
229,False,LNP193<-LNP194;LNP194<-LNP858;LNP195<-LNP782;LNP782<-LNP193;LNP854<-LNP195;LNP858<-LNP854,0.5,-0.04761904761904767,0.4872053872053872,-0.01851851851851849,0.6764128728414442,-0.03571428571428581,0.4642857142857143,-0.0714285714285714,0.46153846153846156,-0.07417582417582413,-0.07142857142857142,-0.14285714285714285,0.2889610389610389,-0.01948051948051943,0.5386961236107345,-0.015006113553723721,0.44621212121212117,-0.03214285714285714,0.4480519480519481,-0.0357142857142857,0.4375,-0.041648936170212814,-0.1130805588384352,-0.07872015220123262
230,False,LNP193<-LNP194;LNP194<-LNP858;LNP195<-LNP782;LNP782<-LNP193;LNP854<-LNP854;LNP858<-LNP195,0.0,-0.5476190476190477,0.31484395234395235,-0.19087995337995334,0.38947718947718946,-0.3226499690785406,0.3333333333333333,-0.20238095238095238,0.23529411764705882,-0.3004201680672269,-0.4605661864718383,-0.5319947579004097,0.0,-0.30844155844155835,0.45677226813590455,-0.09692996902855366,0.27088319088319085,-0.20747178747178746,0.29545454545454547,-0.18831168831168832,0.26530612244897966,-0.21384281372123315,-0.46056618647183817,-0.4262057798346356
231,False,LNP193<-LNP194;LNP194<-LNP858;LNP195<-LNP782;LNP782<-LNP195;LNP854<-LNP193;LNP858<-LNP854,0.5952380952380952,0.04761904761904756,0.5335016835016835,0.02777777777777779,0.7384877027734171,0.026360544217687076,0.6904761904761905,0.15476190476190477,0.6904761904761905,0.15476190476190477,0.38095238095238093,0.30952380952380953,0.32792207792207784,0.019480519480519487,0.5559133880825057,0.0022111509180474664,0.49563492063492054,0.01727994227994223,0.5876623376623377,0.10389610389610388,0.5847382431233363,0.10558930695312352,0.19738550848793068,0.23174591512513326
232,False,LNP193<-LNP194;LNP194<-LNP858;LNP195<-LNP782;LNP782<-LNP195;LNP854<-LNP854;LNP858<-LNP193,0.5476190476190477,0.0,0.5195156695156695,0.013791763791763834,0.6432496075353218,-0.06887755102040827,0.6904761904761905,0.15476190476190477,0.6904761904761905,0.15476190476190477,0.38095238095238093,0.30952380952380953,0.3214285714285714,0.012987012987013047,0.5542794011544011,0.0005771639899428971,0.4480158730158729,-0.030339105339105388,0.5876623376623377,0.10389610389610388,0.5847382431233363,0.10558930695312352,0.19738550848793068,0.23174591512513326
233,False,LNP193<-LNP194;LNP194<-LNP858;LNP195<-LNP782;LNP782<-LNP854;LNP854<-LNP193;LNP858<-LNP195,0.0,-0.5476190476190477,0.31484395234395235,-0.19087995337995334,0.38947718947718946,-0.3226499690785406,0.3333333333333333,-0.20238095238095238,0.23529411764705882,-0.3004201680672269,-0.4605661864718383,-0.5319947579004097,0.0,-0.30844155844155835,0.452020202020202,-0.10168203514425622,0.27088319088319085,-0.20747178747178746,0.29545454545454547,-0.18831168831168832,0.26530612244897966,-0.21384281372123315,-0.46056618647183817,-0.4262057798346356
234,False,LNP193<-LNP194;LNP194<-LNP858;LNP195<-LNP782;LNP782<-LNP854;LNP854<-LNP195;LNP858<-LNP193,0.5,-0.04761904761904767,0.4872053872053872,-0.01851851851851849,0.6764128728414442,-0.03571428571428581,0.4642857142857143,-0.0714285714285714,0.46153846153846156,-0.07417582417582413,-0.07142857142857142,-0.14285714285714285,0.2889610389610389,-0.01948051948051943,0.5388218043815766,-0.014880432782881647,0.44621212121212117,-0.03214285714285714,0.4480519480519481,-0.0357142857142857,0.4375,-0.041648936170212814,-0.1130805588384352,-0.07872015220123262
235,False,LNP193<-LNP194;LNP194<-LNP858;LNP195<-LNP854;LNP782<-LNP193;LNP854<-LNP195;LNP858<-LNP782,0.35714285714285715,-0.19047619047619052,0.41409238909238916,-0.09163151663151653,0.5466200466200466,-0.16550711193568346,0.5595238095238095,0.023809523809523836,0.5125,-0.023214285714285743,0.14085904245475275,0.06943047102618133,0.2012987012987012,-0.10714285714285715,0.5108828635993321,-0.042819373565126106,0.3347961406784936,-0.1435588376764847,0.5032467532467533,0.019480519480519487,0.46375372393247266,-0.015395212237740152,0.0091535337745252,0.04351394041172778
236,False,LNP193<-LNP194;LNP194<-LNP858;LNP195<-LNP854;LNP782<-LNP193;LNP854<-LNP782;LNP858<-LNP195,0.047619047619047616,-0.5,0.3217883967883968,-0.18393550893550886,0.3996812711098425,-0.3124458874458876,0.3333333333333333,-0.20238095238095238,0.23529411764705882,-0.3004201680672269,-0.4605661864718383,-0.5319947579004097,0.0064935064935064905,-0.30194805194805185,0.4524864024864025,-0.10121583467805573,0.27140078922687616,-0.20695418912810215,0.29545454545454547,-0.18831168831168832,0.26530612244897966,-0.21384281372123315,-0.46056618647183817,-0.4262057798346356
237,False,LNP193<-LNP194;LNP194<-LNP858;LNP195<-LNP854;LNP782<-LNP195;LNP854<-LNP193;LNP858<-LNP782,0.5476190476190477,0.0,0.5195156695156695,0.013791763791763834,0.6432496075353218,-0.06887755102040827,0.6904761904761905,0.15476190476190477,0.6904761904761905,0.15476190476190477,0.38095238095238093,0.30952380952380953,0.3214285714285714,0.012987012987013047,0.5542794011544011,0.0005771639899428971,0.4480158730158729,-0.030339105339105388,0.5876623376623377,0.10389610389610388,0.5847382431233363,0.10558930695312352,0.19738550848793068,0.23174591512513326
238,False,LNP193<-LNP194;LNP194<-LNP858;LNP195<-LNP854;LNP782<-LNP195;LNP854<-LNP782;LNP858<-LNP193,0.5952380952380952,0.04761904761904756,0.5335016835016835,0.02777777777777779,0.7384877027734171,0.026360544217687076,0.6904761904761905,0.15476190476190477,0.6904761904761905,0.15476190476190477,0.38095238095238093,0.30952380952380953,0.32792207792207784,0.019480519480519487,0.5559133880825057,0.0022111509180474664,0.49563492063492054,0.01727994227994223,0.5876623376623377,0.10389610389610388,0.5847382431233363,0.10558930695312352,0.19738550848793068,0.23174591512513326
239,False,LNP193<-LNP194;LNP194<-LNP858;LNP195<-LNP854;LNP782<-LNP782;LNP854<-LNP193;LNP858<-LNP195,0.0,-0.5476190476190477,0.31484395234395235,-0.19087995337995334,0.38947718947718946,-0.3226499690785406,0.4166666666666667,-0.11904761904761901,0.2777777777777778,-0.2579365079365079,-0.31180478223116176,-0.3832333536597332,0.0,-0.30844155844155835,0.44949494949494945,-0.10420728766950876,0.27088319088319085,-0.20747178747178746,0.36363636363636365,-0.12012987012987014,0.3076923076923077,-0.1714566284779051,-0.35675303400633795,-0.3223926273691354
240,False,LNP193<-LNP194;LNP194<-LNP858;LNP195<-LNP854;LNP782<-LNP782;LNP854<-LNP195;LNP858<-LNP193,0.5,-0.04761904761904767,0.4797979797979798,-0.025925925925925908,0.6807779522065236,-0.03134920634920646,0.5357142857142857,0.0,0.5357142857142857,0.0,0.07142857142857142,0.0,0.27922077922077915,-0.029220779220779203,0.5349190317335255,-0.018783205430932703,0.44547515976087404,-0.03287981859410427,0.4837662337662338,0.0,0.4791489361702128,0.0,-0.03436040663720258,0.0
241,False,LNP193<-LNP195;LNP194<-LNP193;LNP195<-LNP194;LNP782<-LNP782;LNP854<-LNP854;LNP858<-LNP858,0.4761904761904762,-0.07142857142857145,0.48247863247863243,-0.023245273245273257,0.5954604918890634,-0.1166666666666667,0.5476190476190476,0.011904761904761862,0.5357142857142857,0.0,0.09759000729485333,0.026161435866281904,0.21103896103896097,-0.09740259740259738,0.5068015318015318,-0.046900705362926454,0.3199813258636787,-0.1583736524912996,0.44805194805194803,-0.035714285714285754,0.4375,-0.041648936170212814,-0.11308055883843511,-0.07872015220123253
242,False,LNP193<-LNP195;LNP194<-LNP193;LNP195<-LNP194;LNP782<-LNP782;LNP854<-LNP858;LNP858<-LNP854,0.047619047619047616,-0.5,0.3217883967883968,-0.18393550893550886,0.3996812711098425,-0.3124458874458876,0.4166666666666667,-0.11904761904761901,0.2777777777777778,-0.2579365079365079,-0.31180478223116176,-0.3832333536597332,0.0064935064935064905,-0.30194805194805185,0.44819347319347325,-0.10550876397098496,0.27140078922687616,-0.20695418912810215,0.36363636363636365,-0.12012987012987014,0.3076923076923077,-0.1714566284779051,-0.35675303400633795,-0.3223926273691354
243,False,LNP193<-LNP195;LNP194<-LNP193;LNP195<-LNP194;LNP782<-LNP854;LNP854<-LNP782;LNP858<-LNP858,0.5238095238095237,-0.023809523809523947,0.5102564102564102,0.004532504532504533,0.6218210361067504,-0.09030612244897962,0.5476190476190476,0.011904761904761862,0.5357142857142857,0.0,0.09759000729485333,0.026161435866281904,0.24999999999999997,-0.05844155844155838,0.5199134199134199,-0.03378881725103833,0.339069264069264,-0.1392857142857143,0.44805194805194803,-0.035714285714285754,0.4375,-0.041648936170212814,-0.11308055883843511,-0.07872015220123253
244,False,LNP193<-LNP195;LNP194<-LNP193;LNP195<-LNP194;LNP782<-LNP854;LNP854<-LNP858;LNP858<-LNP782,0.047619047619047616,-0.5,0.3217883967883968,-0.18393550893550886,0.3996812711098425,-0.3124458874458876,0.4166666666666667,-0.11904761904761901,0.2777777777777778,-0.2579365079365079,-0.31180478223116176,-0.3832333536597332,0.0064935064935064905,-0.30194805194805185,0.44819347319347325,-0.10550876397098496,0.27140078922687616,-0.20695418912810215,0.36363636363636365,-0.12012987012987014,0.3076923076923077,-0.1714566284779051,-0.35675303400633795,-0.3223926273691354
245,False,LNP193<-LNP195;LNP194<-LNP193;LNP195<-LNP194;LNP782<-LNP858;LNP854<-LNP782;LNP858<-LNP854,0.4761904761904762,-0.07142857142857145,0.48247863247863243,-0.023245273245273257,0.5954604918890634,-0.1166666666666667,0.6071428571428572,0.07142857142857151,0.606060606060606,0.07034632034632027,0.21957751641341997,0.14814894498484854,0.26298701298701294,-0.045454545454545414,0.5351976306521761,-0.01850460651228214,0.3846938775510203,-0.09366110080395801,0.4512987012987013,-0.03246753246753248,0.4514835605453088,-0.02766537562490401,-0.09631426606617752,-0.06195385942897494
246,False,LNP193<-LNP195;LNP194<-LNP193;LNP195<-LNP194;LNP782<-LNP858;LNP854<-LNP854;LNP858<-LNP782,0.3333333333333333,-0.21428571428571436,0.42919580419580416,-0.07652810152810152,0.49506366649223793,-0.21706349206349212,0.5357142857142857,0.0,0.5357142857142857,0.0,0.07142857142857142,0.0,0.18506493506493504,-0.1233766233766233,0.5129323538414448,-0.040769883323013456,0.30435199720914,-0.1740029811458383,0.41558441558441556,-0.06818181818181823,0.4155844155844156,-0.0635645205857972,-0.1688311688311691,-0.13447076219396653
247,False,LNP193<-LNP195;LNP194<-LNP193;LNP195<-LNP782;LNP782<-LNP194;LNP854<-LNP854;LNP858<-LNP858,0.09523809523809523,-0.45238095238095244,0.3323704073704074,-0.17335349835349828,0.41328671328671324,-0.2988404452690168,0.4166666666666667,-0.11904761904761901,0.2777777777777778,-0.2579365079365079,-0.31180478223116176,-0.3832333536597332,0.025974025974025962,-0.28246753246753237,0.4573232323232323,-0.09637900484122591,0.2732641432641432,-0.2050908350908351,0.36363636363636365,-0.12012987012987014,0.3076923076923077,-0.1714566284779051,-0.35675303400633795,-0.3223926273691354
248,False,LNP193<-LNP195;LNP194<-LNP193;LNP195<-LNP782;LNP782<-LNP194;LNP854<-LNP858;LNP858<-LNP854,0.5238095238095237,-0.023809523809523947,0.5102564102564102,0.004532504532504533,0.6218210361067504,-0.09030612244897962,0.6190476190476191,0.08333333333333337,0.6153846153846154,0.07967032967032972,0.23809523809523808,0.16666666666666666,0.24999999999999997,-0.05844155844155838,0.5330627705627705,-0.020639466601687695,0.339069264069264,-0.1392857142857143,0.48376623376623373,-5.551115123125783e-17,0.4791489361702128,0.0,-0.03436040663720258,0.0
249,False,LNP193<-LNP195;LNP194<-LNP193;LNP195<-LNP782;LNP782<-LNP854;LNP854<-LNP194;LNP858<-LNP858,0.5,-0.04761904761904767,0.4771524771524771,-0.02857142857142858,0.692002442002442,-0.02012471655328807,0.6309523809523809,0.09523809523809523,0.606060606060606,0.07034632034632027,0.2828894749305018,0.2114609035019304,0.24999999999999986,-0.05844155844155849,0.5179892198594244,-0.035713017305033845,0.45391156462585025,-0.02444341372912806,0.5844155844155844,0.1006493506493506,0.5555555555555556,0.07640661938534277,0.26189246330824845,0.296252869945451
250,False,LNP193<-LNP195;LNP194<-LNP193;LNP195<-LNP782;LNP782<-LNP854;LNP854<-LNP858;LNP858<-LNP194,0.30952380952380953,-0.23809523809523814,0.39464794464794467,-0.11107596107596102,0.5323343323343322,-0.1797928262213978,0.5,-0.0357142857142857,0.3157894736842105,-0.2199248120300752,0.0,-0.07142857142857142,0.14285714285714274,-0.1655844155844156,0.4971648343131719,-0.056537402851286334,0.30260480260480255,-0.17575017575017576,0.5,0.01623376623376621,0.37931034482758613,-0.09983859134262668,0.0,0.03436040663720258
251,False,LNP193<-LNP195;LNP194<-LNP193;LNP195<-LNP782;LNP782<-LNP858;LNP854<-LNP194;LNP858<-LNP854,0.5238095238095237,-0.023809523809523947,0.5102564102564102,0.004532504532504533,0.6218210361067504,-0.09030612244897962,0.6071428571428572,0.07142857142857151,0.606060606060606,0.07034632034632027,0.21957751641341997,0.14814894498484854,0.24999999999999997,-0.05844155844155838,0.5330627705627705,-0.020639466601687695,0.3366883116883116,-0.14166666666666672,0.4512987012987013,-0.03246753246753248,0.4514835605453088,-0.02766537562490401,-0.09631426606617752,-0.06195385942897494
252,False,LNP193<-LNP195;LNP194<-LNP193;LNP195<-LNP782;LNP782<-LNP858;LNP854<-LNP854;LNP858<-LNP194,0.30952380952380953,-0.23809523809523814,0.4051638176638177,-0.10056008806008798,0.4952904238618524,-0.21683673469387765,0.3333333333333333,-0.20238095238095238,0.23529411764705882,-0.3004201680672269,-0.4605661864718383,-0.5319947579004097,0.1623376623376623,-0.14610389610389604,0.5046483978541395,-0.0490538393103187,0.29698993233657095,-0.18136504601840736,0.29545454545454547,-0.18831168831168832,0.26530612244897966,-0.21384281372123315,-0.46056618647183817,-0.4262057798346356
253,False,LNP193<-LNP195;LNP194<-LNP193;LNP195<-LNP854;LNP782<-LNP194;LNP854<-LNP782;LNP858<-LNP858,0.09523809523809523,-0.45238095238095244,0.3323704073704074,-0.17335349835349828,0.41328671328671324,-0.2988404452690168,0.4166666666666667,-0.11904761904761901,0.2777777777777778,-0.2579365079365079,-0.31180478223116176,-0.3832333536597332,0.025974025974025962,-0.28246753246753237,0.45627428127428127,-0.09742795589017694,0.27088319088319085,-0.20747178747178746,0.36363636363636365,-0.12012987012987014,0.3076923076923077,-0.1714566284779051,-0.35675303400633795,-0.3223926273691354
254,False,LNP193<-LNP195;LNP194<-LNP193;LNP195<-LNP854;LNP782<-LNP194;LNP854<-LNP858;LNP858<-LNP782,0.5238095238095237,-0.023809523809523947,0.5102564102564102,0.004532504532504533,0.6218210361067504,-0.09030612244897962,0.6904761904761905,0.15476190476190477,0.6904761904761905,0.15476190476190477,0.38095238095238093,0.30952380952380953,0.24999999999999997,-0.05844155844155838,0.5330627705627705,-0.020639466601687695,0.339069264069264,-0.1392857142857143,0.5194805194805194,0.03571428571428564,0.5183946488294314,0.03924571265921861,0.040291148201268875,0.07465155483847145
255,False,LNP193<-LNP195;LNP194<-LNP193;LNP195<-LNP854;LNP782<-LNP782;LNP854<-LNP194;LNP858<-LNP858,0.40476190476190477,-0.1428571428571429,0.42622655122655123,-0.07949735449735446,0.6482073482073482,-0.0639198103483819,0.5595238095238095,0.023809523809523836,0.5125,-0.023214285714285743,0.14085904245475275,0.06943047102618133,0.21103896103896086,-0.09740259740259749,0.5073569849083162,-0.046345252256142055,0.42530973742153866,-0.05304524093343965,0.5487012987012987,0.0649350649350649,0.49946524064171127,0.02031630447149846,0.1718020331860125,0.20616243982321508
256,False,LNP193<-LNP195;LNP194<-LNP193;LNP195<-LNP854;LNP782<-LNP782;LNP854<-LNP858;LNP858<-LNP194,0.5952380952380952,0.04761904761904756,0.5335016835016835,0.02777777777777779,0.7384877027734171,0.026360544217687076,0.5476190476190476,0.011904761904761862,0.5357142857142857,0.0,0.09759000729485333,0.026161435866281904,0.30844155844155835,0.0,0.5419929335370511,-0.011709303627407075,0.4783549783549783,0.0,0.44805194805194803,-0.035714285714285754,0.4375,-0.041648936170212814,-0.11308055883843511,-0.07872015220123253
257,False,LNP193<-LNP195;LNP194<-LNP193;LNP195<-LNP854;LNP782<-LNP858;LNP854<-LNP194;LNP858<-LNP782,0.4761904761904762,-0.07142857142857145,0.48247863247863243,-0.023245273245273257,0.5954604918890634,-0.1166666666666667,0.6071428571428572,0.07142857142857151,0.606060606060606,0.07034632034632027,0.21957751641341997,0.14814894498484854,0.23051948051948049,-0.07792207792207786,0.5265068265068265,-0.027195410657631758,0.32517006802721077,-0.15318491032776754,0.4512987012987013,-0.03246753246753248,0.4514835605453088,-0.02766537562490401,-0.09631426606617752,-0.06195385942897494
258,False,LNP193<-LNP195;LNP194<-LNP193;LNP195<-LNP854;LNP782<-LNP858;LNP854<-LNP782;LNP858<-LNP194,0.35714285714285715,-0.19047619047619052,0.4307590557590558,-0.07496484996484987,0.5134310134310134,-0.19869614512471667,0.47619047619047616,-0.059523809523809534,0.4484848484848485,-0.08722943722943721,-0.05143444998736397,-0.12286302141593539,0.1818181818181818,-0.12662337662337655,0.5114492753623188,-0.042252961802139444,0.3029150587974117,-0.1754399195575666,0.3668831168831169,-0.11688311688311687,0.35659574468085115,-0.12255319148936167,-0.28175533442506023,-0.24739492778785765
259,False,LNP193<-LNP195;LNP194<-LNP193;LNP195<-LNP858;LNP782<-LNP194;LNP854<-LNP782;LNP858<-LNP854,0.16666666666666666,-0.38095238095238104,0.36014818514818514,-0.14557572057572055,0.4320818070818071,-0.28004535147392295,0.4166666666666667,-0.11904761904761901,0.2777777777777778,-0.2579365079365079,-0.31180478223116176,-0.3832333536597332,0.11688311688311687,-0.19155844155844148,0.4919115367391229,-0.0617907004253353,0.2878088077336197,-0.1905461706213586,0.36363636363636365,-0.12012987012987014,0.3076923076923077,-0.1714566284779051,-0.35675303400633795,-0.3223926273691354
260,False,LNP193<-LNP195;LNP194<-LNP193;LNP195<-LNP858;LNP782<-LNP194;LNP854<-LNP854;LNP858<-LNP782,0.42857142857142855,-0.11904761904761912,0.46382783882783885,-0.04189606689606684,0.5515262515262515,-0.1606009070294786,0.5476190476190476,0.011904761904761862,0.5357142857142857,0.0,0.09759000729485333,0.026161435866281904,0.22402597402597396,-0.08441558441558439,0.5248852157943067,-0.02881702137015152,0.3251803751803751,-0.15317460317460319,0.44805194805194803,-0.035714285714285754,0.4375,-0.041648936170212814,-0.11308055883843511,-0.07872015220123253
261,False,LNP193<-LNP195;LNP194<-LNP193;LNP195<-LNP858;LNP782<-LNP782;LNP854<-LNP194;LNP858<-LNP854,0.0,-0.5476190476190477,0.31484395234395235,-0.19087995337995334,0.38947718947718946,-0.3226499690785406,0.3333333333333333,-0.20238095238095238,0.23529411764705882,-0.3004201680672269,-0.4605661864718383,-0.5319947579004097,0.0,-0.30844155844155835,0.45580808080808083,-0.09789415635637738,0.27088319088319085,-0.20747178747178746,0.29545454545454547,-0.18831168831168832,0.26530612244897966,-0.21384281372123315,-0.46056618647183817,-0.4262057798346356
262,False,LNP193<-LNP195;LNP194<-LNP193;LNP195<-LNP858;LNP782<-LNP782;LNP854<-LNP854;LNP858<-LNP194,0.35714285714285715,-0.19047619047619052,0.4233516483516484,-0.08237225737225728,0.5197802197802197,-0.19234693877551035,0.3333333333333333,-0.20238095238095238,0.23529411764705882,-0.3004201680672269,-0.4605661864718383,-0.5319947579004097,0.17532467532467522,-0.13311688311688313,0.4948426573426573,-0.0588595798218009,0.308531746031746,-0.16982323232323232,0.3409090909090909,-0.1428571428571429,0.29411764705882354,-0.18503128911138927,-0.3919247576690978,-0.3575643510318952
263,False,LNP193<-LNP195;LNP194<-LNP193;LNP195<-LNP858;LNP782<-LNP854;LNP854<-LNP194;LNP858<-LNP782,0.0,-0.5476190476190477,0.31484395234395235,-0.19087995337995334,0.38947718947718946,-0.3226499690785406,0.5,-0.0357142857142857,0.3157894736842105,-0.2199248120300752,0.0,-0.07142857142857142,0.0,-0.30844155844155835,0.44772727272727275,-0.10597496443718546,0.27088319088319085,-0.20747178747178746,0.5,0.01623376623376621,0.37931034482758613,-0.09983859134262668,0.0,0.03436040663720258
264,False,LNP193<-LNP195;LNP194<-LNP193;LNP195<-LNP858;LNP782<-LNP854;LNP854<-LNP782;LNP858<-LNP194,0.2380952380952381,-0.30952380952380953,0.3756243756243757,-0.13009953009953001,0.4624930624930625,-0.24963409606266757,0.4166666666666667,-0.11904761904761901,0.2777777777777778,-0.2579365079365079,-0.31180478223116176,-0.3832333536597332,0.09740259740259734,-0.21103896103896103,0.47293543170825114,-0.08076680545620707,0.2842808258569128,-0.19407415249806553,0.36363636363636365,-0.12012987012987014,0.3076923076923077,-0.1714566284779051,-0.35675303400633795,-0.3223926273691354
265,False,LNP193<-LNP195;LNP194<-LNP194;LNP195<-LNP193;LNP782<-LNP782;LNP854<-LNP854;LNP858<-LNP858,0.09523809523809523,-0.45238095238095244,0.3323704073704074,-0.17335349835349828,0.41328671328671324,-0.2988404452690168,0.3333333333333333,-0.20238095238095238,0.23529411764705882,-0.3004201680672269,-0.4605661864718383,-0.5319947579004097,0.045454545454545435,-0.26298701298701294,0.4735416364602968,-0.08016060070416142,0.27578515166750456,-0.20256982668747375,0.36363636363636365,-0.12012987012987014,0.30769230769230765,-0.17145662847790516,-0.3567530340063377,-0.3223926273691351
266,False,LNP193<-LNP195;LNP194<-LNP194;LNP195<-LNP193;LNP782<-LNP782;LNP854<-LNP858;LNP858<-LNP854,0.5238095238095237,-0.023809523809523947,0.4964646464646464,-0.0092592592592593,0.6906985871271585,-0.021428571428571574,0.6071428571428572,0.07142857142857151,0.606060606060606,0.07034632034632027,0.21957751641341997,0.14814894498484854,0.29870129870129863,-0.009740259740259716,0.5484613028141785,-0.0052409343502797245,0.4553957946815089,-0.022959183673469385,0.5194805194805195,0.035714285714285754,0.5183946488294314,0.03924571265921861,0.040291148201269084,0.07465155483847166
267,False,LNP193<-LNP195;LNP194<-LNP194;LNP195<-LNP193;LNP782<-LNP854;LNP854<-LNP782;LNP858<-LNP858,0.19047619047619047,-0.3571428571428572,0.35836247086247086,-0.14736143486143483,0.44593977451120304,-0.266187384044527,0.4166666666666667,-0.11904761904761901,0.2777777777777778,-0.2579365079365079,-0.31180478223116176,-0.3832333536597332,0.12337662337662328,-0.18506493506493507,0.4967585410017402,-0.056943696162717994,0.2904835904835904,-0.1878713878713879,0.4318181818181818,-0.051948051948051965,0.3454545454545454,-0.1336943907156674,-0.2405228464604172,-0.2061624398232146
268,False,LNP193<-LNP195;LNP194<-LNP194;LNP195<-LNP193;LNP782<-LNP854;LNP854<-LNP858;LNP858<-LNP782,0.6428571428571429,0.09523809523809523,0.55995670995671,0.0542328042328043,0.7745421245421246,0.06241496598639451,0.6904761904761905,0.15476190476190477,0.6904761904761905,0.15476190476190477,0.38095238095238093,0.30952380952380953,0.3474025974025974,0.03896103896103903,0.5635026737967914,0.00980043663233321,0.5392857142857143,0.060930735930735946,0.5876623376623377,0.10389610389610388,0.5847382431233363,0.10558930695312352,0.19738550848793068,0.23174591512513326
269,False,LNP193<-LNP195;LNP194<-LNP194;LNP195<-LNP193;LNP782<-LNP858;LNP854<-LNP782;LNP858<-LNP854,0.6904761904761905,0.1428571428571428,0.671067821067821,0.16534391534391535,0.7874458874458875,0.07531872889015745,0.6904761904761905,0.15476190476190477,0.6904761904761905,0.15476190476190477,0.38095238095238093,0.30952380952380953,0.5227272727272727,0.21428571428571436,0.7255156608097784,0.17181342364532015,0.5845238095238094,0.10616883116883113,0.5876623376623377,0.10389610389610388,0.5847382431233363,0.10558930695312352,0.19738550848793068,0.23174591512513326
270,False,LNP193<-LNP195;LNP194<-LNP194;LNP195<-LNP193;LNP782<-LNP858;LNP854<-LNP854;LNP858<-LNP782,0.6666666666666667,0.11904761904761907,0.5877344877344878,0.08201058201058209,0.781035631035631,0.06890847247990095,0.6904761904761905,0.15476190476190477,0.6904761904761905,0.15476190476190477,0.38095238095238093,0.30952380952380953,0.40584415584415584,0.09740259740259749,0.589152024446142,0.0354497872816838,0.5511904761904761,0.07283549783549781,0.5876623376623377,0.10389610389610388,0.5847382431233363,0.10558930695312352,0.19738550848793068,0.23174591512513326
271,False,LNP193<-LNP195;LNP194<-LNP194;LNP195<-LNP782;LNP782<-LNP193;LNP854<-LNP854;LNP858<-LNP858,0.047619047619047616,-0.5,0.3217883967883968,-0.18393550893550886,0.3996812711098425,-0.3124458874458876,0.3333333333333333,-0.20238095238095238,0.23529411764705882,-0.3004201680672269,-0.4605661864718383,-0.5319947579004097,0.03896103896103894,-0.26948051948051943,0.47017906336088156,-0.08352317380357666,0.2748514448514448,-0.2035035335035335,0.36363636363636365,-0.12012987012987014,0.30769230769230765,-0.17145662847790516,-0.3567530340063377,-0.3223926273691351
272,False,LNP193<-LNP195;LNP194<-LNP194;LNP195<-LNP782;LNP782<-LNP193;LNP854<-LNP858;LNP858<-LNP854,0.5,-0.04761904761904767,0.4872053872053872,-0.01851851851851849,0.6764128728414442,-0.03571428571428581,0.4642857142857143,-0.0714285714285714,0.46153846153846156,-0.07417582417582413,-0.07142857142857142,-0.14285714285714285,0.2889610389610389,-0.01948051948051943,0.5455143054289164,-0.008187931735541776,0.44621212121212117,-0.03214285714285714,0.4480519480519481,-0.0357142857142857,0.4375,-0.041648936170212814,-0.1130805588384352,-0.07872015220123262
273,False,LNP193<-LNP195;LNP194<-LNP194;LNP195<-LNP782;LNP782<-LNP854;LNP854<-LNP193;LNP858<-LNP858,0.21428571428571427,-0.33333333333333337,0.3666958041958042,-0.13902810152810147,0.4522889808604094,-0.25983817769532064,0.5,-0.0357142857142857,0.3157894736842105,-0.2199248120300752,0.0,-0.07142857142857142,0.15584415584415576,-0.1525974025974026,0.5064109474188525,-0.0472912897456057,0.30193325193325193,-0.17642172642172638,0.5,0.01623376623376621,0.37931034482758613,-0.09983859134262668,0.0,0.03436040663720258
274,False,LNP193<-LNP195;LNP194<-LNP194;LNP195<-LNP782;LNP782<-LNP854;LNP854<-LNP858;LNP858<-LNP193,0.6428571428571429,0.09523809523809523,0.55995670995671,0.0542328042328043,0.7745421245421246,0.06241496598639451,0.6071428571428572,0.07142857142857151,0.606060606060606,0.07034632034632027,0.21957751641341997,0.14814894498484854,0.3474025974025974,0.03896103896103903,0.5635026737967914,0.00980043663233321,0.5392857142857143,0.060930735930735946,0.5194805194805195,0.035714285714285754,0.5183946488294314,0.03924571265921861,0.040291148201269084,0.07465155483847166
275,False,LNP193<-LNP195;LNP194<-LNP194;LNP195<-LNP782;LNP782<-LNP858;LNP854<-LNP193;LNP858<-LNP854,0.6428571428571428,0.09523809523809512,0.6446127946127946,0.13888888888888895,0.7513914656771801,0.039264307121450015,0.6904761904761905,0.15476190476190477,0.6904761904761905,0.15476190476190477,0.38095238095238093,0.30952380952380953,0.5032467532467533,0.19480519480519493,0.7195497517188694,0.16584751455441116,0.5432539682539682,0.0648989898989899,0.5876623376623377,0.10389610389610388,0.5847382431233363,0.10558930695312352,0.19738550848793068,0.23174591512513326
276,False,LNP193<-LNP195;LNP194<-LNP194;LNP195<-LNP782;LNP782<-LNP858;LNP854<-LNP854;LNP858<-LNP193,0.6428571428571428,0.09523809523809512,0.6446127946127946,0.13888888888888895,0.7513914656771801,0.039264307121450015,0.6904761904761905,0.15476190476190477,0.6904761904761905,0.15476190476190477,0.38095238095238093,0.30952380952380953,0.5032467532467533,0.19480519480519493,0.7195497517188694,0.16584751455441116,0.5432539682539682,0.0648989898989899,0.5876623376623377,0.10389610389610388,0.5847382431233363,0.10558930695312352,0.19738550848793068,0.23174591512513326
277,False,LNP193<-LNP195;LNP194<-LNP194;LNP195<-LNP854;LNP782<-LNP193;LNP854<-LNP782;LNP858<-LNP858,0.047619047619047616,-0.5,0.3217883967883968,-0.18393550893550886,0.3996812711098425,-0.3124458874458876,0.4166666666666667,-0.11904761904761901,0.2777777777777778,-0.2579365079365079,-0.31180478223116176,-0.3832333536597332,0.00649350649350649,-0.30194805194805185,0.4602917284735467,-0.0934105086909115,0.27140078922687616,-0.20695418912810215,0.4318181818181818,-0.051948051948051965,0.3454545454545454,-0.1336943907156674,-0.2405228464604172,-0.2061624398232146
278,False,LNP193<-LNP195;LNP194<-LNP194;LNP195<-LNP854;LNP782<-LNP193;LNP854<-LNP858;LNP858<-LNP782,0.6428571428571429,0.09523809523809523,0.55995670995671,0.0542328042328043,0.7745421245421246,0.06241496598639451,0.6071428571428572,0.07142857142857151,0.606060606060606,0.07034632034632027,0.21957751641341997,0.14814894498484854,0.3474025974025974,0.03896103896103903,0.5635026737967914,0.00980043663233321,0.5392857142857143,0.060930735930735946,0.5194805194805195,0.035714285714285754,0.5183946488294314,0.03924571265921861,0.040291148201269084,0.07465155483847166
279,False,LNP193<-LNP195;LNP194<-LNP194;LNP195<-LNP854;LNP782<-LNP782;LNP854<-LNP193;LNP858<-LNP858,0.047619047619047616,-0.5,0.3217883967883968,-0.18393550893550886,0.3996812711098425,-0.3124458874458876,0.3333333333333333,-0.20238095238095238,0.23529411764705882,-0.3004201680672269,-0.4605661864718383,-0.5319947579004097,0.00649350649350649,-0.30194805194805185,0.4602917284735467,-0.0934105086909115,0.27140078922687616,-0.20695418912810215,0.36363636363636365,-0.12012987012987014,0.30769230769230765,-0.17145662847790516,-0.3567530340063377,-0.3223926273691351
280,False,LNP193<-LNP195;LNP194<-LNP194;LNP195<-LNP854;LNP782<-LNP782;LNP854<-LNP858;LNP858<-LNP193,0.5952380952380952,0.04761904761904756,0.5292027417027417,0.023478835978836043,0.7447802197802198,0.03265306122448974,0.6071428571428572,0.07142857142857151,0.606060606060606,0.07034632034632027,0.21957751641341997,0.14814894498484854,0.32792207792207784,0.019480519480519487,0.5571767416644077,0.00347450449994946,0.5095238095238095,0.03116883116883118,0.5194805194805195,0.035714285714285754,0.5183946488294314,0.03924571265921861,0.040291148201269084,0.07465155483847166
281,False,LNP193<-LNP195;LNP194<-LNP194;LNP195<-LNP854;LNP782<-LNP858;LNP854<-LNP193;LNP858<-LNP782,0.6666666666666667,0.11904761904761907,0.5877344877344878,0.08201058201058209,0.781035631035631,0.06890847247990095,0.6904761904761905,0.15476190476190477,0.6904761904761905,0.15476190476190477,0.38095238095238093,0.30952380952380953,0.40584415584415584,0.09740259740259749,0.589152024446142,0.0354497872816838,0.5511904761904761,0.07283549783549781,0.5876623376623377,0.10389610389610388,0.5847382431233363,0.10558930695312352,0.19738550848793068,0.23174591512513326
282,False,LNP193<-LNP195;LNP194<-LNP194;LNP195<-LNP854;LNP782<-LNP858;LNP854<-LNP782;LNP858<-LNP193,0.6428571428571428,0.09523809523809512,0.6446127946127946,0.13888888888888895,0.7513914656771801,0.039264307121450015,0.6904761904761905,0.15476190476190477,0.6904761904761905,0.15476190476190477,0.38095238095238093,0.30952380952380953,0.5032467532467533,0.19480519480519493,0.7195497517188694,0.16584751455441116,0.5464285714285714,0.06807359307359306,0.5876623376623377,0.10389610389610388,0.5847382431233363,0.10558930695312352,0.19738550848793068,0.23174591512513326
283,False,LNP193<-LNP195;LNP194<-LNP194;LNP195<-LNP858;LNP782<-LNP193;LNP854<-LNP782;LNP858<-LNP854,0.16666666666666666,-0.38095238095238104,0.36014818514818514,-0.14557572057572055,0.4320818070818071,-0.28004535147392295,0.4166666666666667,-0.11904761904761901,0.2777777777777778,-0.2579365079365079,-0.31180478223116176,-0.3832333536597332,0.13636363636363635,-0.172077922077922,0.5021961385009974,-0.051506098663460786,0.2925707124955245,-0.1857842658594538,0.4318181818181818,-0.051948051948051965,0.3454545454545454,-0.1336943907156674,-0.2405228464604172,-0.2061624398232146
284,False,LNP193<-LNP195;LNP194<-LNP194;LNP195<-LNP858;LNP782<-LNP193;LNP854<-LNP854;LNP858<-LNP782,0.5238095238095238,-0.023809523809523836,0.5036426536426536,-0.002081252081252094,0.6304945054945055,-0.08163265306122458,0.5476190476190476,0.011904761904761862,0.5357142857142857,0.0,0.09759000729485333,0.026161435866281904,0.3116883116883116,0.0032467532467532756,0.5550910894660894,0.001388852301631216,0.4404761904761904,-0.0378787878787879,0.5162337662337663,0.03246753246753248,0.4957983193277311,0.016649383157518294,0.03999232221113232,0.0743527288483349
285,False,LNP193<-LNP195;LNP194<-LNP194;LNP195<-LNP858;LNP782<-LNP782;LNP854<-LNP193;LNP858<-LNP854,0.2857142857142857,-0.261904761904762,0.4006243756243757,-0.10509953009952999,0.4769230769230769,-0.23520408163265316,0.25,-0.2857142857142857,0.1875,-0.3482142857142857,-0.5916079783099616,-0.663036549738533,0.20454545454545447,-0.10389610389610388,0.5227312460267005,-0.030970991137757697,0.3167800453514739,-0.1615749330035044,0.34090909090909094,-0.14285714285714285,0.29411764705882354,-0.18503128911138927,-0.39192475766909773,-0.35756435103189516
286,False,LNP193<-LNP195;LNP194<-LNP194;LNP195<-LNP858;LNP782<-LNP782;LNP854<-LNP854;LNP858<-LNP193,0.38095238095238093,-0.16666666666666674,0.440018315018315,-0.06570559070559068,0.5277167277167276,-0.18441043083900244,0.5476190476190476,0.011904761904761862,0.5357142857142857,0.0,0.09759000729485333,0.026161435866281904,0.25324675324675316,-0.055194805194805185,0.5378418516349551,-0.015860385529503085,0.34863945578231287,-0.12971552257266544,0.5162337662337663,0.03246753246753248,0.4957983193277311,0.016649383157518294,0.03999232221113232,0.0743527288483349
287,False,LNP193<-LNP195;LNP194<-LNP194;LNP195<-LNP858;LNP782<-LNP854;LNP854<-LNP193;LNP858<-LNP782,0.5952380952380953,0.04761904761904767,0.545970695970696,0.04024679024679034,0.6793040293040293,-0.03282312925170072,0.7023809523809523,0.16666666666666663,0.6904761904761905,0.15476190476190477,0.4147575310031266,0.3433289595745552,0.3409090909090909,0.032467532467532534,0.5643037518037518,0.010601514639293597,0.4916666666666666,0.013311688311688274,0.6201298701298701,0.1363636363636363,0.6067527308838134,0.12760379471360062,0.33868074965743356,0.37304115629463613
288,False,LNP193<-LNP195;LNP194<-LNP194;LNP195<-LNP858;LNP782<-LNP854;LNP854<-LNP782;LNP858<-LNP193,0.38095238095238093,-0.16666666666666674,0.440018315018315,-0.06570559070559068,0.5277167277167276,-0.18441043083900244,0.47619047619047616,-0.059523809523809534,0.4484848484848485,-0.08722943722943721,-0.05143444998736397,-0.12286302141593539,0.25324675324675316,-0.055194805194805185,0.5378418516349551,-0.015860385529503085,0.34863945578231287,-0.12971552257266544,0.48051948051948057,-0.00324675324675322,0.44615384615384623,-0.03299509001636658,-0.050964719143762376,-0.016604312506559797
289,False,LNP193<-LNP195;LNP194<-LNP782;LNP195<-LNP193;LNP782<-LNP194;LNP854<-LNP854;LNP858<-LNP858,0.11904761904761904,-0.4285714285714286,0.33792596292596294,-0.16779794279794275,0.4192390942390942,-0.29288806431663583,0.4166666666666667,-0.11904761904761901,0.2777777777777778,-0.2579365079365079,-0.31180478223116176,-0.3832333536597332,0.035714285714285685,-0.27272727272727265,0.4592712842712843,-0.09443095289317394,0.2744329744329744,-0.20392200392200394,0.36363636363636365,-0.12012987012987014,0.3076923076923077,-0.1714566284779051,-0.35675303400633795,-0.3223926273691354
290,False,LNP193<-LNP195;LNP194<-LNP782;LNP195<-LNP193;LNP782<-LNP194;LNP854<-LNP858;LNP858<-LNP854,0.5238095238095237,-0.023809523809523947,0.5102564102564102,0.004532504532504533,0.6218210361067504,-0.09030612244897962,0.6904761904761905,0.15476190476190477,0.6904761904761905,0.15476190476190477,0.38095238095238093,0.30952380952380953,0.24999999999999997,-0.05844155844155838,0.5330627705627705,-0.020639466601687695,0.339069264069264,-0.1392857142857143,0.5194805194805194,0.03571428571428564,0.5183946488294314,0.03924571265921861,0.040291148201268875,0.07465155483847145
291,False,LNP193<-LNP195;LNP194<-LNP782;LNP195<-LNP193;LNP782<-LNP854;LNP854<-LNP194;LNP858<-LNP858,0.5,-0.04761904761904767,0.4797979797979798,-0.025925925925925908,0.6807779522065236,-0.03134920634920646,0.4642857142857143,-0.0714285714285714,0.46153846153846156,-0.07417582417582413,-0.07142857142857142,-0.14285714285714285,0.24025974025974017,-0.06818181818181818,0.5135378061285745,-0.04016443103588374,0.42428971588635456,-0.054065262468623754,0.3116883116883117,-0.1720779220779221,0.3142857142857143,-0.16486322188449853,-0.3694942137922784,-0.33513380715507585
292,False,LNP193<-LNP195;LNP194<-LNP782;LNP195<-LNP193;LNP782<-LNP854;LNP854<-LNP858;LNP858<-LNP194,0.5476190476190476,-1.1102230246251565e-16,0.5083694083694084,0.002645502645502673,0.7043040293040292,-0.007823129251700811,0.5476190476190476,0.011904761904761862,0.5357142857142857,0.0,0.09759000729485333,0.026161435866281904,0.27922077922077915,-0.029220779220779203,0.5292641850128481,-0.0244380521516101,0.44025974025974024,-0.03809523809523807,0.44805194805194803,-0.035714285714285754,0.4375,-0.041648936170212814,-0.11308055883843511,-0.07872015220123253
293,False,LNP193<-LNP195;LNP194<-LNP782;LNP195<-LNP193;LNP782<-LNP858;LNP854<-LNP194;LNP858<-LNP854,0.5952380952380952,0.04761904761904756,0.5335016835016835,0.02777777777777779,0.7384877027734171,0.026360544217687076,0.6071428571428572,0.07142857142857151,0.606060606060606,0.07034632034632027,0.21957751641341997,0.14814894498484854,0.30844155844155835,0.0,0.548811115355233,-0.004891121809225241,0.4783549783549783,0.0,0.4512987012987013,-0.03246753246753248,0.4514835605453088,-0.02766537562490401,-0.09631426606617752,-0.06195385942897494
294,False,LNP193<-LNP195;LNP194<-LNP782;LNP195<-LNP193;LNP782<-LNP858;LNP854<-LNP854;LNP858<-LNP194,0.35714285714285715,-0.19047619047619052,0.4307590557590558,-0.07496484996484987,0.5134310134310134,-0.19869614512471667,0.4642857142857143,-0.0714285714285714,0.46153846153846156,-0.07417582417582413,-0.07142857142857142,-0.14285714285714285,0.1818181818181818,-0.12662337662337655,0.5114492753623188,-0.042252961802139444,0.3029150587974117,-0.1754399195575666,0.37987012987012986,-0.10389610389610393,0.37777777777777777,-0.10137115839243505,-0.2438488811817297,-0.20948847454452713
295,False,LNP193<-LNP195;LNP194<-LNP782;LNP195<-LNP194;LNP782<-LNP193;LNP854<-LNP854;LNP858<-LNP858,0.45238095238095233,-0.09523809523809534,0.48049450549450545,-0.025229400229400234,0.5614468864468865,-0.1506802721088436,0.5476190476190476,0.011904761904761862,0.5357142857142857,0.0,0.09759000729485333,0.026161435866281904,0.22402597402597396,-0.08441558441558439,0.5113636363636364,-0.04233860080082186,0.3251803751803751,-0.15317460317460319,0.44805194805194803,-0.035714285714285754,0.4375,-0.041648936170212814,-0.11308055883843511,-0.07872015220123253
296,False,LNP193<-LNP195;LNP194<-LNP782;LNP195<-LNP194;LNP782<-LNP193;LNP854<-LNP858;LNP858<-LNP854,0.047619047619047616,-0.5,0.3217883967883968,-0.18393550893550886,0.3996812711098425,-0.3124458874458876,0.4166666666666667,-0.11904761904761901,0.2777777777777778,-0.2579365079365079,-0.31180478223116176,-0.3832333536597332,0.0064935064935064905,-0.30194805194805185,0.44819347319347325,-0.10550876397098496,0.27140078922687616,-0.20695418912810215,0.36363636363636365,-0.12012987012987014,0.3076923076923077,-0.1714566284779051,-0.35675303400633795,-0.3223926273691354
297,False,LNP193<-LNP195;LNP194<-LNP782;LNP195<-LNP194;LNP782<-LNP854;LNP854<-LNP193;LNP858<-LNP858,0.47619047619047616,-0.07142857142857151,0.4963675213675214,-0.009356384356384306,0.5742019884877028,-0.1379251700680273,0.6190476190476191,0.08333333333333337,0.6153846153846154,0.07967032967032972,0.23809523809523808,0.16666666666666666,0.2435064935064935,-0.06493506493506485,0.5181818181818182,-0.03552041898264002,0.33510101010101007,-0.14325396825396824,0.48376623376623373,-5.551115123125783e-17,0.4791489361702128,0.0,-0.03436040663720258,0.0
298,False,LNP193<-LNP195;LNP194<-LNP782;LNP195<-LNP194;LNP782<-LNP854;LNP854<-LNP858;LNP858<-LNP193,0.047619047619047616,-0.5,0.3217883967883968,-0.18393550893550886,0.3996812711098425,-0.3124458874458876,0.3333333333333333,-0.20238095238095238,0.23529411764705882,-0.3004201680672269,-0.4605661864718383,-0.5319947579004097,0.00649350649350649,-0.30194805194805185,0.45627428127428127,-0.09742795589017694,0.27140078922687616,-0.20695418912810215,0.29545454545454547,-0.18831168831168832,0.26530612244897966,-0.21384281372123315,-0.46056618647183817,-0.4262057798346356
299,False,LNP193<-LNP195;LNP194<-LNP782;LNP195<-LNP194;LNP782<-LNP858;LNP854<-LNP193;LNP858<-LNP854,0.5,-0.04761904761904767,0.49173789173789173,-0.013986013986013957,0.6168890633176347,-0.09523809523809534,0.6071428571428572,0.07142857142857151,0.606060606060606,0.07034632034632027,0.21957751641341997,0.14814894498484854,0.28246753246753237,-0.025974025974025983,0.541740216201423,-0.011962020963035225,0.41683673469387744,-0.06151824366110087,0.4512987012987013,-0.03246753246753248,0.4514835605453088,-0.02766537562490401,-0.09631426606617752,-0.06195385942897494
300,False,LNP193<-LNP195;LNP194<-LNP782;LNP195<-LNP194;LNP782<-LNP858;LNP854<-LNP854;LNP858<-LNP193,0.42857142857142855,-0.11904761904761912,0.4685897435897436,-0.037134162134162096,0.5478414442700157,-0.16428571428571437,0.5238095238095238,-0.011904761904761862,0.5125,-0.023214285714285743,0.05143444998736397,-0.019994121441207456,0.25324675324675316,-0.055194805194805185,0.5339779342914138,-0.019724302873044386,0.34625850340136044,-0.13209647495361787,0.3831168831168831,-0.10064935064935071,0.3812500000000001,-0.09789893617021272,-0.22792115291927598,-0.1935607462820734
301,False,LNP193<-LNP195;LNP194<-LNP782;LNP195<-LNP854;LNP782<-LNP193;LNP854<-LNP194;LNP858<-LNP858,0.4523809523809524,-0.09523809523809529,0.4512265512265512,-0.05449735449735449,0.6626373626373625,-0.04948979591836755,0.47619047619047616,-0.059523809523809534,0.4484848484848485,-0.08722943722943721,-0.05143444998736397,-0.12286302141593539,0.22077922077922066,-0.08766233766233769,0.5086357057264985,-0.04506653143795969,0.4196428571428571,-0.058712121212121215,0.41233766233766234,-0.07142857142857145,0.3930789707187223,-0.08606996545149054,-0.1973855084879307,-0.16302510185072813
302,False,LNP193<-LNP195;LNP194<-LNP782;LNP195<-LNP854;LNP782<-LNP193;LNP854<-LNP858;LNP858<-LNP194,0.5476190476190477,0.0,0.5009620009620009,-0.004761904761904745,0.7158119658119657,0.003684807256235656,0.5476190476190476,0.011904761904761862,0.5357142857142857,0.0,0.09759000729485333,0.026161435866281904,0.2792207792207791,-0.02922077922077926,0.5276039134662128,-0.026098323698245385,0.465599876314162,-0.012755102040816313,0.44805194805194803,-0.035714285714285754,0.4375,-0.041648936170212814,-0.11308055883843511,-0.07872015220123253
303,False,LNP193<-LNP195;LNP194<-LNP782;LNP195<-LNP854;LNP782<-LNP194;LNP854<-LNP193;LNP858<-LNP858,0.09523809523809523,-0.45238095238095244,0.3323704073704074,-0.17335349835349828,0.41328671328671324,-0.2988404452690168,0.4166666666666667,-0.11904761904761901,0.2777777777777778,-0.2579365079365079,-0.31180478223116176,-0.3832333536597332,0.025974025974025962,-0.28246753246753237,0.4573232323232323,-0.09637900484122591,0.2732641432641432,-0.2050908350908351,0.36363636363636365,-0.12012987012987014,0.3076923076923077,-0.1714566284779051,-0.35675303400633795,-0.3223926273691354
304,False,LNP193<-LNP195;LNP194<-LNP782;LNP195<-LNP854;LNP782<-LNP194;LNP854<-LNP858;LNP858<-LNP193,0.5714285714285714,0.023809523809523725,0.5242424242424242,0.01851851851851849,0.7170591313448456,0.004931972789115502,0.6904761904761905,0.15476190476190477,0.6904761904761905,0.15476190476190477,0.38095238095238093,0.30952380952380953,0.2889610389610389,-0.01948051948051943,0.5428666921313979,-0.010835545033060279,0.44621212121212117,-0.03214285714285714,0.5194805194805194,0.03571428571428564,0.5183946488294314,0.03924571265921861,0.040291148201268875,0.07465155483847145
305,False,LNP193<-LNP195;LNP194<-LNP782;LNP195<-LNP854;LNP782<-LNP858;LNP854<-LNP193;LNP858<-LNP194,0.380952380952381,-0.16666666666666669,0.4426638176638177,-0.063060088060088,0.5236350950636666,-0.1884920634920635,0.4642857142857143,-0.0714285714285714,0.46153846153846156,-0.07417582417582413,-0.07142857142857142,-0.14285714285714285,0.19155844155844154,-0.11688311688311681,0.5146831955922865,-0.03901904157217173,0.30651649937364217,-0.17183847898133614,0.37987012987012986,-0.10389610389610393,0.37777777777777777,-0.10137115839243505,-0.2438488811817297,-0.20948847454452713
306,False,LNP193<-LNP195;LNP194<-LNP782;LNP195<-LNP854;LNP782<-LNP858;LNP854<-LNP194;LNP858<-LNP193,0.5238095238095237,-0.023809523809523947,0.5102564102564102,0.004532504532504533,0.6218210361067504,-0.09030612244897962,0.6071428571428572,0.07142857142857151,0.606060606060606,0.07034632034632027,0.21957751641341997,0.14814894498484854,0.24999999999999997,-0.05844155844155838,0.5330627705627705,-0.020639466601687695,0.339069264069264,-0.1392857142857143,0.4512987012987013,-0.03246753246753248,0.4514835605453088,-0.02766537562490401,-0.09631426606617752,-0.06195385942897494
307,False,LNP193<-LNP195;LNP194<-LNP782;LNP195<-LNP858;LNP782<-LNP193;LNP854<-LNP194;LNP858<-LNP854,0.0,-0.5476190476190477,0.31484395234395235,-0.19087995337995334,0.38947718947718946,-0.3226499690785406,0.4166666666666667,-0.11904761904761901,0.2777777777777778,-0.2579365079365079,-0.31180478223116176,-0.3832333536597332,0.0,-0.30844155844155835,0.45298438934802565,-0.10071784781643256,0.27088319088319085,-0.20747178747178746,0.4318181818181818,-0.051948051948051965,0.3454545454545454,-0.1336943907156674,-0.2405228464604172,-0.2061624398232146
308,False,LNP193<-LNP195;LNP194<-LNP782;LNP195<-LNP858;LNP782<-LNP193;LNP854<-LNP854;LNP858<-LNP194,0.35714285714285715,-0.19047619047619052,0.4233516483516484,-0.08237225737225728,0.5197802197802197,-0.19234693877551035,0.3333333333333333,-0.20238095238095238,0.23529411764705882,-0.3004201680672269,-0.4605661864718383,-0.5319947579004097,0.17532467532467522,-0.13311688311688313,0.4948426573426573,-0.0588595798218009,0.308531746031746,-0.16982323232323232,0.3409090909090909,-0.1428571428571429,0.29411764705882354,-0.18503128911138927,-0.3919247576690978,-0.3575643510318952
309,False,LNP193<-LNP195;LNP194<-LNP782;LNP195<-LNP858;LNP782<-LNP194;LNP854<-LNP193;LNP858<-LNP854,0.30952380952380953,-0.23809523809523814,0.40298127798127803,-0.10274262774262766,0.4975579975579975,-0.21456916099773254,0.39285714285714285,-0.14285714285714285,0.38095238095238093,-0.15476190476190477,-0.21957751641341997,-0.2910060878419914,0.17532467532467524,-0.1331168831168831,0.5087725076855512,-0.044929729478907054,0.30571254142682713,-0.17264243692815118,0.3441558441558441,-0.13961038961038968,0.3377926421404682,-0.1413562940297446,-0.3223291856101523,-0.2879687789729497
310,False,LNP193<-LNP195;LNP194<-LNP782;LNP195<-LNP858;LNP782<-LNP194;LNP854<-LNP854;LNP858<-LNP193,0.3333333333333333,-0.21428571428571436,0.41224053724053733,-0.09348336848336836,0.5118437118437118,-0.20028344671201825,0.38095238095238093,-0.15476190476190477,0.38095238095238093,-0.15476190476190477,-0.23809523809523808,-0.30952380952380953,0.18506493506493496,-0.12337662337662339,0.5111812100942535,-0.042521027070204664,0.310657596371882,-0.1676973819830963,0.3116883116883117,-0.1720779220779221,0.3142857142857143,-0.16486322188449853,-0.3694942137922787,-0.3351338071550761
311,False,LNP193<-LNP195;LNP194<-LNP782;LNP195<-LNP858;LNP782<-LNP854;LNP854<-LNP193;LNP858<-LNP194,0.40476190476190477,-0.1428571428571429,0.45192307692307687,-0.053800828800828815,0.5379208093493808,-0.17420634920634925,0.5476190476190476,0.011904761904761862,0.5357142857142857,0.0,0.09759000729485333,0.026161435866281904,0.19480519480519473,-0.11363636363636362,0.5014814133235186,-0.05222082384093962,0.3131786047752434,-0.16517637357973491,0.44805194805194803,-0.035714285714285754,0.4375,-0.041648936170212814,-0.11308055883843511,-0.07872015220123253
312,False,LNP193<-LNP195;LNP194<-LNP782;LNP195<-LNP858;LNP782<-LNP854;LNP854<-LNP194;LNP858<-LNP193,0.0,-0.5476190476190477,0.31484395234395235,-0.19087995337995334,0.38947718947718946,-0.3226499690785406,0.3333333333333333,-0.20238095238095238,0.23529411764705882,-0.3004201680672269,-0.4605661864718383,-0.5319947579004097,0.0,-0.30844155844155835,0.452020202020202,-0.10168203514425622,0.27088319088319085,-0.20747178747178746,0.29545454545454547,-0.18831168831168832,0.26530612244897966,-0.21384281372123315,-0.46056618647183817,-0.4262057798346356
313,False,LNP193<-LNP195;LNP194<-LNP854;LNP195<-LNP193;LNP782<-LNP194;LNP854<-LNP782;LNP858<-LNP858,0.2857142857142857,-0.261904761904762,0.38909238909238913,-0.11663151663151655,0.49106449106449107,-0.22106266749123898,0.3333333333333333,-0.20238095238095238,0.23529411764705882,-0.3004201680672269,-0.4605661864718383,-0.5319947579004097,0.13311688311688302,-0.17532467532467533,0.4893365396132194,-0.06436569755123883,0.2919169397430267,-0.18643803861195163,0.29545454545454547,-0.18831168831168832,0.26530612244897966,-0.21384281372123315,-0.46056618647183817,-0.4262057798346356
314,False,LNP193<-LNP195;LNP194<-LNP854;LNP195<-LNP193;LNP782<-LNP194;LNP854<-LNP858;LNP858<-LNP782,0.6190476190476191,0.0714285714285714,0.5450757575757575,0.03935185185185186,0.7575353218210361,0.045408163265306056,0.6904761904761905,0.15476190476190477,0.6904761904761905,0.15476190476190477,0.38095238095238093,0.30952380952380953,0.32792207792207784,0.019480519480519487,0.5545845757657901,0.0008823386013319112,0.5095238095238095,0.03116883116883118,0.5194805194805194,0.03571428571428564,0.5183946488294314,0.03924571265921861,0.040291148201268875,0.07465155483847145
315,False,LNP193<-LNP195;LNP194<-LNP854;LNP195<-LNP193;LNP782<-LNP782;LNP854<-LNP194;LNP858<-LNP858,0.5,-0.04761904761904767,0.4797979797979798,-0.025925925925925908,0.6807779522065236,-0.03134920634920646,0.4642857142857143,-0.0714285714285714,0.46153846153846156,-0.07417582417582413,-0.07142857142857142,-0.14285714285714285,0.27922077922077915,-0.029220779220779203,0.5348249391778148,-0.018877297986643393,0.44547515976087404,-0.03287981859410427,0.4480519480519481,-0.0357142857142857,0.4375,-0.041648936170212814,-0.1130805588384352,-0.07872015220123262
316,False,LNP193<-LNP195;LNP194<-LNP854;LNP195<-LNP193;LNP782<-LNP782;LNP854<-LNP858;LNP858<-LNP194,0.3333333333333333,-0.21428571428571436,0.4079415954415955,-0.09778231028231021,0.534972963544392,-0.177154195011338,0.30952380952380953,-0.22619047619047616,0.3076923076923077,-0.228021978021978,-0.38095238095238093,-0.45238095238095233,0.19155844155844148,-0.11688311688311687,0.5125135519417044,-0.04118868522275376,0.32801870748299317,-0.15033627087198514,0.275974025974026,-0.2077922077922078,0.27826784282277467,-0.20088109334743814,-0.44304562390441643,-0.40868521726721385
317,False,LNP193<-LNP195;LNP194<-LNP854;LNP195<-LNP193;LNP782<-LNP858;LNP854<-LNP194;LNP858<-LNP782,0.5238095238095237,-0.023809523809523947,0.5102564102564102,0.004532504532504533,0.6218210361067504,-0.09030612244897962,0.6071428571428572,0.07142857142857151,0.606060606060606,0.07034632034632027,0.21957751641341997,0.14814894498484854,0.24999999999999997,-0.05844155844155838,0.5330627705627705,-0.020639466601687695,0.3366883116883116,-0.14166666666666672,0.4512987012987013,-0.03246753246753248,0.4514835605453088,-0.02766537562490401,-0.09631426606617752,-0.06195385942897494
318,False,LNP193<-LNP195;LNP194<-LNP854;LNP195<-LNP193;LNP782<-LNP858;LNP854<-LNP782;LNP858<-LNP194,0.23809523809523808,-0.3095238095238096,0.3805846930846931,-0.12513921263921257,0.45878248735391586,-0.2533446712018142,0.3333333333333333,-0.20238095238095238,0.23529411764705882,-0.3004201680672269,-0.4605661864718383,-0.5319947579004097,0.13311688311688308,-0.17532467532467527,0.4961662075298439,-0.057536029634614294,0.2889030612244898,-0.18945191713048853,0.29545454545454547,-0.18831168831168832,0.26530612244897966,-0.21384281372123315,-0.46056618647183817,-0.4262057798346356
319,False,LNP193<-LNP195;LNP194<-LNP854;LNP195<-LNP194;LNP782<-LNP193;LNP854<-LNP782;LNP858<-LNP858,0.5238095238095237,-0.023809523809523947,0.5102564102564102,0.004532504532504533,0.6218210361067504,-0.09030612244897962,0.5476190476190476,0.011904761904761862,0.5357142857142857,0.0,0.09759000729485333,0.026161435866281904,0.24999999999999997,-0.05844155844155838,0.5223484848484848,-0.03135375231597337,0.339069264069264,-0.1392857142857143,0.44805194805194803,-0.035714285714285754,0.4375,-0.041648936170212814,-0.11308055883843511,-0.07872015220123253
320,False,LNP193<-LNP195;LNP194<-LNP854;LNP195<-LNP194;LNP782<-LNP193;LNP854<-LNP858;LNP858<-LNP782,0.047619047619047616,-0.5,0.3217883967883968,-0.18393550893550886,0.3996812711098425,-0.3124458874458876,0.4166666666666667,-0.11904761904761901,0.2777777777777778,-0.2579365079365079,-0.31180478223116176,-0.3832333536597332,0.0064935064935064905,-0.30194805194805185,0.44996114996114994,-0.10374108720330827,0.27140078922687616,-0.20695418912810215,0.36363636363636365,-0.12012987012987014,0.3076923076923077,-0.1714566284779051,-0.35675303400633795,-0.3223926273691354
321,False,LNP193<-LNP195;LNP194<-LNP854;LNP195<-LNP194;LNP782<-LNP782;LNP854<-LNP193;LNP858<-LNP858,0.47619047619047616,-0.07142857142857151,0.4963675213675214,-0.009356384356384306,0.5742019884877028,-0.1379251700680273,0.5476190476190476,0.011904761904761862,0.5357142857142857,0.0,0.09759000729485333,0.026161435866281904,0.2435064935064935,-0.06493506493506485,0.5181818181818182,-0.03552041898264002,0.33510101010101007,-0.14325396825396824,0.44805194805194803,-0.035714285714285754,0.4375,-0.041648936170212814,-0.11308055883843511,-0.07872015220123253
322,False,LNP193<-LNP195;LNP194<-LNP854;LNP195<-LNP194;LNP782<-LNP782;LNP854<-LNP858;LNP858<-LNP193,0.09523809523809523,-0.45238095238095244,0.3323704073704074,-0.17335349835349828,0.41328671328671324,-0.2988404452690168,0.25,-0.2857142857142857,0.1875,-0.3482142857142857,-0.5916079783099616,-0.663036549738533,0.045454545454545435,-0.26298701298701294,0.4695241892610314,-0.08417804790342681,0.27578515166750456,-0.20256982668747375,0.22727272727272727,-0.25649350649350655,0.2173913043478261,-0.2617576318223867,-0.5640760748177664,-0.5297156681805639
323,False,LNP193<-LNP195;LNP194<-LNP854;LNP195<-LNP194;LNP782<-LNP858;LNP854<-LNP193;LNP858<-LNP782,0.5,-0.04761904761904767,0.49173789173789173,-0.013986013986013957,0.6168890633176347,-0.09523809523809534,0.6071428571428572,0.07142857142857151,0.606060606060606,0.07034632034632027,0.21957751641341997,0.14814894498484854,0.28246753246753237,-0.025974025974025983,0.5406211843711843,-0.013081052793273873,0.41683673469387744,-0.06151824366110087,0.4512987012987013,-0.03246753246753248,0.4514835605453088,-0.02766537562490401,-0.09631426606617752,-0.06195385942897494
324,False,LNP193<-LNP195;LNP194<-LNP854;LNP195<-LNP194;LNP782<-LNP858;LNP854<-LNP782;LNP858<-LNP193,0.40476190476190477,-0.1428571428571429,0.4593304843304843,-0.0463934213934214,0.5335557299843015,-0.1785714285714286,0.5238095238095238,-0.011904761904761862,0.5125,-0.023214285714285743,0.05143444998736397,-0.019994121441207456,0.23376623376623373,-0.07467532467532462,0.5283353010625738,-0.025366936101884452,0.3321297749869178,-0.1462252033680605,0.3831168831168831,-0.10064935064935071,0.3812500000000001,-0.09789893617021272,-0.22792115291927598,-0.1935607462820734
325,False,LNP193<-LNP195;LNP194<-LNP854;LNP195<-LNP782;LNP782<-LNP193;LNP854<-LNP194;LNP858<-LNP858,0.47619047619047616,-0.07142857142857151,0.4678932178932179,-0.03783068783068777,0.6705738705738705,-0.04155328798185953,0.47619047619047616,-0.059523809523809534,0.4484848484848485,-0.08722943722943721,-0.05143444998736397,-0.12286302141593539,0.2597402597402596,-0.048701298701298745,0.5270684115890523,-0.026633825575405945,0.4363078564759236,-0.04204712187905468,0.48051948051948057,-0.00324675324675322,0.44615384615384623,-0.03299509001636658,-0.050964719143762376,-0.016604312506559797
326,False,LNP193<-LNP195;LNP194<-LNP854;LNP195<-LNP782;LNP782<-LNP193;LNP854<-LNP858;LNP858<-LNP194,0.21428571428571427,-0.33333333333333337,0.3638939763939764,-0.14182992932992927,0.4668581418581418,-0.24526901669758827,0.5,-0.0357142857142857,0.3157894736842105,-0.2199248120300752,0.0,-0.07142857142857142,0.12337662337662328,-0.18506493506493507,0.49304928583003454,-0.060652951334423666,0.2973994816100079,-0.1809554967449704,0.5,0.01623376623376621,0.37931034482758613,-0.09983859134262668,0.0,0.03436040663720258
327,False,LNP193<-LNP195;LNP194<-LNP854;LNP195<-LNP782;LNP782<-LNP194;LNP854<-LNP193;LNP858<-LNP858,0.2619047619047619,-0.28571428571428575,0.3867354867354868,-0.11898841898841889,0.4704295704295704,-0.24169758812615966,0.5,-0.0357142857142857,0.3157894736842105,-0.2199248120300752,0.0,-0.07142857142857142,0.14610389610389604,-0.1623376623376623,0.4930808406780946,-0.06062139648636361,0.29651775240010536,-0.18183722595487295,0.5,0.01623376623376621,0.37931034482758613,-0.09983859134262668,0.0,0.03436040663720258
328,False,LNP193<-LNP195;LNP194<-LNP854;LNP195<-LNP782;LNP782<-LNP194;LNP854<-LNP858;LNP858<-LNP193,0.5714285714285714,0.023809523809523725,0.5242424242424242,0.01851851851851849,0.7170591313448456,0.004931972789115502,0.6904761904761905,0.15476190476190477,0.6904761904761905,0.15476190476190477,0.38095238095238093,0.30952380952380953,0.2889610389610389,-0.01948051948051943,0.5428666921313979,-0.010835545033060279,0.44621212121212117,-0.03214285714285714,0.5194805194805194,0.03571428571428564,0.5183946488294314,0.03924571265921861,0.040291148201268875,0.07465155483847145
329,False,LNP193<-LNP195;LNP194<-LNP854;LNP195<-LNP782;LNP782<-LNP858;LNP854<-LNP193;LNP858<-LNP194,0.23809523809523808,-0.3095238095238096,0.3805846930846931,-0.12513921263921257,0.45878248735391586,-0.2533446712018142,0.25,-0.2857142857142857,0.1875,-0.3482142857142857,-0.5916079783099616,-0.663036549738533,0.13311688311688308,-0.17532467532467527,0.4961662075298439,-0.057536029634614294,0.2889030612244898,-0.18945191713048853,0.22727272727272727,-0.25649350649350655,0.2173913043478261,-0.2617576318223867,-0.5640760748177664,-0.5297156681805639
330,False,LNP193<-LNP195;LNP194<-LNP854;LNP195<-LNP782;LNP782<-LNP858;LNP854<-LNP194;LNP858<-LNP193,0.5238095238095237,-0.023809523809523947,0.5102564102564102,0.004532504532504533,0.6218210361067504,-0.09030612244897962,0.6071428571428572,0.07142857142857151,0.606060606060606,0.07034632034632027,0.21957751641341997,0.14814894498484854,0.24999999999999997,-0.05844155844155838,0.5330627705627705,-0.020639466601687695,0.339069264069264,-0.1392857142857143,0.4512987012987013,-0.03246753246753248,0.4514835605453088,-0.02766537562490401,-0.09631426606617752,-0.06195385942897494
331,False,LNP193<-LNP195;LNP194<-LNP854;LNP195<-LNP858;LNP782<-LNP193;LNP854<-LNP194;LNP858<-LNP782,0.0,-0.5476190476190477,0.31484395234395235,-0.19087995337995334,0.38947718947718946,-0.3226499690785406,0.5,-0.0357142857142857,0.3157894736842105,-0.2199248120300752,0.0,-0.07142857142857142,0.0,-0.30844155844155835,0.45298438934802565,-0.10071784781643256,0.27088319088319085,-0.20747178747178746,0.5,0.01623376623376621,0.37931034482758613,-0.09983859134262668,0.0,0.03436040663720258
332,False,LNP193<-LNP195;LNP194<-LNP854;LNP195<-LNP858;LNP782<-LNP193;LNP854<-LNP782;LNP858<-LNP194,0.11904761904761904,-0.4285714285714286,0.33792596292596294,-0.16779794279794275,0.4192390942390942,-0.29288806431663583,0.4166666666666667,-0.11904761904761901,0.2777777777777778,-0.2579365079365079,-0.31180478223116176,-0.3832333536597332,0.04870129870129867,-0.25974025974025966,0.46199145681904297,-0.09171078034541524,0.27602027602027596,-0.20233470233470235,0.36363636363636365,-0.12012987012987014,0.3076923076923077,-0.1714566284779051,-0.35675303400633795,-0.3223926273691354
333,False,LNP193<-LNP195;LNP194<-LNP854;LNP195<-LNP858;LNP782<-LNP194;LNP854<-LNP193;LNP858<-LNP782,0.5952380952380953,0.04761904761904767,0.545970695970696,0.04024679024679034,0.6793040293040293,-0.03282312925170072,0.7738095238095238,0.23809523809523814,0.7692307692307693,0.23351648351648358,0.5476190476190477,0.4761904761904763,0.3409090909090909,0.032467532467532534,0.5602453102453102,0.006543073080852002,0.4916666666666666,0.013311688311688274,0.6558441558441559,0.1720779220779221,0.6538461538461539,0.17469721767594104,0.40771775315010056,0.44207815978730314
334,False,LNP193<-LNP195;LNP194<-LNP854;LNP195<-LNP858;LNP782<-LNP194;LNP854<-LNP782;LNP858<-LNP193,0.35714285714285715,-0.19047619047619052,0.4233516483516484,-0.08237225737225728,0.5197802197802197,-0.19234693877551035,0.47619047619047616,-0.059523809523809534,0.4484848484848485,-0.08722943722943721,-0.05143444998736397,-0.12286302141593539,0.22402597402597393,-0.08441558441558442,0.523613584682213,-0.030088652482245237,0.338235294117647,-0.1401196842373313,0.48051948051948057,-0.00324675324675322,0.44615384615384623,-0.03299509001636658,-0.050964719143762376,-0.016604312506559797
335,False,LNP193<-LNP195;LNP194<-LNP854;LNP195<-LNP858;LNP782<-LNP782;LNP854<-LNP193;LNP858<-LNP194,0.2857142857142857,-0.261904761904762,0.3900183150183151,-0.11570559070559061,0.4990009990009989,-0.21312615955473113,0.3333333333333333,-0.20238095238095238,0.23529411764705882,-0.3004201680672269,-0.4605661864718383,-0.5319947579004097,0.14610389610389596,-0.1623376623376624,0.4892220311657651,-0.06448020599869309,0.3035816035816035,-0.1747733747733748,0.3409090909090909,-0.1428571428571429,0.29411764705882354,-0.18503128911138927,-0.3919247576690978,-0.3575643510318952
336,False,LNP193<-LNP195;LNP194<-LNP854;LNP195<-LNP858;LNP782<-LNP782;LNP854<-LNP194;LNP858<-LNP193,0.0,-0.5476190476190477,0.31484395234395235,-0.19087995337995334,0.38947718947718946,-0.3226499690785406,0.25,-0.2857142857142857,0.1875,-0.3482142857142857,-0.5916079783099616,-0.663036549738533,0.0,-0.30844155844155835,0.45677226813590455,-0.09692996902855366,0.27088319088319085,-0.20747178747178746,0.22727272727272727,-0.25649350649350655,0.2173913043478261,-0.2617576318223867,-0.5640760748177664,-0.5297156681805639
337,False,LNP193<-LNP195;LNP194<-LNP858;LNP195<-LNP193;LNP782<-LNP194;LNP854<-LNP782;LNP858<-LNP854,0.6428571428571429,0.09523809523809523,0.55995670995671,0.0542328042328043,0.7745421245421246,0.06241496598639451,0.6904761904761905,0.15476190476190477,0.6904761904761905,0.15476190476190477,0.38095238095238093,0.30952380952380953,0.3474025974025974,0.03896103896103903,0.5635026737967914,0.00980043663233321,0.5392857142857143,0.060930735930735946,0.5876623376623377,0.10389610389610388,0.5847382431233363,0.10558930695312352,0.19738550848793068,0.23174591512513326
338,False,LNP193<-LNP195;LNP194<-LNP858;LNP195<-LNP193;LNP782<-LNP194;LNP854<-LNP854;LNP858<-LNP782,0.6428571428571429,0.09523809523809523,0.55995670995671,0.0542328042328043,0.7745421245421246,0.06241496598639451,0.6904761904761905,0.15476190476190477,0.6904761904761905,0.15476190476190477,0.38095238095238093,0.30952380952380953,0.3474025974025974,0.03896103896103903,0.5618792971734148,0.008177060008956571,0.5392857142857143,0.060930735930735946,0.5876623376623377,0.10389610389610388,0.5847382431233363,0.10558930695312352,0.19738550848793068,0.23174591512513326
339,False,LNP193<-LNP195;LNP194<-LNP858;LNP195<-LNP193;LNP782<-LNP782;LNP854<-LNP194;LNP858<-LNP854,0.6666666666666667,0.11904761904761907,0.5690476190476191,0.06332371332371345,0.8102564102564103,0.09812925170068021,0.6071428571428572,0.07142857142857151,0.606060606060606,0.07034632034632027,0.21957751641341997,0.14814894498484854,0.3506493506493506,0.04220779220779225,0.5668290043290043,0.013126767164546083,0.5571428571428572,0.07878787878787885,0.5194805194805195,0.035714285714285754,0.5183946488294314,0.03924571265921861,0.040291148201269084,0.07465155483847166
340,False,LNP193<-LNP195;LNP194<-LNP858;LNP195<-LNP193;LNP782<-LNP782;LNP854<-LNP854;LNP858<-LNP194,0.40476190476190477,-0.1428571428571429,0.44464794464794466,-0.06107596107596103,0.561050061050061,-0.151077097505669,0.4642857142857143,-0.0714285714285714,0.46153846153846156,-0.07417582417582413,-0.07142857142857142,-0.14285714285714285,0.24999999999999994,-0.058441558441558406,0.5364914655237236,-0.01721077164073459,0.34897959183673466,-0.12937538651824365,0.4480519480519481,-0.0357142857142857,0.4375,-0.041648936170212814,-0.1130805588384352,-0.07872015220123262
341,False,LNP193<-LNP195;LNP194<-LNP858;LNP195<-LNP193;LNP782<-LNP854;LNP854<-LNP194;LNP858<-LNP782,0.6666666666666667,0.11904761904761907,0.5690476190476191,0.06332371332371345,0.8102564102564103,0.09812925170068021,0.6071428571428572,0.07142857142857151,0.606060606060606,0.07034632034632027,0.21957751641341997,0.14814894498484854,0.3506493506493506,0.04220779220779225,0.5643939393939393,0.010691702229481126,0.5571428571428572,0.07878787878787885,0.5194805194805195,0.035714285714285754,0.5183946488294314,0.03924571265921861,0.040291148201269084,0.07465155483847166
342,False,LNP193<-LNP195;LNP194<-LNP858;LNP195<-LNP193;LNP782<-LNP854;LNP854<-LNP782;LNP858<-LNP194,0.45238095238095244,-0.09523809523809523,0.46316646316646315,-0.04255744255744254,0.5967643467643468,-0.1153628117913833,0.5476190476190476,0.011904761904761862,0.5357142857142857,0.0,0.09759000729485333,0.026161435866281904,0.2629870129870129,-0.04545454545454547,0.5403671041602076,-0.013335133004250599,0.36326530612244895,-0.11508967223252936,0.5162337662337663,0.03246753246753248,0.4957983193277311,0.016649383157518294,0.03999232221113232,0.0743527288483349
343,False,LNP193<-LNP195;LNP194<-LNP858;LNP195<-LNP194;LNP782<-LNP193;LNP854<-LNP782;LNP858<-LNP854,0.6428571428571429,0.09523809523809523,0.55995670995671,0.0542328042328043,0.7745421245421246,0.06241496598639451,0.7738095238095238,0.23809523809523814,0.7692307692307693,0.23351648351648358,0.5476190476190477,0.4761904761904763,0.3474025974025974,0.03896103896103903,0.5659377387318564,0.012235501567398166,0.5392857142857143,0.060930735930735946,0.6558441558441559,0.1720779220779221,0.6538461538461539,0.17469721767594104,0.40771775315010056,0.44207815978730314
344,False,LNP193<-LNP195;LNP194<-LNP858;LNP195<-LNP194;LNP782<-LNP193;LNP854<-LNP854;LNP858<-LNP782,0.6428571428571429,0.09523809523809523,0.55995670995671,0.0542328042328043,0.7745421245421246,0.06241496598639451,0.6904761904761905,0.15476190476190477,0.6904761904761905,0.15476190476190477,0.38095238095238093,0.30952380952380953,0.3474025974025974,0.03896103896103903,0.5659377387318564,0.012235501567398166,0.5392857142857143,0.060930735930735946,0.5876623376623377,0.10389610389610388,0.5847382431233363,0.10558930695312352,0.19738550848793068,0.23174591512513326
345,False,LNP193<-LNP195;LNP194<-LNP858;LNP195<-LNP194;LNP782<-LNP782;LNP854<-LNP193;LNP858<-LNP854,0.6428571428571429,0.09523809523809523,0.55995670995671,0.0542328042328043,0.7745421245421246,0.06241496598639451,0.6904761904761905,0.15476190476190477,0.6904761904761905,0.15476190476190477,0.38095238095238093,0.30952380952380953,0.3474025974025974,0.03896103896103903,0.5635026737967914,0.00980043663233321,0.5392857142857143,0.060930735930735946,0.5876623376623377,0.10389610389610388,0.5847382431233363,0.10558930695312352,0.19738550848793068,0.23174591512513326
346,False,LNP193<-LNP195;LNP194<-LNP858;LNP195<-LNP194;LNP782<-LNP782;LNP854<-LNP854;LNP858<-LNP193,0.6428571428571429,0.09523809523809523,0.55995670995671,0.0542328042328043,0.7745421245421246,0.06241496598639451,0.6904761904761905,0.15476190476190477,0.6904761904761905,0.15476190476190477,0.38095238095238093,0.30952380952380953,0.3474025974025974,0.03896103896103903,0.5659377387318564,0.012235501567398166,0.5392857142857143,0.060930735930735946,0.5876623376623377,0.10389610389610388,0.5847382431233363,0.10558930695312352,0.19738550848793068,0.23174591512513326
347,False,LNP193<-LNP195;LNP194<-LNP858;LNP195<-LNP194;LNP782<-LNP854;LNP854<-LNP193;LNP858<-LNP782,0.6428571428571429,0.09523809523809523,0.55995670995671,0.0542328042328043,0.7745421245421246,0.06241496598639451,0.7738095238095238,0.23809523809523814,0.7692307692307693,0.23351648351648358,0.5476190476190477,0.4761904761904763,0.3474025974025974,0.03896103896103903,0.5659377387318564,0.012235501567398166,0.5392857142857143,0.060930735930735946,0.6558441558441559,0.1720779220779221,0.6538461538461539,0.17469721767594104,0.40771775315010056,0.44207815978730314
348,False,LNP193<-LNP195;LNP194<-LNP858;LNP195<-LNP194;LNP782<-LNP854;LNP854<-LNP782;LNP858<-LNP193,0.6428571428571429,0.09523809523809523,0.55995670995671,0.0542328042328043,0.7745421245421246,0.06241496598639451,0.6071428571428572,0.07142857142857151,0.606060606060606,0.07034632034632027,0.21957751641341997,0.14814894498484854,0.3474025974025974,0.03896103896103903,0.5659377387318564,0.012235501567398166,0.5392857142857143,0.060930735930735946,0.5194805194805195,0.035714285714285754,0.5183946488294314,0.03924571265921861,0.040291148201269084,0.07465155483847166
349,False,LNP193<-LNP195;LNP194<-LNP858;LNP195<-LNP782;LNP782<-LNP193;LNP854<-LNP194;LNP858<-LNP854,0.6666666666666667,0.11904761904761907,0.5690476190476191,0.06332371332371345,0.8102564102564103,0.09812925170068021,0.6071428571428572,0.07142857142857151,0.606060606060606,0.07034632034632027,0.21957751641341997,0.14814894498484854,0.3506493506493506,0.04220779220779225,0.5668290043290043,0.013126767164546083,0.5571428571428572,0.07878787878787885,0.5194805194805195,0.035714285714285754,0.5183946488294314,0.03924571265921861,0.040291148201269084,0.07465155483847166
350,False,LNP193<-LNP195;LNP194<-LNP858;LNP195<-LNP782;LNP782<-LNP193;LNP854<-LNP854;LNP858<-LNP194,0.2857142857142857,-0.261904761904762,0.4083624708624709,-0.09736143486143478,0.4746555032269318,-0.23747165532879827,0.4166666666666667,-0.11904761904761901,0.2777777777777778,-0.2579365079365079,-0.31180478223116176,-0.3832333536597332,0.2012987012987013,-0.10714285714285704,0.5231444313262495,-0.030557805838208663,0.31286570572284855,-0.16548927263212976,0.4318181818181818,-0.051948051948051965,0.3454545454545454,-0.1336943907156674,-0.2405228464604172,-0.2061624398232146
351,False,LNP193<-LNP195;LNP194<-LNP858;LNP195<-LNP782;LNP782<-LNP194;LNP854<-LNP193;LNP858<-LNP854,0.6428571428571429,0.09523809523809523,0.55995670995671,0.0542328042328043,0.7745421245421246,0.06241496598639451,0.6904761904761905,0.15476190476190477,0.6904761904761905,0.15476190476190477,0.38095238095238093,0.30952380952380953,0.3474025974025974,0.03896103896103903,0.5635026737967914,0.00980043663233321,0.5392857142857143,0.060930735930735946,0.5876623376623377,0.10389610389610388,0.5847382431233363,0.10558930695312352,0.19738550848793068,0.23174591512513326
352,False,LNP193<-LNP195;LNP194<-LNP858;LNP195<-LNP782;LNP782<-LNP194;LNP854<-LNP854;LNP858<-LNP193,0.6428571428571429,0.09523809523809523,0.55995670995671,0.0542328042328043,0.7745421245421246,0.06241496598639451,0.6904761904761905,0.15476190476190477,0.6904761904761905,0.15476190476190477,0.38095238095238093,0.30952380952380953,0.3474025974025974,0.03896103896103903,0.5618792971734148,0.008177060008956571,0.5392857142857143,0.060930735930735946,0.5876623376623377,0.10389610389610388,0.5847382431233363,0.10558930695312352,0.19738550848793068,0.23174591512513326
353,False,LNP193<-LNP195;LNP194<-LNP858;LNP195<-LNP782;LNP782<-LNP854;LNP854<-LNP193;LNP858<-LNP194,0.4285714285714286,-0.11904761904761907,0.45390720390720396,-0.05181670181670173,0.5753357753357753,-0.13679138321995477,0.5476190476190476,0.011904761904761862,0.5357142857142857,0.0,0.09759000729485333,0.026161435866281904,0.25974025974025966,-0.04870129870129869,0.5394384629089857,-0.014263774255472539,0.3581632653061224,-0.1201917130488559,0.5162337662337663,0.03246753246753248,0.4957983193277311,0.016649383157518294,0.03999232221113232,0.0743527288483349
354,False,LNP193<-LNP195;LNP194<-LNP858;LNP195<-LNP782;LNP782<-LNP854;LNP854<-LNP194;LNP858<-LNP193,0.6666666666666667,0.11904761904761907,0.5690476190476191,0.06332371332371345,0.8102564102564103,0.09812925170068021,0.6071428571428572,0.07142857142857151,0.606060606060606,0.07034632034632027,0.21957751641341997,0.14814894498484854,0.3506493506493506,0.04220779220779225,0.5668290043290043,0.013126767164546083,0.5571428571428572,0.07878787878787885,0.5194805194805195,0.035714285714285754,0.5183946488294314,0.03924571265921861,0.040291148201269084,0.07465155483847166
355,False,LNP193<-LNP195;LNP194<-LNP858;LNP195<-LNP854;LNP782<-LNP193;LNP854<-LNP194;LNP858<-LNP782,0.6428571428571429,0.09523809523809523,0.5541666666666666,0.0484427609427609,0.7932496075353218,0.08112244897959175,0.6071428571428572,0.07142857142857151,0.606060606060606,0.07034632034632027,0.21957751641341997,0.14814894498484854,0.34090909090909083,0.03246753246753248,0.5637498254433738,0.010047588278915609,0.5373015873015873,0.05894660894660897,0.5194805194805195,0.035714285714285754,0.5183946488294314,0.03924571265921861,0.040291148201269084,0.07465155483847166
356,False,LNP193<-LNP195;LNP194<-LNP858;LNP195<-LNP854;LNP782<-LNP193;LNP854<-LNP782;LNP858<-LNP194,0.30952380952380953,-0.23809523809523814,0.4051638176638177,-0.10056008806008798,0.4952904238618524,-0.21683673469387765,0.4166666666666667,-0.11904761904761901,0.2777777777777778,-0.2579365079365079,-0.31180478223116176,-0.3832333536597332,0.20129870129870125,-0.1071428571428571,0.5212554112554112,-0.03244682590904702,0.3158032443746729,-0.16255173398030542,0.4318181818181818,-0.051948051948051965,0.3454545454545454,-0.1336943907156674,-0.2405228464604172,-0.2061624398232146
357,False,LNP193<-LNP195;LNP194<-LNP858;LNP195<-LNP854;LNP782<-LNP194;LNP854<-LNP193;LNP858<-LNP782,0.5952380952380953,0.04761904761904767,0.545970695970696,0.04024679024679034,0.6793040293040293,-0.03282312925170072,0.6904761904761905,0.15476190476190477,0.6904761904761905,0.15476190476190477,0.38095238095238093,0.30952380952380953,0.3409090909090909,0.032467532467532534,0.5618686868686869,0.00816644970422864,0.4916666666666666,0.013311688311688274,0.5876623376623377,0.10389610389610388,0.5847382431233363,0.10558930695312352,0.19738550848793068,0.23174591512513326
358,False,LNP193<-LNP195;LNP194<-LNP858;LNP195<-LNP854;LNP782<-LNP194;LNP854<-LNP782;LNP858<-LNP193,0.6666666666666667,0.11904761904761907,0.5877344877344878,0.08201058201058209,0.781035631035631,0.06890847247990095,0.6904761904761905,0.15476190476190477,0.6904761904761905,0.15476190476190477,0.38095238095238093,0.30952380952380953,0.4642857142857143,0.15584415584415595,0.6362299465240642,0.08252770935960596,0.571031746031746,0.09267676767676769,0.5876623376623377,0.10389610389610388,0.5847382431233363,0.10558930695312352,0.19738550848793068,0.23174591512513326
359,False,LNP193<-LNP195;LNP194<-LNP858;LNP195<-LNP854;LNP782<-LNP782;LNP854<-LNP193;LNP858<-LNP194,0.5714285714285714,0.023809523809523725,0.5148148148148148,0.00909090909090915,0.7478414442700156,0.03571428571428559,0.4642857142857143,-0.0714285714285714,0.46153846153846156,-0.07417582417582413,-0.07142857142857142,-0.14285714285714285,0.31168831168831157,0.00324675324675322,0.5545935027616062,0.0008912655971480277,0.4962121212121212,0.017857142857142905,0.4480519480519481,-0.0357142857142857,0.4375,-0.041648936170212814,-0.1130805588384352,-0.07872015220123262
360,False,LNP193<-LNP195;LNP194<-LNP858;LNP195<-LNP854;LNP782<-LNP782;LNP854<-LNP194;LNP858<-LNP193,0.6666666666666667,0.11904761904761907,0.5690476190476191,0.06332371332371345,0.8102564102564103,0.09812925170068021,0.6071428571428572,0.07142857142857151,0.606060606060606,0.07034632034632027,0.21957751641341997,0.14814894498484854,0.3506493506493506,0.04220779220779225,0.5668290043290043,0.013126767164546083,0.5571428571428572,0.07878787878787885,0.5194805194805195,0.035714285714285754,0.5183946488294314,0.03924571265921861,0.040291148201269084,0.07465155483847166
361,False,LNP193<-LNP782;LNP194<-LNP193;LNP195<-LNP194;LNP782<-LNP195;LNP854<-LNP854;LNP858<-LNP858,0.23809523809523808,-0.3095238095238096,0.3805846930846931,-0.12513921263921257,0.45878248735391586,-0.2533446712018142,0.3333333333333333,-0.20238095238095238,0.23529411764705882,-0.3004201680672269,-0.4605661864718383,-0.5319947579004097,0.16558441558441553,-0.14285714285714282,0.5080578512396694,-0.04564438592478881,0.30262188208616775,-0.17573309626881056,0.36363636363636365,-0.12012987012987014,0.30769230769230765,-0.17145662847790516,-0.3567530340063377,-0.3223926273691351
362,False,LNP193<-LNP782;LNP194<-LNP193;LNP195<-LNP194;LNP782<-LNP195;LNP854<-LNP858;LNP858<-LNP854,0.09523809523809523,-0.45238095238095244,0.3356772856772857,-0.17004662004661997,0.41198285841142984,-0.3001443001443002,0.3333333333333333,-0.20238095238095238,0.23529411764705882,-0.3004201680672269,-0.4605661864718383,-0.5319947579004097,0.07792207792207788,-0.23051948051948046,0.48331037649219466,-0.07039186067226355,0.28085491506544136,-0.19750006328953695,0.36363636363636365,-0.12012987012987014,0.30769230769230765,-0.17145662847790516,-0.3567530340063377,-0.3223926273691351
363,False,LNP193<-LNP782;LNP194<-LNP193;LNP195<-LNP194;LNP782<-LNP854;LNP854<-LNP195;LNP858<-LNP858,0.5,-0.04761904761904767,0.5241452991452992,0.018421393421393484,0.5806954949812092,-0.13143166357452085,0.6904761904761905,0.15476190476190477,0.6904761904761905,0.15476190476190477,0.38095238095238093,0.30952380952380953,0.35064935064935066,0.042207792207792305,0.5754132231404958,0.0217109859760376,0.3917233560090702,-0.0866316223459081,0.5876623376623377,0.10389610389610388,0.5847382431233363,0.10558930695312352,0.19738550848793068,0.23174591512513326
364,False,LNP193<-LNP782;LNP194<-LNP193;LNP195<-LNP194;LNP782<-LNP854;LNP854<-LNP858;LNP858<-LNP195,0.6428571428571429,0.09523809523809523,0.55995670995671,0.0542328042328043,0.7745421245421246,0.06241496598639451,0.6904761904761905,0.15476190476190477,0.6904761904761905,0.15476190476190477,0.38095238095238093,0.30952380952380953,0.3474025974025974,0.03896103896103903,0.5659377387318564,0.012235501567398166,0.5369047619047619,0.058549783549783574,0.5876623376623377,0.10389610389610388,0.5847382431233363,0.10558930695312352,0.19738550848793068,0.23174591512513326
365,False,LNP193<-LNP782;LNP194<-LNP193;LNP195<-LNP194;LNP782<-LNP858;LNP854<-LNP195;LNP858<-LNP854,0.11904761904761904,-0.4285714285714286,0.34956617456617456,-0.15615773115773113,0.41847636490493634,-0.2936507936507937,0.5,-0.0357142857142857,0.3157894736842105,-0.2199248120300752,0.0,-0.07142857142857142,0.09740259740259738,-0.21103896103896097,0.4901285583103765,-0.06357367885408172,0.28463420455901656,-0.19372077379596175,0.5,0.01623376623376621,0.37931034482758613,-0.09983859134262668,0.0,0.03436040663720258
366,False,LNP193<-LNP782;LNP194<-LNP193;LNP195<-LNP194;LNP782<-LNP858;LNP854<-LNP854;LNP858<-LNP195,0.40476190476190477,-0.1428571428571429,0.4593304843304843,-0.0463934213934214,0.5335557299843015,-0.1785714285714286,0.39285714285714285,-0.14285714285714285,0.38095238095238093,-0.15476190476190477,-0.21957751641341997,-0.2910060878419914,0.24999999999999997,-0.05844155844155838,0.5379820936639118,-0.015720143500546402,0.339069264069264,-0.1392857142857143,0.41233766233766234,-0.07142857142857145,0.3930789707187223,-0.08606996545149054,-0.19738550848793068,-0.1630251018507281
367,False,LNP193<-LNP782;LNP194<-LNP193;LNP195<-LNP195;LNP782<-LNP194;LNP854<-LNP854;LNP858<-LNP858,0.5714285714285714,0.023809523809523725,0.5176286676286675,0.011904761904761862,0.7257326007326007,0.013605442176870652,0.6309523809523809,0.09523809523809523,0.606060606060606,0.07034632034632027,0.2828894749305018,0.2114609035019304,0.3181818181818181,0.009740259740259771,0.554290011459129,0.0005877742946708286,0.488095238095238,0.009740259740259716,0.5844155844155844,0.1006493506493506,0.5555555555555556,0.07640661938534277,0.26189246330824845,0.296252869945451
368,False,LNP193<-LNP782;LNP194<-LNP193;LNP195<-LNP195;LNP782<-LNP194;LNP854<-LNP858;LNP858<-LNP854,0.0,-0.5476190476190477,0.31484395234395235,-0.19087995337995334,0.38947718947718946,-0.3226499690785406,0.5,-0.0357142857142857,0.3157894736842105,-0.2199248120300752,0.0,-0.07142857142857142,0.0,-0.30844155844155835,0.4598255280073462,-0.09387670915711199,0.27088319088319085,-0.20747178747178746,0.5,0.01623376623376621,0.37931034482758613,-0.09983859134262668,0.0,0.03436040663720258
369,False,LNP193<-LNP782;LNP194<-LNP193;LNP195<-LNP195;LNP782<-LNP854;LNP854<-LNP194;LNP858<-LNP858,0.7142857142857143,0.16666666666666663,0.6405122655122656,0.1347883597883599,0.7983516483516483,0.08622448979591824,0.7738095238095238,0.23809523809523814,0.7692307692307693,0.23351648351648358,0.5476190476190477,0.4761904761904763,0.6396103896103896,0.3311688311688313,0.7294117647058824,0.17570952754142422,0.6583333333333333,0.17997835497835502,0.6558441558441559,0.1720779220779221,0.6538461538461539,0.17469721767594104,0.40771775315010056,0.44207815978730314
370,False,LNP193<-LNP782;LNP194<-LNP193;LNP195<-LNP195;LNP782<-LNP854;LNP854<-LNP858;LNP858<-LNP194,0.5238095238095237,-0.023809523809523947,0.551923076923077,0.046199171199171274,0.588487702773417,-0.12363945578231306,0.4166666666666667,-0.11904761904761901,0.2777777777777778,-0.2579365079365079,-0.31180478223116176,-0.3832333536597332,0.525974025974026,0.21753246753246763,0.6856404958677687,0.13193825870331044,0.4614512471655329,-0.016903731189445437,0.4318181818181818,-0.051948051948051965,0.3454545454545454,-0.1336943907156674,-0.2405228464604172,-0.2061624398232146
371,False,LNP193<-LNP782;LNP194<-LNP193;LNP195<-LNP195;LNP782<-LNP858;LNP854<-LNP194;LNP858<-LNP854,0.09523809523809523,-0.45238095238095244,0.3356772856772857,-0.17004662004661997,0.41198285841142984,-0.3001443001443002,0.5,-0.0357142857142857,0.3157894736842105,-0.2199248120300752,0.0,-0.07142857142857142,0.07792207792207788,-0.23051948051948046,0.48331037649219466,-0.07039186067226355,0.28085491506544136,-0.19750006328953695,0.5,0.01623376623376621,0.37931034482758613,-0.09983859134262668,0.0,0.03436040663720258
372,False,LNP193<-LNP782;LNP194<-LNP193;LNP195<-LNP195;LNP782<-LNP858;LNP854<-LNP854;LNP858<-LNP194,0.5714285714285714,0.023809523809523725,0.5176286676286675,0.011904761904761862,0.7257326007326007,0.013605442176870652,0.5476190476190476,0.011904761904761862,0.5357142857142857,0.0,0.09759000729485333,0.026161435866281904,0.3181818181818181,0.009740259740259771,0.556725076394194,0.0030228392297357853,0.488095238095238,0.009740259740259716,0.5162337662337663,0.03246753246753248,0.4957983193277311,0.016649383157518294,0.03999232221113232,0.0743527288483349
373,False,LNP193<-LNP782;LNP194<-LNP193;LNP195<-LNP854;LNP782<-LNP194;LNP854<-LNP195;LNP858<-LNP858,0.5238095238095237,-0.023809523809523947,0.5102564102564102,0.004532504532504533,0.6218210361067504,-0.09030612244897962,0.5476190476190476,0.011904761904761862,0.5357142857142857,0.0,0.09759000729485333,0.026161435866281904,0.2987012987012987,-0.00974025974025966,0.5522639994414188,-0.001438237723039415,0.38696145124716547,-0.09139352710781284,0.5162337662337663,0.03246753246753248,0.4957983193277311,0.016649383157518294,0.03999232221113232,0.0743527288483349
374,False,LNP193<-LNP782;LNP194<-LNP193;LNP195<-LNP854;LNP782<-LNP194;LNP854<-LNP858;LNP858<-LNP195,0.5,-0.04761904761904767,0.4943833943833944,-0.011340511340511283,0.609065934065934,-0.10306122448979604,0.5476190476190476,0.011904761904761862,0.5357142857142857,0.0,0.09759000729485333,0.026161435866281904,0.2889610389610389,-0.01948051948051943,0.5490172461946655,-0.004684990969792691,0.3770408163265306,-0.10131416202844773,0.5162337662337663,0.03246753246753248,0.4957983193277311,0.016649383157518294,0.03999232221113232,0.0743527288483349
375,False,LNP193<-LNP782;LNP194<-LNP193;LNP195<-LNP854;LNP782<-LNP195;LNP854<-LNP194;LNP858<-LNP858,0.11904761904761904,-0.4285714285714286,0.33792596292596294,-0.16779794279794275,0.4192390942390942,-0.29288806431663583,0.3333333333333333,-0.20238095238095238,0.23529411764705882,-0.3004201680672269,-0.4605661864718383,-0.5319947579004097,0.06493506493506487,-0.24350649350649348,0.47888923004318446,-0.07481300712127376,0.2784919185847978,-0.19986305977018048,0.36363636363636365,-0.12012987012987014,0.30769230769230765,-0.17145662847790516,-0.3567530340063377,-0.3223926273691351
376,False,LNP193<-LNP782;LNP194<-LNP193;LNP195<-LNP854;LNP782<-LNP195;LNP854<-LNP858;LNP858<-LNP194,0.38095238095238093,-0.16666666666666674,0.42798127798127805,-0.07774262774262763,0.5531135531135531,-0.1590136054421769,0.5595238095238095,0.023809523809523836,0.5125,-0.023214285714285743,0.14085904245475275,0.06943047102618133,0.23051948051948043,-0.07792207792207792,0.5295333210289221,-0.024168916135536067,0.34217687074829933,-0.13617810760667898,0.5032467532467533,0.019480519480519487,0.46375372393247266,-0.015395212237740152,0.0091535337745252,0.04351394041172778
377,False,LNP193<-LNP782;LNP194<-LNP193;LNP195<-LNP854;LNP782<-LNP858;LNP854<-LNP194;LNP858<-LNP195,0.3333333333333333,-0.21428571428571436,0.4218304843304843,-0.08389342139342137,0.5032269317983604,-0.20890022675736963,0.4166666666666667,-0.11904761904761901,0.2777777777777778,-0.2579365079365079,-0.31180478223116176,-0.3832333536597332,0.22077922077922074,-0.08766233766233761,0.5283392365210547,-0.025363000643403466,0.3202250130821559,-0.15812996527282241,0.4318181818181818,-0.051948051948051965,0.3454545454545454,-0.1336943907156674,-0.2405228464604172,-0.2061624398232146
378,False,LNP193<-LNP782;LNP194<-LNP193;LNP195<-LNP854;LNP782<-LNP858;LNP854<-LNP195;LNP858<-LNP194,0.6190476190476191,0.0714285714285714,0.5450757575757575,0.03935185185185186,0.7575353218210361,0.045408163265306056,0.6904761904761905,0.15476190476190477,0.6904761904761905,0.15476190476190477,0.38095238095238093,0.30952380952380953,0.3376623376623376,0.02922077922077926,0.5604234949111608,0.006721257746702625,0.5194444444444444,0.041089466089466065,0.5876623376623377,0.10389610389610388,0.5847382431233363,0.10558930695312352,0.19738550848793068,0.23174591512513326
379,False,LNP193<-LNP782;LNP194<-LNP193;LNP195<-LNP858;LNP782<-LNP194;LNP854<-LNP195;LNP858<-LNP854,0.047619047619047616,-0.5,0.3217883967883968,-0.18393550893550886,0.3996812711098425,-0.3124458874458876,0.5,-0.0357142857142857,0.3157894736842105,-0.2199248120300752,0.0,-0.07142857142857142,0.00649350649350649,-0.30194805194805185,0.4602917284735467,-0.0934105086909115,0.27140078922687616,-0.20695418912810215,0.5,0.01623376623376621,0.37931034482758613,-0.09983859134262668,0.0,0.03436040663720258
380,False,LNP193<-LNP782;LNP194<-LNP193;LNP195<-LNP858;LNP782<-LNP194;LNP854<-LNP854;LNP858<-LNP195,0.5952380952380952,0.04761904761904756,0.5292027417027417,0.023478835978836043,0.7447802197802198,0.03265306122448974,0.6309523809523809,0.09523809523809523,0.606060606060606,0.07034632034632027,0.2828894749305018,0.2114609035019304,0.32792207792207784,0.019480519480519487,0.5571767416644077,0.00347450449994946,0.5095238095238095,0.03116883116883118,0.5844155844155844,0.1006493506493506,0.5555555555555556,0.07640661938534277,0.26189246330824845,0.296252869945451
381,False,LNP193<-LNP782;LNP194<-LNP193;LNP195<-LNP858;LNP782<-LNP195;LNP854<-LNP194;LNP858<-LNP854,0.0,-0.5476190476190477,0.31484395234395235,-0.19087995337995334,0.38947718947718946,-0.3226499690785406,0.3333333333333333,-0.20238095238095238,0.23529411764705882,-0.3004201680672269,-0.4605661864718383,-0.5319947579004097,0.0,-0.30844155844155835,0.4598255280073462,-0.09387670915711199,0.27088319088319085,-0.20747178747178746,0.36363636363636365,-0.12012987012987014,0.30769230769230765,-0.17145662847790516,-0.3567530340063377,-0.3223926273691351
382,False,LNP193<-LNP782;LNP194<-LNP193;LNP195<-LNP858;LNP782<-LNP195;LNP854<-LNP854;LNP858<-LNP194,0.2619047619047619,-0.28571428571428575,0.3895132645132645,-0.11621064121064117,0.46898656898656893,-0.24314058956916113,0.3333333333333333,-0.20238095238095238,0.23529411764705882,-0.3004201680672269,-0.4605661864718383,-0.5319947579004097,0.18506493506493496,-0.12337662337662339,0.5138853570671752,-0.039816880097283014,0.31065759637188206,-0.16769738198309625,0.36363636363636365,-0.12012987012987014,0.30769230769230765,-0.17145662847790516,-0.3567530340063377,-0.3223926273691351
383,False,LNP193<-LNP782;LNP194<-LNP193;LNP195<-LNP858;LNP782<-LNP854;LNP854<-LNP194;LNP858<-LNP195,0.7142857142857143,0.16666666666666663,0.6405122655122656,0.1347883597883599,0.7983516483516483,0.08622448979591824,0.7738095238095238,0.23809523809523814,0.7692307692307693,0.23351648351648358,0.5476190476190477,0.4761904761904763,0.6396103896103896,0.3311688311688313,0.7294117647058824,0.17570952754142422,0.6583333333333333,0.17997835497835502,0.6558441558441559,0.1720779220779221,0.6538461538461539,0.17469721767594104,0.40771775315010056,0.44207815978730314
384,False,LNP193<-LNP782;LNP194<-LNP193;LNP195<-LNP858;LNP782<-LNP854;LNP854<-LNP195;LNP858<-LNP194,0.47619047619047616,-0.07142857142857151,0.4963675213675214,-0.009356384356384306,0.5742019884877028,-0.1379251700680273,0.4166666666666667,-0.11904761904761901,0.2777777777777778,-0.2579365079365079,-0.31180478223116176,-0.3832333536597332,0.2922077922077922,-0.016233766233766156,0.5505755608028335,-0.0031266763616246696,0.3774376417233559,-0.10091733663162239,0.4318181818181818,-0.051948051948051965,0.3454545454545454,-0.1336943907156674,-0.2405228464604172,-0.2061624398232146
385,False,LNP193<-LNP782;LNP194<-LNP194;LNP195<-LNP193;LNP782<-LNP195;LNP854<-LNP854;LNP858<-LNP858,0.047619047619047616,-0.5,0.3217883967883968,-0.18393550893550886,0.3996812711098425,-0.3124458874458876,0.4166666666666667,-0.11904761904761901,0.2777777777777778,-0.2579365079365079,-0.31180478223116176,-0.3832333536597332,0.00649350649350649,-0.30194805194805185,0.45627428127428127,-0.09742795589017694,0.26901983684592373,-0.20933514150905458,0.36363636363636365,-0.12012987012987014,0.3076923076923077,-0.1714566284779051,-0.35675303400633795,-0.3223926273691354
386,False,LNP193<-LNP782;LNP194<-LNP194;LNP195<-LNP193;LNP782<-LNP195;LNP854<-LNP858;LNP858<-LNP854,0.5952380952380952,0.04761904761904756,0.5335016835016835,0.02777777777777779,0.7384877027734171,0.026360544217687076,0.6904761904761905,0.15476190476190477,0.6904761904761905,0.15476190476190477,0.38095238095238093,0.30952380952380953,0.30844155844155835,0.0,0.5419929335370511,-0.011709303627407075,0.4783549783549783,0.0,0.5194805194805194,0.03571428571428564,0.5183946488294314,0.03924571265921861,0.040291148201268875,0.07465155483847145
387,False,LNP193<-LNP782;LNP194<-LNP194;LNP195<-LNP193;LNP782<-LNP854;LNP854<-LNP195;LNP858<-LNP858,0.5952380952380952,0.04761904761904756,0.5335016835016835,0.02777777777777779,0.7384877027734171,0.026360544217687076,0.6904761904761905,0.15476190476190477,0.6904761904761905,0.15476190476190477,0.38095238095238093,0.30952380952380953,0.32792207792207784,0.019480519480519487,0.5451991023682199,-0.00850313479623832,0.49563492063492054,0.01727994227994223,0.5876623376623377,0.10389610389610388,0.5847382431233363,0.10558930695312352,0.19738550848793068,0.23174591512513326
388,False,LNP193<-LNP782;LNP194<-LNP194;LNP195<-LNP193;LNP782<-LNP854;LNP854<-LNP858;LNP858<-LNP195,0.4761904761904762,-0.07142857142857145,0.48247863247863243,-0.023245273245273257,0.5954604918890634,-0.1166666666666667,0.4642857142857143,-0.0714285714285714,0.46153846153846156,-0.07417582417582413,-0.07142857142857142,-0.14285714285714285,0.25974025974025966,-0.04870129870129869,0.5288481911118172,-0.024854046052640966,0.35578231292517,-0.12257266542980833,0.37987012987012986,-0.10389610389610393,0.37777777777777777,-0.10137115839243505,-0.2438488811817297,-0.20948847454452713
389,False,LNP193<-LNP782;LNP194<-LNP194;LNP195<-LNP193;LNP782<-LNP858;LNP854<-LNP195;LNP858<-LNP854,0.6428571428571429,0.09523809523809523,0.55995670995671,0.0542328042328043,0.7745421245421246,0.06241496598639451,0.7738095238095238,0.23809523809523814,0.7692307692307693,0.23351648351648358,0.5476190476190477,0.4761904761904763,0.3474025974025974,0.03896103896103903,0.5475935828877004,-0.0061086542767577745,0.5392857142857143,0.060930735930735946,0.6558441558441559,0.1720779220779221,0.6538461538461539,0.17469721767594104,0.40771775315010056,0.44207815978730314
390,False,LNP193<-LNP782;LNP194<-LNP194;LNP195<-LNP193;LNP782<-LNP858;LNP854<-LNP854;LNP858<-LNP195,0.047619047619047616,-0.5,0.3217883967883968,-0.18393550893550886,0.3996812711098425,-0.3124458874458876,0.25,-0.2857142857142857,0.1875,-0.3482142857142857,-0.5916079783099616,-0.663036549738533,0.00649350649350649,-0.30194805194805185,0.45723846860210504,-0.09646376856235317,0.26901983684592373,-0.20933514150905458,0.22727272727272727,-0.25649350649350655,0.2173913043478261,-0.2617576318223867,-0.5640760748177664,-0.5297156681805639
391,False,LNP193<-LNP782;LNP194<-LNP194;LNP195<-LNP195;LNP782<-LNP193;LNP854<-LNP854;LNP858<-LNP858,0.6428571428571429,0.09523809523809523,0.55995670995671,0.0542328042328043,0.7745421245421246,0.06241496598639451,0.6309523809523809,0.09523809523809523,0.606060606060606,0.07034632034632027,0.2828894749305018,0.2114609035019304,0.3474025974025974,0.03896103896103903,0.5550611153552328,0.0013588781907746261,0.5392857142857143,0.060930735930735946,0.5844155844155844,0.1006493506493506,0.5555555555555556,0.07640661938534277,0.26189246330824845,0.296252869945451
392,False,LNP193<-LNP782;LNP194<-LNP194;LNP195<-LNP195;LNP782<-LNP193;LNP854<-LNP858;LNP858<-LNP854,0.0,-0.5476190476190477,0.31484395234395235,-0.19087995337995334,0.38947718947718946,-0.3226499690785406,0.5,-0.0357142857142857,0.3157894736842105,-0.2199248120300752,0.0,-0.07142857142857142,0.0,-0.30844155844155835,0.45805785123966947,-0.09564438592478874,0.27088319088319085,-0.20747178747178746,0.5,0.01623376623376621,0.37931034482758613,-0.09983859134262668,0.0,0.03436040663720258
393,False,LNP193<-LNP782;LNP194<-LNP194;LNP195<-LNP195;LNP782<-LNP854;LNP854<-LNP193;LNP858<-LNP858,0.6428571428571429,0.09523809523809523,0.55995670995671,0.0542328042328043,0.7745421245421246,0.06241496598639451,0.7738095238095238,0.23809523809523814,0.7692307692307693,0.23351648351648358,0.5476190476190477,0.4761904761904763,0.3474025974025974,0.03896103896103903,0.5539247517188693,0.0002225145544111351,0.5392857142857143,0.060930735930735946,0.6558441558441559,0.1720779220779221,0.6538461538461539,0.17469721767594104,0.40771775315010056,0.44207815978730314
394,False,LNP193<-LNP782;LNP194<-LNP194;LNP195<-LNP195;LNP782<-LNP854;LNP854<-LNP858;LNP858<-LNP193,0.0,-0.5476190476190477,0.31484395234395235,-0.19087995337995334,0.38947718947718946,-0.3226499690785406,0.5,-0.0357142857142857,0.3157894736842105,-0.2199248120300752,0.0,-0.07142857142857142,0.0,-0.30844155844155835,0.4598255280073462,-0.09387670915711199,0.27088319088319085,-0.20747178747178746,0.5,0.01623376623376621,0.37931034482758613,-0.09983859134262668,0.0,0.03436040663720258
395,False,LNP193<-LNP782;LNP194<-LNP194;LNP195<-LNP195;LNP782<-LNP858;LNP854<-LNP193;LNP858<-LNP854,0.2619047619047619,-0.28571428571428575,0.3895132645132645,-0.11621064121064117,0.46898656898656893,-0.24314058956916113,0.5,-0.0357142857142857,0.3157894736842105,-0.2199248120300752,0.0,-0.07142857142857142,0.15584415584415579,-0.15259740259740256,0.5028802517932952,-0.050821985371163,0.2977760334903192,-0.18057894486465909,0.5,0.01623376623376621,0.37931034482758613,-0.09983859134262668,0.0,0.03436040663720258
396,False,LNP193<-LNP782;LNP194<-LNP194;LNP195<-LNP195;LNP782<-LNP858;LNP854<-LNP854;LNP858<-LNP193,0.07142857142857142,-0.4761904761904763,0.32734395234395236,-0.17837995337995333,0.40563365206222346,-0.3064935064935066,0.4166666666666667,-0.11904761904761901,0.2777777777777778,-0.2579365079365079,-0.31180478223116176,-0.3832333536597332,0.05844155844155838,-0.24999999999999997,0.4755266569437693,-0.07817558022068893,0.2775582117687381,-0.20079676658624024,0.4318181818181818,-0.051948051948051965,0.3454545454545454,-0.1336943907156674,-0.2405228464604172,-0.2061624398232146
397,False,LNP193<-LNP782;LNP194<-LNP194;LNP195<-LNP854;LNP782<-LNP193;LNP854<-LNP195;LNP858<-LNP858,0.5,-0.04761904761904767,0.4943833943833944,-0.011340511340511283,0.609065934065934,-0.10306122448979604,0.5476190476190476,0.011904761904761862,0.5357142857142857,0.0,0.09759000729485333,0.026161435866281904,0.27922077922077915,-0.029220779220779203,0.5417120513894708,-0.01199018577498745,0.3710884353741496,-0.10726654298082872,0.5162337662337663,0.03246753246753248,0.4957983193277311,0.016649383157518294,0.03999232221113232,0.0743527288483349
398,False,LNP193<-LNP782;LNP194<-LNP194;LNP195<-LNP854;LNP782<-LNP193;LNP854<-LNP858;LNP858<-LNP195,0.5238095238095237,-0.023809523809523947,0.4964646464646464,-0.0092592592592593,0.6906985871271585,-0.021428571428571574,0.5357142857142857,0.0,0.5357142857142857,0.0,0.07142857142857142,0.0,0.27922077922077915,-0.029220779220779203,0.5406624262700235,-0.013039810894434734,0.4414965986394557,-0.03685837971552264,0.41558441558441556,-0.06818181818181823,0.4155844155844156,-0.0635645205857972,-0.1688311688311691,-0.13447076219396653
399,False,LNP193<-LNP782;LNP194<-LNP194;LNP195<-LNP854;LNP782<-LNP195;LNP854<-LNP193;LNP858<-LNP858,0.0,-0.5476190476190477,0.31484395234395235,-0.19087995337995334,0.38947718947718946,-0.3226499690785406,0.3333333333333333,-0.20238095238095238,0.23529411764705882,-0.3004201680672269,-0.4605661864718383,-0.5319947579004097,0.0,-0.30844155844155835,0.45805785123966947,-0.09564438592478874,0.27088319088319085,-0.20747178747178746,0.36363636363636365,-0.12012987012987014,0.30769230769230765,-0.17145662847790516,-0.3567530340063377,-0.3223926273691351
400,False,LNP193<-LNP782;LNP194<-LNP194;LNP195<-LNP854;LNP782<-LNP195;LNP854<-LNP858;LNP858<-LNP193,0.6428571428571429,0.09523809523809523,0.55995670995671,0.0542328042328043,0.7745421245421246,0.06241496598639451,0.6904761904761905,0.15476190476190477,0.6904761904761905,0.15476190476190477,0.38095238095238093,0.30952380952380953,0.3474025974025974,0.03896103896103903,0.5607429335370512,0.007040696372592969,0.5392857142857143,0.060930735930735946,0.5194805194805194,0.03571428571428564,0.5183946488294314,0.03924571265921861,0.040291148201268875,0.07465155483847145
401,False,LNP193<-LNP782;LNP194<-LNP194;LNP195<-LNP854;LNP782<-LNP858;LNP854<-LNP193;LNP858<-LNP195,0.047619047619047616,-0.5,0.3217883967883968,-0.18393550893550886,0.3996812711098425,-0.3124458874458876,0.25,-0.2857142857142857,0.1875,-0.3482142857142857,-0.5916079783099616,-0.663036549738533,0.00649350649350649,-0.30194805194805185,0.45627428127428127,-0.09742795589017694,0.27140078922687616,-0.20695418912810215,0.22727272727272727,-0.25649350649350655,0.2173913043478261,-0.2617576318223867,-0.5640760748177664,-0.5297156681805639
402,False,LNP193<-LNP782;LNP194<-LNP194;LNP195<-LNP854;LNP782<-LNP858;LNP854<-LNP195;LNP858<-LNP193,0.5714285714285714,0.023809523809523725,0.5176286676286675,0.011904761904761862,0.7257326007326007,0.013605442176870652,0.5476190476190476,0.011904761904761862,0.5357142857142857,0.0,0.09759000729485333,0.026161435866281904,0.28896103896103886,-0.019480519480519487,0.5288435828877005,-0.024858654276757708,0.4684343434343434,-0.009920634920634885,0.44805194805194803,-0.035714285714285754,0.4375,-0.041648936170212814,-0.11308055883843511,-0.07872015220123253
403,False,LNP193<-LNP782;LNP194<-LNP194;LNP195<-LNP858;LNP782<-LNP193;LNP854<-LNP195;LNP858<-LNP854,0.0,-0.5476190476190477,0.31484395234395235,-0.19087995337995334,0.38947718947718946,-0.3226499690785406,0.5,-0.0357142857142857,0.3157894736842105,-0.2199248120300752,0.0,-0.07142857142857142,0.0,-0.30844155844155835,0.4598255280073462,-0.09387670915711199,0.27088319088319085,-0.20747178747178746,0.5,0.01623376623376621,0.37931034482758613,-0.09983859134262668,0.0,0.03436040663720258
404,False,LNP193<-LNP782;LNP194<-LNP194;LNP195<-LNP858;LNP782<-LNP193;LNP854<-LNP854;LNP858<-LNP195,0.6428571428571429,0.09523809523809523,0.55995670995671,0.0542328042328043,0.7745421245421246,0.06241496598639451,0.7738095238095238,0.23809523809523814,0.7692307692307693,0.23351648351648358,0.5476190476190477,0.4761904761904763,0.3474025974025974,0.03896103896103903,0.5607429335370512,0.007040696372592969,0.5392857142857143,0.060930735930735946,0.6558441558441559,0.1720779220779221,0.6538461538461539,0.17469721767594104,0.40771775315010056,0.44207815978730314
405,False,LNP193<-LNP782;LNP194<-LNP194;LNP195<-LNP858;LNP782<-LNP195;LNP854<-LNP193;LNP858<-LNP854,0.23809523809523808,-0.3095238095238096,0.3805846930846931,-0.12513921263921257,0.45878248735391586,-0.2533446712018142,0.3333333333333333,-0.20238095238095238,0.23529411764705882,-0.3004201680672269,-0.4605661864718383,-0.5319947579004097,0.16558441558441553,-0.14285714285714282,0.5080578512396694,-0.04564438592478881,0.30262188208616775,-0.17573309626881056,0.36363636363636365,-0.12012987012987014,0.30769230769230765,-0.17145662847790516,-0.3567530340063377,-0.3223926273691351
406,False,LNP193<-LNP782;LNP194<-LNP194;LNP195<-LNP858;LNP782<-LNP195;LNP854<-LNP854;LNP858<-LNP193,0.30952380952380953,-0.23809523809523814,0.40298127798127803,-0.10274262774262766,0.4975579975579975,-0.21456916099773254,0.3333333333333333,-0.20238095238095238,0.23529411764705882,-0.3004201680672269,-0.4605661864718383,-0.5319947579004097,0.20454545454545445,-0.1038961038961039,0.5191195168467895,-0.034582720317668736,0.32653061224489793,-0.15182436611008038,0.4090909090909091,-0.07467532467532467,0.3333333333333333,-0.1458156028368795,-0.282038037408883,-0.24767763077168042
407,False,LNP193<-LNP782;LNP194<-LNP194;LNP195<-LNP858;LNP782<-LNP854;LNP854<-LNP193;LNP858<-LNP195,0.6428571428571429,0.09523809523809523,0.55995670995671,0.0542328042328043,0.7745421245421246,0.06241496598639451,0.7023809523809523,0.16666666666666663,0.6904761904761905,0.15476190476190477,0.4147575310031266,0.3433289595745552,0.3474025974025974,0.03896103896103903,0.5539247517188693,0.0002225145544111351,0.5392857142857143,0.060930735930735946,0.6201298701298701,0.1363636363636363,0.6067527308838134,0.12760379471360062,0.33868074965743356,0.37304115629463613
408,False,LNP193<-LNP782;LNP194<-LNP194;LNP195<-LNP858;LNP782<-LNP854;LNP854<-LNP195;LNP858<-LNP193,0.0,-0.5476190476190477,0.31484395234395235,-0.19087995337995334,0.38947718947718946,-0.3226499690785406,0.5,-0.0357142857142857,0.3157894736842105,-0.2199248120300752,0.0,-0.07142857142857142,0.0,-0.30844155844155835,0.4598255280073462,-0.09387670915711199,0.27088319088319085,-0.20747178747178746,0.5,0.01623376623376621,0.37931034482758613,-0.09983859134262668,0.0,0.03436040663720258
409,False,LNP193<-LNP782;LNP194<-LNP195;LNP195<-LNP193;LNP782<-LNP194;LNP854<-LNP854;LNP858<-LNP858,0.11904761904761904,-0.4285714285714286,0.33792596292596294,-0.16779794279794275,0.4192390942390942,-0.29288806431663583,0.3333333333333333,-0.20238095238095238,0.23529411764705882,-0.3004201680672269,-0.4605661864718383,-0.5319947579004097,0.035714285714285685,-0.27272727272727265,0.45497835497835504,-0.09872388218610317,0.2744329744329744,-0.20392200392200394,0.22727272727272727,-0.25649350649350655,0.21739130434782608,-0.26175763182238676,-0.5640760748177661,-0.5297156681805635
410,False,LNP193<-LNP782;LNP194<-LNP195;LNP195<-LNP193;LNP782<-LNP194;LNP854<-LNP858;LNP858<-LNP854,0.5714285714285714,0.023809523809523725,0.5242424242424242,0.01851851851851849,0.7170591313448456,0.004931972789115502,0.6904761904761905,0.15476190476190477,0.6904761904761905,0.15476190476190477,0.38095238095238093,0.30952380952380953,0.2889610389610389,-0.01948051948051943,0.5365693798180429,-0.017132857346415342,0.44621212121212117,-0.03214285714285714,0.5194805194805194,0.03571428571428564,0.5183946488294314,0.03924571265921861,0.040291148201268875,0.07465155483847145
411,False,LNP193<-LNP782;LNP194<-LNP195;LNP195<-LNP193;LNP782<-LNP854;LNP854<-LNP194;LNP858<-LNP858,0.4761904761904762,-0.07142857142857145,0.48247863247863243,-0.023245273245273257,0.5954604918890634,-0.1166666666666667,0.4642857142857143,-0.0714285714285714,0.46153846153846156,-0.07417582417582413,-0.07142857142857142,-0.14285714285714285,0.24350649350649342,-0.06493506493506493,0.5154923359468814,-0.038209901217576836,0.37950513538748826,-0.09884984296749005,0.3116883116883117,-0.1720779220779221,0.3142857142857143,-0.16486322188449853,-0.3694942137922784,-0.33513380715507585
412,False,LNP193<-LNP782;LNP194<-LNP195;LNP195<-LNP193;LNP782<-LNP854;LNP854<-LNP858;LNP858<-LNP194,0.5238095238095238,-0.023809523809523836,0.4890572390572391,-0.016666666666666607,0.7022065236350951,-0.009920634920634996,0.4642857142857143,-0.0714285714285714,0.46153846153846156,-0.07417582417582413,-0.07142857142857142,-0.14285714285714285,0.2597402597402596,-0.048701298701298745,0.5189613598475827,-0.034740877316875474,0.4564325730292117,-0.021922405325766614,0.3116883116883117,-0.1720779220779221,0.3142857142857143,-0.16486322188449853,-0.3694942137922784,-0.33513380715507585
413,False,LNP193<-LNP782;LNP194<-LNP195;LNP195<-LNP193;LNP782<-LNP858;LNP854<-LNP194;LNP858<-LNP854,0.5952380952380952,0.04761904761904756,0.5335016835016835,0.02777777777777779,0.7384877027734171,0.026360544217687076,0.6071428571428572,0.07142857142857151,0.606060606060606,0.07034632034632027,0.21957751641341997,0.14814894498484854,0.30844155844155835,0.0,0.548811115355233,-0.004891121809225241,0.4783549783549783,0.0,0.4512987012987013,-0.03246753246753248,0.4514835605453088,-0.02766537562490401,-0.09631426606617752,-0.06195385942897494
414,False,LNP193<-LNP782;LNP194<-LNP195;LNP195<-LNP193;LNP782<-LNP858;LNP854<-LNP854;LNP858<-LNP194,0.380952380952381,-0.16666666666666669,0.4426638176638177,-0.063060088060088,0.5236350950636666,-0.1884920634920635,0.4642857142857143,-0.0714285714285714,0.46153846153846156,-0.07417582417582413,-0.07142857142857142,-0.14285714285714285,0.19155844155844154,-0.11688311688311681,0.5156473829201101,-0.03805485424434807,0.30651649937364217,-0.17183847898133614,0.37987012987012986,-0.10389610389610393,0.37777777777777777,-0.10137115839243505,-0.2438488811817297,-0.20948847454452713
415,False,LNP193<-LNP782;LNP194<-LNP195;LNP195<-LNP194;LNP782<-LNP193;LNP854<-LNP854;LNP858<-LNP858,0.47619047619047616,-0.07142857142857151,0.4963675213675214,-0.009356384356384306,0.5742019884877028,-0.1379251700680273,0.5476190476190476,0.011904761904761862,0.5357142857142857,0.0,0.09759000729485333,0.026161435866281904,0.24350649350649348,-0.06493506493506487,0.5206168831168831,-0.033085354047575066,0.33510101010101007,-0.14325396825396824,0.44805194805194803,-0.035714285714285754,0.4375,-0.041648936170212814,-0.11308055883843511,-0.07872015220123253
416,False,LNP193<-LNP782;LNP194<-LNP195;LNP195<-LNP194;LNP782<-LNP193;LNP854<-LNP858;LNP858<-LNP854,0.047619047619047616,-0.5,0.3217883967883968,-0.18393550893550886,0.3996812711098425,-0.3124458874458876,0.4166666666666667,-0.11904761904761901,0.2777777777777778,-0.2579365079365079,-0.31180478223116176,-0.3832333536597332,0.0064935064935064905,-0.30194805194805185,0.44996114996114994,-0.10374108720330827,0.27140078922687616,-0.20695418912810215,0.36363636363636365,-0.12012987012987014,0.3076923076923077,-0.1714566284779051,-0.35675303400633795,-0.3223926273691354
417,False,LNP193<-LNP782;LNP194<-LNP195;LNP195<-LNP194;LNP782<-LNP854;LNP854<-LNP193;LNP858<-LNP858,0.47619047619047616,-0.07142857142857151,0.4963675213675214,-0.009356384356384306,0.5742019884877028,-0.1379251700680273,0.6190476190476191,0.08333333333333337,0.6153846153846154,0.07967032967032972,0.23809523809523808,0.16666666666666666,0.2435064935064935,-0.06493506493506485,0.5181818181818182,-0.03552041898264002,0.33510101010101007,-0.14325396825396824,0.48376623376623373,-5.551115123125783e-17,0.4791489361702128,0.0,-0.03436040663720258,0.0
418,False,LNP193<-LNP782;LNP194<-LNP195;LNP195<-LNP194;LNP782<-LNP854;LNP854<-LNP858;LNP858<-LNP193,0.047619047619047616,-0.5,0.3217883967883968,-0.18393550893550886,0.3996812711098425,-0.3124458874458876,0.25,-0.2857142857142857,0.1875,-0.3482142857142857,-0.5916079783099616,-0.663036549738533,0.0064935064935064905,-0.30194805194805185,0.44819347319347325,-0.10550876397098496,0.27140078922687616,-0.20695418912810215,0.1590909090909091,-0.3246753246753247,0.1627906976744186,-0.31635823849579425,-0.6741998624632418,-0.6398394558260392
419,False,LNP193<-LNP782;LNP194<-LNP195;LNP195<-LNP194;LNP782<-LNP858;LNP854<-LNP193;LNP858<-LNP854,0.5476190476190477,0.0,0.5195156695156695,0.013791763791763834,0.6432496075353218,-0.06887755102040827,0.6071428571428572,0.07142857142857151,0.606060606060606,0.07034632034632027,0.21957751641341997,0.14814894498484854,0.3214285714285714,0.012987012987013047,0.5542794011544011,0.0005771639899428971,0.4480158730158729,-0.030339105339105388,0.4512987012987013,-0.03246753246753248,0.4514835605453088,-0.02766537562490401,-0.09631426606617752,-0.06195385942897494
420,False,LNP193<-LNP782;LNP194<-LNP195;LNP195<-LNP194;LNP782<-LNP858;LNP854<-LNP854;LNP858<-LNP193,0.5,-0.04761904761904767,0.4943833943833944,-0.011340511340511283,0.609065934065934,-0.10306122448979604,0.5238095238095238,-0.011904761904761862,0.5125,-0.023214285714285743,0.05143444998736397,-0.019994121441207456,0.27922077922077915,-0.029220779220779203,0.5417120513894708,-0.01199018577498745,0.3710884353741496,-0.10726654298082872,0.3831168831168831,-0.10064935064935071,0.3812500000000001,-0.09789893617021272,-0.22792115291927598,-0.1935607462820734
421,False,LNP193<-LNP782;LNP194<-LNP195;LNP195<-LNP854;LNP782<-LNP193;LNP854<-LNP194;LNP858<-LNP858,0.4285714285714286,-0.11904761904761907,0.4491452991452992,-0.05657860657860647,0.5776033490319203,-0.1345238095238097,0.5476190476190476,0.011904761904761862,0.5357142857142857,0.0,0.09759000729485333,0.026161435866281904,0.2012987012987012,-0.10714285714285715,0.5089696985629999,-0.044732538601458316,0.3186224489795918,-0.1597325293753865,0.44805194805194803,-0.035714285714285754,0.4375,-0.041648936170212814,-0.11308055883843511,-0.07872015220123253
422,False,LNP193<-LNP782;LNP194<-LNP195;LNP195<-LNP854;LNP782<-LNP193;LNP854<-LNP858;LNP858<-LNP194,0.5476190476190476,-1.1102230246251565e-16,0.5083694083694084,0.002645502645502673,0.7043040293040292,-0.007823129251700811,0.5476190476190476,0.011904761904761862,0.5357142857142857,0.0,0.09759000729485333,0.026161435866281904,0.27922077922077915,-0.029220779220779203,0.5292641850128481,-0.0244380521516101,0.44025974025974024,-0.03809523809523807,0.44805194805194803,-0.035714285714285754,0.4375,-0.041648936170212814,-0.11308055883843511,-0.07872015220123253
423,False,LNP193<-LNP782;LNP194<-LNP195;LNP195<-LNP854;LNP782<-LNP194;LNP854<-LNP193;LNP858<-LNP858,0.09523809523809523,-0.45238095238095244,0.3323704073704074,-0.17335349835349828,0.41328671328671324,-0.2988404452690168,0.3333333333333333,-0.20238095238095238,0.23529411764705882,-0.3004201680672269,-0.4605661864718383,-0.5319947579004097,0.025974025974025962,-0.28246753246753237,0.45303030303030306,-0.10067193413415515,0.2732641432641432,-0.2050908350908351,0.22727272727272727,-0.25649350649350655,0.21739130434782608,-0.26175763182238676,-0.5640760748177661,-0.5297156681805635
424,False,LNP193<-LNP782;LNP194<-LNP195;LNP195<-LNP854;LNP782<-LNP194;LNP854<-LNP858;LNP858<-LNP193,0.5952380952380952,0.04761904761904756,0.5335016835016835,0.02777777777777779,0.7384877027734171,0.026360544217687076,0.6904761904761905,0.15476190476190477,0.6904761904761905,0.15476190476190477,0.38095238095238093,0.30952380952380953,0.30844155844155835,0.0,0.548811115355233,-0.004891121809225241,0.4783549783549783,0.0,0.5194805194805194,0.03571428571428564,0.5183946488294314,0.03924571265921861,0.040291148201268875,0.07465155483847145
425,False,LNP193<-LNP782;LNP194<-LNP195;LNP195<-LNP854;LNP782<-LNP858;LNP854<-LNP193;LNP858<-LNP194,0.380952380952381,-0.16666666666666669,0.4426638176638177,-0.063060088060088,0.5236350950636666,-0.1884920634920635,0.4642857142857143,-0.0714285714285714,0.46153846153846156,-0.07417582417582413,-0.07142857142857142,-0.14285714285714285,0.19155844155844154,-0.11688311688311681,0.5088292011019283,-0.0448730360625299,0.30651649937364217,-0.17183847898133614,0.37987012987012986,-0.10389610389610393,0.37777777777777777,-0.10137115839243505,-0.2438488811817297,-0.20948847454452713
426,False,LNP193<-LNP782;LNP194<-LNP195;LNP195<-LNP854;LNP782<-LNP858;LNP854<-LNP194;LNP858<-LNP193,0.5238095238095237,-0.023809523809523947,0.5102564102564102,0.004532504532504533,0.6218210361067504,-0.09030612244897962,0.6071428571428572,0.07142857142857151,0.606060606060606,0.07034632034632027,0.21957751641341997,0.14814894498484854,0.24999999999999997,-0.05844155844155838,0.5330627705627705,-0.020639466601687695,0.339069264069264,-0.1392857142857143,0.4512987012987013,-0.03246753246753248,0.4514835605453088,-0.02766537562490401,-0.09631426606617752,-0.06195385942897494
427,False,LNP193<-LNP782;LNP194<-LNP195;LNP195<-LNP858;LNP782<-LNP193;LNP854<-LNP194;LNP858<-LNP854,0.0,-0.5476190476190477,0.31484395234395235,-0.19087995337995334,0.38947718947718946,-0.3226499690785406,0.3333333333333333,-0.20238095238095238,0.23529411764705882,-0.3004201680672269,-0.4605661864718383,-0.5319947579004097,0.0,-0.30844155844155835,0.45580808080808083,-0.09789415635637738,0.27088319088319085,-0.20747178747178746,0.29545454545454547,-0.18831168831168832,0.26530612244897966,-0.21384281372123315,-0.46056618647183817,-0.4262057798346356
428,False,LNP193<-LNP782;LNP194<-LNP195;LNP195<-LNP858;LNP782<-LNP193;LNP854<-LNP854;LNP858<-LNP194,0.40476190476190477,-0.1428571428571429,0.45192307692307687,-0.053800828800828815,0.5379208093493808,-0.17420634920634925,0.3333333333333333,-0.20238095238095238,0.23529411764705882,-0.3004201680672269,-0.4605661864718383,-0.5319947579004097,0.21428571428571425,-0.0941558441558441,0.5144151303242211,-0.03928710684023706,0.3196145124716553,-0.15874046588332302,0.3409090909090909,-0.1428571428571429,0.29411764705882354,-0.18503128911138927,-0.3919247576690978,-0.3575643510318952
429,False,LNP193<-LNP782;LNP194<-LNP195;LNP195<-LNP858;LNP782<-LNP194;LNP854<-LNP193;LNP858<-LNP854,0.380952380952381,-0.16666666666666669,0.42612942612942617,-0.07959447959447952,0.5594627594627595,-0.15266439909297058,0.5595238095238095,0.023809523809523836,0.5125,-0.023214285714285743,0.14085904245475275,0.06943047102618133,0.23376623376623362,-0.07467532467532473,0.5269913385117146,-0.026710898652743564,0.38333333333333325,-0.09502164502164506,0.5487012987012987,0.0649350649350649,0.49946524064171127,0.02031630447149846,0.1718020331860125,0.20616243982321508
430,False,LNP193<-LNP782;LNP194<-LNP195;LNP195<-LNP858;LNP782<-LNP194;LNP854<-LNP854;LNP858<-LNP193,0.3333333333333333,-0.21428571428571436,0.41224053724053733,-0.09348336848336836,0.5118437118437118,-0.20028344671201825,0.38095238095238093,-0.15476190476190477,0.38095238095238093,-0.15476190476190477,-0.23809523809523808,-0.30952380952380953,0.18506493506493496,-0.12337662337662339,0.511686260599304,-0.04201597656515421,0.310657596371882,-0.1676973819830963,0.3116883116883117,-0.1720779220779221,0.3142857142857143,-0.16486322188449853,-0.3694942137922787,-0.3351338071550761
431,False,LNP193<-LNP782;LNP194<-LNP195;LNP195<-LNP858;LNP782<-LNP854;LNP854<-LNP193;LNP858<-LNP194,0.42857142857142855,-0.11904761904761912,0.4685897435897436,-0.037134162134162096,0.5478414442700157,-0.16428571428571437,0.5476190476190476,0.011904761904761862,0.5357142857142857,0.0,0.09759000729485333,0.026161435866281904,0.20454545454545447,-0.10389610389610388,0.5050699300699301,-0.04863230709452815,0.31601307189542477,-0.16234190645955354,0.44805194805194803,-0.035714285714285754,0.4375,-0.041648936170212814,-0.11308055883843511,-0.07872015220123253
432,False,LNP193<-LNP782;LNP194<-LNP195;LNP195<-LNP858;LNP782<-LNP854;LNP854<-LNP194;LNP858<-LNP193,0.0,-0.5476190476190477,0.31484395234395235,-0.19087995337995334,0.38947718947718946,-0.3226499690785406,0.25,-0.2857142857142857,0.1875,-0.3482142857142857,-0.5916079783099616,-0.663036549738533,0.0,-0.30844155844155835,0.44949494949494945,-0.10420728766950876,0.27088319088319085,-0.20747178747178746,0.1590909090909091,-0.3246753246753247,0.1627906976744186,-0.31635823849579425,-0.6741998624632418,-0.6398394558260392
433,False,LNP193<-LNP782;LNP194<-LNP854;LNP195<-LNP193;LNP782<-LNP194;LNP854<-LNP195;LNP858<-LNP858,0.5952380952380952,0.04761904761904756,0.5335016835016835,0.02777777777777779,0.7384877027734171,0.026360544217687076,0.6904761904761905,0.15476190476190477,0.6904761904761905,0.15476190476190477,0.38095238095238093,0.30952380952380953,0.32792207792207784,0.019480519480519487,0.5451991023682199,-0.00850313479623832,0.49563492063492054,0.01727994227994223,0.5876623376623377,0.10389610389610388,0.5847382431233363,0.10558930695312352,0.19738550848793068,0.23174591512513326
434,False,LNP193<-LNP782;LNP194<-LNP854;LNP195<-LNP193;LNP782<-LNP194;LNP854<-LNP858;LNP858<-LNP195,0.5,-0.04761904761904767,0.4943833943833944,-0.011340511340511283,0.609065934065934,-0.10306122448979604,0.5476190476190476,0.011904761904761862,0.5357142857142857,0.0,0.09759000729485333,0.026161435866281904,0.2889610389610389,-0.01948051948051943,0.5490172461946655,-0.004684990969792691,0.3770408163265306,-0.10131416202844773,0.5162337662337663,0.03246753246753248,0.4957983193277311,0.016649383157518294,0.03999232221113232,0.0743527288483349
435,False,LNP193<-LNP782;LNP194<-LNP854;LNP195<-LNP193;LNP782<-LNP195;LNP854<-LNP194;LNP858<-LNP858,0.16666666666666666,-0.38095238095238104,0.35042596292596295,-0.15529794279794273,0.4382867132867132,-0.27384044526901685,0.3333333333333333,-0.20238095238095238,0.23529411764705882,-0.3004201680672269,-0.4605661864718383,-0.5319947579004097,0.07467532467532462,-0.23376623376623373,0.4740653286107832,-0.079636908553675,0.28055542341256623,-0.19779955494241208,0.36363636363636365,-0.12012987012987014,0.30769230769230765,-0.17145662847790516,-0.3567530340063377,-0.3223926273691351
436,False,LNP193<-LNP782;LNP194<-LNP854;LNP195<-LNP193;LNP782<-LNP195;LNP854<-LNP858;LNP858<-LNP194,0.35714285714285715,-0.19047619047619052,0.4233516483516484,-0.08237225737225728,0.5197802197802197,-0.19234693877551035,0.47619047619047616,-0.059523809523809534,0.4484848484848485,-0.08722943722943721,-0.05143444998736397,-0.12286302141593539,0.23376623376623368,-0.07467532467532467,0.530666199004757,-0.023036038159701233,0.3418367346938775,-0.13651824366110082,0.48051948051948057,-0.00324675324675322,0.44615384615384623,-0.03299509001636658,-0.050964719143762376,-0.016604312506559797
437,False,LNP193<-LNP782;LNP194<-LNP854;LNP195<-LNP193;LNP782<-LNP858;LNP854<-LNP194;LNP858<-LNP195,0.21428571428571427,-0.33333333333333337,0.3726481851481852,-0.13307572057572048,0.45112942612942614,-0.2609977324263039,0.3333333333333333,-0.20238095238095238,0.23529411764705882,-0.3004201680672269,-0.4605661864718383,-0.5319947579004097,0.14285714285714285,-0.1655844155844155,0.50366391184573,-0.050038325318728205,0.29235426227907424,-0.18600071607590407,0.36363636363636365,-0.12012987012987014,0.30769230769230765,-0.17145662847790516,-0.3567530340063377,-0.3223926273691351
438,False,LNP193<-LNP782;LNP194<-LNP854;LNP195<-LNP193;LNP782<-LNP858;LNP854<-LNP195;LNP858<-LNP194,0.6190476190476191,0.0714285714285714,0.5450757575757575,0.03935185185185186,0.7575353218210361,0.045408163265306056,0.6904761904761905,0.15476190476190477,0.6904761904761905,0.15476190476190477,0.38095238095238093,0.30952380952380953,0.3376623376623376,0.02922077922077926,0.5604234949111608,0.006721257746702625,0.5194444444444444,0.041089466089466065,0.5876623376623377,0.10389610389610388,0.5847382431233363,0.10558930695312352,0.19738550848793068,0.23174591512513326
439,False,LNP193<-LNP782;LNP194<-LNP854;LNP195<-LNP194;LNP782<-LNP193;LNP854<-LNP195;LNP858<-LNP858,0.5238095238095237,-0.023809523809523947,0.5102564102564102,0.004532504532504533,0.6218210361067504,-0.09030612244897962,0.6904761904761905,0.15476190476190477,0.6904761904761905,0.15476190476190477,0.38095238095238093,0.30952380952380953,0.2987012987012987,-0.00974025974025966,0.5482055578829772,-0.0054966792814810095,0.38696145124716547,-0.09139352710781284,0.5876623376623377,0.10389610389610388,0.5847382431233363,0.10558930695312352,0.19738550848793068,0.23174591512513326
440,False,LNP193<-LNP782;LNP194<-LNP854;LNP195<-LNP194;LNP782<-LNP193;LNP854<-LNP858;LNP858<-LNP195,0.6428571428571429,0.09523809523809523,0.55995670995671,0.0542328042328043,0.7745421245421246,0.06241496598639451,0.6904761904761905,0.15476190476190477,0.6904761904761905,0.15476190476190477,0.38095238095238093,0.30952380952380953,0.3474025974025974,0.03896103896103903,0.5618792971734148,0.008177060008956571,0.5369047619047619,0.058549783549783574,0.5876623376623377,0.10389610389610388,0.5847382431233363,0.10558930695312352,0.19738550848793068,0.23174591512513326
441,False,LNP193<-LNP782;LNP194<-LNP854;LNP195<-LNP194;LNP782<-LNP195;LNP854<-LNP193;LNP858<-LNP858,0.2857142857142857,-0.261904761904762,0.4006243756243757,-0.10509953009952999,0.4769230769230769,-0.23520408163265316,0.3333333333333333,-0.20238095238095238,0.23529411764705882,-0.3004201680672269,-0.4605661864718383,-0.5319947579004097,0.19480519480519473,-0.11363636363636362,0.5171150221389456,-0.036587215025512654,0.3131786047752434,-0.16517637357973491,0.36363636363636365,-0.12012987012987014,0.30769230769230765,-0.17145662847790516,-0.3567530340063377,-0.3223926273691351
442,False,LNP193<-LNP782;LNP194<-LNP854;LNP195<-LNP194;LNP782<-LNP195;LNP854<-LNP858;LNP858<-LNP193,0.07142857142857142,-0.4761904761904763,0.32734395234395236,-0.17837995337995333,0.40563365206222346,-0.3064935064935066,0.3333333333333333,-0.20238095238095238,0.23529411764705882,-0.3004201680672269,-0.4605661864718383,-0.5319947579004097,0.05844155844155838,-0.24999999999999997,0.47729433371144603,-0.07640790345301218,0.2775582117687381,-0.20079676658624024,0.36363636363636365,-0.12012987012987014,0.30769230769230765,-0.17145662847790516,-0.3567530340063377,-0.3223926273691351
443,False,LNP193<-LNP782;LNP194<-LNP854;LNP195<-LNP194;LNP782<-LNP858;LNP854<-LNP193;LNP858<-LNP195,0.35714285714285715,-0.19047619047619052,0.4307590557590558,-0.07496484996484987,0.5134310134310134,-0.19869614512471667,0.3333333333333333,-0.20238095238095238,0.23529411764705882,-0.3004201680672269,-0.4605661864718383,-0.5319947579004097,0.21103896103896097,-0.09740259740259738,0.5224351406169587,-0.031267096547499484,0.3199813258636788,-0.15837365249129953,0.36363636363636365,-0.12012987012987014,0.30769230769230765,-0.17145662847790516,-0.3567530340063377,-0.3223926273691351
444,False,LNP193<-LNP782;LNP194<-LNP854;LNP195<-LNP194;LNP782<-LNP858;LNP854<-LNP195;LNP858<-LNP193,0.047619047619047616,-0.5,0.3217883967883968,-0.18393550893550886,0.3996812711098425,-0.3124458874458876,0.4166666666666667,-0.11904761904761901,0.2777777777777778,-0.2579365079365079,-0.31180478223116176,-0.3832333536597332,0.00649350649350649,-0.30194805194805185,0.4602917284735467,-0.0934105086909115,0.27140078922687616,-0.20695418912810215,0.4318181818181818,-0.051948051948051965,0.3454545454545454,-0.1336943907156674,-0.2405228464604172,-0.2061624398232146
445,False,LNP193<-LNP782;LNP194<-LNP854;LNP195<-LNP195;LNP782<-LNP193;LNP854<-LNP194;LNP858<-LNP858,0.7380952380952381,0.19047619047619047,0.6627344877344877,0.15701058201058204,0.8102564102564103,0.09812925170068021,0.7738095238095238,0.23809523809523814,0.7692307692307693,0.23351648351648358,0.5476190476190477,0.4761904761904763,0.698051948051948,0.3896103896103897,0.7553857906799084,0.2016835535154502,0.7107142857142857,0.23235930735930743,0.6558441558441559,0.1720779220779221,0.6538461538461539,0.17469721767594104,0.40771775315010056,0.44207815978730314
446,False,LNP193<-LNP782;LNP194<-LNP854;LNP195<-LNP195;LNP782<-LNP193;LNP854<-LNP858;LNP858<-LNP194,0.5,-0.04761904761904767,0.5241452991452992,0.018421393421393484,0.5806954949812092,-0.13143166357452085,0.4166666666666667,-0.11904761904761901,0.2777777777777778,-0.2579365079365079,-0.31180478223116176,-0.3832333536597332,0.4090909090909091,0.10064935064935077,0.6233028335301063,0.06960059636564808,0.41156462585034004,-0.06679035250463827,0.4318181818181818,-0.051948051948051965,0.3454545454545454,-0.1336943907156674,-0.2405228464604172,-0.2061624398232146
447,False,LNP193<-LNP782;LNP194<-LNP854;LNP195<-LNP195;LNP782<-LNP194;LNP854<-LNP193;LNP858<-LNP858,0.6428571428571429,0.09523809523809523,0.55995670995671,0.0542328042328043,0.7745421245421246,0.06241496598639451,0.7738095238095238,0.23809523809523814,0.7692307692307693,0.23351648351648358,0.5476190476190477,0.4761904761904763,0.3474025974025974,0.03896103896103903,0.5566844919786095,0.002982254814151264,0.5392857142857143,0.060930735930735946,0.6558441558441559,0.1720779220779221,0.6538461538461539,0.17469721767594104,0.40771775315010056,0.44207815978730314
448,False,LNP193<-LNP782;LNP194<-LNP854;LNP195<-LNP195;LNP782<-LNP194;LNP854<-LNP858;LNP858<-LNP193,0.0,-0.5476190476190477,0.31484395234395235,-0.19087995337995334,0.38947718947718946,-0.3226499690785406,0.4166666666666667,-0.11904761904761901,0.2777777777777778,-0.2579365079365079,-0.31180478223116176,-0.3832333536597332,0.0,-0.30844155844155835,0.4598255280073462,-0.09387670915711199,0.27088319088319085,-0.20747178747178746,0.4318181818181818,-0.051948051948051965,0.3454545454545454,-0.1336943907156674,-0.2405228464604172,-0.2061624398232146
449,False,LNP193<-LNP782;LNP194<-LNP854;LNP195<-LNP195;LNP782<-LNP858;LNP854<-LNP193;LNP858<-LNP194,0.5476190476190477,0.0,0.5057239057239057,0.0,0.71212715855573,0.0,0.5476190476190476,0.011904761904761862,0.5357142857142857,0.0,0.09759000729485333,0.026161435866281904,0.30844155844155835,0.0,0.5512671722293933,-0.0024350649350649567,0.4783549783549783,0.0,0.5162337662337663,0.03246753246753248,0.4957983193277311,0.016649383157518294,0.03999232221113232,0.0743527288483349
450,False,LNP193<-LNP782;LNP194<-LNP854;LNP195<-LNP195;LNP782<-LNP858;LNP854<-LNP194;LNP858<-LNP193,0.0,-0.5476190476190477,0.31484395234395235,-0.19087995337995334,0.38947718947718946,-0.3226499690785406,0.4166666666666667,-0.11904761904761901,0.2777777777777778,-0.2579365079365079,-0.31180478223116176,-0.3832333536597332,0.0,-0.30844155844155835,0.4598255280073462,-0.09387670915711199,0.27088319088319085,-0.20747178747178746,0.4318181818181818,-0.051948051948051965,0.3454545454545454,-0.1336943907156674,-0.2405228464604172,-0.2061624398232146
451,False,LNP193<-LNP782;LNP194<-LNP854;LNP195<-LNP858;LNP782<-LNP193;LNP854<-LNP194;LNP858<-LNP195,0.6904761904761905,0.1428571428571428,0.6155122655122656,0.10978835978835988,0.7888278388278388,0.07670068027210875,0.7738095238095238,0.23809523809523814,0.7692307692307693,0.23351648351648358,0.5476190476190477,0.4761904761904763,0.5811688311688312,0.2727272727272729,0.7010026737967914,0.14730043663233316,0.6209183673469387,0.14256338899196042,0.6558441558441559,0.1720779220779221,0.6538461538461539,0.17469721767594104,0.40771775315010056,0.44207815978730314
452,False,LNP193<-LNP782;LNP194<-LNP854;LNP195<-LNP858;LNP782<-LNP193;LNP854<-LNP195;LNP858<-LNP194,0.47619047619047616,-0.07142857142857151,0.4963675213675214,-0.009356384356384306,0.5742019884877028,-0.1379251700680273,0.4166666666666667,-0.11904761904761901,0.2777777777777778,-0.2579365079365079,-0.31180478223116176,-0.3832333536597332,0.2922077922077922,-0.016233766233766156,0.5505755608028335,-0.0031266763616246696,0.3774376417233559,-0.10091733663162239,0.4318181818181818,-0.051948051948051965,0.3454545454545454,-0.1336943907156674,-0.2405228464604172,-0.2061624398232146
453,False,LNP193<-LNP782;LNP194<-LNP854;LNP195<-LNP858;LNP782<-LNP194;LNP854<-LNP193;LNP858<-LNP195,0.5476190476190477,0.0,0.5057239057239057,0.0,0.71212715855573,0.0,0.6309523809523809,0.09523809523809523,0.606060606060606,0.07034632034632027,0.2828894749305018,0.2114609035019304,0.30844155844155835,0.0,0.5444489904112114,-0.009253246753246791,0.4783549783549783,0.0,0.5844155844155844,0.1006493506493506,0.5555555555555556,0.07640661938534277,0.26189246330824845,0.296252869945451
454,False,LNP193<-LNP782;LNP194<-LNP854;LNP195<-LNP858;LNP782<-LNP194;LNP854<-LNP195;LNP858<-LNP193,0.047619047619047616,-0.5,0.3217883967883968,-0.18393550893550886,0.3996812711098425,-0.3124458874458876,0.5,-0.0357142857142857,0.3157894736842105,-0.2199248120300752,0.0,-0.07142857142857142,0.00649350649350649,-0.30194805194805185,0.4602917284735467,-0.0934105086909115,0.27140078922687616,-0.20695418912810215,0.5,0.01623376623376621,0.37931034482758613,-0.09983859134262668,0.0,0.03436040663720258
455,False,LNP193<-LNP782;LNP194<-LNP854;LNP195<-LNP858;LNP782<-LNP195;LNP854<-LNP193;LNP858<-LNP194,0.2857142857142857,-0.261904761904762,0.4006243756243757,-0.10509953009952999,0.4769230769230769,-0.23520408163265316,0.3333333333333333,-0.20238095238095238,0.23529411764705882,-0.3004201680672269,-0.4605661864718383,-0.5319947579004097,0.20454545454545447,-0.10389610389610388,0.5226107226107226,-0.0310915145537356,0.31678004535147386,-0.16157493300350445,0.36363636363636365,-0.12012987012987014,0.30769230769230765,-0.17145662847790516,-0.3567530340063377,-0.3223926273691351
456,False,LNP193<-LNP782;LNP194<-LNP854;LNP195<-LNP858;LNP782<-LNP195;LNP854<-LNP194;LNP858<-LNP193,0.0,-0.5476190476190477,0.31484395234395235,-0.19087995337995334,0.38947718947718946,-0.3226499690785406,0.4166666666666667,-0.11904761904761901,0.2777777777777778,-0.2579365079365079,-0.31180478223116176,-0.3832333536597332,0.0,-0.30844155844155835,0.4598255280073462,-0.09387670915711199,0.27088319088319085,-0.20747178747178746,0.4318181818181818,-0.051948051948051965,0.3454545454545454,-0.1336943907156674,-0.2405228464604172,-0.2061624398232146
457,False,LNP193<-LNP782;LNP194<-LNP858;LNP195<-LNP193;LNP782<-LNP194;LNP854<-LNP195;LNP858<-LNP854,0.6190476190476191,0.0714285714285714,0.5450757575757575,0.03935185185185186,0.7575353218210361,0.045408163265306056,0.6904761904761905,0.15476190476190477,0.6904761904761905,0.15476190476190477,0.38095238095238093,0.30952380952380953,0.32792207792207784,0.019480519480519487,0.5414352251164394,-0.012267012048018833,0.5095238095238095,0.03116883116883118,0.5194805194805194,0.03571428571428564,0.5183946488294314,0.03924571265921861,0.040291148201268875,0.07465155483847145
458,False,LNP193<-LNP782;LNP194<-LNP858;LNP195<-LNP193;LNP782<-LNP194;LNP854<-LNP854;LNP858<-LNP195,0.047619047619047616,-0.5,0.3217883967883968,-0.18393550893550886,0.3996812711098425,-0.3124458874458876,0.3333333333333333,-0.20238095238095238,0.23529411764705882,-0.3004201680672269,-0.4605661864718383,-0.5319947579004097,0.0064935064935064905,-0.30194805194805185,0.4524864024864025,-0.10121583467805573,0.27140078922687616,-0.20695418912810215,0.29545454545454547,-0.18831168831168832,0.26530612244897966,-0.21384281372123315,-0.46056618647183817,-0.4262057798346356
459,False,LNP193<-LNP782;LNP194<-LNP858;LNP195<-LNP193;LNP782<-LNP195;LNP854<-LNP194;LNP858<-LNP854,0.5952380952380952,0.04761904761904756,0.5335016835016835,0.02777777777777779,0.7384877027734171,0.026360544217687076,0.6071428571428572,0.07142857142857151,0.606060606060606,0.07034632034632027,0.21957751641341997,0.14814894498484854,0.30844155844155835,0.0,0.548811115355233,-0.004891121809225241,0.4783549783549783,0.0,0.4512987012987013,-0.03246753246753248,0.4514835605453088,-0.02766537562490401,-0.09631426606617752,-0.06195385942897494
460,False,LNP193<-LNP782;LNP194<-LNP858;LNP195<-LNP193;LNP782<-LNP195;LNP854<-LNP854;LNP858<-LNP194,0.23809523809523808,-0.3095238095238096,0.3805846930846931,-0.12513921263921257,0.45878248735391586,-0.2533446712018142,0.3333333333333333,-0.20238095238095238,0.23529411764705882,-0.3004201680672269,-0.4605661864718383,-0.5319947579004097,0.13311688311688308,-0.17532467532467527,0.4971303948576676,-0.05657184230679063,0.2889030612244898,-0.18945191713048853,0.29545454545454547,-0.18831168831168832,0.26530612244897966,-0.21384281372123315,-0.46056618647183817,-0.4262057798346356
461,False,LNP193<-LNP782;LNP194<-LNP858;LNP195<-LNP193;LNP782<-LNP854;LNP854<-LNP194;LNP858<-LNP195,0.45238095238095233,-0.09523809523809534,0.48049450549450545,-0.025229400229400234,0.5614468864468865,-0.1506802721088436,0.6190476190476191,0.08333333333333337,0.6153846153846154,0.07967032967032972,0.23809523809523808,0.16666666666666666,0.23376623376623373,-0.07467532467532462,0.5284271284271284,-0.025275108737329854,0.3267676767676767,-0.1515873015873016,0.48376623376623373,-5.551115123125783e-17,0.4791489361702128,0.0,-0.03436040663720258,0.0
462,False,LNP193<-LNP782;LNP194<-LNP858;LNP195<-LNP193;LNP782<-LNP854;LNP854<-LNP195;LNP858<-LNP194,0.6428571428571429,0.09523809523809523,0.55995670995671,0.0542328042328043,0.7745421245421246,0.06241496598639451,0.7738095238095238,0.23809523809523814,0.7692307692307693,0.23351648351648358,0.5476190476190477,0.4761904761904763,0.3474025974025974,0.03896103896103903,0.5550611153552328,0.0013588781907746261,0.5392857142857143,0.060930735930735946,0.6558441558441559,0.1720779220779221,0.6538461538461539,0.17469721767594104,0.40771775315010056,0.44207815978730314
463,False,LNP193<-LNP782;LNP194<-LNP858;LNP195<-LNP194;LNP782<-LNP193;LNP854<-LNP195;LNP858<-LNP854,0.09523809523809523,-0.45238095238095244,0.3323704073704074,-0.17335349835349828,0.41328671328671324,-0.2988404452690168,0.5,-0.0357142857142857,0.3157894736842105,-0.2199248120300752,0.0,-0.07142857142857142,0.045454545454545435,-0.26298701298701294,0.47177395969262004,-0.08192827747183817,0.27578515166750456,-0.20256982668747375,0.5,0.01623376623376621,0.37931034482758613,-0.09983859134262668,0.0,0.03436040663720258
464,False,LNP193<-LNP782;LNP194<-LNP858;LNP195<-LNP194;LNP782<-LNP193;LNP854<-LNP854;LNP858<-LNP195,0.5952380952380952,0.04761904761904756,0.5335016835016835,0.02777777777777779,0.7384877027734171,0.026360544217687076,0.6904761904761905,0.15476190476190477,0.6904761904761905,0.15476190476190477,0.38095238095238093,0.30952380952380953,0.30844155844155835,0.0,0.548811115355233,-0.004891121809225241,0.4783549783549783,0.0,0.5194805194805194,0.03571428571428564,0.5183946488294314,0.03924571265921861,0.040291148201268875,0.07465155483847145
465,False,LNP193<-LNP782;LNP194<-LNP858;LNP195<-LNP194;LNP782<-LNP195;LNP854<-LNP193;LNP858<-LNP854,0.5476190476190477,0.0,0.5195156695156695,0.013791763791763834,0.6432496075353218,-0.06887755102040827,0.5238095238095238,-0.011904761904761862,0.5125,-0.023214285714285743,0.05143444998736397,-0.019994121441207456,0.3214285714285714,0.012987012987013047,0.5542794011544011,0.0005771639899428971,0.4480158730158729,-0.030339105339105388,0.3831168831168831,-0.10064935064935071,0.3812500000000001,-0.09789893617021272,-0.22792115291927598,-0.1935607462820734
466,False,LNP193<-LNP782;LNP194<-LNP858;LNP195<-LNP194;LNP782<-LNP195;LNP854<-LNP854;LNP858<-LNP193,0.47619047619047616,-0.07142857142857151,0.4963675213675214,-0.009356384356384306,0.5742019884877028,-0.1379251700680273,0.5238095238095238,-0.011904761904761862,0.5125,-0.023214285714285743,0.05143444998736397,-0.019994121441207456,0.2922077922077922,-0.016233766233766156,0.5481404958677686,-0.005561741296689626,0.3774376417233559,-0.10091733663162239,0.3831168831168831,-0.10064935064935071,0.3812500000000001,-0.09789893617021272,-0.22792115291927598,-0.1935607462820734
467,False,LNP193<-LNP782;LNP194<-LNP858;LNP195<-LNP194;LNP782<-LNP854;LNP854<-LNP193;LNP858<-LNP195,0.5714285714285714,0.023809523809523725,0.5242424242424242,0.01851851851851849,0.7170591313448456,0.004931972789115502,0.6904761904761905,0.15476190476190477,0.6904761904761905,0.15476190476190477,0.38095238095238093,0.30952380952380953,0.2889610389610389,-0.01948051948051943,0.5433875616362247,-0.010314675528233508,0.44621212121212117,-0.03214285714285714,0.5194805194805194,0.03571428571428564,0.5183946488294314,0.03924571265921861,0.040291148201268875,0.07465155483847145
468,False,LNP193<-LNP782;LNP194<-LNP858;LNP195<-LNP194;LNP782<-LNP854;LNP854<-LNP195;LNP858<-LNP193,0.047619047619047616,-0.5,0.3217883967883968,-0.18393550893550886,0.3996812711098425,-0.3124458874458876,0.5,-0.0357142857142857,0.3157894736842105,-0.2199248120300752,0.0,-0.07142857142857142,0.00649350649350649,-0.30194805194805185,0.4602917284735467,-0.0934105086909115,0.27140078922687616,-0.20695418912810215,0.5,0.01623376623376621,0.37931034482758613,-0.09983859134262668,0.0,0.03436040663720258
469,False,LNP193<-LNP782;LNP194<-LNP858;LNP195<-LNP195;LNP782<-LNP193;LNP854<-LNP194;LNP858<-LNP854,0.0,-0.5476190476190477,0.31484395234395235,-0.19087995337995334,0.38947718947718946,-0.3226499690785406,0.5,-0.0357142857142857,0.3157894736842105,-0.2199248120300752,0.0,-0.07142857142857142,0.0,-0.30844155844155835,0.45805785123966947,-0.09564438592478874,0.27088319088319085,-0.20747178747178746,0.5,0.01623376623376621,0.37931034482758613,-0.09983859134262668,0.0,0.03436040663720258
470,False,LNP193<-LNP782;LNP194<-LNP858;LNP195<-LNP195;LNP782<-LNP193;LNP854<-LNP854;LNP858<-LNP194,0.5714285714285714,0.023809523809523725,0.5310897435897436,0.025365837865837904,0.6622972265829409,-0.049829931972789177,0.6309523809523809,0.09523809523809523,0.606060606060606,0.07034632034632027,0.2828894749305018,0.2114609035019304,0.32142857142857134,0.012987012987012991,0.5529505888376856,-0.0007516483267726581,0.4619047619047619,-0.016450216450216437,0.5844155844155844,0.1006493506493506,0.5555555555555556,0.07640661938534277,0.26189246330824845,0.296252869945451
471,False,LNP193<-LNP782;LNP194<-LNP858;LNP195<-LNP195;LNP782<-LNP194;LNP854<-LNP193;LNP858<-LNP854,0.35714285714285715,-0.19047619047619052,0.4233516483516484,-0.08237225737225728,0.5197802197802197,-0.19234693877551035,0.5476190476190476,0.011904761904761862,0.5357142857142857,0.0,0.09759000729485333,0.026161435866281904,0.23376623376623368,-0.07467532467532467,0.5307580263693116,-0.022944210795146636,0.3418367346938775,-0.13651824366110082,0.5162337662337663,0.03246753246753248,0.4957983193277311,0.016649383157518294,0.03999232221113232,0.0743527288483349
472,False,LNP193<-LNP782;LNP194<-LNP858;LNP195<-LNP195;LNP782<-LNP194;LNP854<-LNP854;LNP858<-LNP193,0.14285714285714285,-0.4047619047619048,0.3462592962592963,-0.15946460946460939,0.42558830058830055,-0.2865388579674295,0.4166666666666667,-0.11904761904761901,0.2777777777777778,-0.2579365079365079,-0.31180478223116176,-0.3832333536597332,0.11688311688311684,-0.1915584415584415,0.49509488827670645,-0.058607348887751765,0.28879142300194927,-0.18956355535302905,0.4318181818181818,-0.051948051948051965,0.3454545454545454,-0.1336943907156674,-0.2405228464604172,-0.2061624398232146
473,False,LNP193<-LNP782;LNP194<-LNP858;LNP195<-LNP195;LNP782<-LNP854;LNP854<-LNP193;LNP858<-LNP194,0.5476190476190477,0.0,0.5195156695156695,0.013791763791763834,0.6432496075353218,-0.06887755102040827,0.6190476190476191,0.08333333333333337,0.6153846153846154,0.07967032967032972,0.23809523809523808,0.16666666666666666,0.30194805194805185,-0.006493506493506496,0.5471771284271284,-0.00652510873732981,0.4307359307359307,-0.047619047619047616,0.48376623376623373,-5.551115123125783e-17,0.4791489361702128,0.0,-0.03436040663720258,0.0
474,False,LNP193<-LNP782;LNP194<-LNP858;LNP195<-LNP195;LNP782<-LNP854;LNP854<-LNP194;LNP858<-LNP193,0.0,-0.5476190476190477,0.31484395234395235,-0.19087995337995334,0.38947718947718946,-0.3226499690785406,0.4166666666666667,-0.11904761904761901,0.2777777777777778,-0.2579365079365079,-0.31180478223116176,-0.3832333536597332,0.0,-0.30844155844155835,0.4598255280073462,-0.09387670915711199,0.27088319088319085,-0.20747178747178746,0.4318181818181818,-0.051948051948051965,0.3454545454545454,-0.1336943907156674,-0.2405228464604172,-0.2061624398232146
475,False,LNP193<-LNP782;LNP194<-LNP858;LNP195<-LNP854;LNP782<-LNP193;LNP854<-LNP194;LNP858<-LNP195,0.5238095238095238,-0.023809523809523836,0.5036426536426536,-0.002081252081252094,0.6304945054945055,-0.08163265306122458,0.6071428571428572,0.07142857142857151,0.606060606060606,0.07034632034632027,0.21957751641341997,0.14814894498484854,0.29220779220779214,-0.01623376623376621,0.5437680375180375,-0.009934199646420727,0.42240259740259734,-0.055952380952380976,0.4512987012987013,-0.03246753246753248,0.4514835605453088,-0.02766537562490401,-0.09631426606617752,-0.06195385942897494
476,False,LNP193<-LNP782;LNP194<-LNP858;LNP195<-LNP854;LNP782<-LNP193;LNP854<-LNP195;LNP858<-LNP194,0.6428571428571429,0.09523809523809523,0.55995670995671,0.0542328042328043,0.7745421245421246,0.06241496598639451,0.6904761904761905,0.15476190476190477,0.6904761904761905,0.15476190476190477,0.38095238095238093,0.30952380952380953,0.3474025974025974,0.03896103896103903,0.5635026737967914,0.00980043663233321,0.5392857142857143,0.060930735930735946,0.5876623376623377,0.10389610389610388,0.5847382431233363,0.10558930695312352,0.19738550848793068,0.23174591512513326
477,False,LNP193<-LNP782;LNP194<-LNP858;LNP195<-LNP854;LNP782<-LNP194;LNP854<-LNP193;LNP858<-LNP195,0.047619047619047616,-0.5,0.3217883967883968,-0.18393550893550886,0.3996812711098425,-0.3124458874458876,0.3333333333333333,-0.20238095238095238,0.23529411764705882,-0.3004201680672269,-0.4605661864718383,-0.5319947579004097,0.0064935064935064905,-0.30194805194805185,0.4524864024864025,-0.10121583467805573,0.27140078922687616,-0.20695418912810215,0.29545454545454547,-0.18831168831168832,0.26530612244897966,-0.21384281372123315,-0.46056618647183817,-0.4262057798346356
478,False,LNP193<-LNP782;LNP194<-LNP858;LNP195<-LNP854;LNP782<-LNP194;LNP854<-LNP195;LNP858<-LNP193,0.5476190476190476,-1.1102230246251565e-16,0.5083694083694084,0.002645502645502673,0.7043040293040292,-0.007823129251700811,0.5476190476190476,0.011904761904761862,0.5357142857142857,0.0,0.09759000729485333,0.026161435866281904,0.27922077922077915,-0.029220779220779203,0.5326394194041252,-0.02106281776033303,0.44025974025974024,-0.03809523809523807,0.44805194805194803,-0.035714285714285754,0.4375,-0.041648936170212814,-0.11308055883843511,-0.07872015220123253
479,False,LNP193<-LNP782;LNP194<-LNP858;LNP195<-LNP854;LNP782<-LNP195;LNP854<-LNP193;LNP858<-LNP194,0.16666666666666666,-0.38095238095238104,0.36014818514818514,-0.14557572057572055,0.4320818070818071,-0.28004535147392295,0.25,-0.2857142857142857,0.1875,-0.3482142857142857,-0.5916079783099616,-0.663036549738533,0.10389610389610388,-0.20454545454545447,0.48867019477067325,-0.06503204239378496,0.28318695899412394,-0.19516801936085437,0.22727272727272727,-0.25649350649350655,0.2173913043478261,-0.2617576318223867,-0.5640760748177664,-0.5297156681805639
480,False,LNP193<-LNP782;LNP194<-LNP858;LNP195<-LNP854;LNP782<-LNP195;LNP854<-LNP194;LNP858<-LNP193,0.5714285714285714,0.023809523809523725,0.5176286676286675,0.011904761904761862,0.7257326007326007,0.013605442176870652,0.6071428571428572,0.07142857142857151,0.606060606060606,0.07034632034632027,0.21957751641341997,0.14814894498484854,0.29870129870129863,-0.009740259740259716,0.545402024446142,-0.008300212718316158,0.4724025974025974,-0.005952380952380931,0.4512987012987013,-0.03246753246753248,0.4514835605453088,-0.02766537562490401,-0.09631426606617752,-0.06195385942897494
481,False,LNP193<-LNP854;LNP194<-LNP193;LNP195<-LNP194;LNP782<-LNP195;LNP854<-LNP782;LNP858<-LNP858,0.30952380952380953,-0.23809523809523814,0.40298127798127803,-0.10274262774262766,0.4975579975579975,-0.21456916099773254,0.3333333333333333,-0.20238095238095238,0.23529411764705882,-0.3004201680672269,-0.4605661864718383,-0.5319947579004097,0.19155844155844146,-0.1168831168831169,0.517874483882389,-0.03582775328206922,0.314625850340136,-0.1637291280148423,0.36363636363636365,-0.12012987012987014,0.30769230769230765,-0.17145662847790516,-0.3567530340063377,-0.3223926273691351
482,False,LNP193<-LNP854;LNP194<-LNP193;LNP195<-LNP194;LNP782<-LNP195;LNP854<-LNP858;LNP858<-LNP782,0.09523809523809523,-0.45238095238095244,0.3356772856772857,-0.17004662004661997,0.41198285841142984,-0.3001443001443002,0.3333333333333333,-0.20238095238095238,0.23529411764705882,-0.3004201680672269,-0.4605661864718383,-0.5319947579004097,0.07792207792207788,-0.23051948051948046,0.48331037649219466,-0.07039186067226355,0.28085491506544136,-0.19750006328953695,0.36363636363636365,-0.12012987012987014,0.30769230769230765,-0.17145662847790516,-0.3567530340063377,-0.3223926273691351
483,False,LNP193<-LNP854;LNP194<-LNP193;LNP195<-LNP194;LNP782<-LNP782;LNP854<-LNP195;LNP858<-LNP858,0.5238095238095237,-0.023809523809523947,0.5102564102564102,0.004532504532504533,0.6218210361067504,-0.09030612244897962,0.6904761904761905,0.15476190476190477,0.6904761904761905,0.15476190476190477,0.38095238095238093,0.30952380952380953,0.2987012987012987,-0.00974025974025966,0.5498289345063538,-0.0038733026581043717,0.38696145124716547,-0.09139352710781284,0.5876623376623377,0.10389610389610388,0.5847382431233363,0.10558930695312352,0.19738550848793068,0.23174591512513326
484,False,LNP193<-LNP854;LNP194<-LNP193;LNP195<-LNP194;LNP782<-LNP782;LNP854<-LNP858;LNP858<-LNP195,0.5952380952380952,0.04761904761904756,0.5335016835016835,0.02777777777777779,0.7384877027734171,0.026360544217687076,0.6904761904761905,0.15476190476190477,0.6904761904761905,0.15476190476190477,0.38095238095238093,0.30952380952380953,0.32792207792207784,0.019480519480519487,0.5490952062643238,-0.004607030900134368,0.49563492063492054,0.01727994227994223,0.5876623376623377,0.10389610389610388,0.5847382431233363,0.10558930695312352,0.19738550848793068,0.23174591512513326
485,False,LNP193<-LNP854;LNP194<-LNP193;LNP195<-LNP194;LNP782<-LNP858;LNP854<-LNP195;LNP858<-LNP782,0.047619047619047616,-0.5,0.3217883967883968,-0.18393550893550886,0.3996812711098425,-0.3124458874458876,0.4166666666666667,-0.11904761904761901,0.2777777777777778,-0.2579365079365079,-0.31180478223116176,-0.3832333536597332,0.00649350649350649,-0.30194805194805185,0.4602917284735467,-0.0934105086909115,0.27140078922687616,-0.20695418912810215,0.4318181818181818,-0.051948051948051965,0.3454545454545454,-0.1336943907156674,-0.2405228464604172,-0.2061624398232146
486,False,LNP193<-LNP854;LNP194<-LNP193;LNP195<-LNP194;LNP782<-LNP858;LNP854<-LNP782;LNP858<-LNP195,0.40476190476190477,-0.1428571428571429,0.4593304843304843,-0.0463934213934214,0.5335557299843015,-0.1785714285714286,0.3333333333333333,-0.20238095238095238,0.23529411764705882,-0.3004201680672269,-0.4605661864718383,-0.5319947579004097,0.24999999999999997,-0.05844155844155838,0.5355470287288469,-0.01815520843561136,0.339069264069264,-0.1392857142857143,0.36363636363636365,-0.12012987012987014,0.30769230769230765,-0.17145662847790516,-0.3567530340063377,-0.3223926273691351
487,False,LNP193<-LNP854;LNP194<-LNP193;LNP195<-LNP195;LNP782<-LNP194;LNP854<-LNP782;LNP858<-LNP858,0.6428571428571429,0.09523809523809523,0.55995670995671,0.0542328042328043,0.7745421245421246,0.06241496598639451,0.7023809523809523,0.16666666666666663,0.6904761904761905,0.15476190476190477,0.4147575310031266,0.3433289595745552,0.3474025974025974,0.03896103896103903,0.5659377387318564,0.012235501567398166,0.5392857142857143,0.060930735930735946,0.6201298701298701,0.1363636363636363,0.6067527308838134,0.12760379471360062,0.33868074965743356,0.37304115629463613
488,False,LNP193<-LNP854;LNP194<-LNP193;LNP195<-LNP195;LNP782<-LNP194;LNP854<-LNP858;LNP858<-LNP782,0.0,-0.5476190476190477,0.31484395234395235,-0.19087995337995334,0.38947718947718946,-0.3226499690785406,0.5,-0.0357142857142857,0.3157894736842105,-0.2199248120300752,0.0,-0.07142857142857142,0.0,-0.30844155844155835,0.4598255280073462,-0.09387670915711199,0.27088319088319085,-0.20747178747178746,0.5,0.01623376623376621,0.37931034482758613,-0.09983859134262668,0.0,0.03436040663720258
489,False,LNP193<-LNP854;LNP194<-LNP193;LNP195<-LNP195;LNP782<-LNP782;LNP854<-LNP194;LNP858<-LNP858,0.7380952380952381,0.19047619047619047,0.6627344877344877,0.15701058201058204,0.8102564102564103,0.09812925170068021,0.7738095238095238,0.23809523809523814,0.7692307692307693,0.23351648351648358,0.5476190476190477,0.4761904761904763,0.698051948051948,0.3896103896103897,0.7553857906799084,0.2016835535154502,0.7107142857142857,0.23235930735930743,0.6558441558441559,0.1720779220779221,0.6538461538461539,0.17469721767594104,0.40771775315010056,0.44207815978730314
490,False,LNP193<-LNP854;LNP194<-LNP193;LNP195<-LNP195;LNP782<-LNP782;LNP854<-LNP858;LNP858<-LNP194,0.5238095238095237,-0.023809523809523947,0.551923076923077,0.046199171199171274,0.588487702773417,-0.12363945578231306,0.4166666666666667,-0.11904761904761901,0.2777777777777778,-0.2579365079365079,-0.31180478223116176,-0.3832333536597332,0.525974025974026,0.21753246753246763,0.6856404958677687,0.13193825870331044,0.4614512471655329,-0.016903731189445437,0.4318181818181818,-0.051948051948051965,0.3454545454545454,-0.1336943907156674,-0.2405228464604172,-0.2061624398232146
491,False,LNP193<-LNP854;LNP194<-LNP193;LNP195<-LNP195;LNP782<-LNP858;LNP854<-LNP194;LNP858<-LNP782,0.047619047619047616,-0.5,0.3217883967883968,-0.18393550893550886,0.3996812711098425,-0.3124458874458876,0.4166666666666667,-0.11904761904761901,0.2777777777777778,-0.2579365079365079,-0.31180478223116176,-0.3832333536597332,0.00649350649350649,-0.30194805194805185,0.4602917284735467,-0.0934105086909115,0.27140078922687616,-0.20695418912810215,0.4318181818181818,-0.051948051948051965,0.3454545454545454,-0.1336943907156674,-0.2405228464604172,-0.2061624398232146
492,False,LNP193<-LNP854;LNP194<-LNP193;LNP195<-LNP195;LNP782<-LNP858;LNP854<-LNP782;LNP858<-LNP194,0.4523809523809524,-0.09523809523809529,0.47321937321937324,-0.032504532504532446,0.581174777603349,-0.13095238095238104,0.4166666666666667,-0.11904761904761901,0.2777777777777778,-0.2579365079365079,-0.31180478223116176,-0.3832333536597332,0.26948051948051943,-0.03896103896103892,0.5431730903505096,-0.010529146813948564,0.3604978354978355,-0.11785714285714283,0.4318181818181818,-0.051948051948051965,0.3454545454545454,-0.1336943907156674,-0.2405228464604172,-0.2061624398232146
493,False,LNP193<-LNP854;LNP194<-LNP193;LNP195<-LNP782;LNP782<-LNP194;LNP854<-LNP195;LNP858<-LNP858,0.5952380952380952,0.04761904761904756,0.5335016835016835,0.02777777777777779,0.7384877027734171,0.026360544217687076,0.6190476190476191,0.08333333333333337,0.6153846153846154,0.07967032967032972,0.23809523809523808,0.16666666666666666,0.32792207792207784,0.019480519480519487,0.5559133880825057,0.0022111509180474664,0.49563492063492054,0.01727994227994223,0.551948051948052,0.06818181818181818,0.5418181818181819,0.06266924564796905,0.1218289807746346,0.1561893874118372
494,False,LNP193<-LNP854;LNP194<-LNP193;LNP195<-LNP782;LNP782<-LNP194;LNP854<-LNP858;LNP858<-LNP195,0.4761904761904762,-0.07142857142857145,0.4777167277167277,-0.028007178007178002,0.599145299145299,-0.11298185941043104,0.5595238095238095,0.023809523809523836,0.5125,-0.023214285714285743,0.14085904245475275,0.06943047102618133,0.27922077922077915,-0.029220779220779203,0.5456081552855746,-0.008094081878883608,0.3710884353741496,-0.10726654298082872,0.5032467532467533,0.019480519480519487,0.46375372393247266,-0.015395212237740152,0.0091535337745252,0.04351394041172778
495,False,LNP193<-LNP854;LNP194<-LNP193;LNP195<-LNP782;LNP782<-LNP195;LNP854<-LNP194;LNP858<-LNP858,0.23809523809523808,-0.3095238095238096,0.3805846930846931,-0.12513921263921257,0.45878248735391586,-0.2533446712018142,0.3333333333333333,-0.20238095238095238,0.23529411764705882,-0.3004201680672269,-0.4605661864718383,-0.5319947579004097,0.13311688311688308,-0.17532467532467527,0.4984159779614325,-0.05528625920302571,0.29128401360544215,-0.18707096474953616,0.36363636363636365,-0.12012987012987014,0.30769230769230765,-0.17145662847790516,-0.3567530340063377,-0.3223926273691351
496,False,LNP193<-LNP854;LNP194<-LNP193;LNP195<-LNP782;LNP782<-LNP195;LNP854<-LNP858;LNP858<-LNP194,0.30952380952380953,-0.23809523809523814,0.40000508750508756,-0.10571881821881812,0.5273199023199023,-0.18480725623582772,0.5,-0.0357142857142857,0.3157894736842105,-0.2199248120300752,0.0,-0.07142857142857142,0.18181818181818177,-0.12662337662337658,0.5140971931294512,-0.039605044035006975,0.32590404582885785,-0.15245093252612046,0.5,0.01623376623376621,0.37931034482758613,-0.09983859134262668,0.0,0.03436040663720258
497,False,LNP193<-LNP854;LNP194<-LNP193;LNP195<-LNP782;LNP782<-LNP858;LNP854<-LNP194;LNP858<-LNP195,0.23809523809523808,-0.3095238095238096,0.3805846930846931,-0.12513921263921257,0.45878248735391586,-0.2533446712018142,0.3333333333333333,-0.20238095238095238,0.23529411764705882,-0.3004201680672269,-0.4605661864718383,-0.5319947579004097,0.16233766233766228,-0.14610389610389607,0.5095927656006707,-0.04410947156378753,0.29994053565482137,-0.17841444270015694,0.36363636363636365,-0.12012987012987014,0.30769230769230765,-0.17145662847790516,-0.3567530340063377,-0.3223926273691351
498,False,LNP193<-LNP854;LNP194<-LNP193;LNP195<-LNP782;LNP782<-LNP858;LNP854<-LNP195;LNP858<-LNP194,0.5476190476190477,0.0,0.5057239057239057,0.0,0.71212715855573,0.0,0.5595238095238095,0.023809523809523836,0.5125,-0.023214285714285743,0.14085904245475275,0.06943047102618133,0.30844155844155835,0.0,0.5537022371644582,0.0,0.4783549783549783,0.0,0.5487012987012987,0.0649350649350649,0.49946524064171127,0.02031630447149846,0.1718020331860125,0.20616243982321508
499,False,LNP193<-LNP854;LNP194<-LNP193;LNP195<-LNP858;LNP782<-LNP194;LNP854<-LNP195;LNP858<-LNP782,0.047619047619047616,-0.5,0.3217883967883968,-0.18393550893550886,0.3996812711098425,-0.3124458874458876,0.5,-0.0357142857142857,0.3157894736842105,-0.2199248120300752,0.0,-0.07142857142857142,0.00649350649350649,-0.30194805194805185,0.4602917284735467,-0.0934105086909115,0.27140078922687616,-0.20695418912810215,0.5,0.01623376623376621,0.37931034482758613,-0.09983859134262668,0.0,0.03436040663720258
500,False,LNP193<-LNP854;LNP194<-LNP193;LNP195<-LNP858;LNP782<-LNP194;LNP854<-LNP782;LNP858<-LNP195,0.5476190476190477,0.0,0.5057239057239057,0.0,0.71212715855573,0.0,0.5595238095238095,0.023809523809523836,0.5125,-0.023214285714285743,0.14085904245475275,0.06943047102618133,0.30844155844155835,0.0,0.5512671722293933,-0.0024350649350649567,0.4783549783549783,0.0,0.5487012987012987,0.0649350649350649,0.49946524064171127,0.02031630447149846,0.1718020331860125,0.20616243982321508
501,False,LNP193<-LNP854;LNP194<-LNP193;LNP195<-LNP858;LNP782<-LNP195;LNP854<-LNP194;LNP858<-LNP782,0.07142857142857142,-0.4761904761904763,0.32734395234395236,-0.17837995337995333,0.40563365206222346,-0.3064935064935066,0.4166666666666667,-0.11904761904761901,0.2777777777777778,-0.2579365079365079,-0.31180478223116176,-0.3832333536597332,0.05844155844155838,-0.24999999999999997,0.4755266569437693,-0.07817558022068893,0.2775582117687381,-0.20079676658624024,0.4318181818181818,-0.051948051948051965,0.3454545454545454,-0.1336943907156674,-0.2405228464604172,-0.2061624398232146
502,False,LNP193<-LNP854;LNP194<-LNP193;LNP195<-LNP858;LNP782<-LNP195;LNP854<-LNP782;LNP858<-LNP194,0.23809523809523808,-0.3095238095238096,0.3805846930846931,-0.12513921263921257,0.45878248735391586,-0.2533446712018142,0.3333333333333333,-0.20238095238095238,0.23529411764705882,-0.3004201680672269,-0.4605661864718383,-0.5319947579004097,0.13311688311688308,-0.17532467532467527,0.4984159779614325,-0.05528625920302571,0.29128401360544215,-0.18707096474953616,0.36363636363636365,-0.12012987012987014,0.30769230769230765,-0.17145662847790516,-0.3567530340063377,-0.3223926273691351
503,False,LNP193<-LNP854;LNP194<-LNP193;LNP195<-LNP858;LNP782<-LNP782;LNP854<-LNP194;LNP858<-LNP195,0.6904761904761905,0.1428571428571428,0.6155122655122656,0.10978835978835988,0.7888278388278388,0.07670068027210875,0.7738095238095238,0.23809523809523814,0.7692307692307693,0.23351648351648358,0.5476190476190477,0.4761904761904763,0.5811688311688312,0.2727272727272729,0.7010026737967914,0.14730043663233316,0.6209183673469387,0.14256338899196042,0.6558441558441559,0.1720779220779221,0.6538461538461539,0.17469721767594104,0.40771775315010056,0.44207815978730314
504,False,LNP193<-LNP854;LNP194<-LNP193;LNP195<-LNP858;LNP782<-LNP782;LNP854<-LNP195;LNP858<-LNP194,0.5476190476190476,-1.1102230246251565e-16,0.538034188034188,0.03231028231028232,0.6283145426002568,-0.08381261595547329,0.4166666666666667,-0.11904761904761901,0.2777777777777778,-0.2579365079365079,-0.31180478223116176,-0.3832333536597332,0.35714285714285715,0.0487012987012988,0.579536726714146,0.02583448954968781,0.40124716553287976,-0.07710781282209855,0.4318181818181818,-0.051948051948051965,0.3454545454545454,-0.1336943907156674,-0.2405228464604172,-0.2061624398232146
505,False,LNP193<-LNP854;LNP194<-LNP194;LNP195<-LNP193;LNP782<-LNP195;LNP854<-LNP782;LNP858<-LNP858,0.047619047619047616,-0.5,0.3217883967883968,-0.18393550893550886,0.3996812711098425,-0.3124458874458876,0.4166666666666667,-0.11904761904761901,0.2777777777777778,-0.2579365079365079,-0.31180478223116176,-0.3832333536597332,0.00649350649350649,-0.30194805194805185,0.4602917284735467,-0.0934105086909115,0.26901983684592373,-0.20933514150905458,0.4318181818181818,-0.051948051948051965,0.3454545454545454,-0.1336943907156674,-0.2405228464604172,-0.2061624398232146
506,False,LNP193<-LNP854;LNP194<-LNP194;LNP195<-LNP193;LNP782<-LNP195;LNP854<-LNP858;LNP858<-LNP782,0.6428571428571429,0.09523809523809523,0.55995670995671,0.0542328042328043,0.7745421245421246,0.06241496598639451,0.6904761904761905,0.15476190476190477,0.6904761904761905,0.15476190476190477,0.38095238095238093,0.30952380952380953,0.3474025974025974,0.03896103896103903,0.5539247517188693,0.0002225145544111351,0.5392857142857143,0.060930735930735946,0.5194805194805194,0.03571428571428564,0.5183946488294314,0.03924571265921861,0.040291148201268875,0.07465155483847145
507,False,LNP193<-LNP854;LNP194<-LNP194;LNP195<-LNP193;LNP782<-LNP782;LNP854<-LNP195;LNP858<-LNP858,0.5476190476190476,-1.1102230246251565e-16,0.5083694083694084,0.002645502645502673,0.7043040293040292,-0.007823129251700811,0.6190476190476191,0.08333333333333337,0.6153846153846154,0.07967032967032972,0.23809523809523808,0.16666666666666666,0.3084415584415584,5.551115123125783e-17,0.5540132995346899,0.00031106237023170724,0.46275510204081627,-0.015599876314162042,0.551948051948052,0.06818181818181818,0.5418181818181819,0.06266924564796905,0.1218289807746346,0.1561893874118372
508,False,LNP193<-LNP854;LNP194<-LNP194;LNP195<-LNP193;LNP782<-LNP782;LNP854<-LNP858;LNP858<-LNP195,0.23809523809523808,-0.3095238095238096,0.3805846930846931,-0.12513921263921257,0.45878248735391586,-0.2533446712018142,0.4166666666666667,-0.11904761904761901,0.2777777777777778,-0.2579365079365079,-0.31180478223116176,-0.3832333536597332,0.13311688311688308,-0.17532467532467527,0.4984159779614325,-0.05528625920302571,0.2889030612244898,-0.18945191713048853,0.4318181818181818,-0.051948051948051965,0.3454545454545454,-0.1336943907156674,-0.2405228464604172,-0.2061624398232146
509,False,LNP193<-LNP854;LNP194<-LNP194;LNP195<-LNP193;LNP782<-LNP858;LNP854<-LNP195;LNP858<-LNP782,0.6190476190476191,0.0714285714285714,0.5450757575757575,0.03935185185185186,0.7575353218210361,0.045408163265306056,0.6190476190476191,0.08333333333333337,0.6153846153846154,0.07967032967032972,0.23809523809523808,0.16666666666666666,0.32792207792207784,0.019480519480519487,0.5438702900515043,-0.009831947112953876,0.5095238095238095,0.03116883116883118,0.48376623376623373,-5.551115123125783e-17,0.4791489361702128,0.0,-0.03436040663720258,0.0
510,False,LNP193<-LNP854;LNP194<-LNP194;LNP195<-LNP193;LNP782<-LNP858;LNP854<-LNP782;LNP858<-LNP195,0.047619047619047616,-0.5,0.3217883967883968,-0.18393550893550886,0.3996812711098425,-0.3124458874458876,0.3333333333333333,-0.20238095238095238,0.23529411764705882,-0.3004201680672269,-0.4605661864718383,-0.5319947579004097,0.00649350649350649,-0.30194805194805185,0.45852405170586996,-0.09517818545858825,0.26901983684592373,-0.20933514150905458,0.36363636363636365,-0.12012987012987014,0.30769230769230765,-0.17145662847790516,-0.3567530340063377,-0.3223926273691351
511,False,LNP193<-LNP854;LNP194<-LNP194;LNP195<-LNP195;LNP782<-LNP193;LNP854<-LNP782;LNP858<-LNP858,0.6428571428571429,0.09523809523809523,0.55995670995671,0.0542328042328043,0.7745421245421246,0.06241496598639451,0.7023809523809523,0.16666666666666663,0.6904761904761905,0.15476190476190477,0.4147575310031266,0.3433289595745552,0.3474025974025974,0.03896103896103903,0.5618792971734148,0.008177060008956571,0.5392857142857143,0.060930735930735946,0.6201298701298701,0.1363636363636363,0.6067527308838134,0.12760379471360062,0.33868074965743356,0.37304115629463613
512,False,LNP193<-LNP854;LNP194<-LNP194;LNP195<-LNP195;LNP782<-LNP193;LNP854<-LNP858;LNP858<-LNP782,0.0,-0.5476190476190477,0.31484395234395235,-0.19087995337995334,0.38947718947718946,-0.3226499690785406,0.5,-0.0357142857142857,0.3157894736842105,-0.2199248120300752,0.0,-0.07142857142857142,0.0,-0.30844155844155835,0.4598255280073462,-0.09387670915711199,0.27088319088319085,-0.20747178747178746,0.5,0.01623376623376621,0.37931034482758613,-0.09983859134262668,0.0,0.03436040663720258
513,False,LNP193<-LNP854;LNP194<-LNP194;LNP195<-LNP195;LNP782<-LNP782;LNP854<-LNP193;LNP858<-LNP858,0.6428571428571429,0.09523809523809523,0.55995670995671,0.0542328042328043,0.7745421245421246,0.06241496598639451,0.7738095238095238,0.23809523809523814,0.7692307692307693,0.23351648351648358,0.5476190476190477,0.4761904761904763,0.3474025974025974,0.03896103896103903,0.5618792971734148,0.008177060008956571,0.5392857142857143,0.060930735930735946,0.6558441558441559,0.1720779220779221,0.6538461538461539,0.17469721767594104,0.40771775315010056,0.44207815978730314
514,False,LNP193<-LNP854;LNP194<-LNP194;LNP195<-LNP195;LNP782<-LNP782;LNP854<-LNP858;LNP858<-LNP193,0.0,-0.5476190476190477,0.31484395234395235,-0.19087995337995334,0.38947718947718946,-0.3226499690785406,0.5,-0.0357142857142857,0.3157894736842105,-0.2199248120300752,0.0,-0.07142857142857142,0.0,-0.30844155844155835,0.4598255280073462,-0.09387670915711199,0.27088319088319085,-0.20747178747178746,0.5,0.01623376623376621,0.37931034482758613,-0.09983859134262668,0.0,0.03436040663720258
515,False,LNP193<-LNP854;LNP194<-LNP194;LNP195<-LNP195;LNP782<-LNP858;LNP854<-LNP193;LNP858<-LNP782,0.2380952380952381,-0.30952380952380953,0.3756243756243757,-0.13009953009953001,0.4624930624930625,-0.24963409606266757,0.4166666666666667,-0.11904761904761901,0.2777777777777778,-0.2579365079365079,-0.31180478223116176,-0.3832333536597332,0.16558441558441547,-0.14285714285714288,0.5070671752489934,-0.04663506191546485,0.30687830687830686,-0.17147667147667145,0.4318181818181818,-0.051948051948051965,0.3454545454545454,-0.1336943907156674,-0.2405228464604172,-0.2061624398232146
516,False,LNP193<-LNP854;LNP194<-LNP194;LNP195<-LNP195;LNP782<-LNP858;LNP854<-LNP782;LNP858<-LNP193,0.07142857142857142,-0.4761904761904763,0.32734395234395236,-0.17837995337995333,0.40563365206222346,-0.3064935064935066,0.4166666666666667,-0.11904761904761901,0.2777777777777778,-0.2579365079365079,-0.31180478223116176,-0.3832333536597332,0.05844155844155838,-0.24999999999999997,0.47729433371144603,-0.07640790345301218,0.2775582117687381,-0.20079676658624024,0.4318181818181818,-0.051948051948051965,0.3454545454545454,-0.1336943907156674,-0.2405228464604172,-0.2061624398232146
517,False,LNP193<-LNP854;LNP194<-LNP194;LNP195<-LNP782;LNP782<-LNP193;LNP854<-LNP195;LNP858<-LNP858,0.5476190476190477,0.0,0.5195156695156695,0.013791763791763834,0.6432496075353218,-0.06887755102040827,0.5476190476190476,0.011904761904761862,0.5357142857142857,0.0,0.09759000729485333,0.026161435866281904,0.3214285714285714,0.012987012987013047,0.5583378427128427,0.004635605548384492,0.4480158730158729,-0.030339105339105388,0.5162337662337663,0.03246753246753248,0.4957983193277311,0.016649383157518294,0.03999232221113232,0.0743527288483349
518,False,LNP193<-LNP854;LNP194<-LNP194;LNP195<-LNP782;LNP782<-LNP193;LNP854<-LNP858;LNP858<-LNP195,0.4761904761904762,-0.07142857142857145,0.4777167277167277,-0.028007178007178002,0.599145299145299,-0.11298185941043104,0.5595238095238095,0.023809523809523836,0.5125,-0.023214285714285743,0.14085904245475275,0.06943047102618133,0.26948051948051943,-0.03896103896103892,0.538170138756649,-0.015532098407809225,0.36712018140589564,-0.11123479694908267,0.5032467532467533,0.019480519480519487,0.46375372393247266,-0.015395212237740152,0.0091535337745252,0.04351394041172778
519,False,LNP193<-LNP854;LNP194<-LNP194;LNP195<-LNP782;LNP782<-LNP195;LNP854<-LNP193;LNP858<-LNP858,0.07142857142857142,-0.4761904761904763,0.32734395234395236,-0.17837995337995333,0.40563365206222346,-0.3064935064935066,0.5,-0.0357142857142857,0.3157894736842105,-0.2199248120300752,0.0,-0.07142857142857142,0.05844155844155838,-0.24999999999999997,0.47729433371144603,-0.07640790345301218,0.2775582117687381,-0.20079676658624024,0.5,0.01623376623376621,0.37931034482758613,-0.09983859134262668,0.0,0.03436040663720258
520,False,LNP193<-LNP854;LNP194<-LNP194;LNP195<-LNP782;LNP782<-LNP195;LNP854<-LNP858;LNP858<-LNP193,0.6428571428571429,0.09523809523809523,0.55995670995671,0.0542328042328043,0.7745421245421246,0.06241496598639451,0.6904761904761905,0.15476190476190477,0.6904761904761905,0.15476190476190477,0.38095238095238093,0.30952380952380953,0.3474025974025974,0.03896103896103903,0.5607429335370512,0.007040696372592969,0.5392857142857143,0.060930735930735946,0.5194805194805194,0.03571428571428564,0.5183946488294314,0.03924571265921861,0.040291148201268875,0.07465155483847145
521,False,LNP193<-LNP854;LNP194<-LNP194;LNP195<-LNP782;LNP782<-LNP858;LNP854<-LNP193;LNP858<-LNP195,0.047619047619047616,-0.5,0.3217883967883968,-0.18393550893550886,0.3996812711098425,-0.3124458874458876,0.3333333333333333,-0.20238095238095238,0.23529411764705882,-0.3004201680672269,-0.4605661864718383,-0.5319947579004097,0.0064935064935064905,-0.30194805194805185,0.45473617291799107,-0.09896606424646714,0.27140078922687616,-0.20695418912810215,0.36363636363636365,-0.12012987012987014,0.30769230769230765,-0.17145662847790516,-0.3567530340063377,-0.3223926273691351
522,False,LNP193<-LNP854;LNP194<-LNP194;LNP195<-LNP782;LNP782<-LNP858;LNP854<-LNP195;LNP858<-LNP193,0.5714285714285714,0.023809523809523725,0.5176286676286675,0.011904761904761862,0.7257326007326007,0.013605442176870652,0.5476190476190476,0.011904761904761862,0.5357142857142857,0.0,0.09759000729485333,0.026161435866281904,0.29870129870129863,-0.009740259740259716,0.5385838426279602,-0.015118394536497992,0.4724025974025974,-0.005952380952380931,0.44805194805194803,-0.035714285714285754,0.4375,-0.041648936170212814,-0.11308055883843511,-0.07872015220123253
523,False,LNP193<-LNP854;LNP194<-LNP194;LNP195<-LNP858;LNP782<-LNP193;LNP854<-LNP195;LNP858<-LNP782,0.047619047619047616,-0.5,0.3217883967883968,-0.18393550893550886,0.3996812711098425,-0.3124458874458876,0.5,-0.0357142857142857,0.3157894736842105,-0.2199248120300752,0.0,-0.07142857142857142,0.00649350649350649,-0.30194805194805185,0.4602917284735467,-0.0934105086909115,0.27140078922687616,-0.20695418912810215,0.5,0.01623376623376621,0.37931034482758613,-0.09983859134262668,0.0,0.03436040663720258
524,False,LNP193<-LNP854;LNP194<-LNP194;LNP195<-LNP858;LNP782<-LNP193;LNP854<-LNP782;LNP858<-LNP195,0.6428571428571429,0.09523809523809523,0.55995670995671,0.0542328042328043,0.7745421245421246,0.06241496598639451,0.6309523809523809,0.09523809523809523,0.606060606060606,0.07034632034632027,0.2828894749305018,0.2114609035019304,0.3474025974025974,0.03896103896103903,0.5607429335370512,0.007040696372592969,0.5392857142857143,0.060930735930735946,0.5844155844155844,0.1006493506493506,0.5555555555555556,0.07640661938534277,0.26189246330824845,0.296252869945451
525,False,LNP193<-LNP854;LNP194<-LNP194;LNP195<-LNP858;LNP782<-LNP195;LNP854<-LNP193;LNP858<-LNP782,0.5952380952380953,0.04761904761904767,0.545970695970696,0.04024679024679034,0.6793040293040293,-0.03282312925170072,0.6309523809523809,0.09523809523809523,0.606060606060606,0.07034632034632027,0.2828894749305018,0.2114609035019304,0.3409090909090909,0.032467532467532534,0.5643037518037518,0.010601514639293597,0.4916666666666666,0.013311688311688274,0.5844155844155844,0.1006493506493506,0.5555555555555556,0.07640661938534277,0.26189246330824845,0.296252869945451
526,False,LNP193<-LNP854;LNP194<-LNP194;LNP195<-LNP858;LNP782<-LNP195;LNP854<-LNP782;LNP858<-LNP193,0.40476190476190477,-0.1428571428571429,0.45192307692307687,-0.053800828800828815,0.5379208093493808,-0.17420634920634925,0.4166666666666667,-0.11904761904761901,0.2777777777777778,-0.2579365079365079,-0.31180478223116176,-0.3832333536597332,0.26298701298701294,-0.045454545454545414,0.5408968774172536,-0.012805359747204648,0.35182436611008033,-0.12653061224489798,0.4318181818181818,-0.051948051948051965,0.3454545454545454,-0.1336943907156674,-0.2405228464604172,-0.2061624398232146
527,False,LNP193<-LNP854;LNP194<-LNP194;LNP195<-LNP858;LNP782<-LNP782;LNP854<-LNP193;LNP858<-LNP195,0.5714285714285714,0.023809523809523725,0.5176286676286675,0.011904761904761862,0.7257326007326007,0.013605442176870652,0.5,-0.0357142857142857,0.3157894736842105,-0.2199248120300752,0.0,-0.07142857142857142,0.30844155844155835,0.0,0.5494198815889992,-0.004282355575458974,0.4821428571428571,0.0037878787878787845,0.5,0.01623376623376621,0.37931034482758613,-0.09983859134262668,0.0,0.03436040663720258
528,False,LNP193<-LNP854;LNP194<-LNP194;LNP195<-LNP858;LNP782<-LNP782;LNP854<-LNP195;LNP858<-LNP193,0.047619047619047616,-0.5,0.3217883967883968,-0.18393550893550886,0.3996812711098425,-0.3124458874458876,0.5,-0.0357142857142857,0.3157894736842105,-0.2199248120300752,0.0,-0.07142857142857142,0.00649350649350649,-0.30194805194805185,0.4602917284735467,-0.0934105086909115,0.27140078922687616,-0.20695418912810215,0.5,0.01623376623376621,0.37931034482758613,-0.09983859134262668,0.0,0.03436040663720258
529,False,LNP193<-LNP854;LNP194<-LNP195;LNP195<-LNP193;LNP782<-LNP194;LNP854<-LNP782;LNP858<-LNP858,0.26190476190476186,-0.2857142857142858,0.38016381766381774,-0.12556008806008795,0.480860409431838,-0.23126674912389206,0.4166666666666667,-0.11904761904761901,0.2777777777777778,-0.2579365079365079,-0.31180478223116176,-0.3832333536597332,0.11363636363636358,-0.19480519480519476,0.4785195937377193,-0.07518264342673892,0.286711618748232,-0.19164335960674633,0.4318181818181818,-0.051948051948051965,0.3454545454545454,-0.1336943907156674,-0.2405228464604172,-0.2061624398232146
530,False,LNP193<-LNP854;LNP194<-LNP195;LNP195<-LNP193;LNP782<-LNP194;LNP854<-LNP858;LNP858<-LNP782,0.6428571428571429,0.09523809523809523,0.55995670995671,0.0542328042328043,0.7745421245421246,0.06241496598639451,0.6904761904761905,0.15476190476190477,0.6904761904761905,0.15476190476190477,0.38095238095238093,0.30952380952380953,0.3474025974025974,0.03896103896103903,0.5500286478227654,-0.003673589341692818,0.5392857142857143,0.060930735930735946,0.5194805194805194,0.03571428571428564,0.5183946488294314,0.03924571265921861,0.040291148201268875,0.07465155483847145
531,False,LNP193<-LNP854;LNP194<-LNP195;LNP195<-LNP193;LNP782<-LNP782;LNP854<-LNP194;LNP858<-LNP858,0.47619047619047616,-0.07142857142857151,0.4678932178932179,-0.03783068783068777,0.6705738705738705,-0.04155328798185953,0.4642857142857143,-0.0714285714285714,0.46153846153846156,-0.07417582417582413,-0.07142857142857142,-0.14285714285714285,0.2597402597402596,-0.048701298701298745,0.535443507258001,-0.01825872990645716,0.4363078564759236,-0.04204712187905468,0.4480519480519481,-0.0357142857142857,0.4375,-0.041648936170212814,-0.1130805588384352,-0.07872015220123262
532,False,LNP193<-LNP854;LNP194<-LNP195;LNP195<-LNP193;LNP782<-LNP782;LNP854<-LNP858;LNP858<-LNP194,0.30952380952380953,-0.23809523809523814,0.39464794464794467,-0.11107596107596102,0.5323343323343322,-0.1797928262213978,0.47619047619047616,-0.059523809523809534,0.4484848484848485,-0.08722943722943721,-0.05143444998736397,-0.12286302141593539,0.17207792207792194,-0.1363636363636364,0.5102312559700564,-0.04347098119440185,0.32897842897842894,-0.14937654937654937,0.48051948051948057,-0.00324675324675322,0.44615384615384623,-0.03299509001636658,-0.050964719143762376,-0.016604312506559797
533,False,LNP193<-LNP854;LNP194<-LNP195;LNP195<-LNP193;LNP782<-LNP858;LNP854<-LNP194;LNP858<-LNP782,0.5952380952380952,0.04761904761904756,0.5335016835016835,0.02777777777777779,0.7384877027734171,0.026360544217687076,0.6071428571428572,0.07142857142857151,0.606060606060606,0.07034632034632027,0.21957751641341997,0.14814894498484854,0.30844155844155835,0.0,0.548811115355233,-0.004891121809225241,0.47597402597402594,-0.0023809523809523725,0.4512987012987013,-0.03246753246753248,0.4514835605453088,-0.02766537562490401,-0.09631426606617752,-0.06195385942897494
534,False,LNP193<-LNP854;LNP194<-LNP195;LNP195<-LNP193;LNP782<-LNP858;LNP854<-LNP782;LNP858<-LNP194,0.30952380952380953,-0.23809523809523814,0.4051638176638177,-0.10056008806008798,0.4952904238618524,-0.21683673469387765,0.3333333333333333,-0.20238095238095238,0.23529411764705882,-0.3004201680672269,-0.4605661864718383,-0.5319947579004097,0.1623376623376623,-0.14610389610389604,0.5056125851819632,-0.04808965198249504,0.29698993233657095,-0.18136504601840736,0.29545454545454547,-0.18831168831168832,0.26530612244897966,-0.21384281372123315,-0.46056618647183817,-0.4262057798346356
535,False,LNP193<-LNP854;LNP194<-LNP195;LNP195<-LNP194;LNP782<-LNP193;LNP854<-LNP782;LNP858<-LNP858,0.5238095238095237,-0.023809523809523947,0.5102564102564102,0.004532504532504533,0.6218210361067504,-0.09030612244897962,0.5476190476190476,0.011904761904761862,0.5357142857142857,0.0,0.09759000729485333,0.026161435866281904,0.24999999999999997,-0.05844155844155838,0.5330627705627705,-0.020639466601687695,0.339069264069264,-0.1392857142857143,0.44805194805194803,-0.035714285714285754,0.4375,-0.041648936170212814,-0.11308055883843511,-0.07872015220123253
536,False,LNP193<-LNP854;LNP194<-LNP195;LNP195<-LNP194;LNP782<-LNP193;LNP854<-LNP858;LNP858<-LNP782,0.047619047619047616,-0.5,0.3217883967883968,-0.18393550893550886,0.3996812711098425,-0.3124458874458876,0.4166666666666667,-0.11904761904761901,0.2777777777777778,-0.2579365079365079,-0.31180478223116176,-0.3832333536597332,0.0064935064935064905,-0.30194805194805185,0.44996114996114994,-0.10374108720330827,0.27140078922687616,-0.20695418912810215,0.36363636363636365,-0.12012987012987014,0.3076923076923077,-0.1714566284779051,-0.35675303400633795,-0.3223926273691354
537,False,LNP193<-LNP854;LNP194<-LNP195;LNP195<-LNP194;LNP782<-LNP782;LNP854<-LNP193;LNP858<-LNP858,0.47619047619047616,-0.07142857142857151,0.4963675213675214,-0.009356384356384306,0.5742019884877028,-0.1379251700680273,0.5476190476190476,0.011904761904761862,0.5357142857142857,0.0,0.09759000729485333,0.026161435866281904,0.2435064935064935,-0.06493506493506485,0.5313311688311688,-0.02237106833328939,0.33510101010101007,-0.14325396825396824,0.44805194805194803,-0.035714285714285754,0.4375,-0.041648936170212814,-0.11308055883843511,-0.07872015220123253
538,False,LNP193<-LNP854;LNP194<-LNP195;LNP195<-LNP194;LNP782<-LNP782;LNP854<-LNP858;LNP858<-LNP193,0.047619047619047616,-0.5,0.3217883967883968,-0.18393550893550886,0.3996812711098425,-0.3124458874458876,0.3333333333333333,-0.20238095238095238,0.23529411764705882,-0.3004201680672269,-0.4605661864718383,-0.5319947579004097,0.00649350649350649,-0.30194805194805185,0.45627428127428127,-0.09742795589017694,0.27140078922687616,-0.20695418912810215,0.29545454545454547,-0.18831168831168832,0.26530612244897966,-0.21384281372123315,-0.46056618647183817,-0.4262057798346356
539,False,LNP193<-LNP854;LNP194<-LNP195;LNP195<-LNP194;LNP782<-LNP858;LNP854<-LNP193;LNP858<-LNP782,0.5476190476190477,0.0,0.5195156695156695,0.013791763791763834,0.6432496075353218,-0.06887755102040827,0.6071428571428572,0.07142857142857151,0.606060606060606,0.07034632034632027,0.21957751641341997,0.14814894498484854,0.3214285714285714,0.012987012987013047,0.5542794011544011,0.0005771639899428971,0.4480158730158729,-0.030339105339105388,0.4512987012987013,-0.03246753246753248,0.4514835605453088,-0.02766537562490401,-0.09631426606617752,-0.06195385942897494
540,False,LNP193<-LNP854;LNP194<-LNP195;LNP195<-LNP194;LNP782<-LNP858;LNP854<-LNP782;LNP858<-LNP193,0.5476190476190476,-1.1102230246251565e-16,0.5083694083694084,0.002645502645502673,0.7043040293040292,-0.007823129251700811,0.5238095238095238,-0.011904761904761862,0.5125,-0.023214285714285743,0.05143444998736397,-0.019994121441207456,0.29870129870129863,-0.009740259740259716,0.546708104729495,-0.006994132434963163,0.45680272108843534,-0.021552257266542973,0.3831168831168831,-0.10064935064935071,0.3812500000000001,-0.09789893617021272,-0.22792115291927598,-0.1935607462820734
541,False,LNP193<-LNP854;LNP194<-LNP195;LNP195<-LNP782;LNP782<-LNP193;LNP854<-LNP194;LNP858<-LNP858,0.40476190476190477,-0.1428571428571429,0.44464794464794466,-0.06107596107596103,0.561050061050061,-0.151077097505669,0.39285714285714285,-0.14285714285714285,0.38095238095238093,-0.15476190476190477,-0.21957751641341997,-0.2910060878419914,0.20129870129870125,-0.1071428571428571,0.5168172407302842,-0.03688499643417398,0.3150362709186238,-0.16331870743635452,0.3441558441558441,-0.13961038961038968,0.3377926421404682,-0.1413562940297446,-0.3223291856101523,-0.2879687789729497
542,False,LNP193<-LNP854;LNP194<-LNP195;LNP195<-LNP782;LNP782<-LNP193;LNP854<-LNP858;LNP858<-LNP194,0.16666666666666666,-0.38095238095238104,0.35042596292596295,-0.15529794279794273,0.4382867132867132,-0.27384044526901685,0.5,-0.0357142857142857,0.3157894736842105,-0.2199248120300752,0.0,-0.07142857142857142,0.08441558441558433,-0.22402597402597402,0.48137409233665923,-0.07232814482779898,0.28209335916102835,-0.19626161919394997,0.5,0.01623376623376621,0.37931034482758613,-0.09983859134262668,0.0,0.03436040663720258
543,False,LNP193<-LNP854;LNP194<-LNP195;LNP195<-LNP782;LNP782<-LNP194;LNP854<-LNP193;LNP858<-LNP858,0.26190476190476186,-0.2857142857142858,0.38016381766381774,-0.12556008806008795,0.480860409431838,-0.23126674912389206,0.5,-0.0357142857142857,0.3157894736842105,-0.2199248120300752,0.0,-0.07142857142857142,0.14610389610389604,-0.1623376623376623,0.48910100594592565,-0.06460123121853256,0.31073759277420604,-0.16761738558077227,0.5,0.01623376623376621,0.37931034482758613,-0.09983859134262668,0.0,0.03436040663720258
544,False,LNP193<-LNP854;LNP194<-LNP195;LNP195<-LNP782;LNP782<-LNP194;LNP854<-LNP858;LNP858<-LNP193,0.6190476190476191,0.0714285714285714,0.5450757575757575,0.03935185185185186,0.7575353218210361,0.045408163265306056,0.6904761904761905,0.15476190476190477,0.6904761904761905,0.15476190476190477,0.38095238095238093,0.30952380952380953,0.32792207792207784,0.019480519480519487,0.5545845757657901,0.0008823386013319112,0.5095238095238095,0.03116883116883118,0.5194805194805194,0.03571428571428564,0.5183946488294314,0.03924571265921861,0.040291148201268875,0.07465155483847145
545,False,LNP193<-LNP854;LNP194<-LNP195;LNP195<-LNP782;LNP782<-LNP858;LNP854<-LNP193;LNP858<-LNP194,0.23809523809523808,-0.3095238095238096,0.3805846930846931,-0.12513921263921257,0.45878248735391586,-0.2533446712018142,0.25,-0.2857142857142857,0.1875,-0.3482142857142857,-0.5916079783099616,-0.663036549738533,0.13311688311688308,-0.17532467532467527,0.4961662075298439,-0.057536029634614294,0.2889030612244898,-0.18945191713048853,0.22727272727272727,-0.25649350649350655,0.2173913043478261,-0.2617576318223867,-0.5640760748177664,-0.5297156681805639
546,False,LNP193<-LNP854;LNP194<-LNP195;LNP195<-LNP782;LNP782<-LNP858;LNP854<-LNP194;LNP858<-LNP193,0.5714285714285714,0.023809523809523725,0.5242424242424242,0.01851851851851849,0.7170591313448456,0.004931972789115502,0.6071428571428572,0.07142857142857151,0.606060606060606,0.07034632034632027,0.21957751641341997,0.14814894498484854,0.2889610389610389,-0.01948051948051943,0.5428666921313979,-0.010835545033060279,0.44621212121212117,-0.03214285714285714,0.4512987012987013,-0.03246753246753248,0.4514835605453088,-0.02766537562490401,-0.09631426606617752,-0.06195385942897494
547,False,LNP193<-LNP854;LNP194<-LNP195;LNP195<-LNP858;LNP782<-LNP193;LNP854<-LNP194;LNP858<-LNP782,0.0,-0.5476190476190477,0.31484395234395235,-0.19087995337995334,0.38947718947718946,-0.3226499690785406,0.4166666666666667,-0.11904761904761901,0.2777777777777778,-0.2579365079365079,-0.31180478223116176,-0.3832333536597332,0.0,-0.30844155844155835,0.4588383838383839,-0.09486385332607433,0.27088319088319085,-0.20747178747178746,0.36363636363636365,-0.12012987012987014,0.3076923076923077,-0.1714566284779051,-0.35675303400633795,-0.3223926273691354
548,False,LNP193<-LNP854;LNP194<-LNP195;LNP195<-LNP858;LNP782<-LNP193;LNP854<-LNP782;LNP858<-LNP194,0.19047619047619047,-0.3571428571428572,0.35836247086247086,-0.14736143486143483,0.44593977451120304,-0.266187384044527,0.4166666666666667,-0.11904761904761901,0.2777777777777778,-0.2579365079365079,-0.31180478223116176,-0.3832333536597332,0.10714285714285705,-0.2012987012987013,0.4872441453070256,-0.06645809185743262,0.28760938135938136,-0.19074559699559696,0.36363636363636365,-0.12012987012987014,0.3076923076923077,-0.1714566284779051,-0.35675303400633795,-0.3223926273691354
549,False,LNP193<-LNP854;LNP194<-LNP195;LNP195<-LNP858;LNP782<-LNP194;LNP854<-LNP193;LNP858<-LNP782,0.5952380952380953,0.04761904761904767,0.545970695970696,0.04024679024679034,0.6793040293040293,-0.03282312925170072,0.7738095238095238,0.23809523809523814,0.7692307692307693,0.23351648351648358,0.5476190476190477,0.4761904761904763,0.3409090909090909,0.032467532467532534,0.5643037518037518,0.010601514639293597,0.4916666666666666,0.013311688311688274,0.6558441558441559,0.1720779220779221,0.6538461538461539,0.17469721767594104,0.40771775315010056,0.44207815978730314
550,False,LNP193<-LNP854;LNP194<-LNP195;LNP195<-LNP858;LNP782<-LNP194;LNP854<-LNP782;LNP858<-LNP193,0.40476190476190477,-0.1428571428571429,0.45192307692307687,-0.053800828800828815,0.5379208093493808,-0.17420634920634925,0.47619047619047616,-0.059523809523809534,0.4484848484848485,-0.08722943722943721,-0.05143444998736397,-0.12286302141593539,0.26298701298701294,-0.045454545454545414,0.5408968774172536,-0.012805359747204648,0.3542053184910327,-0.1241496598639456,0.48051948051948057,-0.00324675324675322,0.44615384615384623,-0.03299509001636658,-0.050964719143762376,-0.016604312506559797
551,False,LNP193<-LNP854;LNP194<-LNP195;LNP195<-LNP858;LNP782<-LNP782;LNP854<-LNP193;LNP858<-LNP194,0.3333333333333333,-0.21428571428571436,0.41224053724053733,-0.09348336848336836,0.5118437118437118,-0.20028344671201825,0.3333333333333333,-0.20238095238095238,0.23529411764705882,-0.3004201680672269,-0.4605661864718383,-0.5319947579004097,0.18506493506493496,-0.12337662337662339,0.5111812100942535,-0.042521027070204664,0.310657596371882,-0.1676973819830963,0.3409090909090909,-0.1428571428571429,0.29411764705882354,-0.18503128911138927,-0.3919247576690978,-0.3575643510318952
552,False,LNP193<-LNP854;LNP194<-LNP195;LNP195<-LNP858;LNP782<-LNP782;LNP854<-LNP194;LNP858<-LNP193,0.0,-0.5476190476190477,0.31484395234395235,-0.19087995337995334,0.38947718947718946,-0.3226499690785406,0.3333333333333333,-0.20238095238095238,0.23529411764705882,-0.3004201680672269,-0.4605661864718383,-0.5319947579004097,0.0,-0.30844155844155835,0.4598255280073462,-0.09387670915711199,0.27088319088319085,-0.20747178747178746,0.36363636363636365,-0.12012987012987014,0.30769230769230765,-0.17145662847790516,-0.3567530340063377,-0.3223926273691351
553,False,LNP193<-LNP854;LNP194<-LNP782;LNP195<-LNP193;LNP782<-LNP194;LNP854<-LNP195;LNP858<-LNP858,0.5714285714285714,0.023809523809523725,0.5176286676286675,0.011904761904761862,0.7257326007326007,0.013605442176870652,0.6071428571428572,0.07142857142857151,0.606060606060606,0.07034632034632027,0.21957751641341997,0.14814894498484854,0.30844155844155835,0.0,0.5494198815889992,-0.004282355575458974,0.4797619047619047,0.001406926406926412,0.4512987012987013,-0.03246753246753248,0.4514835605453088,-0.02766537562490401,-0.09631426606617752,-0.06195385942897494
554,False,LNP193<-LNP854;LNP194<-LNP782;LNP195<-LNP193;LNP782<-LNP194;LNP854<-LNP858;LNP858<-LNP195,0.4761904761904762,-0.07142857142857145,0.4777167277167277,-0.028007178007178002,0.599145299145299,-0.11298185941043104,0.5476190476190476,0.011904761904761862,0.5357142857142857,0.0,0.09759000729485333,0.026161435866281904,0.26948051948051943,-0.03896103896103892,0.5397639994414187,-0.013938237723039482,0.36712018140589564,-0.11123479694908267,0.5162337662337663,0.03246753246753248,0.4957983193277311,0.016649383157518294,0.03999232221113232,0.0743527288483349
555,False,LNP193<-LNP854;LNP194<-LNP782;LNP195<-LNP193;LNP782<-LNP195;LNP854<-LNP194;LNP858<-LNP858,0.21428571428571427,-0.33333333333333337,0.3726481851481852,-0.13307572057572048,0.45112942612942614,-0.2609977324263039,0.3333333333333333,-0.20238095238095238,0.23529411764705882,-0.3004201680672269,-0.4605661864718383,-0.5319947579004097,0.12337662337662333,-0.18506493506493502,0.4954939000393546,-0.05820833712510359,0.28916935195130683,-0.18918562640367148,0.36363636363636365,-0.12012987012987014,0.30769230769230765,-0.17145662847790516,-0.3567530340063377,-0.3223926273691351
556,False,LNP193<-LNP854;LNP194<-LNP782;LNP195<-LNP193;LNP782<-LNP195;LNP854<-LNP858;LNP858<-LNP194,0.42857142857142855,-0.11904761904761912,0.4401154401154401,-0.06560846560846556,0.6547008547008546,-0.05742630385487546,0.47619047619047616,-0.059523809523809534,0.4484848484848485,-0.08722943722943721,-0.05143444998736397,-0.12286302141593539,0.24025974025974012,-0.06818181818181823,0.5307887579677206,-0.022913479196737585,0.43095238095238086,-0.047402597402597446,0.48051948051948057,-0.00324675324675322,0.44615384615384623,-0.03299509001636658,-0.050964719143762376,-0.016604312506559797
557,False,LNP193<-LNP854;LNP194<-LNP782;LNP195<-LNP193;LNP782<-LNP858;LNP854<-LNP194;LNP858<-LNP195,0.21428571428571427,-0.33333333333333337,0.3666958041958042,-0.13902810152810147,0.4522889808604094,-0.25983817769532064,0.3333333333333333,-0.20238095238095238,0.23529411764705882,-0.3004201680672269,-0.4605661864718383,-0.5319947579004097,0.1428571428571428,-0.16558441558441556,0.5027745837824888,-0.05092765338196936,0.29378029378029374,-0.18457468457468457,0.36363636363636365,-0.12012987012987014,0.30769230769230765,-0.17145662847790516,-0.3567530340063377,-0.3223926273691351
558,False,LNP193<-LNP854;LNP194<-LNP782;LNP195<-LNP193;LNP782<-LNP858;LNP854<-LNP195;LNP858<-LNP194,0.6190476190476191,0.0714285714285714,0.5450757575757575,0.03935185185185186,0.7575353218210361,0.045408163265306056,0.6904761904761905,0.15476190476190477,0.6904761904761905,0.15476190476190477,0.38095238095238093,0.30952380952380953,0.3376623376623376,0.02922077922077926,0.5628585598462259,0.009156322681767692,0.5194444444444444,0.041089466089466065,0.5876623376623377,0.10389610389610388,0.5847382431233363,0.10558930695312352,0.19738550848793068,0.23174591512513326
559,False,LNP193<-LNP854;LNP194<-LNP782;LNP195<-LNP194;LNP782<-LNP193;LNP854<-LNP195;LNP858<-LNP858,0.5238095238095237,-0.023809523809523947,0.5102564102564102,0.004532504532504533,0.6218210361067504,-0.09030612244897962,0.6904761904761905,0.15476190476190477,0.6904761904761905,0.15476190476190477,0.38095238095238093,0.30952380952380953,0.2987012987012987,-0.00974025974025966,0.5482055578829772,-0.0054966792814810095,0.38696145124716547,-0.09139352710781284,0.5876623376623377,0.10389610389610388,0.5847382431233363,0.10558930695312352,0.19738550848793068,0.23174591512513326
560,False,LNP193<-LNP854;LNP194<-LNP782;LNP195<-LNP194;LNP782<-LNP193;LNP854<-LNP858;LNP858<-LNP195,0.6428571428571429,0.09523809523809523,0.55995670995671,0.0542328042328043,0.7745421245421246,0.06241496598639451,0.6904761904761905,0.15476190476190477,0.6904761904761905,0.15476190476190477,0.38095238095238093,0.30952380952380953,0.3474025974025974,0.03896103896103903,0.5635026737967914,0.00980043663233321,0.5369047619047619,0.058549783549783574,0.5876623376623377,0.10389610389610388,0.5847382431233363,0.10558930695312352,0.19738550848793068,0.23174591512513326
561,False,LNP193<-LNP854;LNP194<-LNP782;LNP195<-LNP194;LNP782<-LNP195;LNP854<-LNP193;LNP858<-LNP858,0.2619047619047619,-0.28571428571428575,0.3895132645132645,-0.11621064121064117,0.46898656898656893,-0.24314058956916113,0.3333333333333333,-0.20238095238095238,0.23529411764705882,-0.3004201680672269,-0.4605661864718383,-0.5319947579004097,0.18506493506493496,-0.12337662337662339,0.5138853570671752,-0.039816880097283014,0.31065759637188206,-0.16769738198309625,0.36363636363636365,-0.12012987012987014,0.30769230769230765,-0.17145662847790516,-0.3567530340063377,-0.3223926273691351
562,False,LNP193<-LNP854;LNP194<-LNP782;LNP195<-LNP194;LNP782<-LNP195;LNP854<-LNP858;LNP858<-LNP193,0.07142857142857142,-0.4761904761904763,0.32734395234395236,-0.17837995337995333,0.40563365206222346,-0.3064935064935066,0.3333333333333333,-0.20238095238095238,0.23529411764705882,-0.3004201680672269,-0.4605661864718383,-0.5319947579004097,0.05844155844155838,-0.24999999999999997,0.47729433371144603,-0.07640790345301218,0.2775582117687381,-0.20079676658624024,0.36363636363636365,-0.12012987012987014,0.30769230769230765,-0.17145662847790516,-0.3567530340063377,-0.3223926273691351
563,False,LNP193<-LNP854;LNP194<-LNP782;LNP195<-LNP194;LNP782<-LNP858;LNP854<-LNP193;LNP858<-LNP195,0.40476190476190477,-0.1428571428571429,0.4593304843304843,-0.0463934213934214,0.5335557299843015,-0.1785714285714286,0.3333333333333333,-0.20238095238095238,0.23529411764705882,-0.3004201680672269,-0.4605661864718383,-0.5319947579004097,0.24999999999999997,-0.05844155844155838,0.5355470287288469,-0.01815520843561136,0.339069264069264,-0.1392857142857143,0.36363636363636365,-0.12012987012987014,0.30769230769230765,-0.17145662847790516,-0.3567530340063377,-0.3223926273691351
564,False,LNP193<-LNP854;LNP194<-LNP782;LNP195<-LNP194;LNP782<-LNP858;LNP854<-LNP195;LNP858<-LNP193,0.047619047619047616,-0.5,0.3217883967883968,-0.18393550893550886,0.3996812711098425,-0.3124458874458876,0.4166666666666667,-0.11904761904761901,0.2777777777777778,-0.2579365079365079,-0.31180478223116176,-0.3832333536597332,0.00649350649350649,-0.30194805194805185,0.4602917284735467,-0.0934105086909115,0.27140078922687616,-0.20695418912810215,0.4318181818181818,-0.051948051948051965,0.3454545454545454,-0.1336943907156674,-0.2405228464604172,-0.2061624398232146
565,False,LNP193<-LNP854;LNP194<-LNP782;LNP195<-LNP195;LNP782<-LNP193;LNP854<-LNP194;LNP858<-LNP858,0.7380952380952381,0.19047619047619047,0.6627344877344877,0.15701058201058204,0.8102564102564103,0.09812925170068021,0.7738095238095238,0.23809523809523814,0.7692307692307693,0.23351648351648358,0.5476190476190477,0.4761904761904763,0.698051948051948,0.3896103896103897,0.7553857906799084,0.2016835535154502,0.7107142857142857,0.23235930735930743,0.6558441558441559,0.1720779220779221,0.6538461538461539,0.17469721767594104,0.40771775315010056,0.44207815978730314
566,False,LNP193<-LNP854;LNP194<-LNP782;LNP195<-LNP195;LNP782<-LNP193;LNP854<-LNP858;LNP858<-LNP194,0.5238095238095237,-0.023809523809523947,0.551923076923077,0.046199171199171274,0.588487702773417,-0.12363945578231306,0.4166666666666667,-0.11904761904761901,0.2777777777777778,-0.2579365079365079,-0.31180478223116176,-0.3832333536597332,0.525974025974026,0.21753246753246763,0.6856404958677687,0.13193825870331044,0.4614512471655329,-0.016903731189445437,0.4318181818181818,-0.051948051948051965,0.3454545454545454,-0.1336943907156674,-0.2405228464604172,-0.2061624398232146
567,False,LNP193<-LNP854;LNP194<-LNP782;LNP195<-LNP195;LNP782<-LNP194;LNP854<-LNP193;LNP858<-LNP858,0.6428571428571429,0.09523809523809523,0.55995670995671,0.0542328042328043,0.7745421245421246,0.06241496598639451,0.7738095238095238,0.23809523809523814,0.7692307692307693,0.23351648351648358,0.5476190476190477,0.4761904761904763,0.3474025974025974,0.03896103896103903,0.5635026737967914,0.00980043663233321,0.5392857142857143,0.060930735930735946,0.6558441558441559,0.1720779220779221,0.6538461538461539,0.17469721767594104,0.40771775315010056,0.44207815978730314
568,False,LNP193<-LNP854;LNP194<-LNP782;LNP195<-LNP195;LNP782<-LNP194;LNP854<-LNP858;LNP858<-LNP193,0.0,-0.5476190476190477,0.31484395234395235,-0.19087995337995334,0.38947718947718946,-0.3226499690785406,0.4166666666666667,-0.11904761904761901,0.2777777777777778,-0.2579365079365079,-0.31180478223116176,-0.3832333536597332,0.0,-0.30844155844155835,0.4598255280073462,-0.09387670915711199,0.27088319088319085,-0.20747178747178746,0.4318181818181818,-0.051948051948051965,0.3454545454545454,-0.1336943907156674,-0.2405228464604172,-0.2061624398232146
569,False,LNP193<-LNP854;LNP194<-LNP782;LNP195<-LNP195;LNP782<-LNP858;LNP854<-LNP193;LNP858<-LNP194,0.5,-0.04761904761904767,0.49173789173789173,-0.013986013986013957,0.6168890633176347,-0.09523809523809534,0.5476190476190476,0.011904761904761862,0.5357142857142857,0.0,0.09759000729485333,0.026161435866281904,0.30194805194805185,-0.006493506493506496,0.5496331853012887,-0.004069051863169526,0.4307359307359307,-0.047619047619047616,0.5162337662337663,0.03246753246753248,0.4957983193277311,0.016649383157518294,0.03999232221113232,0.0743527288483349
570,False,LNP193<-LNP854;LNP194<-LNP782;LNP195<-LNP195;LNP782<-LNP858;LNP854<-LNP194;LNP858<-LNP193,0.0,-0.5476190476190477,0.31484395234395235,-0.19087995337995334,0.38947718947718946,-0.3226499690785406,0.3333333333333333,-0.20238095238095238,0.23529411764705882,-0.3004201680672269,-0.4605661864718383,-0.5319947579004097,0.0,-0.30844155844155835,0.4598255280073462,-0.09387670915711199,0.27088319088319085,-0.20747178747178746,0.36363636363636365,-0.12012987012987014,0.30769230769230765,-0.17145662847790516,-0.3567530340063377,-0.3223926273691351
571,False,LNP193<-LNP854;LNP194<-LNP782;LNP195<-LNP858;LNP782<-LNP193;LNP854<-LNP194;LNP858<-LNP195,0.6904761904761905,0.1428571428571428,0.6155122655122656,0.10978835978835988,0.7888278388278388,0.07670068027210875,0.7738095238095238,0.23809523809523814,0.7692307692307693,0.23351648351648358,0.5476190476190477,0.4761904761904763,0.5811688311688312,0.2727272727272729,0.7010026737967914,0.14730043663233316,0.6209183673469387,0.14256338899196042,0.6558441558441559,0.1720779220779221,0.6538461538461539,0.17469721767594104,0.40771775315010056,0.44207815978730314
572,False,LNP193<-LNP854;LNP194<-LNP782;LNP195<-LNP858;LNP782<-LNP193;LNP854<-LNP195;LNP858<-LNP194,0.47619047619047616,-0.07142857142857151,0.4963675213675214,-0.009356384356384306,0.5742019884877028,-0.1379251700680273,0.4166666666666667,-0.11904761904761901,0.2777777777777778,-0.2579365079365079,-0.31180478223116176,-0.3832333536597332,0.2922077922077922,-0.016233766233766156,0.5505755608028335,-0.0031266763616246696,0.3774376417233559,-0.10091733663162239,0.4318181818181818,-0.051948051948051965,0.3454545454545454,-0.1336943907156674,-0.2405228464604172,-0.2061624398232146
573,False,LNP193<-LNP854;LNP194<-LNP782;LNP195<-LNP858;LNP782<-LNP194;LNP854<-LNP193;LNP858<-LNP195,0.5476190476190477,0.0,0.5057239057239057,0.0,0.71212715855573,0.0,0.6309523809523809,0.09523809523809523,0.606060606060606,0.07034632034632027,0.2828894749305018,0.2114609035019304,0.30844155844155835,0.0,0.5512671722293933,-0.0024350649350649567,0.4783549783549783,0.0,0.5844155844155844,0.1006493506493506,0.5555555555555556,0.07640661938534277,0.26189246330824845,0.296252869945451
574,False,LNP193<-LNP854;LNP194<-LNP782;LNP195<-LNP858;LNP782<-LNP194;LNP854<-LNP195;LNP858<-LNP193,0.047619047619047616,-0.5,0.3217883967883968,-0.18393550893550886,0.3996812711098425,-0.3124458874458876,0.5,-0.0357142857142857,0.3157894736842105,-0.2199248120300752,0.0,-0.07142857142857142,0.00649350649350649,-0.30194805194805185,0.4602917284735467,-0.0934105086909115,0.27140078922687616,-0.20695418912810215,0.5,0.01623376623376621,0.37931034482758613,-0.09983859134262668,0.0,0.03436040663720258
575,False,LNP193<-LNP854;LNP194<-LNP782;LNP195<-LNP858;LNP782<-LNP195;LNP854<-LNP193;LNP858<-LNP194,0.2619047619047619,-0.28571428571428575,0.3895132645132645,-0.11621064121064117,0.46898656898656893,-0.24314058956916113,0.3333333333333333,-0.20238095238095238,0.23529411764705882,-0.3004201680672269,-0.4605661864718383,-0.5319947579004097,0.18506493506493496,-0.12337662337662339,0.5138853570671752,-0.039816880097283014,0.31065759637188206,-0.16769738198309625,0.36363636363636365,-0.12012987012987014,0.30769230769230765,-0.17145662847790516,-0.3567530340063377,-0.3223926273691351
576,False,LNP193<-LNP854;LNP194<-LNP782;LNP195<-LNP858;LNP782<-LNP195;LNP854<-LNP194;LNP858<-LNP193,0.0,-0.5476190476190477,0.31484395234395235,-0.19087995337995334,0.38947718947718946,-0.3226499690785406,0.4166666666666667,-0.11904761904761901,0.2777777777777778,-0.2579365079365079,-0.31180478223116176,-0.3832333536597332,0.0,-0.30844155844155835,0.4598255280073462,-0.09387670915711199,0.27088319088319085,-0.20747178747178746,0.4318181818181818,-0.051948051948051965,0.3454545454545454,-0.1336943907156674,-0.2405228464604172,-0.2061624398232146
577,False,LNP193<-LNP854;LNP194<-LNP858;LNP195<-LNP193;LNP782<-LNP194;LNP854<-LNP195;LNP858<-LNP782,0.5952380952380952,0.04761904761904756,0.5335016835016835,0.02777777777777779,0.7384877027734171,0.026360544217687076,0.6904761904761905,0.15476190476190477,0.6904761904761905,0.15476190476190477,0.38095238095238093,0.30952380952380953,0.30844155844155835,0.0,0.5356617647058822,-0.018040472458575985,0.4783549783549783,0.0,0.5194805194805194,0.03571428571428564,0.5183946488294314,0.03924571265921861,0.040291148201268875,0.07465155483847145
578,False,LNP193<-LNP854;LNP194<-LNP858;LNP195<-LNP193;LNP782<-LNP194;LNP854<-LNP782;LNP858<-LNP195,0.047619047619047616,-0.5,0.3217883967883968,-0.18393550893550886,0.3996812711098425,-0.3124458874458876,0.3333333333333333,-0.20238095238095238,0.23529411764705882,-0.3004201680672269,-0.4605661864718383,-0.5319947579004097,0.0064935064935064905,-0.30194805194805185,0.44996114996114994,-0.10374108720330827,0.26901983684592373,-0.20933514150905458,0.29545454545454547,-0.18831168831168832,0.26530612244897966,-0.21384281372123315,-0.46056618647183817,-0.4262057798346356
579,False,LNP193<-LNP854;LNP194<-LNP858;LNP195<-LNP193;LNP782<-LNP195;LNP854<-LNP194;LNP858<-LNP782,0.5952380952380952,0.04761904761904756,0.5335016835016835,0.02777777777777779,0.7384877027734171,0.026360544217687076,0.6071428571428572,0.07142857142857151,0.606060606060606,0.07034632034632027,0.21957751641341997,0.14814894498484854,0.30844155844155835,0.0,0.548811115355233,-0.004891121809225241,0.47597402597402594,-0.0023809523809523725,0.4512987012987013,-0.03246753246753248,0.4514835605453088,-0.02766537562490401,-0.09631426606617752,-0.06195385942897494
580,False,LNP193<-LNP854;LNP194<-LNP858;LNP195<-LNP193;LNP782<-LNP195;LNP854<-LNP782;LNP858<-LNP194,0.23809523809523808,-0.3095238095238096,0.3805846930846931,-0.12513921263921257,0.45878248735391586,-0.2533446712018142,0.3333333333333333,-0.20238095238095238,0.23529411764705882,-0.3004201680672269,-0.4605661864718383,-0.5319947579004097,0.13311688311688308,-0.17532467532467527,0.4961662075298439,-0.057536029634614294,0.2889030612244898,-0.18945191713048853,0.29545454545454547,-0.18831168831168832,0.26530612244897966,-0.21384281372123315,-0.46056618647183817,-0.4262057798346356
581,False,LNP193<-LNP854;LNP194<-LNP858;LNP195<-LNP193;LNP782<-LNP782;LNP854<-LNP194;LNP858<-LNP195,0.2857142857142857,-0.261904761904762,0.4006243756243757,-0.10509953009952999,0.4769230769230769,-0.23520408163265316,0.39285714285714285,-0.14285714285714285,0.38095238095238093,-0.15476190476190477,-0.21957751641341997,-0.2910060878419914,0.16558441558441556,-0.1428571428571428,0.5061099168650656,-0.04759232029939264,0.29791608951272813,-0.18043888884225018,0.3441558441558441,-0.13961038961038968,0.3377926421404682,-0.1413562940297446,-0.3223291856101523,-0.2879687789729497
582,False,LNP193<-LNP854;LNP194<-LNP858;LNP195<-LNP193;LNP782<-LNP782;LNP854<-LNP195;LNP858<-LNP194,0.6190476190476191,0.0714285714285714,0.5450757575757575,0.03935185185185186,0.7575353218210361,0.045408163265306056,0.6904761904761905,0.15476190476190477,0.6904761904761905,0.15476190476190477,0.38095238095238093,0.30952380952380953,0.3376623376623376,0.02922077922077926,0.5604234949111608,0.006721257746702625,0.517063492063492,0.03870851370851369,0.5876623376623377,0.10389610389610388,0.5847382431233363,0.10558930695312352,0.19738550848793068,0.23174591512513326
583,False,LNP193<-LNP854;LNP194<-LNP858;LNP195<-LNP194;LNP782<-LNP193;LNP854<-LNP195;LNP858<-LNP782,0.047619047619047616,-0.5,0.3217883967883968,-0.18393550893550886,0.3996812711098425,-0.3124458874458876,0.5,-0.0357142857142857,0.3157894736842105,-0.2199248120300752,0.0,-0.07142857142857142,0.0064935064935064905,-0.30194805194805185,0.45092533728897366,-0.10277689987548455,0.26901983684592373,-0.20933514150905458,0.5,0.01623376623376621,0.37931034482758613,-0.09983859134262668,0.0,0.03436040663720258
584,False,LNP193<-LNP854;LNP194<-LNP858;LNP195<-LNP194;LNP782<-LNP193;LNP854<-LNP782;LNP858<-LNP195,0.5714285714285714,0.023809523809523725,0.5242424242424242,0.01851851851851849,0.7170591313448456,0.004931972789115502,0.6904761904761905,0.15476190476190477,0.6904761904761905,0.15476190476190477,0.38095238095238093,0.30952380952380953,0.2889610389610389,-0.01948051948051943,0.532673275921939,-0.021028961242519184,0.44621212121212117,-0.03214285714285714,0.5194805194805194,0.03571428571428564,0.5183946488294314,0.03924571265921861,0.040291148201268875,0.07465155483847145
585,False,LNP193<-LNP854;LNP194<-LNP858;LNP195<-LNP194;LNP782<-LNP195;LNP854<-LNP193;LNP858<-LNP782,0.5238095238095238,-0.023809523809523836,0.5036426536426536,-0.002081252081252094,0.6304945054945055,-0.08163265306122458,0.5238095238095238,-0.011904761904761862,0.5125,-0.023214285714285743,0.05143444998736397,-0.019994121441207456,0.30194805194805185,-0.006493506493506496,0.5477858946608947,-0.005916342503563543,0.43214285714285705,-0.04621212121212126,0.3831168831168831,-0.10064935064935071,0.3812500000000001,-0.09789893617021272,-0.22792115291927598,-0.1935607462820734
586,False,LNP193<-LNP854;LNP194<-LNP858;LNP195<-LNP194;LNP782<-LNP195;LNP854<-LNP782;LNP858<-LNP193,0.5714285714285714,0.023809523809523725,0.5242424242424242,0.01851851851851849,0.7170591313448456,0.004931972789115502,0.5238095238095238,-0.011904761904761862,0.5125,-0.023214285714285743,0.05143444998736397,-0.019994121441207456,0.3181818181818181,0.009740259740259771,0.5532016112230015,-0.0005006259414567227,0.47267573696145115,-0.005679241393527157,0.3831168831168831,-0.10064935064935071,0.3812500000000001,-0.09789893617021272,-0.22792115291927598,-0.1935607462820734
587,False,LNP193<-LNP854;LNP194<-LNP858;LNP195<-LNP194;LNP782<-LNP782;LNP854<-LNP193;LNP858<-LNP195,0.5238095238095237,-0.023809523809523947,0.5102564102564102,0.004532504532504533,0.6218210361067504,-0.09030612244897962,0.5476190476190476,0.011904761904761862,0.5357142857142857,0.0,0.09759000729485333,0.026161435866281904,0.24999999999999997,-0.05844155844155838,0.5199134199134199,-0.03378881725103833,0.339069264069264,-0.1392857142857143,0.44805194805194803,-0.035714285714285754,0.4375,-0.041648936170212814,-0.11308055883843511,-0.07872015220123253
588,False,LNP193<-LNP854;LNP194<-LNP858;LNP195<-LNP194;LNP782<-LNP782;LNP854<-LNP195;LNP858<-LNP193,0.047619047619047616,-0.5,0.3217883967883968,-0.18393550893550886,0.3996812711098425,-0.3124458874458876,0.4166666666666667,-0.11904761904761901,0.2777777777777778,-0.2579365079365079,-0.31180478223116176,-0.3832333536597332,0.0064935064935064905,-0.30194805194805185,0.44996114996114994,-0.10374108720330827,0.27140078922687616,-0.20695418912810215,0.36363636363636365,-0.12012987012987014,0.3076923076923077,-0.1714566284779051,-0.35675303400633795,-0.3223926273691354
589,False,LNP193<-LNP854;LNP194<-LNP858;LNP195<-LNP195;LNP782<-LNP193;LNP854<-LNP194;LNP858<-LNP782,0.0,-0.5476190476190477,0.31484395234395235,-0.19087995337995334,0.38947718947718946,-0.3226499690785406,0.5,-0.0357142857142857,0.3157894736842105,-0.2199248120300752,0.0,-0.07142857142857142,0.0,-0.30844155844155835,0.45580808080808083,-0.09789415635637738,0.27088319088319085,-0.20747178747178746,0.5,0.01623376623376621,0.37931034482758613,-0.09983859134262668,0.0,0.03436040663720258
590,False,LNP193<-LNP854;LNP194<-LNP858;LNP195<-LNP195;LNP782<-LNP193;LNP854<-LNP782;LNP858<-LNP194,0.45238095238095233,-0.09523809523809534,0.48049450549450545,-0.025229400229400234,0.5614468864468865,-0.1506802721088436,0.47619047619047616,-0.059523809523809534,0.4484848484848485,-0.08722943722943721,-0.05143444998736397,-0.12286302141593539,0.23376623376623373,-0.07467532467532462,0.5177128427128427,-0.03598939445161553,0.3291486291486291,-0.14920634920634923,0.41233766233766234,-0.07142857142857145,0.3930789707187223,-0.08606996545149054,-0.1973855084879307,-0.16302510185072813
591,False,LNP193<-LNP854;LNP194<-LNP858;LNP195<-LNP195;LNP782<-LNP194;LNP854<-LNP193;LNP858<-LNP782,0.3333333333333333,-0.21428571428571436,0.4094627594627595,-0.09626114626114618,0.5132867132867133,-0.19884044526901679,0.3333333333333333,-0.20238095238095238,0.23529411764705882,-0.3004201680672269,-0.4605661864718383,-0.5319947579004097,0.20454545454545442,-0.10389610389610393,0.5184441440793528,-0.03525809308510541,0.3344560046240718,-0.1438989737309065,0.4090909090909091,-0.07467532467532467,0.3333333333333333,-0.1458156028368795,-0.282038037408883,-0.24767763077168042
592,False,LNP193<-LNP854;LNP194<-LNP858;LNP195<-LNP195;LNP782<-LNP194;LNP854<-LNP782;LNP858<-LNP193,0.09523809523809523,-0.45238095238095244,0.3323704073704074,-0.17335349835349828,0.41328671328671324,-0.2988404452690168,0.4166666666666667,-0.11904761904761901,0.2777777777777778,-0.2579365079365079,-0.31180478223116176,-0.3832333536597332,0.07792207792207789,-0.23051948051948046,0.48401432031917924,-0.06968791684527897,0.28278795278795277,-0.19556702556702554,0.4318181818181818,-0.051948051948051965,0.3454545454545454,-0.1336943907156674,-0.2405228464604172,-0.2061624398232146
593,False,LNP193<-LNP854;LNP194<-LNP858;LNP195<-LNP195;LNP782<-LNP782;LNP854<-LNP193;LNP858<-LNP194,0.5476190476190477,0.0,0.5195156695156695,0.013791763791763834,0.6432496075353218,-0.06887755102040827,0.6190476190476191,0.08333333333333337,0.6153846153846154,0.07967032967032972,0.23809523809523808,0.16666666666666666,0.30194805194805185,-0.006493506493506496,0.5340277777777778,-0.019674459386680443,0.4307359307359307,-0.047619047619047616,0.48376623376623373,-5.551115123125783e-17,0.4791489361702128,0.0,-0.03436040663720258,0.0
594,False,LNP193<-LNP854;LNP194<-LNP858;LNP195<-LNP195;LNP782<-LNP782;LNP854<-LNP194;LNP858<-LNP193,0.0,-0.5476190476190477,0.31484395234395235,-0.19087995337995334,0.38947718947718946,-0.3226499690785406,0.5,-0.0357142857142857,0.3157894736842105,-0.2199248120300752,0.0,-0.07142857142857142,0.0,-0.30844155844155835,0.45298438934802565,-0.10071784781643256,0.27088319088319085,-0.20747178747178746,0.5,0.01623376623376621,0.37931034482758613,-0.09983859134262668,0.0,0.03436040663720258
595,False,LNP193<-LNP854;LNP194<-LNP858;LNP195<-LNP782;LNP782<-LNP193;LNP854<-LNP194;LNP858<-LNP195,0.4285714285714286,-0.11904761904761907,0.45390720390720396,-0.05181670181670173,0.5753357753357753,-0.13679138321995477,0.5476190476190476,0.011904761904761862,0.5357142857142857,0.0,0.09759000729485333,0.026161435866281904,0.24350649350649342,-0.06493506493506493,0.5284217977893867,-0.025280439375071517,0.37950513538748826,-0.09884984296749005,0.44805194805194803,-0.035714285714285754,0.4375,-0.041648936170212814,-0.11308055883843511,-0.07872015220123253
596,False,LNP193<-LNP854;LNP194<-LNP858;LNP195<-LNP782;LNP782<-LNP193;LNP854<-LNP195;LNP858<-LNP194,0.45238095238095244,-0.09523809523809523,0.4584045584045584,-0.04731934731934728,0.5990319204604919,-0.11309523809523814,0.5595238095238095,0.023809523809523836,0.5125,-0.023214285714285743,0.14085904245475275,0.06943047102618133,0.2727272727272726,-0.035714285714285754,0.5392264867366954,-0.014475750427762835,0.4179808286951144,-0.06037414965986393,0.5487012987012987,0.0649350649350649,0.49946524064171127,0.02031630447149846,0.1718020331860125,0.20616243982321508
597,False,LNP193<-LNP854;LNP194<-LNP858;LNP195<-LNP782;LNP782<-LNP194;LNP854<-LNP193;LNP858<-LNP195,0.0,-0.5476190476190477,0.31484395234395235,-0.19087995337995334,0.38947718947718946,-0.3226499690785406,0.4166666666666667,-0.11904761904761901,0.2777777777777778,-0.2579365079365079,-0.31180478223116176,-0.3832333536597332,0.0,-0.30844155844155835,0.452020202020202,-0.10168203514425622,0.27088319088319085,-0.20747178747178746,0.36363636363636365,-0.12012987012987014,0.3076923076923077,-0.1714566284779051,-0.35675303400633795,-0.3223926273691354
598,False,LNP193<-LNP854;LNP194<-LNP858;LNP195<-LNP782;LNP782<-LNP194;LNP854<-LNP195;LNP858<-LNP193,0.5,-0.04761904761904767,0.4943833943833944,-0.011340511340511283,0.609065934065934,-0.10306122448979604,0.6190476190476191,0.08333333333333337,0.6153846153846154,0.07967032967032972,0.23809523809523808,0.16666666666666666,0.23051948051948046,-0.07792207792207789,0.513095238095238,-0.04060699906922016,0.3291486291486291,-0.14920634920634923,0.48376623376623373,-5.551115123125783e-17,0.4791489361702128,0.0,-0.03436040663720258,0.0
599,False,LNP193<-LNP854;LNP194<-LNP858;LNP195<-LNP782;LNP782<-LNP195;LNP854<-LNP193;LNP858<-LNP194,0.16666666666666666,-0.38095238095238104,0.36014818514818514,-0.14557572057572055,0.4320818070818071,-0.28004535147392295,0.3333333333333333,-0.20238095238095238,0.23529411764705882,-0.3004201680672269,-0.4605661864718383,-0.5319947579004097,0.11688311688311685,-0.19155844155844148,0.4915223665223665,-0.062179870642091684,0.28542785535266735,-0.19292712300231096,0.29545454545454547,-0.18831168831168832,0.26530612244897966,-0.21384281372123315,-0.46056618647183817,-0.4262057798346356
600,False,LNP193<-LNP854;LNP194<-LNP858;LNP195<-LNP782;LNP782<-LNP195;LNP854<-LNP194;LNP858<-LNP193,0.5714285714285714,0.023809523809523725,0.5242424242424242,0.01851851851851849,0.7170591313448456,0.004931972789115502,0.6071428571428572,0.07142857142857151,0.606060606060606,0.07034632034632027,0.21957751641341997,0.14814894498484854,0.2889610389610389,-0.01948051948051943,0.5433875616362247,-0.010314675528233508,0.44621212121212117,-0.03214285714285714,0.4512987012987013,-0.03246753246753248,0.4514835605453088,-0.02766537562490401,-0.09631426606617752,-0.06195385942897494
601,False,LNP193<-LNP858;LNP194<-LNP193;LNP195<-LNP194;LNP782<-LNP195;LNP854<-LNP782;LNP858<-LNP854,0.4761904761904762,-0.07142857142857145,0.48247863247863243,-0.023245273245273257,0.5954604918890634,-0.1166666666666667,0.5238095238095238,-0.011904761904761862,0.5125,-0.023214285714285743,0.05143444998736397,-0.019994121441207456,0.26298701298701294,-0.045454545454545414,0.5351976306521761,-0.01850460651228214,0.3846938775510203,-0.09366110080395801,0.3831168831168831,-0.10064935064935071,0.3812500000000001,-0.09789893617021272,-0.22792115291927598,-0.1935607462820734
602,False,LNP193<-LNP858;LNP194<-LNP193;LNP195<-LNP194;LNP782<-LNP195;LNP854<-LNP854;LNP858<-LNP782,0.23809523809523808,-0.3095238095238096,0.3805846930846931,-0.12513921263921257,0.45878248735391586,-0.2533446712018142,0.38095238095238093,-0.15476190476190477,0.38095238095238093,-0.15476190476190477,-0.23809523809523808,-0.30952380952380953,0.14610389610389607,-0.16233766233766228,0.5008800122436485,-0.05282222492080968,0.29230442176870747,-0.18605055658627084,0.3116883116883117,-0.1720779220779221,0.3142857142857143,-0.16486322188449853,-0.3694942137922787,-0.3351338071550761
603,False,LNP193<-LNP858;LNP194<-LNP193;LNP195<-LNP194;LNP782<-LNP782;LNP854<-LNP195;LNP858<-LNP854,0.16666666666666666,-0.38095238095238104,0.35042596292596295,-0.15529794279794273,0.4382867132867132,-0.27384044526901685,0.4166666666666667,-0.11904761904761901,0.2777777777777778,-0.2579365079365079,-0.31180478223116176,-0.3832333536597332,0.08441558441558433,-0.22402597402597402,0.48137409233665923,-0.07232814482779898,0.28209335916102835,-0.19626161919394997,0.4318181818181818,-0.051948051948051965,0.3454545454545454,-0.1336943907156674,-0.2405228464604172,-0.2061624398232146
604,False,LNP193<-LNP858;LNP194<-LNP193;LNP195<-LNP194;LNP782<-LNP782;LNP854<-LNP854;LNP858<-LNP195,0.6190476190476191,0.0714285714285714,0.5450757575757575,0.03935185185185186,0.7575353218210361,0.045408163265306056,0.6904761904761905,0.15476190476190477,0.6904761904761905,0.15476190476190477,0.38095238095238093,0.30952380952380953,0.32792207792207784,0.019480519480519487,0.5438702900515043,-0.009831947112953876,0.5095238095238095,0.03116883116883118,0.5194805194805194,0.03571428571428564,0.5183946488294314,0.03924571265921861,0.040291148201268875,0.07465155483847145
605,False,LNP193<-LNP858;LNP194<-LNP193;LNP195<-LNP194;LNP782<-LNP854;LNP854<-LNP195;LNP858<-LNP782,0.047619047619047616,-0.5,0.3217883967883968,-0.18393550893550886,0.3996812711098425,-0.3124458874458876,0.5,-0.0357142857142857,0.3157894736842105,-0.2199248120300752,0.0,-0.07142857142857142,0.00649350649350649,-0.30194805194805185,0.45723846860210504,-0.09646376856235317,0.26901983684592373,-0.20933514150905458,0.5,0.01623376623376621,0.37931034482758613,-0.09983859134262668,0.0,0.03436040663720258
606,False,LNP193<-LNP858;LNP194<-LNP193;LNP195<-LNP194;LNP782<-LNP854;LNP854<-LNP782;LNP858<-LNP195,0.5952380952380952,0.04761904761904756,0.5335016835016835,0.02777777777777779,0.7384877027734171,0.026360544217687076,0.6904761904761905,0.15476190476190477,0.6904761904761905,0.15476190476190477,0.38095238095238093,0.30952380952380953,0.30844155844155835,0.0,0.5380968296409472,-0.015605407523511028,0.4783549783549783,0.0,0.5194805194805194,0.03571428571428564,0.5183946488294314,0.03924571265921861,0.040291148201268875,0.07465155483847145
607,False,LNP193<-LNP858;LNP194<-LNP193;LNP195<-LNP195;LNP782<-LNP194;LNP854<-LNP782;LNP858<-LNP854,0.19047619047619047,-0.3571428571428572,0.36808469308469316,-0.13763921263921253,0.4397348683062968,-0.27239229024943323,0.4166666666666667,-0.11904761904761901,0.2777777777777778,-0.2579365079365079,-0.31180478223116176,-0.3832333536597332,0.12662337662337658,-0.18181818181818177,0.49772905386149896,-0.05597318330295925,0.2899234693877551,-0.18843150896722322,0.4318181818181818,-0.051948051948051965,0.3454545454545454,-0.1336943907156674,-0.2405228464604172,-0.2061624398232146
608,False,LNP193<-LNP858;LNP194<-LNP193;LNP195<-LNP195;LNP782<-LNP194;LNP854<-LNP854;LNP858<-LNP782,0.07142857142857142,-0.4761904761904763,0.32734395234395236,-0.17837995337995333,0.40563365206222346,-0.3064935064935066,0.5,-0.0357142857142857,0.3157894736842105,-0.2199248120300752,0.0,-0.07142857142857142,0.05844155844155838,-0.24999999999999997,0.4755266569437693,-0.07817558022068893,0.2775582117687381,-0.20079676658624024,0.5,0.01623376623376621,0.37931034482758613,-0.09983859134262668,0.0,0.03436040663720258
609,False,LNP193<-LNP858;LNP194<-LNP193;LNP195<-LNP195;LNP782<-LNP782;LNP854<-LNP194;LNP858<-LNP854,0.0,-0.5476190476190477,0.31484395234395235,-0.19087995337995334,0.38947718947718946,-0.3226499690785406,0.4166666666666667,-0.11904761904761901,0.2777777777777778,-0.2579365079365079,-0.31180478223116176,-0.3832333536597332,0.0,-0.30844155844155835,0.45298438934802565,-0.10071784781643256,0.27088319088319085,-0.20747178747178746,0.4318181818181818,-0.051948051948051965,0.3454545454545454,-0.1336943907156674,-0.2405228464604172,-0.2061624398232146
610,False,LNP193<-LNP858;LNP194<-LNP193;LNP195<-LNP195;LNP782<-LNP782;LNP854<-LNP854;LNP858<-LNP194,0.5952380952380953,0.04761904761904767,0.545970695970696,0.04024679024679034,0.6793040293040293,-0.03282312925170072,0.7023809523809523,0.16666666666666663,0.6904761904761905,0.15476190476190477,0.4147575310031266,0.3433289595745552,0.3409090909090909,0.032467532467532534,0.5483946608946608,-0.005307576269797387,0.4916666666666666,0.013311688311688274,0.6201298701298701,0.1363636363636363,0.6067527308838134,0.12760379471360062,0.33868074965743356,0.37304115629463613
611,False,LNP193<-LNP858;LNP194<-LNP193;LNP195<-LNP195;LNP782<-LNP854;LNP854<-LNP194;LNP858<-LNP782,0.0,-0.5476190476190477,0.31484395234395235,-0.19087995337995334,0.38947718947718946,-0.3226499690785406,0.5,-0.0357142857142857,0.3157894736842105,-0.2199248120300752,0.0,-0.07142857142857142,0.0,-0.30844155844155835,0.4598255280073462,-0.09387670915711199,0.27088319088319085,-0.20747178747178746,0.5,0.01623376623376621,0.37931034482758613,-0.09983859134262668,0.0,0.03436040663720258
612,False,LNP193<-LNP858;LNP194<-LNP193;LNP195<-LNP195;LNP782<-LNP854;LNP854<-LNP782;LNP858<-LNP194,0.5,-0.04761904761904767,0.49173789173789173,-0.013986013986013957,0.6168890633176347,-0.09523809523809534,0.4166666666666667,-0.11904761904761901,0.2777777777777778,-0.2579365079365079,-0.31180478223116176,-0.3832333536597332,0.28246753246753237,-0.025974025974025983,0.5338030025530025,-0.019899234611455707,0.41921768707482987,-0.05913729128014844,0.4772727272727273,-0.006493506493506496,0.3684210526315789,-0.11072788353863389,-0.13483997249264773,-0.10047956585544515
613,False,LNP193<-LNP858;LNP194<-LNP193;LNP195<-LNP782;LNP782<-LNP194;LNP854<-LNP195;LNP858<-LNP854,0.5238095238095237,-0.023809523809523947,0.5102564102564102,0.004532504532504533,0.6218210361067504,-0.09030612244897962,0.6190476190476191,0.08333333333333337,0.6153846153846154,0.07967032967032972,0.23809523809523808,0.16666666666666666,0.24999999999999997,-0.05844155844155838,0.5330627705627705,-0.020639466601687695,0.339069264069264,-0.1392857142857143,0.48376623376623373,-5.551115123125783e-17,0.4791489361702128,0.0,-0.03436040663720258,0.0
614,False,LNP193<-LNP858;LNP194<-LNP193;LNP195<-LNP782;LNP782<-LNP194;LNP854<-LNP854;LNP858<-LNP195,0.047619047619047616,-0.5,0.3217883967883968,-0.18393550893550886,0.3996812711098425,-0.3124458874458876,0.5,-0.0357142857142857,0.3157894736842105,-0.2199248120300752,0.0,-0.07142857142857142,0.0064935064935064905,-0.30194805194805185,0.45345058981422615,-0.10025164735023206,0.27140078922687616,-0.20695418912810215,0.5,0.01623376623376621,0.37931034482758613,-0.09983859134262668,0.0,0.03436040663720258
615,False,LNP193<-LNP858;LNP194<-LNP193;LNP195<-LNP782;LNP782<-LNP195;LNP854<-LNP194;LNP858<-LNP854,0.5238095238095237,-0.023809523809523947,0.5102564102564102,0.004532504532504533,0.6218210361067504,-0.09030612244897962,0.6071428571428572,0.07142857142857151,0.606060606060606,0.07034632034632027,0.21957751641341997,0.14814894498484854,0.24999999999999997,-0.05844155844155838,0.5330627705627705,-0.020639466601687695,0.3366883116883116,-0.14166666666666672,0.4512987012987013,-0.03246753246753248,0.4514835605453088,-0.02766537562490401,-0.09631426606617752,-0.06195385942897494
616,False,LNP193<-LNP858;LNP194<-LNP193;LNP195<-LNP782;LNP782<-LNP195;LNP854<-LNP854;LNP858<-LNP194,0.11904761904761904,-0.4285714285714286,0.34956617456617456,-0.15615773115773113,0.41847636490493634,-0.2936507936507937,0.3333333333333333,-0.20238095238095238,0.23529411764705882,-0.3004201680672269,-0.4605661864718383,-0.5319947579004097,0.09740259740259738,-0.21103896103896097,0.4861111111111111,-0.0675911260533471,0.2822532521780642,-0.19610172617691413,0.29545454545454547,-0.18831168831168832,0.26530612244897966,-0.21384281372123315,-0.46056618647183817,-0.4262057798346356
617,False,LNP193<-LNP858;LNP194<-LNP193;LNP195<-LNP782;LNP782<-LNP854;LNP854<-LNP194;LNP858<-LNP195,0.5,-0.04761904761904767,0.4771524771524771,-0.02857142857142858,0.692002442002442,-0.02012471655328807,0.6309523809523809,0.09523809523809523,0.606060606060606,0.07034632034632027,0.2828894749305018,0.2114609035019304,0.2694805194805193,-0.03896103896103903,0.5381552841175051,-0.015546953046953083,0.45688608776844064,-0.02146889058653767,0.5844155844155844,0.1006493506493506,0.5555555555555556,0.07640661938534277,0.26189246330824845,0.296252869945451
618,False,LNP193<-LNP858;LNP194<-LNP193;LNP195<-LNP782;LNP782<-LNP854;LNP854<-LNP195;LNP858<-LNP194,0.45238095238095244,-0.09523809523809523,0.46316646316646315,-0.04255744255744254,0.5967643467643468,-0.1153628117913833,0.6309523809523809,0.09523809523809523,0.606060606060606,0.07034632034632027,0.2828894749305018,0.2114609035019304,0.2629870129870129,-0.04545454545454547,0.533845351508395,-0.01985688565606325,0.4116479925303454,-0.06670698582463291,0.5844155844155844,0.1006493506493506,0.5555555555555556,0.07640661938534277,0.26189246330824845,0.296252869945451
619,False,LNP193<-LNP858;LNP194<-LNP193;LNP195<-LNP854;LNP782<-LNP194;LNP854<-LNP195;LNP858<-LNP782,0.380952380952381,-0.16666666666666669,0.42612942612942617,-0.07959447959447952,0.5594627594627595,-0.15266439909297058,0.4166666666666667,-0.11904761904761901,0.2777777777777778,-0.2579365079365079,-0.31180478223116176,-0.3832333536597332,0.19155844155844146,-0.1168831168831169,0.5129128118258552,-0.04078942533860297,0.31462585034013596,-0.16372912801484235,0.36363636363636365,-0.12012987012987014,0.3076923076923077,-0.1714566284779051,-0.35675303400633795,-0.3223926273691354
620,False,LNP193<-LNP858;LNP194<-LNP193;LNP195<-LNP854;LNP782<-LNP194;LNP854<-LNP782;LNP858<-LNP195,0.047619047619047616,-0.5,0.3217883967883968,-0.18393550893550886,0.3996812711098425,-0.3124458874458876,0.4166666666666667,-0.11904761904761901,0.2777777777777778,-0.2579365079365079,-0.31180478223116176,-0.3832333536597332,0.0064935064935064905,-0.30194805194805185,0.45345058981422615,-0.10025164735023206,0.27140078922687616,-0.20695418912810215,0.4318181818181818,-0.051948051948051965,0.3454545454545454,-0.1336943907156674,-0.2405228464604172,-0.2061624398232146
621,False,LNP193<-LNP858;LNP194<-LNP193;LNP195<-LNP854;LNP782<-LNP195;LNP854<-LNP194;LNP858<-LNP782,0.4761904761904762,-0.07142857142857145,0.48247863247863243,-0.023245273245273257,0.5954604918890634,-0.1166666666666667,0.6071428571428572,0.07142857142857151,0.606060606060606,0.07034632034632027,0.21957751641341997,0.14814894498484854,0.23051948051948049,-0.07792207792207786,0.5265068265068265,-0.027195410657631758,0.32517006802721077,-0.15318491032776754,0.4512987012987013,-0.03246753246753248,0.4514835605453088,-0.02766537562490401,-0.09631426606617752,-0.06195385942897494
622,False,LNP193<-LNP858;LNP194<-LNP193;LNP195<-LNP854;LNP782<-LNP195;LNP854<-LNP782;LNP858<-LNP194,0.16666666666666666,-0.38095238095238104,0.36014818514818514,-0.14557572057572055,0.4320818070818071,-0.28004535147392295,0.25,-0.2857142857142857,0.1875,-0.3482142857142857,-0.5916079783099616,-0.663036549738533,0.10389610389610388,-0.20454545454545447,0.4877060074428496,-0.06599622972160862,0.28318695899412394,-0.19516801936085437,0.22727272727272727,-0.25649350649350655,0.2173913043478261,-0.2617576318223867,-0.5640760748177664,-0.5297156681805639
623,False,LNP193<-LNP858;LNP194<-LNP193;LNP195<-LNP854;LNP782<-LNP782;LNP854<-LNP194;LNP858<-LNP195,0.5476190476190476,-1.1102230246251565e-16,0.5083694083694084,0.002645502645502673,0.7043040293040292,-0.007823129251700811,0.5476190476190476,0.011904761904761862,0.5357142857142857,0.0,0.09759000729485333,0.026161435866281904,0.29870129870129863,-0.009740259740259716,0.5359938190152094,-0.01770841814924884,0.45680272108843534,-0.021552257266542973,0.5162337662337663,0.03246753246753248,0.4957983193277311,0.016649383157518294,0.03999232221113232,0.0743527288483349
624,False,LNP193<-LNP858;LNP194<-LNP193;LNP195<-LNP854;LNP782<-LNP782;LNP854<-LNP195;LNP858<-LNP194,0.6428571428571429,0.09523809523809523,0.55995670995671,0.0542328042328043,0.7745421245421246,0.06241496598639451,0.6904761904761905,0.15476190476190477,0.6904761904761905,0.15476190476190477,0.38095238095238093,0.30952380952380953,0.3474025974025974,0.03896103896103903,0.5618792971734148,0.008177060008956571,0.5392857142857143,0.060930735930735946,0.5876623376623377,0.10389610389610388,0.5847382431233363,0.10558930695312352,0.19738550848793068,0.23174591512513326
625,False,LNP193<-LNP858;LNP194<-LNP194;LNP195<-LNP193;LNP782<-LNP195;LNP854<-LNP782;LNP858<-LNP854,0.5952380952380952,0.04761904761904756,0.5335016835016835,0.02777777777777779,0.7384877027734171,0.026360544217687076,0.6904761904761905,0.15476190476190477,0.6904761904761905,0.15476190476190477,0.38095238095238093,0.30952380952380953,0.32792207792207784,0.019480519480519487,0.5559133880825057,0.0022111509180474664,0.49563492063492054,0.01727994227994223,0.5876623376623377,0.10389610389610388,0.5847382431233363,0.10558930695312352,0.19738550848793068,0.23174591512513326
626,False,LNP193<-LNP858;LNP194<-LNP194;LNP195<-LNP193;LNP782<-LNP195;LNP854<-LNP854;LNP858<-LNP782,0.5476190476190477,0.0,0.5195156695156695,0.013791763791763834,0.6432496075353218,-0.06887755102040827,0.6904761904761905,0.15476190476190477,0.6904761904761905,0.15476190476190477,0.38095238095238093,0.30952380952380953,0.3214285714285714,0.012987012987013047,0.5542794011544011,0.0005771639899428971,0.4480158730158729,-0.030339105339105388,0.5876623376623377,0.10389610389610388,0.5847382431233363,0.10558930695312352,0.19738550848793068,0.23174591512513326
627,False,LNP193<-LNP858;LNP194<-LNP194;LNP195<-LNP193;LNP782<-LNP782;LNP854<-LNP195;LNP858<-LNP854,0.5476190476190477,0.0,0.5057239057239057,0.0,0.71212715855573,0.0,0.6071428571428572,0.07142857142857151,0.606060606060606,0.07034632034632027,0.21957751641341997,0.14814894498484854,0.30844155844155835,0.0,0.5512671722293933,-0.0024350649350649567,0.4783549783549783,0.0,0.5194805194805195,0.035714285714285754,0.5183946488294314,0.03924571265921861,0.040291148201269084,0.07465155483847166
628,False,LNP193<-LNP858;LNP194<-LNP194;LNP195<-LNP193;LNP782<-LNP782;LNP854<-LNP854;LNP858<-LNP195,0.0,-0.5476190476190477,0.31484395234395235,-0.19087995337995334,0.38947718947718946,-0.3226499690785406,0.3333333333333333,-0.20238095238095238,0.23529411764705882,-0.3004201680672269,-0.4605661864718383,-0.5319947579004097,0.0,-0.30844155844155835,0.45677226813590455,-0.09692996902855366,0.27088319088319085,-0.20747178747178746,0.29545454545454547,-0.18831168831168832,0.26530612244897966,-0.21384281372123315,-0.46056618647183817,-0.4262057798346356
629,False,LNP193<-LNP858;LNP194<-LNP194;LNP195<-LNP193;LNP782<-LNP854;LNP854<-LNP195;LNP858<-LNP782,0.6190476190476191,0.0714285714285714,0.5450757575757575,0.03935185185185186,0.7575353218210361,0.045408163265306056,0.6071428571428572,0.07142857142857151,0.606060606060606,0.07034632034632027,0.21957751641341997,0.14814894498484854,0.3376623376623376,0.02922077922077926,0.553605313092979,-9.692407147920967e-05,0.5194444444444444,0.041089466089466065,0.5194805194805195,0.035714285714285754,0.5183946488294314,0.03924571265921861,0.040291148201269084,0.07465155483847166
630,False,LNP193<-LNP858;LNP194<-LNP194;LNP195<-LNP193;LNP782<-LNP854;LNP854<-LNP782;LNP858<-LNP195,0.047619047619047616,-0.5,0.3217883967883968,-0.18393550893550886,0.3996812711098425,-0.3124458874458876,0.3333333333333333,-0.20238095238095238,0.23529411764705882,-0.3004201680672269,-0.4605661864718383,-0.5319947579004097,0.0064935064935064905,-0.30194805194805185,0.45345058981422615,-0.10025164735023206,0.26901983684592373,-0.20933514150905458,0.29545454545454547,-0.18831168831168832,0.26530612244897966,-0.21384281372123315,-0.46056618647183817,-0.4262057798346356
631,False,LNP193<-LNP858;LNP194<-LNP194;LNP195<-LNP195;LNP782<-LNP193;LNP854<-LNP782;LNP858<-LNP854,0.07142857142857142,-0.4761904761904763,0.32734395234395236,-0.17837995337995333,0.40563365206222346,-0.3064935064935066,0.5,-0.0357142857142857,0.3157894736842105,-0.2199248120300752,0.0,-0.07142857142857142,0.05844155844155839,-0.24999999999999994,0.4747970798307929,-0.07890515733366532,0.2775582117687381,-0.20079676658624024,0.5,0.01623376623376621,0.37931034482758613,-0.09983859134262668,0.0,0.03436040663720258
632,False,LNP193<-LNP858;LNP194<-LNP194;LNP195<-LNP195;LNP782<-LNP193;LNP854<-LNP854;LNP858<-LNP782,0.07142857142857142,-0.4761904761904763,0.32734395234395236,-0.17837995337995333,0.40563365206222346,-0.3064935064935066,0.5,-0.0357142857142857,0.3157894736842105,-0.2199248120300752,0.0,-0.07142857142857142,0.05844155844155839,-0.24999999999999994,0.4747970798307929,-0.07890515733366532,0.2775582117687381,-0.20079676658624024,0.5,0.01623376623376621,0.37931034482758613,-0.09983859134262668,0.0,0.03436040663720258
633,False,LNP193<-LNP858;LNP194<-LNP194;LNP195<-LNP195;LNP782<-LNP782;LNP854<-LNP193;LNP858<-LNP854,0.38095238095238093,-0.16666666666666674,0.440018315018315,-0.06570559070559068,0.5277167277167276,-0.18441043083900244,0.5476190476190476,0.011904761904761862,0.5357142857142857,0.0,0.09759000729485333,0.026161435866281904,0.20454545454545447,-0.10389610389610388,0.5185044424174858,-0.03519779474697238,0.31601307189542477,-0.16234190645955354,0.44805194805194803,-0.035714285714285754,0.4375,-0.041648936170212814,-0.11308055883843511,-0.07872015220123253
634,False,LNP193<-LNP858;LNP194<-LNP194;LNP195<-LNP195;LNP782<-LNP782;LNP854<-LNP854;LNP858<-LNP193,0.14285714285714285,-0.4047619047619048,0.3462592962592963,-0.15946460946460939,0.42558830058830055,-0.2865388579674295,0.25,-0.2857142857142857,0.1875,-0.3482142857142857,-0.5916079783099616,-0.663036549738533,0.09740259740259735,-0.211038961038961,0.4847041847041847,-0.06899805246027352,0.2840295182400445,-0.1943254601149338,0.22727272727272727,-0.25649350649350655,0.2173913043478261,-0.2617576318223867,-0.5640760748177664,-0.5297156681805639
635,False,LNP193<-LNP858;LNP194<-LNP194;LNP195<-LNP195;LNP782<-LNP854;LNP854<-LNP193;LNP858<-LNP782,0.3333333333333333,-0.21428571428571436,0.41224053724053733,-0.09348336848336836,0.5118437118437118,-0.20028344671201825,0.4166666666666667,-0.11904761904761901,0.2777777777777778,-0.2579365079365079,-0.31180478223116176,-0.3832333536597332,0.21428571428571416,-0.09415584415584419,0.5204757469749973,-0.03322649018946089,0.33571428571428563,-0.14264069264069268,0.4772727272727273,-0.006493506493506496,0.3684210526315789,-0.11072788353863389,-0.13483997249264773,-0.10047956585544515
636,False,LNP193<-LNP858;LNP194<-LNP194;LNP195<-LNP195;LNP782<-LNP854;LNP854<-LNP782;LNP858<-LNP193,0.07142857142857142,-0.4761904761904763,0.32734395234395236,-0.17837995337995333,0.40563365206222346,-0.3064935064935066,0.4166666666666667,-0.11904761904761901,0.2777777777777778,-0.2579365079365079,-0.31180478223116176,-0.3832333536597332,0.05844155844155839,-0.24999999999999994,0.4785893350064473,-0.07511290215801092,0.2775582117687381,-0.20079676658624024,0.4318181818181818,-0.051948051948051965,0.3454545454545454,-0.1336943907156674,-0.2405228464604172,-0.2061624398232146
637,False,LNP193<-LNP858;LNP194<-LNP194;LNP195<-LNP782;LNP782<-LNP193;LNP854<-LNP195;LNP858<-LNP854,0.4523809523809524,-0.09523809523809529,0.47321937321937324,-0.032504532504532446,0.581174777603349,-0.13095238095238104,0.4642857142857143,-0.0714285714285714,0.46153846153846156,-0.07417582417582413,-0.07142857142857142,-0.14285714285714285,0.26948051948051943,-0.03896103896103892,0.5406123446446027,-0.013089892519855484,0.3604978354978355,-0.11785714285714283,0.4480519480519481,-0.0357142857142857,0.4375,-0.041648936170212814,-0.1130805588384352,-0.07872015220123262
638,False,LNP193<-LNP858;LNP194<-LNP194;LNP195<-LNP782;LNP782<-LNP193;LNP854<-LNP854;LNP858<-LNP195,0.0,-0.5476190476190477,0.31484395234395235,-0.19087995337995334,0.38947718947718946,-0.3226499690785406,0.4166666666666667,-0.11904761904761901,0.2777777777777778,-0.2579365079365079,-0.31180478223116176,-0.3832333536597332,0.0,-0.30844155844155835,0.45426997245179057,-0.09943226471266764,0.27088319088319085,-0.20747178747178746,0.4318181818181818,-0.051948051948051965,0.3454545454545454,-0.1336943907156674,-0.2405228464604172,-0.2061624398232146
639,False,LNP193<-LNP858;LNP194<-LNP194;LNP195<-LNP782;LNP782<-LNP195;LNP854<-LNP193;LNP858<-LNP854,0.5476190476190477,0.0,0.5195156695156695,0.013791763791763834,0.6432496075353218,-0.06887755102040827,0.6904761904761905,0.15476190476190477,0.6904761904761905,0.15476190476190477,0.38095238095238093,0.30952380952380953,0.3214285714285714,0.012987012987013047,0.5542794011544011,0.0005771639899428971,0.4480158730158729,-0.030339105339105388,0.5876623376623377,0.10389610389610388,0.5847382431233363,0.10558930695312352,0.19738550848793068,0.23174591512513326
640,False,LNP193<-LNP858;LNP194<-LNP194;LNP195<-LNP782;LNP782<-LNP195;LNP854<-LNP854;LNP858<-LNP193,0.5476190476190477,0.0,0.5195156695156695,0.013791763791763834,0.6432496075353218,-0.06887755102040827,0.6904761904761905,0.15476190476190477,0.6904761904761905,0.15476190476190477,0.38095238095238093,0.30952380952380953,0.3214285714285714,0.012987012987013047,0.5542794011544011,0.0005771639899428971,0.4480158730158729,-0.030339105339105388,0.5876623376623377,0.10389610389610388,0.5847382431233363,0.10558930695312352,0.19738550848793068,0.23174591512513326
641,False,LNP193<-LNP858;LNP194<-LNP194;LNP195<-LNP782;LNP782<-LNP854;LNP854<-LNP193;LNP858<-LNP195,0.0,-0.5476190476190477,0.31484395234395235,-0.19087995337995334,0.38947718947718946,-0.3226499690785406,0.4166666666666667,-0.11904761904761901,0.2777777777777778,-0.2579365079365079,-0.31180478223116176,-0.3832333536597332,0.0,-0.30844155844155835,0.45426997245179057,-0.09943226471266764,0.27088319088319085,-0.20747178747178746,0.4318181818181818,-0.051948051948051965,0.3454545454545454,-0.1336943907156674,-0.2405228464604172,-0.2061624398232146
642,False,LNP193<-LNP858;LNP194<-LNP194;LNP195<-LNP782;LNP782<-LNP854;LNP854<-LNP195;LNP858<-LNP193,0.4523809523809524,-0.09523809523809529,0.4586339586339586,-0.04708994708994707,0.6562881562881563,-0.05583900226757377,0.4642857142857143,-0.0714285714285714,0.46153846153846156,-0.07417582417582413,-0.07142857142857142,-0.14285714285714285,0.24999999999999992,-0.05844155844155843,0.5255842354988465,-0.028118001665611736,0.427124183006536,-0.051230795348442326,0.4480519480519481,-0.0357142857142857,0.4375,-0.041648936170212814,-0.1130805588384352,-0.07872015220123262
643,False,LNP193<-LNP858;LNP194<-LNP194;LNP195<-LNP854;LNP782<-LNP193;LNP854<-LNP195;LNP858<-LNP782,0.30952380952380953,-0.23809523809523814,0.4051638176638177,-0.10056008806008798,0.4952904238618524,-0.21683673469387765,0.47619047619047616,-0.059523809523809534,0.4484848484848485,-0.08722943722943721,-0.05143444998736397,-0.12286302141593539,0.18181818181818177,-0.12662337662337658,0.5120352534228133,-0.0416669837416449,0.3091111444577831,-0.16924383389719522,0.43506493506493504,-0.048701298701298745,0.4109090909090909,-0.06823984526112192,-0.15228622596829317,-0.11792581933109059
644,False,LNP193<-LNP858;LNP194<-LNP194;LNP195<-LNP854;LNP782<-LNP193;LNP854<-LNP782;LNP858<-LNP195,0.047619047619047616,-0.5,0.3217883967883968,-0.18393550893550886,0.3996812711098425,-0.3124458874458876,0.3333333333333333,-0.20238095238095238,0.23529411764705882,-0.3004201680672269,-0.4605661864718383,-0.5319947579004097,0.0064935064935064905,-0.30194805194805185,0.44996114996114994,-0.10374108720330827,0.27140078922687616,-0.20695418912810215,0.29545454545454547,-0.18831168831168832,0.26530612244897966,-0.21384281372123315,-0.46056618647183817,-0.4262057798346356
645,False,LNP193<-LNP858;LNP194<-LNP194;LNP195<-LNP854;LNP782<-LNP195;LNP854<-LNP193;LNP858<-LNP782,0.5714285714285715,0.023809523809523836,0.5472934472934473,0.041569541569541624,0.6497431140288283,-0.062384044526901716,0.6904761904761905,0.15476190476190477,0.6904761904761905,0.15476190476190477,0.38095238095238093,0.30952380952380953,0.3798701298701298,0.07142857142857145,0.5815521284271283,0.027849891262670123,0.4623015873015872,-0.016053391053391097,0.5876623376623377,0.10389610389610388,0.5847382431233363,0.10558930695312352,0.19738550848793068,0.23174591512513326
646,False,LNP193<-LNP858;LNP194<-LNP194;LNP195<-LNP854;LNP782<-LNP195;LNP854<-LNP782;LNP858<-LNP193,0.5476190476190477,0.0,0.5195156695156695,0.013791763791763834,0.6432496075353218,-0.06887755102040827,0.6904761904761905,0.15476190476190477,0.6904761904761905,0.15476190476190477,0.38095238095238093,0.30952380952380953,0.3214285714285714,0.012987012987013047,0.5542794011544011,0.0005771639899428971,0.4480158730158729,-0.030339105339105388,0.5876623376623377,0.10389610389610388,0.5847382431233363,0.10558930695312352,0.19738550848793068,0.23174591512513326
647,False,LNP193<-LNP858;LNP194<-LNP194;LNP195<-LNP854;LNP782<-LNP782;LNP854<-LNP193;LNP858<-LNP195,0.0,-0.5476190476190477,0.31484395234395235,-0.19087995337995334,0.38947718947718946,-0.3226499690785406,0.4166666666666667,-0.11904761904761901,0.2777777777777778,-0.2579365079365079,-0.31180478223116176,-0.3832333536597332,0.0,-0.30844155844155835,0.44949494949494945,-0.10420728766950876,0.27088319088319085,-0.20747178747178746,0.36363636363636365,-0.12012987012987014,0.3076923076923077,-0.1714566284779051,-0.35675303400633795,-0.3223926273691354
648,False,LNP193<-LNP858;LNP194<-LNP194;LNP195<-LNP854;LNP782<-LNP782;LNP854<-LNP195;LNP858<-LNP193,0.47619047619047616,-0.07142857142857151,0.4678932178932179,-0.03783068783068777,0.6705738705738705,-0.04155328798185953,0.45238095238095233,-0.08333333333333337,0.4484848484848485,-0.08722943722943721,-0.09759000729485333,-0.16901857872342474,0.2597402597402596,-0.048701298701298745,0.5353494147022904,-0.01835282246216785,0.4363078564759236,-0.04204712187905468,0.3474025974025974,-0.1363636363636364,0.3485444531864673,-0.1306044829837455,-0.2980239964173918,-0.2636635897801892
649,False,LNP193<-LNP858;LNP194<-LNP195;LNP195<-LNP193;LNP782<-LNP194;LNP854<-LNP782;LNP858<-LNP854,0.6428571428571429,0.09523809523809523,0.55995670995671,0.0542328042328043,0.7745421245421246,0.06241496598639451,0.6904761904761905,0.15476190476190477,0.6904761904761905,0.15476190476190477,0.38095238095238093,0.30952380952380953,0.3474025974025974,0.03896103896103903,0.5659377387318564,0.012235501567398166,0.5392857142857143,0.060930735930735946,0.5876623376623377,0.10389610389610388,0.5847382431233363,0.10558930695312352,0.19738550848793068,0.23174591512513326
650,False,LNP193<-LNP858;LNP194<-LNP195;LNP195<-LNP193;LNP782<-LNP194;LNP854<-LNP854;LNP858<-LNP782,0.6428571428571429,0.09523809523809523,0.55995670995671,0.0542328042328043,0.7745421245421246,0.06241496598639451,0.6904761904761905,0.15476190476190477,0.6904761904761905,0.15476190476190477,0.38095238095238093,0.30952380952380953,0.3474025974025974,0.03896103896103903,0.5659377387318564,0.012235501567398166,0.5392857142857143,0.060930735930735946,0.5876623376623377,0.10389610389610388,0.5847382431233363,0.10558930695312352,0.19738550848793068,0.23174591512513326
651,False,LNP193<-LNP858;LNP194<-LNP195;LNP195<-LNP193;LNP782<-LNP782;LNP854<-LNP194;LNP858<-LNP854,0.6666666666666667,0.11904761904761907,0.5690476190476191,0.06332371332371345,0.8102564102564103,0.09812925170068021,0.6071428571428572,0.07142857142857151,0.606060606060606,0.07034632034632027,0.21957751641341997,0.14814894498484854,0.3506493506493506,0.04220779220779225,0.5668290043290043,0.013126767164546083,0.5571428571428572,0.07878787878787885,0.5194805194805195,0.035714285714285754,0.5183946488294314,0.03924571265921861,0.040291148201269084,0.07465155483847166
652,False,LNP193<-LNP858;LNP194<-LNP195;LNP195<-LNP193;LNP782<-LNP782;LNP854<-LNP854;LNP858<-LNP194,0.40476190476190477,-0.1428571428571429,0.44464794464794466,-0.06107596107596103,0.561050061050061,-0.151077097505669,0.4642857142857143,-0.0714285714285714,0.46153846153846156,-0.07417582417582413,-0.07142857142857142,-0.14285714285714285,0.24999999999999994,-0.058441558441558406,0.5364914655237236,-0.01721077164073459,0.34897959183673466,-0.12937538651824365,0.4480519480519481,-0.0357142857142857,0.4375,-0.041648936170212814,-0.1130805588384352,-0.07872015220123262
653,False,LNP193<-LNP858;LNP194<-LNP195;LNP195<-LNP193;LNP782<-LNP854;LNP854<-LNP194;LNP858<-LNP782,0.6666666666666667,0.11904761904761907,0.5690476190476191,0.06332371332371345,0.8102564102564103,0.09812925170068021,0.6071428571428572,0.07142857142857151,0.606060606060606,0.07034632034632027,0.21957751641341997,0.14814894498484854,0.3506493506493506,0.04220779220779225,0.5668290043290043,0.013126767164546083,0.5571428571428572,0.07878787878787885,0.5194805194805195,0.035714285714285754,0.5183946488294314,0.03924571265921861,0.040291148201269084,0.07465155483847166
654,False,LNP193<-LNP858;LNP194<-LNP195;LNP195<-LNP193;LNP782<-LNP854;LNP854<-LNP782;LNP858<-LNP194,0.45238095238095244,-0.09523809523809523,0.46316646316646315,-0.04255744255744254,0.5967643467643468,-0.1153628117913833,0.5476190476190476,0.011904761904761862,0.5357142857142857,0.0,0.09759000729485333,0.026161435866281904,0.2629870129870129,-0.04545454545454547,0.5403671041602076,-0.013335133004250599,0.36326530612244895,-0.11508967223252936,0.5162337662337663,0.03246753246753248,0.4957983193277311,0.016649383157518294,0.03999232221113232,0.0743527288483349
655,False,LNP193<-LNP858;LNP194<-LNP195;LNP195<-LNP194;LNP782<-LNP193;LNP854<-LNP782;LNP858<-LNP854,0.6428571428571429,0.09523809523809523,0.55995670995671,0.0542328042328043,0.7745421245421246,0.06241496598639451,0.7738095238095238,0.23809523809523814,0.7692307692307693,0.23351648351648358,0.5476190476190477,0.4761904761904763,0.3474025974025974,0.03896103896103903,0.5618792971734148,0.008177060008956571,0.5392857142857143,0.060930735930735946,0.6558441558441559,0.1720779220779221,0.6538461538461539,0.17469721767594104,0.40771775315010056,0.44207815978730314
656,False,LNP193<-LNP858;LNP194<-LNP195;LNP195<-LNP194;LNP782<-LNP193;LNP854<-LNP854;LNP858<-LNP782,0.6428571428571429,0.09523809523809523,0.55995670995671,0.0542328042328043,0.7745421245421246,0.06241496598639451,0.6904761904761905,0.15476190476190477,0.6904761904761905,0.15476190476190477,0.38095238095238093,0.30952380952380953,0.3474025974025974,0.03896103896103903,0.5635026737967914,0.00980043663233321,0.5392857142857143,0.060930735930735946,0.5876623376623377,0.10389610389610388,0.5847382431233363,0.10558930695312352,0.19738550848793068,0.23174591512513326
657,False,LNP193<-LNP858;LNP194<-LNP195;LNP195<-LNP194;LNP782<-LNP782;LNP854<-LNP193;LNP858<-LNP854,0.6428571428571429,0.09523809523809523,0.55995670995671,0.0542328042328043,0.7745421245421246,0.06241496598639451,0.6904761904761905,0.15476190476190477,0.6904761904761905,0.15476190476190477,0.38095238095238093,0.30952380952380953,0.3474025974025974,0.03896103896103903,0.5635026737967914,0.00980043663233321,0.5392857142857143,0.060930735930735946,0.5876623376623377,0.10389610389610388,0.5847382431233363,0.10558930695312352,0.19738550848793068,0.23174591512513326
658,False,LNP193<-LNP858;LNP194<-LNP195;LNP195<-LNP194;LNP782<-LNP782;LNP854<-LNP854;LNP858<-LNP193,0.6428571428571429,0.09523809523809523,0.55995670995671,0.0542328042328043,0.7745421245421246,0.06241496598639451,0.6904761904761905,0.15476190476190477,0.6904761904761905,0.15476190476190477,0.38095238095238093,0.30952380952380953,0.3474025974025974,0.03896103896103903,0.5659377387318564,0.012235501567398166,0.5392857142857143,0.060930735930735946,0.5876623376623377,0.10389610389610388,0.5847382431233363,0.10558930695312352,0.19738550848793068,0.23174591512513326
659,False,LNP193<-LNP858;LNP194<-LNP195;LNP195<-LNP194;LNP782<-LNP854;LNP854<-LNP193;LNP858<-LNP782,0.6428571428571429,0.09523809523809523,0.55995670995671,0.0542328042328043,0.7745421245421246,0.06241496598639451,0.7738095238095238,0.23809523809523814,0.7692307692307693,0.23351648351648358,0.5476190476190477,0.4761904761904763,0.3474025974025974,0.03896103896103903,0.5635026737967914,0.00980043663233321,0.5392857142857143,0.060930735930735946,0.6558441558441559,0.1720779220779221,0.6538461538461539,0.17469721767594104,0.40771775315010056,0.44207815978730314
660,False,LNP193<-LNP858;LNP194<-LNP195;LNP195<-LNP194;LNP782<-LNP854;LNP854<-LNP782;LNP858<-LNP193,0.6428571428571429,0.09523809523809523,0.55995670995671,0.0542328042328043,0.7745421245421246,0.06241496598639451,0.6071428571428572,0.07142857142857151,0.606060606060606,0.07034632034632027,0.21957751641341997,0.14814894498484854,0.3474025974025974,0.03896103896103903,0.5659377387318564,0.012235501567398166,0.5392857142857143,0.060930735930735946,0.5194805194805195,0.035714285714285754,0.5183946488294314,0.03924571265921861,0.040291148201269084,0.07465155483847166
661,False,LNP193<-LNP858;LNP194<-LNP195;LNP195<-LNP782;LNP782<-LNP193;LNP854<-LNP194;LNP858<-LNP854,0.6666666666666667,0.11904761904761907,0.5690476190476191,0.06332371332371345,0.8102564102564103,0.09812925170068021,0.6071428571428572,0.07142857142857151,0.606060606060606,0.07034632034632027,0.21957751641341997,0.14814894498484854,0.3506493506493506,0.04220779220779225,0.5668290043290043,0.013126767164546083,0.5571428571428572,0.07878787878787885,0.5194805194805195,0.035714285714285754,0.5183946488294314,0.03924571265921861,0.040291148201269084,0.07465155483847166
662,False,LNP193<-LNP858;LNP194<-LNP195;LNP195<-LNP782;LNP782<-LNP193;LNP854<-LNP854;LNP858<-LNP194,0.23809523809523808,-0.3095238095238096,0.3805846930846931,-0.12513921263921257,0.45878248735391586,-0.2533446712018142,0.4166666666666667,-0.11904761904761901,0.2777777777777778,-0.2579365079365079,-0.31180478223116176,-0.3832333536597332,0.16233766233766228,-0.14610389610389607,0.5095927656006707,-0.04410947156378753,0.29994053565482137,-0.17841444270015694,0.4318181818181818,-0.051948051948051965,0.3454545454545454,-0.1336943907156674,-0.2405228464604172,-0.2061624398232146
663,False,LNP193<-LNP858;LNP194<-LNP195;LNP195<-LNP782;LNP782<-LNP194;LNP854<-LNP193;LNP858<-LNP854,0.6428571428571429,0.09523809523809523,0.55995670995671,0.0542328042328043,0.7745421245421246,0.06241496598639451,0.6904761904761905,0.15476190476190477,0.6904761904761905,0.15476190476190477,0.38095238095238093,0.30952380952380953,0.3474025974025974,0.03896103896103903,0.5659377387318564,0.012235501567398166,0.5392857142857143,0.060930735930735946,0.5876623376623377,0.10389610389610388,0.5847382431233363,0.10558930695312352,0.19738550848793068,0.23174591512513326
664,False,LNP193<-LNP858;LNP194<-LNP195;LNP195<-LNP782;LNP782<-LNP194;LNP854<-LNP854;LNP858<-LNP193,0.6428571428571429,0.09523809523809523,0.55995670995671,0.0542328042328043,0.7745421245421246,0.06241496598639451,0.6904761904761905,0.15476190476190477,0.6904761904761905,0.15476190476190477,0.38095238095238093,0.30952380952380953,0.3474025974025974,0.03896103896103903,0.5659377387318564,0.012235501567398166,0.5392857142857143,0.060930735930735946,0.5876623376623377,0.10389610389610388,0.5847382431233363,0.10558930695312352,0.19738550848793068,0.23174591512513326
665,False,LNP193<-LNP858;LNP194<-LNP195;LNP195<-LNP782;LNP782<-LNP854;LNP854<-LNP193;LNP858<-LNP194,0.4285714285714286,-0.11904761904761907,0.45390720390720396,-0.05181670181670173,0.5753357753357753,-0.13679138321995477,0.5476190476190476,0.011904761904761862,0.5357142857142857,0.0,0.09759000729485333,0.026161435866281904,0.25974025974025966,-0.04870129870129869,0.5394384629089857,-0.014263774255472539,0.3581632653061224,-0.1201917130488559,0.5162337662337663,0.03246753246753248,0.4957983193277311,0.016649383157518294,0.03999232221113232,0.0743527288483349
666,False,LNP193<-LNP858;LNP194<-LNP195;LNP195<-LNP782;LNP782<-LNP854;LNP854<-LNP194;LNP858<-LNP193,0.6666666666666667,0.11904761904761907,0.5690476190476191,0.06332371332371345,0.8102564102564103,0.09812925170068021,0.6071428571428572,0.07142857142857151,0.606060606060606,0.07034632034632027,0.21957751641341997,0.14814894498484854,0.3506493506493506,0.04220779220779225,0.5668290043290043,0.013126767164546083,0.5571428571428572,0.07878787878787885,0.5194805194805195,0.035714285714285754,0.5183946488294314,0.03924571265921861,0.040291148201269084,0.07465155483847166
667,False,LNP193<-LNP858;LNP194<-LNP195;LNP195<-LNP854;LNP782<-LNP193;LNP854<-LNP194;LNP858<-LNP782,0.6428571428571429,0.09523809523809523,0.5541666666666666,0.0484427609427609,0.7932496075353218,0.08112244897959175,0.6071428571428572,0.07142857142857151,0.606060606060606,0.07034632034632027,0.21957751641341997,0.14814894498484854,0.34090909090909083,0.03246753246753248,0.5613147605083089,0.007612523343850652,0.5373015873015873,0.05894660894660897,0.5194805194805195,0.035714285714285754,0.5183946488294314,0.03924571265921861,0.040291148201269084,0.07465155483847166
668,False,LNP193<-LNP858;LNP194<-LNP195;LNP195<-LNP854;LNP782<-LNP193;LNP854<-LNP782;LNP858<-LNP194,0.30952380952380953,-0.23809523809523814,0.40298127798127803,-0.10274262774262766,0.4975579975579975,-0.21456916099773254,0.4166666666666667,-0.11904761904761901,0.2777777777777778,-0.2579365079365079,-0.31180478223116176,-0.3832333536597332,0.19155844155844146,-0.1168831168831169,0.5156169587987769,-0.03808527836568132,0.314625850340136,-0.1637291280148423,0.4318181818181818,-0.051948051948051965,0.3454545454545454,-0.1336943907156674,-0.2405228464604172,-0.2061624398232146
669,False,LNP193<-LNP858;LNP194<-LNP195;LNP195<-LNP854;LNP782<-LNP194;LNP854<-LNP193;LNP858<-LNP782,0.5952380952380953,0.04761904761904767,0.545970695970696,0.04024679024679034,0.6793040293040293,-0.03282312925170072,0.6904761904761905,0.15476190476190477,0.6904761904761905,0.15476190476190477,0.38095238095238093,0.30952380952380953,0.3409090909090909,0.032467532467532534,0.5643037518037518,0.010601514639293597,0.4916666666666666,0.013311688311688274,0.5876623376623377,0.10389610389610388,0.5847382431233363,0.10558930695312352,0.19738550848793068,0.23174591512513326
670,False,LNP193<-LNP858;LNP194<-LNP195;LNP195<-LNP854;LNP782<-LNP194;LNP854<-LNP782;LNP858<-LNP193,0.6428571428571429,0.09523809523809523,0.55995670995671,0.0542328042328043,0.7745421245421246,0.06241496598639451,0.6904761904761905,0.15476190476190477,0.6904761904761905,0.15476190476190477,0.38095238095238093,0.30952380952380953,0.3474025974025974,0.03896103896103903,0.5659377387318564,0.012235501567398166,0.5392857142857143,0.060930735930735946,0.5876623376623377,0.10389610389610388,0.5847382431233363,0.10558930695312352,0.19738550848793068,0.23174591512513326
671,False,LNP193<-LNP858;LNP194<-LNP195;LNP195<-LNP854;LNP782<-LNP782;LNP854<-LNP193;LNP858<-LNP194,0.5714285714285714,0.023809523809523725,0.5148148148148148,0.00909090909090915,0.7478414442700156,0.03571428571428559,0.4642857142857143,-0.0714285714285714,0.46153846153846156,-0.07417582417582413,-0.07142857142857142,-0.14285714285714285,0.31168831168831157,0.00324675324675322,0.5545935027616062,0.0008912655971480277,0.4962121212121212,0.017857142857142905,0.4480519480519481,-0.0357142857142857,0.4375,-0.041648936170212814,-0.1130805588384352,-0.07872015220123262
672,False,LNP193<-LNP858;LNP194<-LNP195;LNP195<-LNP854;LNP782<-LNP782;LNP854<-LNP194;LNP858<-LNP193,0.6666666666666667,0.11904761904761907,0.5690476190476191,0.06332371332371345,0.8102564102564103,0.09812925170068021,0.6071428571428572,0.07142857142857151,0.606060606060606,0.07034632034632027,0.21957751641341997,0.14814894498484854,0.3506493506493506,0.04220779220779225,0.5668290043290043,0.013126767164546083,0.5571428571428572,0.07878787878787885,0.5194805194805195,0.035714285714285754,0.5183946488294314,0.03924571265921861,0.040291148201269084,0.07465155483847166
673,False,LNP193<-LNP858;LNP194<-LNP782;LNP195<-LNP193;LNP782<-LNP194;LNP854<-LNP195;LNP858<-LNP854,0.5952380952380952,0.04761904761904756,0.5335016835016835,0.02777777777777779,0.7384877027734171,0.026360544217687076,0.6904761904761905,0.15476190476190477,0.6904761904761905,0.15476190476190477,0.38095238095238093,0.30952380952380953,0.30844155844155835,0.0,0.548811115355233,-0.004891121809225241,0.4783549783549783,0.0,0.5194805194805194,0.03571428571428564,0.5183946488294314,0.03924571265921861,0.040291148201268875,0.07465155483847145
674,False,LNP193<-LNP858;LNP194<-LNP782;LNP195<-LNP193;LNP782<-LNP194;LNP854<-LNP854;LNP858<-LNP195,0.047619047619047616,-0.5,0.3217883967883968,-0.18393550893550886,0.3996812711098425,-0.3124458874458876,0.4166666666666667,-0.11904761904761901,0.2777777777777778,-0.2579365079365079,-0.31180478223116176,-0.3832333536597332,0.0064935064935064905,-0.30194805194805185,0.45345058981422615,-0.10025164735023206,0.27140078922687616,-0.20695418912810215,0.4318181818181818,-0.051948051948051965,0.3454545454545454,-0.1336943907156674,-0.2405228464604172,-0.2061624398232146
675,False,LNP193<-LNP858;LNP194<-LNP782;LNP195<-LNP193;LNP782<-LNP195;LNP854<-LNP194;LNP858<-LNP854,0.5952380952380952,0.04761904761904756,0.5335016835016835,0.02777777777777779,0.7384877027734171,0.026360544217687076,0.6071428571428572,0.07142857142857151,0.606060606060606,0.07034632034632027,0.21957751641341997,0.14814894498484854,0.30844155844155835,0.0,0.548811115355233,-0.004891121809225241,0.4783549783549783,0.0,0.4512987012987013,-0.03246753246753248,0.4514835605453088,-0.02766537562490401,-0.09631426606617752,-0.06195385942897494
676,False,LNP193<-LNP858;LNP194<-LNP782;LNP195<-LNP193;LNP782<-LNP195;LNP854<-LNP854;LNP858<-LNP194,0.23809523809523808,-0.3095238095238096,0.3805846930846931,-0.12513921263921257,0.45878248735391586,-0.2533446712018142,0.3333333333333333,-0.20238095238095238,0.23529411764705882,-0.3004201680672269,-0.4605661864718383,-0.5319947579004097,0.13311688311688308,-0.17532467532467527,0.4961662075298439,-0.057536029634614294,0.2889030612244898,-0.18945191713048853,0.29545454545454547,-0.18831168831168832,0.26530612244897966,-0.21384281372123315,-0.46056618647183817,-0.4262057798346356
677,False,LNP193<-LNP858;LNP194<-LNP782;LNP195<-LNP193;LNP782<-LNP854;LNP854<-LNP194;LNP858<-LNP195,0.5238095238095238,-0.023809523809523836,0.4890572390572391,-0.016666666666666607,0.7022065236350951,-0.009920634920634996,0.5357142857142857,0.0,0.5357142857142857,0.0,0.07142857142857142,0.0,0.2792207792207791,-0.02922077922077926,0.5318950768482853,-0.021807160316172913,0.4604875283446711,-0.017867450010307206,0.41558441558441556,-0.06818181818181823,0.4155844155844156,-0.0635645205857972,-0.1688311688311691,-0.13447076219396653
678,False,LNP193<-LNP858;LNP194<-LNP782;LNP195<-LNP193;LNP782<-LNP854;LNP854<-LNP195;LNP858<-LNP194,0.6428571428571429,0.09523809523809523,0.55995670995671,0.0542328042328043,0.7745421245421246,0.06241496598639451,0.7738095238095238,0.23809523809523814,0.7692307692307693,0.23351648351648358,0.5476190476190477,0.4761904761904763,0.3474025974025974,0.03896103896103903,0.5607429335370512,0.007040696372592969,0.5392857142857143,0.060930735930735946,0.6558441558441559,0.1720779220779221,0.6538461538461539,0.17469721767594104,0.40771775315010056,0.44207815978730314
679,False,LNP193<-LNP858;LNP194<-LNP782;LNP195<-LNP194;LNP782<-LNP193;LNP854<-LNP195;LNP858<-LNP854,0.09523809523809523,-0.45238095238095244,0.3323704073704074,-0.17335349835349828,0.41328671328671324,-0.2988404452690168,0.5,-0.0357142857142857,0.3157894736842105,-0.2199248120300752,0.0,-0.07142857142857142,0.045454545454545435,-0.26298701298701294,0.4680934296963005,-0.08560880746815769,0.27578515166750456,-0.20256982668747375,0.5,0.01623376623376621,0.37931034482758613,-0.09983859134262668,0.0,0.03436040663720258
680,False,LNP193<-LNP858;LNP194<-LNP782;LNP195<-LNP194;LNP782<-LNP193;LNP854<-LNP854;LNP858<-LNP195,0.6190476190476191,0.0714285714285714,0.5450757575757575,0.03935185185185186,0.7575353218210361,0.045408163265306056,0.6904761904761905,0.15476190476190477,0.6904761904761905,0.15476190476190477,0.38095238095238093,0.30952380952380953,0.32792207792207784,0.019480519480519487,0.5545845757657901,0.0008823386013319112,0.5095238095238095,0.03116883116883118,0.5194805194805194,0.03571428571428564,0.5183946488294314,0.03924571265921861,0.040291148201268875,0.07465155483847145
681,False,LNP193<-LNP858;LNP194<-LNP782;LNP195<-LNP194;LNP782<-LNP195;LNP854<-LNP193;LNP858<-LNP854,0.5,-0.04761904761904767,0.49173789173789173,-0.013986013986013957,0.6168890633176347,-0.09523809523809534,0.5238095238095238,-0.011904761904761862,0.5125,-0.023214285714285743,0.05143444998736397,-0.019994121441207456,0.28246753246753237,-0.025974025974025983,0.541740216201423,-0.011962020963035225,0.41683673469387744,-0.06151824366110087,0.3831168831168831,-0.10064935064935071,0.3812500000000001,-0.09789893617021272,-0.22792115291927598,-0.1935607462820734
682,False,LNP193<-LNP858;LNP194<-LNP782;LNP195<-LNP194;LNP782<-LNP195;LNP854<-LNP854;LNP858<-LNP193,0.42857142857142855,-0.11904761904761912,0.4685897435897436,-0.037134162134162096,0.5478414442700157,-0.16428571428571437,0.5238095238095238,-0.011904761904761862,0.5125,-0.023214285714285743,0.05143444998736397,-0.019994121441207456,0.25324675324675316,-0.055194805194805185,0.5339779342914138,-0.019724302873044386,0.34625850340136044,-0.13209647495361787,0.3831168831168831,-0.10064935064935071,0.3812500000000001,-0.09789893617021272,-0.22792115291927598,-0.1935607462820734
683,False,LNP193<-LNP858;LNP194<-LNP782;LNP195<-LNP194;LNP782<-LNP854;LNP854<-LNP193;LNP858<-LNP195,0.5952380952380952,0.04761904761904756,0.5335016835016835,0.02777777777777779,0.7384877027734171,0.026360544217687076,0.6904761904761905,0.15476190476190477,0.6904761904761905,0.15476190476190477,0.38095238095238093,0.30952380952380953,0.30844155844155835,0.0,0.5380968296409472,-0.015605407523511028,0.4783549783549783,0.0,0.5194805194805194,0.03571428571428564,0.5183946488294314,0.03924571265921861,0.040291148201268875,0.07465155483847145
684,False,LNP193<-LNP858;LNP194<-LNP782;LNP195<-LNP194;LNP782<-LNP854;LNP854<-LNP195;LNP858<-LNP193,0.047619047619047616,-0.5,0.3217883967883968,-0.18393550893550886,0.3996812711098425,-0.3124458874458876,0.4166666666666667,-0.11904761904761901,0.2777777777777778,-0.2579365079365079,-0.31180478223116176,-0.3832333536597332,0.00649350649350649,-0.30194805194805185,0.45627428127428127,-0.09742795589017694,0.27140078922687616,-0.20695418912810215,0.36363636363636365,-0.12012987012987014,0.3076923076923077,-0.1714566284779051,-0.35675303400633795,-0.3223926273691354
685,False,LNP193<-LNP858;LNP194<-LNP782;LNP195<-LNP195;LNP782<-LNP193;LNP854<-LNP194;LNP858<-LNP854,0.0,-0.5476190476190477,0.31484395234395235,-0.19087995337995334,0.38947718947718946,-0.3226499690785406,0.5,-0.0357142857142857,0.3157894736842105,-0.2199248120300752,0.0,-0.07142857142857142,0.0,-0.30844155844155835,0.4598255280073462,-0.09387670915711199,0.27088319088319085,-0.20747178747178746,0.5,0.01623376623376621,0.37931034482758613,-0.09983859134262668,0.0,0.03436040663720258
686,False,LNP193<-LNP858;LNP194<-LNP782;LNP195<-LNP195;LNP782<-LNP193;LNP854<-LNP854;LNP858<-LNP194,0.5952380952380953,0.04761904761904767,0.545970695970696,0.04024679024679034,0.6793040293040293,-0.03282312925170072,0.6309523809523809,0.09523809523809523,0.606060606060606,0.07034632034632027,0.2828894749305018,0.2114609035019304,0.3409090909090909,0.032467532467532534,0.5591089466089466,0.0054067094444884,0.4916666666666666,0.013311688311688274,0.5844155844155844,0.1006493506493506,0.5555555555555556,0.07640661938534277,0.26189246330824845,0.296252869945451
687,False,LNP193<-LNP858;LNP194<-LNP782;LNP195<-LNP195;LNP782<-LNP194;LNP854<-LNP193;LNP858<-LNP854,0.3333333333333333,-0.21428571428571436,0.41224053724053733,-0.09348336848336836,0.5118437118437118,-0.20028344671201825,0.5476190476190476,0.011904761904761862,0.5357142857142857,0.0,0.09759000729485333,0.026161435866281904,0.21428571428571416,-0.09415584415584419,0.5242901859093763,-0.02941205125508195,0.33571428571428563,-0.14264069264069268,0.5162337662337663,0.03246753246753248,0.4957983193277311,0.016649383157518294,0.03999232221113232,0.0743527288483349
688,False,LNP193<-LNP858;LNP194<-LNP782;LNP195<-LNP195;LNP782<-LNP194;LNP854<-LNP854;LNP858<-LNP193,0.09523809523809523,-0.45238095238095244,0.3356772856772857,-0.17004662004661997,0.41198285841142984,-0.3001443001443002,0.3333333333333333,-0.20238095238095238,0.23529411764705882,-0.3004201680672269,-0.4605661864718383,-0.5319947579004097,0.07792207792207789,-0.23051948051948046,0.4846053777871959,-0.06909685937726229,0.28085491506544136,-0.19750006328953695,0.36363636363636365,-0.12012987012987014,0.30769230769230765,-0.17145662847790516,-0.3567530340063377,-0.3223926273691351
689,False,LNP193<-LNP858;LNP194<-LNP782;LNP195<-LNP195;LNP782<-LNP854;LNP854<-LNP193;LNP858<-LNP194,0.5952380952380953,0.04761904761904767,0.545970695970696,0.04024679024679034,0.6793040293040293,-0.03282312925170072,0.7023809523809523,0.16666666666666663,0.6904761904761905,0.15476190476190477,0.4147575310031266,0.3433289595745552,0.3409090909090909,0.032467532467532534,0.5483946608946608,-0.005307576269797387,0.4916666666666666,0.013311688311688274,0.6201298701298701,0.1363636363636363,0.6067527308838134,0.12760379471360062,0.33868074965743356,0.37304115629463613
690,False,LNP193<-LNP858;LNP194<-LNP782;LNP195<-LNP195;LNP782<-LNP854;LNP854<-LNP194;LNP858<-LNP193,0.0,-0.5476190476190477,0.31484395234395235,-0.19087995337995334,0.38947718947718946,-0.3226499690785406,0.4166666666666667,-0.11904761904761901,0.2777777777777778,-0.2579365079365079,-0.31180478223116176,-0.3832333536597332,0.0,-0.30844155844155835,0.4598255280073462,-0.09387670915711199,0.27088319088319085,-0.20747178747178746,0.4318181818181818,-0.051948051948051965,0.3454545454545454,-0.1336943907156674,-0.2405228464604172,-0.2061624398232146
691,False,LNP193<-LNP858;LNP194<-LNP782;LNP195<-LNP854;LNP782<-LNP193;LNP854<-LNP194;LNP858<-LNP195,0.5714285714285714,0.023809523809523725,0.5310897435897436,0.025365837865837904,0.6622972265829409,-0.049829931972789177,0.6190476190476191,0.08333333333333337,0.6153846153846154,0.07967032967032972,0.23809523809523808,0.16666666666666666,0.3311688311688311,0.022727272727272763,0.5503479495414978,-0.003354287622960417,0.4694444444444444,-0.008910533910533924,0.551948051948052,0.06818181818181818,0.5418181818181819,0.06266924564796905,0.1218289807746346,0.1561893874118372
692,False,LNP193<-LNP858;LNP194<-LNP782;LNP195<-LNP854;LNP782<-LNP193;LNP854<-LNP195;LNP858<-LNP194,0.6428571428571429,0.09523809523809523,0.55995670995671,0.0542328042328043,0.7745421245421246,0.06241496598639451,0.6904761904761905,0.15476190476190477,0.6904761904761905,0.15476190476190477,0.38095238095238093,0.30952380952380953,0.3474025974025974,0.03896103896103903,0.5635026737967914,0.00980043663233321,0.5392857142857143,0.060930735930735946,0.5876623376623377,0.10389610389610388,0.5847382431233363,0.10558930695312352,0.19738550848793068,0.23174591512513326
693,False,LNP193<-LNP858;LNP194<-LNP782;LNP195<-LNP854;LNP782<-LNP194;LNP854<-LNP193;LNP858<-LNP195,0.0,-0.5476190476190477,0.31484395234395235,-0.19087995337995334,0.38947718947718946,-0.3226499690785406,0.4166666666666667,-0.11904761904761901,0.2777777777777778,-0.2579365079365079,-0.31180478223116176,-0.3832333536597332,0.0,-0.30844155844155835,0.45426997245179057,-0.09943226471266764,0.27088319088319085,-0.20747178747178746,0.4318181818181818,-0.051948051948051965,0.3454545454545454,-0.1336943907156674,-0.2405228464604172,-0.2061624398232146
694,False,LNP193<-LNP858;LNP194<-LNP782;LNP195<-LNP854;LNP782<-LNP194;LNP854<-LNP195;LNP858<-LNP193,0.5,-0.04761904761904767,0.4943833943833944,-0.011340511340511283,0.609065934065934,-0.10306122448979604,0.5476190476190476,0.011904761904761862,0.5357142857142857,0.0,0.09759000729485333,0.026161435866281904,0.24025974025974023,-0.06818181818181812,0.5296536796536796,-0.024048557510778612,0.33311688311688303,-0.14523809523809528,0.44805194805194803,-0.035714285714285754,0.4375,-0.041648936170212814,-0.11308055883843511,-0.07872015220123253
695,False,LNP193<-LNP858;LNP194<-LNP782;LNP195<-LNP854;LNP782<-LNP195;LNP854<-LNP193;LNP858<-LNP194,0.16666666666666666,-0.38095238095238104,0.36014818514818514,-0.14557572057572055,0.4320818070818071,-0.28004535147392295,0.25,-0.2857142857142857,0.1875,-0.3482142857142857,-0.5916079783099616,-0.663036549738533,0.10389610389610388,-0.20454545454545447,0.4877060074428496,-0.06599622972160862,0.28318695899412394,-0.19516801936085437,0.22727272727272727,-0.25649350649350655,0.2173913043478261,-0.2617576318223867,-0.5640760748177664,-0.5297156681805639
696,False,LNP193<-LNP858;LNP194<-LNP782;LNP195<-LNP854;LNP782<-LNP195;LNP854<-LNP194;LNP858<-LNP193,0.5,-0.04761904761904767,0.4943833943833944,-0.011340511340511283,0.609065934065934,-0.10306122448979604,0.6071428571428572,0.07142857142857151,0.606060606060606,0.07034632034632027,0.21957751641341997,0.14814894498484854,0.24025974025974023,-0.06818181818181812,0.5296536796536796,-0.024048557510778612,0.33311688311688303,-0.14523809523809528,0.4512987012987013,-0.03246753246753248,0.4514835605453088,-0.02766537562490401,-0.09631426606617752,-0.06195385942897494
697,False,LNP193<-LNP858;LNP194<-LNP854;LNP195<-LNP193;LNP782<-LNP194;LNP854<-LNP195;LNP858<-LNP782,0.5714285714285714,0.023809523809523725,0.5242424242424242,0.01851851851851849,0.7170591313448456,0.004931972789115502,0.6904761904761905,0.15476190476190477,0.6904761904761905,0.15476190476190477,0.38095238095238093,0.30952380952380953,0.2889610389610389,-0.01948051948051943,0.5321524064171123,-0.021549830747345955,0.44621212121212117,-0.03214285714285714,0.5194805194805194,0.03571428571428564,0.5183946488294314,0.03924571265921861,0.040291148201268875,0.07465155483847145
698,False,LNP193<-LNP858;LNP194<-LNP854;LNP195<-LNP193;LNP782<-LNP194;LNP854<-LNP782;LNP858<-LNP195,0.047619047619047616,-0.5,0.3217883967883968,-0.18393550893550886,0.3996812711098425,-0.3124458874458876,0.3333333333333333,-0.20238095238095238,0.23529411764705882,-0.3004201680672269,-0.4605661864718383,-0.5319947579004097,0.0064935064935064905,-0.30194805194805185,0.44996114996114994,-0.10374108720330827,0.26901983684592373,-0.20933514150905458,0.29545454545454547,-0.18831168831168832,0.26530612244897966,-0.21384281372123315,-0.46056618647183817,-0.4262057798346356
699,False,LNP193<-LNP858;LNP194<-LNP854;LNP195<-LNP193;LNP782<-LNP195;LNP854<-LNP194;LNP858<-LNP782,0.5238095238095237,-0.023809523809523947,0.5102564102564102,0.004532504532504533,0.6218210361067504,-0.09030612244897962,0.6071428571428572,0.07142857142857151,0.606060606060606,0.07034632034632027,0.21957751641341997,0.14814894498484854,0.24999999999999997,-0.05844155844155838,0.5330627705627705,-0.020639466601687695,0.3366883116883116,-0.14166666666666672,0.4512987012987013,-0.03246753246753248,0.4514835605453088,-0.02766537562490401,-0.09631426606617752,-0.06195385942897494
700,False,LNP193<-LNP858;LNP194<-LNP854;LNP195<-LNP193;LNP782<-LNP195;LNP854<-LNP782;LNP858<-LNP194,0.23809523809523808,-0.3095238095238096,0.3805846930846931,-0.12513921263921257,0.45878248735391586,-0.2533446712018142,0.3333333333333333,-0.20238095238095238,0.23529411764705882,-0.3004201680672269,-0.4605661864718383,-0.5319947579004097,0.13311688311688308,-0.17532467532467527,0.4961662075298439,-0.057536029634614294,0.2889030612244898,-0.18945191713048853,0.29545454545454547,-0.18831168831168832,0.26530612244897966,-0.21384281372123315,-0.46056618647183817,-0.4262057798346356
701,False,LNP193<-LNP858;LNP194<-LNP854;LNP195<-LNP193;LNP782<-LNP782;LNP854<-LNP194;LNP858<-LNP195,0.2857142857142857,-0.261904761904762,0.3900183150183151,-0.11570559070559061,0.4990009990009989,-0.21312615955473113,0.47619047619047616,-0.059523809523809534,0.4484848484848485,-0.08722943722943721,-0.05143444998736397,-0.12286302141593539,0.17532467532467516,-0.1331168831168832,0.5034343399547161,-0.05026789720974212,0.3262573405430548,-0.15209763781192354,0.48051948051948057,-0.00324675324675322,0.44615384615384623,-0.03299509001636658,-0.050964719143762376,-0.016604312506559797
702,False,LNP193<-LNP858;LNP194<-LNP854;LNP195<-LNP193;LNP782<-LNP782;LNP854<-LNP195;LNP858<-LNP194,0.5952380952380952,0.04761904761904756,0.5292027417027417,0.023478835978836043,0.7447802197802198,0.03265306122448974,0.6071428571428572,0.07142857142857151,0.606060606060606,0.07034632034632027,0.21957751641341997,0.14814894498484854,0.3181818181818181,0.009740259740259771,0.5511754848566992,-0.002526752307759006,0.5011904761904762,0.022835497835497875,0.4512987012987013,-0.03246753246753248,0.4514835605453088,-0.02766537562490401,-0.09631426606617752,-0.06195385942897494
703,False,LNP193<-LNP858;LNP194<-LNP854;LNP195<-LNP194;LNP782<-LNP193;LNP854<-LNP195;LNP858<-LNP782,0.047619047619047616,-0.5,0.3217883967883968,-0.18393550893550886,0.3996812711098425,-0.3124458874458876,0.5,-0.0357142857142857,0.3157894736842105,-0.2199248120300752,0.0,-0.07142857142857142,0.00649350649350649,-0.30194805194805185,0.45723846860210504,-0.09646376856235317,0.26901983684592373,-0.20933514150905458,0.5,0.01623376623376621,0.37931034482758613,-0.09983859134262668,0.0,0.03436040663720258
704,False,LNP193<-LNP858;LNP194<-LNP854;LNP195<-LNP194;LNP782<-LNP193;LNP854<-LNP782;LNP858<-LNP195,0.5952380952380952,0.04761904761904756,0.5335016835016835,0.02777777777777779,0.7384877027734171,0.026360544217687076,0.6904761904761905,0.15476190476190477,0.6904761904761905,0.15476190476190477,0.38095238095238093,0.30952380952380953,0.30844155844155835,0.0,0.5356617647058822,-0.018040472458575985,0.4783549783549783,0.0,0.5194805194805194,0.03571428571428564,0.5183946488294314,0.03924571265921861,0.040291148201268875,0.07465155483847145
705,False,LNP193<-LNP858;LNP194<-LNP854;LNP195<-LNP194;LNP782<-LNP195;LNP854<-LNP193;LNP858<-LNP782,0.4761904761904762,-0.07142857142857145,0.48247863247863243,-0.023245273245273257,0.5954604918890634,-0.1166666666666667,0.5238095238095238,-0.011904761904761862,0.5125,-0.023214285714285743,0.05143444998736397,-0.019994121441207456,0.26298701298701294,-0.045454545454545414,0.5351976306521761,-0.01850460651228214,0.3846938775510203,-0.09366110080395801,0.3831168831168831,-0.10064935064935071,0.3812500000000001,-0.09789893617021272,-0.22792115291927598,-0.1935607462820734
706,False,LNP193<-LNP858;LNP194<-LNP854;LNP195<-LNP194;LNP782<-LNP195;LNP854<-LNP782;LNP858<-LNP193,0.40476190476190477,-0.1428571428571429,0.4593304843304843,-0.0463934213934214,0.5335557299843015,-0.1785714285714286,0.5238095238095238,-0.011904761904761862,0.5125,-0.023214285714285743,0.05143444998736397,-0.019994121441207456,0.21428571428571427,-0.09415584415584408,0.5218614718614718,-0.03184076530298641,0.31625675911390194,-0.16209821924107637,0.3831168831168831,-0.10064935064935071,0.3812500000000001,-0.09789893617021272,-0.22792115291927598,-0.1935607462820734
707,False,LNP193<-LNP858;LNP194<-LNP854;LNP195<-LNP194;LNP782<-LNP782;LNP854<-LNP193;LNP858<-LNP195,0.5714285714285714,0.023809523809523725,0.5242424242424242,0.01851851851851849,0.7170591313448456,0.004931972789115502,0.5476190476190476,0.011904761904761862,0.5357142857142857,0.0,0.09759000729485333,0.026161435866281904,0.2889610389610389,-0.01948051948051943,0.5302382109868741,-0.02346402617758414,0.44621212121212117,-0.03214285714285714,0.44805194805194803,-0.035714285714285754,0.4375,-0.041648936170212814,-0.11308055883843511,-0.07872015220123253
708,False,LNP193<-LNP858;LNP194<-LNP854;LNP195<-LNP194;LNP782<-LNP782;LNP854<-LNP195;LNP858<-LNP193,0.047619047619047616,-0.5,0.3217883967883968,-0.18393550893550886,0.3996812711098425,-0.3124458874458876,0.4166666666666667,-0.11904761904761901,0.2777777777777778,-0.2579365079365079,-0.31180478223116176,-0.3832333536597332,0.00649350649350649,-0.30194805194805185,0.45627428127428127,-0.09742795589017694,0.27140078922687616,-0.20695418912810215,0.36363636363636365,-0.12012987012987014,0.3076923076923077,-0.1714566284779051,-0.35675303400633795,-0.3223926273691354
709,False,LNP193<-LNP858;LNP194<-LNP854;LNP195<-LNP195;LNP782<-LNP193;LNP854<-LNP194;LNP858<-LNP782,0.0,-0.5476190476190477,0.31484395234395235,-0.19087995337995334,0.38947718947718946,-0.3226499690785406,0.5,-0.0357142857142857,0.3157894736842105,-0.2199248120300752,0.0,-0.07142857142857142,0.0,-0.30844155844155835,0.45677226813590455,-0.09692996902855366,0.27088319088319085,-0.20747178747178746,0.5,0.01623376623376621,0.37931034482758613,-0.09983859134262668,0.0,0.03436040663720258
710,False,LNP193<-LNP858;LNP194<-LNP854;LNP195<-LNP195;LNP782<-LNP193;LNP854<-LNP782;LNP858<-LNP194,0.5,-0.04761904761904767,0.486975986975987,-0.0187479187479187,0.6205738705738706,-0.09155328798185947,0.5595238095238095,0.023809523809523836,0.5125,-0.023214285714285743,0.14085904245475275,0.06943047102618133,0.2727272727272726,-0.035714285714285754,0.5236210792131845,-0.03008115795127375,0.4179808286951144,-0.06037414965986393,0.5487012987012987,0.0649350649350649,0.49946524064171127,0.02031630447149846,0.1718020331860125,0.20616243982321508
711,False,LNP193<-LNP858;LNP194<-LNP854;LNP195<-LNP195;LNP782<-LNP194;LNP854<-LNP193;LNP858<-LNP782,0.33333333333333337,-0.2142857142857143,0.4140923890923891,-0.09163151663151659,0.5054945054945055,-0.20663265306122458,0.3333333333333333,-0.20238095238095238,0.23529411764705882,-0.3004201680672269,-0.4605661864718383,-0.5319947579004097,0.20454545454545447,-0.10389610389610388,0.5180627788179275,-0.035639458346530706,0.32410656570320434,-0.15424841265177397,0.4090909090909091,-0.07467532467532467,0.3333333333333333,-0.1458156028368795,-0.282038037408883,-0.24767763077168042
712,False,LNP193<-LNP858;LNP194<-LNP854;LNP195<-LNP195;LNP782<-LNP194;LNP854<-LNP782;LNP858<-LNP193,0.09523809523809523,-0.45238095238095244,0.3356772856772857,-0.17004662004661997,0.41198285841142984,-0.3001443001443002,0.3333333333333333,-0.20238095238095238,0.23529411764705882,-0.3004201680672269,-0.4605661864718383,-0.5319947579004097,0.07792207792207788,-0.23051948051948046,0.4805864973849164,-0.07311573977954183,0.28085491506544136,-0.19750006328953695,0.29545454545454547,-0.18831168831168832,0.26530612244897966,-0.21384281372123315,-0.46056618647183817,-0.4262057798346356
713,False,LNP193<-LNP858;LNP194<-LNP854;LNP195<-LNP195;LNP782<-LNP782;LNP854<-LNP193;LNP858<-LNP194,0.5952380952380953,0.04761904761904767,0.545970695970696,0.04024679024679034,0.6793040293040293,-0.03282312925170072,0.7738095238095238,0.23809523809523814,0.7692307692307693,0.23351648351648358,0.5476190476190477,0.4761904761904763,0.3409090909090909,0.032467532467532534,0.5459595959595959,-0.007742641204862344,0.4916666666666666,0.013311688311688274,0.6558441558441559,0.1720779220779221,0.6538461538461539,0.17469721767594104,0.40771775315010056,0.44207815978730314
714,False,LNP193<-LNP858;LNP194<-LNP854;LNP195<-LNP195;LNP782<-LNP782;LNP854<-LNP194;LNP858<-LNP193,0.0,-0.5476190476190477,0.31484395234395235,-0.19087995337995334,0.38947718947718946,-0.3226499690785406,0.4166666666666667,-0.11904761904761901,0.2777777777777778,-0.2579365079365079,-0.31180478223116176,-0.3832333536597332,0.0,-0.30844155844155835,0.45580808080808083,-0.09789415635637738,0.27088319088319085,-0.20747178747178746,0.36363636363636365,-0.12012987012987014,0.3076923076923077,-0.1714566284779051,-0.35675303400633795,-0.3223926273691354
715,False,LNP193<-LNP858;LNP194<-LNP854;LNP195<-LNP782;LNP782<-LNP193;LNP854<-LNP194;LNP858<-LNP195,0.5,-0.04761904761904767,0.4771524771524771,-0.02857142857142858,0.692002442002442,-0.02012471655328807,0.6309523809523809,0.09523809523809523,0.606060606060606,0.07034632034632027,0.2828894749305018,0.2114609035019304,0.2694805194805193,-0.03896103896103903,0.5365983702667382,-0.017103866897720033,0.459267040149393,-0.019087938205585298,0.5844155844155844,0.1006493506493506,0.5555555555555556,0.07640661938534277,0.26189246330824845,0.296252869945451
716,False,LNP193<-LNP858;LNP194<-LNP854;LNP195<-LNP782;LNP782<-LNP193;LNP854<-LNP195;LNP858<-LNP194,0.4285714285714286,-0.11904761904761907,0.44649979649979654,-0.059224109224109145,0.5888278388278387,-0.12329931972789132,0.5595238095238095,0.023809523809523836,0.5125,-0.023214285714285743,0.14085904245475275,0.06943047102618133,0.2532467532467531,-0.05519480519480524,0.5329327804429891,-0.020769456721469126,0.408813525410164,-0.06954145294481429,0.5487012987012987,0.0649350649350649,0.49946524064171127,0.02031630447149846,0.1718020331860125,0.20616243982321508
717,False,LNP193<-LNP858;LNP194<-LNP854;LNP195<-LNP782;LNP782<-LNP194;LNP854<-LNP193;LNP858<-LNP195,0.0,-0.5476190476190477,0.31484395234395235,-0.19087995337995334,0.38947718947718946,-0.3226499690785406,0.4166666666666667,-0.11904761904761901,0.2777777777777778,-0.2579365079365079,-0.31180478223116176,-0.3832333536597332,0.0,-0.30844155844155835,0.44949494949494945,-0.10420728766950876,0.27088319088319085,-0.20747178747178746,0.36363636363636365,-0.12012987012987014,0.3076923076923077,-0.1714566284779051,-0.35675303400633795,-0.3223926273691354
718,False,LNP193<-LNP858;LNP194<-LNP854;LNP195<-LNP782;LNP782<-LNP194;LNP854<-LNP195;LNP858<-LNP193,0.5238095238095237,-0.023809523809523947,0.5102564102564102,0.004532504532504533,0.6218210361067504,-0.09030612244897962,0.6190476190476191,0.08333333333333337,0.6153846153846154,0.07967032967032972,0.23809523809523808,0.16666666666666666,0.24999999999999997,-0.05844155844155838,0.5262445887445887,-0.02745764841986953,0.339069264069264,-0.1392857142857143,0.48376623376623373,-5.551115123125783e-17,0.4791489361702128,0.0,-0.03436040663720258,0.0
719,False,LNP193<-LNP858;LNP194<-LNP854;LNP195<-LNP782;LNP782<-LNP195;LNP854<-LNP193;LNP858<-LNP194,0.16666666666666666,-0.38095238095238104,0.36014818514818514,-0.14557572057572055,0.4320818070818071,-0.28004535147392295,0.3333333333333333,-0.20238095238095238,0.23529411764705882,-0.3004201680672269,-0.4605661864718383,-0.5319947579004097,0.11688311688311685,-0.19155844155844148,0.4915223665223665,-0.062179870642091684,0.28542785535266735,-0.19292712300231096,0.29545454545454547,-0.18831168831168832,0.26530612244897966,-0.21384281372123315,-0.46056618647183817,-0.4262057798346356
720,False,LNP193<-LNP858;LNP194<-LNP854;LNP195<-LNP782;LNP782<-LNP195;LNP854<-LNP194;LNP858<-LNP193,0.5238095238095237,-0.023809523809523947,0.5102564102564102,0.004532504532504533,0.6218210361067504,-0.09030612244897962,0.6071428571428572,0.07142857142857151,0.606060606060606,0.07034632034632027,0.21957751641341997,0.14814894498484854,0.24999999999999997,-0.05844155844155838,0.5330627705627705,-0.020639466601687695,0.339069264069264,-0.1392857142857143,0.4512987012987013,-0.03246753246753248,0.4514835605453088,-0.02766537562490401,-0.09631426606617752,-0.06195385942897494
