family,number_features,permutation,is_identity,assignment,roc_auc,delta_roc_auc,pr_auc_active,delta_pr_auc_active,pr_auc_inactive,delta_pr_auc_inactive,balanced_accuracy,delta_balanced_accuracy,macro_f1,delta_macro_f1,mcc,delta_mcc
size_shape,7,1,True,LNP193<-LNP193;LNP194<-LNP194;LNP195<-LNP195;LNP782<-LNP782;LNP854<-LNP854;LNP858<-LNP858,0.3474025974025974,0.045454545454545525,0.5635026737967914,0.011434423560437779,0.5392857142857143,0.10854978354978356,0.6558441558441559,0.1720779220779221,0.6538461538461539,0.17469721767594104,0.40771775315010056,0.44207815978730314
size_shape,7,2,False,LNP193<-LNP193;LNP194<-LNP194;LNP195<-LNP195;LNP782<-LNP782;LNP854<-LNP858;LNP858<-LNP854,0.07792207792207788,-0.22402597402597396,0.48331037649219466,-0.06875787374415898,0.28085491506544136,-0.14988101567048934,0.4318181818181818,-0.051948051948051965,0.3454545454545454,-0.1336943907156674,-0.2405228464604172,-0.2061624398232146
size_shape,7,3,False,LNP193<-LNP193;LNP194<-LNP194;LNP195<-LNP195;LNP782<-LNP854;LNP854<-LNP782;LNP858<-LNP858,0.3474025974025974,0.045454545454545525,0.5635026737967914,0.011434423560437779,0.5392857142857143,0.10854978354978356,0.6558441558441559,0.1720779220779221,0.6538461538461539,0.17469721767594104,0.40771775315010056,0.44207815978730314
size_shape,7,4,False,LNP193<-LNP193;LNP194<-LNP194;LNP195<-LNP195;LNP782<-LNP854;LNP854<-LNP858;LNP858<-LNP782,0.09740259740259738,-0.20454545454545447,0.4901285583103765,-0.06193969192597715,0.28463420455901656,-0.14610172617691414,0.5,0.01623376623376621,0.37931034482758613,-0.09983859134262668,0.0,0.03436040663720258
size_shape,7,5,False,LNP193<-LNP193;LNP194<-LNP194;LNP195<-LNP195;LNP782<-LNP858;LNP854<-LNP782;LNP858<-LNP854,0.19480519480519481,-0.10714285714285704,0.5213935895754078,-0.03067466066094582,0.3107012035583464,-0.12003472717758429,0.36363636363636365,-0.12012987012987014,0.30769230769230765,-0.17145662847790516,-0.3567530340063377,-0.3223926273691351
size_shape,7,6,False,LNP193<-LNP193;LNP194<-LNP194;LNP195<-LNP195;LNP782<-LNP858;LNP854<-LNP854;LNP858<-LNP782,0.19480519480519481,-0.10714285714285704,0.5213935895754078,-0.03067466066094582,0.3107012035583464,-0.12003472717758429,0.36363636363636365,-0.12012987012987014,0.30769230769230765,-0.17145662847790516,-0.3567530340063377,-0.3223926273691351
size_shape,7,7,False,LNP193<-LNP193;LNP194<-LNP194;LNP195<-LNP782;LNP782<-LNP195;LNP854<-LNP854;LNP858<-LNP858,0.0,-0.30194805194805185,0.4598255280073462,-0.09224272222900742,0.27088319088319085,-0.15985273985273984,0.29545454545454547,-0.18831168831168832,0.2653061224489796,-0.2138428137212332,-0.4605661864718382,-0.42620577983463565
size_shape,7,8,False,LNP193<-LNP193;LNP194<-LNP194;LNP195<-LNP782;LNP782<-LNP195;LNP854<-LNP858;LNP858<-LNP854,0.3409090909090909,0.03896103896103903,0.5591089466089466,0.007040696372592969,0.4916666666666666,0.06093073593073589,0.6558441558441559,0.1720779220779221,0.6538461538461539,0.17469721767594104,0.40771775315010056,0.44207815978730314
size_shape,7,9,False,LNP193<-LNP193;LNP194<-LNP194;LNP195<-LNP782;LNP782<-LNP854;LNP854<-LNP195;LNP858<-LNP858,0.2824675324675324,-0.01948051948051943,0.5473288075560803,-0.004739442680273376,0.36751700680272104,-0.06321892393320966,0.5162337662337663,0.03246753246753248,0.4957983193277311,0.016649383157518294,0.03999232221113232,0.0743527288483349
size_shape,7,10,False,LNP193<-LNP193;LNP194<-LNP194;LNP195<-LNP782;LNP782<-LNP854;LNP854<-LNP858;LNP858<-LNP195,0.2922077922077922,-0.00974025974025966,0.5506673881673881,-0.0014008620689655027,0.3774376417233559,-0.05329828901257477,0.5876623376623377,0.10389610389610388,0.5847382431233363,0.10558930695312352,0.19738550848793068,0.23174591512513326
size_shape,7,11,False,LNP193<-LNP193;LNP194<-LNP194;LNP195<-LNP782;LNP782<-LNP858;LNP854<-LNP195;LNP858<-LNP854,0.3474025974025974,0.045454545454545525,0.5635026737967914,0.011434423560437779,0.5392857142857143,0.10854978354978356,0.6201298701298701,0.1363636363636363,0.6067527308838134,0.12760379471360062,0.33868074965743356,0.37304115629463613
size_shape,7,12,False,LNP193<-LNP193;LNP194<-LNP194;LNP195<-LNP782;LNP782<-LNP858;LNP854<-LNP854;LNP858<-LNP195,0.0,-0.30194805194805185,0.4598255280073462,-0.09224272222900742,0.27088319088319085,-0.15985273985273984,0.4318181818181818,-0.051948051948051965,0.3454545454545454,-0.1336943907156674,-0.2405228464604172,-0.2061624398232146
size_shape,7,13,False,LNP193<-LNP193;LNP194<-LNP194;LNP195<-LNP854;LNP782<-LNP195;LNP854<-LNP782;LNP858<-LNP858,0.0,-0.30194805194805185,0.4598255280073462,-0.09224272222900742,0.27088319088319085,-0.15985273985273984,0.36363636363636365,-0.12012987012987014,0.30769230769230765,-0.17145662847790516,-0.3567530340063377,-0.3223926273691351
size_shape,7,14,False,LNP193<-LNP193;LNP194<-LNP194;LNP195<-LNP854;LNP782<-LNP195;LNP854<-LNP858;LNP858<-LNP782,0.3409090909090909,0.03896103896103903,0.5591089466089466,0.007040696372592969,0.4916666666666666,0.06093073593073589,0.6558441558441559,0.1720779220779221,0.6538461538461539,0.17469721767594104,0.40771775315010056,0.44207815978730314
size_shape,7,15,False,LNP193<-LNP193;LNP194<-LNP194;LNP195<-LNP854;LNP782<-LNP782;LNP854<-LNP195;LNP858<-LNP858,0.2922077922077922,-0.00974025974025966,0.5505755608028335,-0.0014926894335201002,0.3774376417233559,-0.05329828901257477,0.551948051948052,0.06818181818181818,0.5418181818181819,0.06266924564796905,0.1218289807746346,0.1561893874118372
size_shape,7,16,False,LNP193<-LNP193;LNP194<-LNP194;LNP195<-LNP854;LNP782<-LNP782;LNP854<-LNP858;LNP858<-LNP195,0.2824675324675324,-0.01948051948051943,0.5473288075560803,-0.004739442680273376,0.36751700680272104,-0.06321892393320966,0.5162337662337663,0.03246753246753248,0.4957983193277311,0.016649383157518294,0.03999232221113232,0.0743527288483349
size_shape,7,17,False,LNP193<-LNP193;LNP194<-LNP194;LNP195<-LNP854;LNP782<-LNP858;LNP854<-LNP195;LNP858<-LNP782,0.3376623376623376,0.035714285714285754,0.5604234949111608,0.008355244674807194,0.5194444444444444,0.08870851370851368,0.5876623376623377,0.10389610389610388,0.5847382431233363,0.10558930695312352,0.19738550848793068,0.23174591512513326
size_shape,7,18,False,LNP193<-LNP193;LNP194<-LNP194;LNP195<-LNP854;LNP782<-LNP858;LNP854<-LNP782;LNP858<-LNP195,0.0,-0.30194805194805185,0.4598255280073462,-0.09224272222900742,0.2685022385022384,-0.16223369223369227,0.29545454545454547,-0.18831168831168832,0.2653061224489796,-0.2138428137212332,-0.4605661864718382,-0.42620577983463565
size_shape,7,19,False,LNP193<-LNP193;LNP194<-LNP194;LNP195<-LNP858;LNP782<-LNP195;LNP854<-LNP782;LNP858<-LNP854,0.19480519480519481,-0.10714285714285704,0.5213935895754078,-0.03067466066094582,0.3107012035583464,-0.12003472717758429,0.36363636363636365,-0.12012987012987014,0.30769230769230765,-0.17145662847790516,-0.3567530340063377,-0.3223926273691351
size_shape,7,20,False,LNP193<-LNP193;LNP194<-LNP194;LNP195<-LNP858;LNP782<-LNP195;LNP854<-LNP854;LNP858<-LNP782,0.19480519480519481,-0.10714285714285704,0.5213935895754078,-0.03067466066094582,0.3107012035583464,-0.12003472717758429,0.29545454545454547,-0.18831168831168832,0.2653061224489796,-0.2138428137212332,-0.4605661864718382,-0.42620577983463565
size_shape,7,21,False,LNP193<-LNP193;LNP194<-LNP194;LNP195<-LNP858;LNP782<-LNP782;LNP854<-LNP195;LNP858<-LNP854,0.05844155844155838,-0.24350649350649348,0.47729433371144603,-0.07477391652490761,0.2775582117687381,-0.15317771896719262,0.4318181818181818,-0.051948051948051965,0.3454545454545454,-0.1336943907156674,-0.2405228464604172,-0.2061624398232146
size_shape,7,22,False,LNP193<-LNP193;LNP194<-LNP194;LNP195<-LNP858;LNP782<-LNP782;LNP854<-LNP854;LNP858<-LNP195,0.3474025974025974,0.045454545454545525,0.5635026737967914,0.011434423560437779,0.5392857142857143,0.10854978354978356,0.6201298701298701,0.1363636363636363,0.6067527308838134,0.12760379471360062,0.33868074965743356,0.37304115629463613
size_shape,7,23,False,LNP193<-LNP193;LNP194<-LNP194;LNP195<-LNP858;LNP782<-LNP854;LNP854<-LNP195;LNP858<-LNP782,0.09740259740259738,-0.20454545454545447,0.4901285583103765,-0.06193969192597715,0.2822532521780642,-0.1484826785578665,0.4318181818181818,-0.051948051948051965,0.3454545454545454,-0.1336943907156674,-0.2405228464604172,-0.2061624398232146
size_shape,7,24,False,LNP193<-LNP193;LNP194<-LNP194;LNP195<-LNP858;LNP782<-LNP854;LNP854<-LNP782;LNP858<-LNP195,0.3474025974025974,0.045454545454545525,0.5618792971734148,0.00981104693706114,0.5392857142857143,0.10854978354978356,0.6558441558441559,0.1720779220779221,0.6538461538461539,0.17469721767594104,0.40771775315010056,0.44207815978730314
size_shape,7,25,False,LNP193<-LNP193;LNP194<-LNP195;LNP195<-LNP194;LNP782<-LNP782;LNP854<-LNP854;LNP858<-LNP858,0.2889610389610389,-0.012987012987012936,0.5428666921313979,-0.00920155810495571,0.44621212121212117,0.015476190476190477,0.5194805194805194,0.03571428571428564,0.5183946488294314,0.03924571265921861,0.040291148201268875,0.07465155483847145
size_shape,7,26,False,LNP193<-LNP193;LNP194<-LNP195;LNP195<-LNP194;LNP782<-LNP782;LNP854<-LNP858;LNP858<-LNP854,0.0,-0.30194805194805185,0.45805785123966947,-0.09401039899668417,0.27088319088319085,-0.15985273985273984,0.4318181818181818,-0.051948051948051965,0.3454545454545454,-0.1336943907156674,-0.2405228464604172,-0.2061624398232146
size_shape,7,27,False,LNP193<-LNP193;LNP194<-LNP195;LNP195<-LNP194;LNP782<-LNP854;LNP854<-LNP782;LNP858<-LNP858,0.24999999999999997,-0.05194805194805188,0.5330627705627705,-0.019005479673583126,0.339069264069264,-0.09166666666666667,0.5194805194805194,0.03571428571428564,0.5183946488294314,0.03924571265921861,0.040291148201268875,0.07465155483847145
size_shape,7,28,False,LNP193<-LNP193;LNP194<-LNP195;LNP195<-LNP194;LNP782<-LNP854;LNP854<-LNP858;LNP858<-LNP782,0.0,-0.30194805194805185,0.452020202020202,-0.10004804821615165,0.27088319088319085,-0.15985273985273984,0.29545454545454547,-0.18831168831168832,0.26530612244897966,-0.21384281372123315,-0.46056618647183817,-0.4262057798346356
size_shape,7,29,False,LNP193<-LNP193;LNP194<-LNP195;LNP195<-LNP194;LNP782<-LNP858;LNP854<-LNP782;LNP858<-LNP854,0.2727272727272727,-0.029220779220779147,0.5400236127508855,-0.012044637485468135,0.36156462585034005,-0.06917130488559065,0.3831168831168831,-0.10064935064935071,0.3812500000000001,-0.09789893617021272,-0.22792115291927598,-0.1935607462820734
size_shape,7,30,False,LNP193<-LNP193;LNP194<-LNP195;LNP195<-LNP194;LNP782<-LNP858;LNP854<-LNP854;LNP858<-LNP782,0.2922077922077922,-0.00974025974025966,0.546517119244392,-0.005551130991961695,0.3774376417233559,-0.05329828901257477,0.3831168831168831,-0.10064935064935071,0.3812500000000001,-0.09789893617021272,-0.22792115291927598,-0.1935607462820734
size_shape,7,31,False,LNP193<-LNP193;LNP194<-LNP195;LNP195<-LNP782;LNP782<-LNP194;LNP854<-LNP854;LNP858<-LNP858,0.0,-0.30194805194805185,0.45805785123966947,-0.09401039899668417,0.27088319088319085,-0.15985273985273984,0.22727272727272727,-0.25649350649350655,0.2173913043478261,-0.2617576318223867,-0.5640760748177664,-0.5297156681805639
size_shape,7,32,False,LNP193<-LNP193;LNP194<-LNP195;LNP195<-LNP782;LNP782<-LNP194;LNP854<-LNP858;LNP858<-LNP854,0.30844155844155835,0.006493506493506496,0.548811115355233,-0.0032571348811206713,0.4783549783549783,0.047619047619047616,0.5194805194805194,0.03571428571428564,0.5183946488294314,0.03924571265921861,0.040291148201268875,0.07465155483847145
size_shape,7,33,False,LNP193<-LNP193;LNP194<-LNP195;LNP195<-LNP782;LNP782<-LNP854;LNP854<-LNP194;LNP858<-LNP858,0.16558441558441553,-0.13636363636363633,0.508270202020202,-0.04379804821615163,0.30262188208616775,-0.12811404864976295,0.3116883116883117,-0.1720779220779221,0.3142857142857143,-0.16486322188449853,-0.3694942137922787,-0.3351338071550761
size_shape,7,34,False,LNP193<-LNP193;LNP194<-LNP195;LNP195<-LNP782;LNP782<-LNP854;LNP854<-LNP858;LNP858<-LNP194,0.30194805194805185,0.0,0.5520682502363536,0.0,0.4307359307359307,0.0,0.4480519480519481,-0.0357142857142857,0.4375,-0.041648936170212814,-0.1130805588384352,-0.07872015220123262
size_shape,7,35,False,LNP193<-LNP193;LNP194<-LNP195;LNP195<-LNP782;LNP782<-LNP858;LNP854<-LNP194;LNP858<-LNP854,0.22402597402597396,-0.07792207792207789,0.5247752247752248,-0.027293025461128884,0.32358276643990924,-0.10715316429602145,0.4512987012987013,-0.03246753246753248,0.4514835605453088,-0.02766537562490401,-0.09631426606617752,-0.06195385942897494
size_shape,7,36,False,LNP193<-LNP193;LNP194<-LNP195;LNP195<-LNP782;LNP782<-LNP858;LNP854<-LNP854;LNP858<-LNP194,0.12662337662337658,-0.17532467532467527,0.4954086317722681,-0.056659618464085515,0.28754251700680267,-0.14319341372912803,0.22727272727272727,-0.25649350649350655,0.2173913043478261,-0.2617576318223867,-0.5640760748177664,-0.5297156681805639
size_shape,7,37,False,LNP193<-LNP193;LNP194<-LNP195;LNP195<-LNP854;LNP782<-LNP194;LNP854<-LNP782;LNP858<-LNP858,0.0,-0.30194805194805185,0.45805785123966947,-0.09401039899668417,0.27088319088319085,-0.15985273985273984,0.36363636363636365,-0.12012987012987014,0.30769230769230765,-0.17145662847790516,-0.3567530340063377,-0.3223926273691351
size_shape,7,38,False,LNP193<-LNP193;LNP194<-LNP195;LNP195<-LNP854;LNP782<-LNP194;LNP854<-LNP858;LNP858<-LNP782,0.2889610389610389,-0.012987012987012936,0.5433875616362247,-0.008680688600128939,0.44621212121212117,0.015476190476190477,0.5194805194805194,0.03571428571428564,0.5183946488294314,0.03924571265921861,0.040291148201268875,0.07465155483847145
size_shape,7,39,False,LNP193<-LNP193;LNP194<-LNP195;LNP195<-LNP854;LNP782<-LNP782;LNP854<-LNP194;LNP858<-LNP858,0.29220779220779214,-0.009740259740259716,0.5486591593272627,-0.003409090909090917,0.4247835497835497,-0.005952380952380987,0.4837662337662338,0.0,0.4791489361702128,0.0,-0.03436040663720258,0.0
size_shape,7,40,False,LNP193<-LNP193;LNP194<-LNP195;LNP195<-LNP854;LNP782<-LNP782;LNP854<-LNP858;LNP858<-LNP194,0.22402597402597396,-0.07792207792207789,0.5279367097548915,-0.024131540481462155,0.3326530612244898,-0.0980828695114409,0.4480519480519481,-0.0357142857142857,0.4375,-0.041648936170212814,-0.1130805588384352,-0.07872015220123262
size_shape,7,41,False,LNP193<-LNP193;LNP194<-LNP195;LNP195<-LNP854;LNP782<-LNP858;LNP854<-LNP194;LNP858<-LNP782,0.28246753246753237,-0.019480519480519487,0.5406211843711843,-0.011447065865169304,0.41683673469387744,-0.013899196042053252,0.4512987012987013,-0.03246753246753248,0.4514835605453088,-0.02766537562490401,-0.09631426606617752,-0.06195385942897494
size_shape,7,42,False,LNP193<-LNP193;LNP194<-LNP195;LNP195<-LNP854;LNP782<-LNP858;LNP854<-LNP782;LNP858<-LNP194,0.11688311688311685,-0.185064935064935,0.4924865538501902,-0.05958169638616345,0.28542785535266735,-0.14530807538326335,0.22727272727272727,-0.25649350649350655,0.2173913043478261,-0.2617576318223867,-0.5640760748177664,-0.5297156681805639
size_shape,7,43,False,LNP193<-LNP193;LNP194<-LNP195;LNP195<-LNP858;LNP782<-LNP194;LNP854<-LNP782;LNP858<-LNP854,0.21428571428571425,-0.08766233766233761,0.5269931457431457,-0.025075104493207934,0.3186377114948543,-0.11209821924107638,0.34090909090909094,-0.14285714285714285,0.29411764705882354,-0.18503128911138927,-0.39192475766909773,-0.35756435103189516
size_shape,7,44,False,LNP193<-LNP193;LNP194<-LNP195;LNP195<-LNP858;LNP782<-LNP194;LNP854<-LNP854;LNP858<-LNP782,0.15584415584415579,-0.14610389610389607,0.5080044688399601,-0.04406378139639355,0.29777603349031917,-0.13295989724561152,0.27272727272727276,-0.21103896103896103,0.25,-0.2291489361702128,-0.4947274449181534,-0.4603670382809508
size_shape,7,45,False,LNP193<-LNP193;LNP194<-LNP195;LNP195<-LNP858;LNP782<-LNP782;LNP854<-LNP194;LNP858<-LNP854,0.0,-0.30194805194805185,0.4598255280073462,-0.09224272222900742,0.27088319088319085,-0.15985273985273984,0.36363636363636365,-0.12012987012987014,0.30769230769230765,-0.17145662847790516,-0.3567530340063377,-0.3223926273691351
size_shape,7,46,False,LNP193<-LNP193;LNP194<-LNP195;LNP195<-LNP858;LNP782<-LNP782;LNP854<-LNP854;LNP858<-LNP194,0.19480519480519473,-0.10714285714285712,0.5144108751660239,-0.037657375070329735,0.3131786047752434,-0.1175573259606873,0.3116883116883117,-0.1720779220779221,0.3142857142857143,-0.16486322188449853,-0.3694942137922787,-0.3351338071550761
size_shape,7,47,False,LNP193<-LNP193;LNP194<-LNP195;LNP195<-LNP858;LNP782<-LNP854;LNP854<-LNP194;LNP858<-LNP782,0.0,-0.30194805194805185,0.4610881542699725,-0.09098009596638112,0.27088319088319085,-0.15985273985273984,0.22727272727272727,-0.25649350649350655,0.2173913043478261,-0.2617576318223867,-0.5640760748177664,-0.5297156681805639
size_shape,7,48,False,LNP193<-LNP193;LNP194<-LNP195;LNP195<-LNP858;LNP782<-LNP854;LNP854<-LNP782;LNP858<-LNP194,0.22402597402597396,-0.07792207792207789,0.5252802752802752,-0.02678797495607843,0.32358276643990924,-0.10715316429602145,0.41558441558441556,-0.06818181818181823,0.4155844155844156,-0.0635645205857972,-0.1688311688311691,-0.13447076219396653
size_shape,7,49,False,LNP193<-LNP193;LNP194<-LNP782;LNP195<-LNP194;LNP782<-LNP195;LNP854<-LNP854;LNP858<-LNP858,0.23051948051948046,-0.0714285714285714,0.5314261496079677,-0.020642100628385895,0.3275510204081632,-0.1031849103277675,0.36363636363636365,-0.12012987012987014,0.30769230769230765,-0.17145662847790516,-0.3567530340063377,-0.3223926273691351
size_shape,7,50,False,LNP193<-LNP193;LNP194<-LNP782;LNP195<-LNP194;LNP782<-LNP195;LNP854<-LNP858;LNP858<-LNP854,0.1753246753246753,-0.12662337662337655,0.5143097643097643,-0.03775848592658937,0.303898482469911,-0.12683744826601967,0.29545454545454547,-0.18831168831168832,0.2653061224489796,-0.2138428137212332,-0.4605661864718382,-0.42620577983463565
size_shape,7,51,False,LNP193<-LNP193;LNP194<-LNP782;LNP195<-LNP194;LNP782<-LNP854;LNP854<-LNP195;LNP858<-LNP858,0.2987012987012987,-0.0032467532467531646,0.5522639994414188,0.00019574920506515436,0.38696145124716547,-0.04377447948876523,0.5876623376623377,0.10389610389610388,0.5847382431233363,0.10558930695312352,0.19738550848793068,0.23174591512513326
size_shape,7,52,False,LNP193<-LNP193;LNP194<-LNP782;LNP195<-LNP194;LNP782<-LNP854;LNP854<-LNP858;LNP858<-LNP195,0.2922077922077922,-0.00974025974025966,0.5505755608028335,-0.0014926894335201002,0.3774376417233559,-0.05329828901257477,0.5876623376623377,0.10389610389610388,0.5847382431233363,0.10558930695312352,0.19738550848793068,0.23174591512513326
size_shape,7,53,False,LNP193<-LNP193;LNP194<-LNP782;LNP195<-LNP194;LNP782<-LNP858;LNP854<-LNP195;LNP858<-LNP854,0.15584415584415579,-0.14610389610389607,0.507841923849829,-0.044226326386524684,0.29777603349031917,-0.13295989724561152,0.29545454545454547,-0.18831168831168832,0.2653061224489796,-0.2138428137212332,-0.4605661864718382,-0.42620577983463565
size_shape,7,54,False,LNP193<-LNP193;LNP194<-LNP782;LNP195<-LNP194;LNP782<-LNP858;LNP854<-LNP854;LNP858<-LNP195,0.23051948051948046,-0.0714285714285714,0.5314261496079677,-0.020642100628385895,0.3275510204081632,-0.1031849103277675,0.36363636363636365,-0.12012987012987014,0.30769230769230765,-0.17145662847790516,-0.3567530340063377,-0.3223926273691351
size_shape,7,55,False,LNP193<-LNP193;LNP194<-LNP782;LNP195<-LNP195;LNP782<-LNP194;LNP854<-LNP854;LNP858<-LNP858,0.3474025974025974,0.045454545454545525,0.5659377387318564,0.013869488495502735,0.5392857142857143,0.10854978354978356,0.6558441558441559,0.1720779220779221,0.6538461538461539,0.17469721767594104,0.40771775315010056,0.44207815978730314
size_shape,7,56,False,LNP193<-LNP193;LNP194<-LNP782;LNP195<-LNP195;LNP782<-LNP194;LNP854<-LNP858;LNP858<-LNP854,0.09740259740259738,-0.20454545454545447,0.4901285583103765,-0.06193969192597715,0.28463420455901656,-0.14610172617691414,0.4318181818181818,-0.051948051948051965,0.3454545454545454,-0.1336943907156674,-0.2405228464604172,-0.2061624398232146
size_shape,7,57,False,LNP193<-LNP193;LNP194<-LNP782;LNP195<-LNP195;LNP782<-LNP854;LNP854<-LNP194;LNP858<-LNP858,0.5746753246753247,0.2727272727272728,0.6993686868686868,0.14730043663233316,0.5732993197278912,0.14256338899196047,0.6558441558441559,0.1720779220779221,0.6538461538461539,0.17469721767594104,0.40771775315010056,0.44207815978730314
size_shape,7,58,False,LNP193<-LNP193;LNP194<-LNP782;LNP195<-LNP195;LNP782<-LNP854;LNP854<-LNP858;LNP858<-LNP194,0.4090909090909091,0.10714285714285726,0.6233028335301063,0.07123458329375265,0.41156462585034004,-0.019171304885590656,0.4318181818181818,-0.051948051948051965,0.3454545454545454,-0.1336943907156674,-0.2405228464604172,-0.2061624398232146
size_shape,7,59,False,LNP193<-LNP193;LNP194<-LNP782;LNP195<-LNP195;LNP782<-LNP858;LNP854<-LNP194;LNP858<-LNP854,0.0,-0.30194805194805185,0.46285583103764927,-0.08921241919870437,0.27088319088319085,-0.15985273985273984,0.29545454545454547,-0.18831168831168832,0.2653061224489796,-0.2138428137212332,-0.4605661864718382,-0.42620577983463565
size_shape,7,60,False,LNP193<-LNP193;LNP194<-LNP782;LNP195<-LNP195;LNP782<-LNP858;LNP854<-LNP854;LNP858<-LNP194,0.22402597402597396,-0.07792207792207789,0.529694547876366,-0.02237370235998759,0.32358276643990924,-0.10715316429602145,0.36363636363636365,-0.12012987012987014,0.30769230769230765,-0.17145662847790516,-0.3567530340063377,-0.3223926273691351
size_shape,7,61,False,LNP193<-LNP193;LNP194<-LNP782;LNP195<-LNP854;LNP782<-LNP194;LNP854<-LNP195;LNP858<-LNP858,0.2987012987012987,-0.0032467532467531646,0.5522639994414188,0.00019574920506515436,0.38696145124716547,-0.04377447948876523,0.5876623376623377,0.10389610389610388,0.5847382431233363,0.10558930695312352,0.19738550848793068,0.23174591512513326
size_shape,7,62,False,LNP193<-LNP193;LNP194<-LNP782;LNP195<-LNP854;LNP782<-LNP194;LNP854<-LNP858;LNP858<-LNP195,0.2922077922077922,-0.00974025974025966,0.5505755608028335,-0.0014926894335201002,0.3774376417233559,-0.05329828901257477,0.5876623376623377,0.10389610389610388,0.5847382431233363,0.10558930695312352,0.19738550848793068,0.23174591512513326
size_shape,7,63,False,LNP193<-LNP193;LNP194<-LNP782;LNP195<-LNP854;LNP782<-LNP195;LNP854<-LNP194;LNP858<-LNP858,0.19480519480519481,-0.10714285714285704,0.5213935895754078,-0.03067466066094582,0.3107012035583464,-0.12003472717758429,0.29545454545454547,-0.18831168831168832,0.2653061224489796,-0.2138428137212332,-0.4605661864718382,-0.42620577983463565
size_shape,7,64,False,LNP193<-LNP193;LNP194<-LNP782;LNP195<-LNP854;LNP782<-LNP195;LNP854<-LNP858;LNP858<-LNP194,0.2532467532467532,-0.048701298701298634,0.5381673881673882,-0.013900862068965458,0.345021645021645,-0.08571428571428569,0.4837662337662338,0.0,0.4791489361702128,0.0,-0.03436040663720258,0.0
size_shape,7,65,False,LNP193<-LNP193;LNP194<-LNP782;LNP195<-LNP854;LNP782<-LNP858;LNP854<-LNP194;LNP858<-LNP195,0.15584415584415579,-0.14610389610389607,0.507841923849829,-0.044226326386524684,0.29777603349031917,-0.13295989724561152,0.29545454545454547,-0.18831168831168832,0.2653061224489796,-0.2138428137212332,-0.4605661864718382,-0.42620577983463565
size_shape,7,66,False,LNP193<-LNP193;LNP194<-LNP782;LNP195<-LNP854;LNP782<-LNP858;LNP854<-LNP195;LNP858<-LNP194,0.22402597402597396,-0.07792207792207789,0.529694547876366,-0.02237370235998759,0.32358276643990924,-0.10715316429602145,0.3798701298701299,-0.10389610389610388,0.37777777777777777,-0.10137115839243505,-0.24384888118172945,-0.20948847454452688
size_shape,7,67,False,LNP193<-LNP193;LNP194<-LNP782;LNP195<-LNP858;LNP782<-LNP194;LNP854<-LNP195;LNP858<-LNP854,0.07792207792207788,-0.22402597402597396,0.48331037649219466,-0.06875787374415898,0.28085491506544136,-0.14988101567048934,0.4318181818181818,-0.051948051948051965,0.3454545454545454,-0.1336943907156674,-0.2405228464604172,-0.2061624398232146
size_shape,7,68,False,LNP193<-LNP193;LNP194<-LNP782;LNP195<-LNP858;LNP782<-LNP194;LNP854<-LNP854;LNP858<-LNP195,0.3474025974025974,0.045454545454545525,0.5659377387318564,0.013869488495502735,0.5392857142857143,0.10854978354978356,0.6558441558441559,0.1720779220779221,0.6538461538461539,0.17469721767594104,0.40771775315010056,0.44207815978730314
size_shape,7,69,False,LNP193<-LNP193;LNP194<-LNP782;LNP195<-LNP858;LNP782<-LNP195;LNP854<-LNP194;LNP858<-LNP854,0.038961038961038946,-0.2629870129870129,0.47324174142355957,-0.07882650881279407,0.2748514448514448,-0.1558844858844859,0.29545454545454547,-0.18831168831168832,0.2653061224489796,-0.2138428137212332,-0.4605661864718382,-0.42620577983463565
size_shape,7,70,False,LNP193<-LNP193;LNP194<-LNP782;LNP195<-LNP858;LNP782<-LNP195;LNP854<-LNP854;LNP858<-LNP194,0.23051948051948046,-0.0714285714285714,0.5314261496079677,-0.020642100628385895,0.3275510204081632,-0.1031849103277675,0.4480519480519481,-0.0357142857142857,0.4375,-0.041648936170212814,-0.1130805588384352,-0.07872015220123262
size_shape,7,71,False,LNP193<-LNP193;LNP194<-LNP782;LNP195<-LNP858;LNP782<-LNP854;LNP854<-LNP194;LNP858<-LNP195,0.5811688311688312,0.27922077922077937,0.7010026737967914,0.14893442356043773,0.6209183673469387,0.19018243661100803,0.6558441558441559,0.1720779220779221,0.6538461538461539,0.17469721767594104,0.40771775315010056,0.44207815978730314
size_shape,7,72,False,LNP193<-LNP193;LNP194<-LNP782;LNP195<-LNP858;LNP782<-LNP854;LNP854<-LNP195;LNP858<-LNP194,0.2987012987012987,-0.0032467532467531646,0.5522639994414188,0.00019574920506515436,0.38696145124716547,-0.04377447948876523,0.4318181818181818,-0.051948051948051965,0.3454545454545454,-0.1336943907156674,-0.2405228464604172,-0.2061624398232146
size_shape,7,73,False,LNP193<-LNP193;LNP194<-LNP854;LNP195<-LNP194;LNP782<-LNP195;LNP854<-LNP782;LNP858<-LNP858,0.23051948051948046,-0.0714285714285714,0.5314261496079677,-0.020642100628385895,0.3275510204081632,-0.1031849103277675,0.36363636363636365,-0.12012987012987014,0.30769230769230765,-0.17145662847790516,-0.3567530340063377,-0.3223926273691351
size_shape,7,74,False,LNP193<-LNP193;LNP194<-LNP854;LNP195<-LNP194;LNP782<-LNP195;LNP854<-LNP858;LNP858<-LNP782,0.1753246753246753,-0.12662337662337655,0.5143097643097643,-0.03775848592658937,0.303898482469911,-0.12683744826601967,0.29545454545454547,-0.18831168831168832,0.2653061224489796,-0.2138428137212332,-0.4605661864718382,-0.42620577983463565
size_shape,7,75,False,LNP193<-LNP193;LNP194<-LNP854;LNP195<-LNP194;LNP782<-LNP782;LNP854<-LNP195;LNP858<-LNP858,0.2987012987012987,-0.0032467532467531646,0.5522639994414188,0.00019574920506515436,0.38696145124716547,-0.04377447948876523,0.5876623376623377,0.10389610389610388,0.5847382431233363,0.10558930695312352,0.19738550848793068,0.23174591512513326
size_shape,7,76,False,LNP193<-LNP193;LNP194<-LNP854;LNP195<-LNP194;LNP782<-LNP782;LNP854<-LNP858;LNP858<-LNP195,0.2987012987012987,-0.0032467532467531646,0.5522639994414188,0.00019574920506515436,0.38696145124716547,-0.04377447948876523,0.5876623376623377,0.10389610389610388,0.5847382431233363,0.10558930695312352,0.19738550848793068,0.23174591512513326
size_shape,7,77,False,LNP193<-LNP193;LNP194<-LNP854;LNP195<-LNP194;LNP782<-LNP858;LNP854<-LNP195;LNP858<-LNP782,0.19480519480519481,-0.10714285714285704,0.5213935895754078,-0.03067466066094582,0.308320251177394,-0.12241567955853672,0.29545454545454547,-0.18831168831168832,0.2653061224489796,-0.2138428137212332,-0.4605661864718382,-0.42620577983463565
size_shape,7,78,False,LNP193<-LNP193;LNP194<-LNP854;LNP195<-LNP194;LNP782<-LNP858;LNP854<-LNP782;LNP858<-LNP195,0.22077922077922074,-0.08116883116883111,0.5285123966942149,-0.02355585354213874,0.32260596546310827,-0.10812996527282243,0.36363636363636365,-0.12012987012987014,0.30769230769230765,-0.17145662847790516,-0.3567530340063377,-0.3223926273691351
size_shape,7,79,False,LNP193<-LNP193;LNP194<-LNP854;LNP195<-LNP195;LNP782<-LNP194;LNP854<-LNP782;LNP858<-LNP858,0.3474025974025974,0.045454545454545525,0.5659377387318564,0.013869488495502735,0.5392857142857143,0.10854978354978356,0.6201298701298701,0.1363636363636363,0.6067527308838134,0.12760379471360062,0.33868074965743356,0.37304115629463613
size_shape,7,80,False,LNP193<-LNP193;LNP194<-LNP854;LNP195<-LNP195;LNP782<-LNP194;LNP854<-LNP858;LNP858<-LNP782,0.09740259740259738,-0.20454545454545447,0.4901285583103765,-0.06193969192597715,0.28463420455901656,-0.14610172617691414,0.5,0.01623376623376621,0.37931034482758613,-0.09983859134262668,0.0,0.03436040663720258
size_shape,7,81,False,LNP193<-LNP193;LNP194<-LNP854;LNP195<-LNP195;LNP782<-LNP782;LNP854<-LNP194;LNP858<-LNP858,0.5811688311688312,0.27922077922077937,0.7010026737967914,0.14893442356043773,0.6209183673469387,0.19018243661100803,0.6558441558441559,0.1720779220779221,0.6538461538461539,0.17469721767594104,0.40771775315010056,0.44207815978730314
size_shape,7,82,False,LNP193<-LNP193;LNP194<-LNP854;LNP195<-LNP195;LNP782<-LNP782;LNP854<-LNP858;LNP858<-LNP194,0.2987012987012987,-0.0032467532467531646,0.5522639994414188,0.00019574920506515436,0.38934240362811784,-0.041393527107812855,0.4318181818181818,-0.051948051948051965,0.3454545454545454,-0.1336943907156674,-0.2405228464604172,-0.2061624398232146
size_shape,7,83,False,LNP193<-LNP193;LNP194<-LNP854;LNP195<-LNP195;LNP782<-LNP858;LNP854<-LNP194;LNP858<-LNP782,0.15584415584415579,-0.14610389610389607,0.507841923849829,-0.044226326386524684,0.29777603349031917,-0.13295989724561152,0.29545454545454547,-0.18831168831168832,0.2653061224489796,-0.2138428137212332,-0.4605661864718382,-0.42620577983463565
size_shape,7,84,False,LNP193<-LNP193;LNP194<-LNP854;LNP195<-LNP195;LNP782<-LNP858;LNP854<-LNP782;LNP858<-LNP194,0.23051948051948046,-0.0714285714285714,0.5314261496079677,-0.020642100628385895,0.3275510204081632,-0.1031849103277675,0.43506493506493504,-0.048701298701298745,0.4109090909090909,-0.06823984526112192,-0.15228622596829317,-0.11792581933109059
size_shape,7,85,False,LNP193<-LNP193;LNP194<-LNP854;LNP195<-LNP782;LNP782<-LNP194;LNP854<-LNP195;LNP858<-LNP858,0.2889610389610389,-0.012987012987012936,0.5490172461946655,-0.0030510040416881212,0.3770408163265306,-0.05369511440940011,0.5162337662337663,0.03246753246753248,0.4957983193277311,0.016649383157518294,0.03999232221113232,0.0743527288483349
size_shape,7,86,False,LNP193<-LNP193;LNP194<-LNP854;LNP195<-LNP782;LNP782<-LNP194;LNP854<-LNP858;LNP858<-LNP195,0.3116883116883117,0.009740259740259827,0.5556260658533386,0.003557815616984983,0.42505668934240354,-0.005679241393527157,0.5876623376623377,0.10389610389610388,0.5847382431233363,0.10558930695312352,0.19738550848793068,0.23174591512513326
size_shape,7,87,False,LNP193<-LNP193;LNP194<-LNP854;LNP195<-LNP782;LNP782<-LNP195;LNP854<-LNP194;LNP858<-LNP858,0.19480519480519481,-0.10714285714285704,0.5213935895754078,-0.03067466066094582,0.3107012035583464,-0.12003472717758429,0.29545454545454547,-0.18831168831168832,0.2653061224489796,-0.2138428137212332,-0.4605661864718382,-0.42620577983463565
size_shape,7,88,False,LNP193<-LNP193;LNP194<-LNP854;LNP195<-LNP782;LNP782<-LNP195;LNP854<-LNP858;LNP858<-LNP194,0.30194805194805185,0.0,0.5520682502363536,0.0,0.4307359307359307,0.0,0.5194805194805195,0.035714285714285754,0.5183946488294314,0.03924571265921861,0.040291148201269084,0.07465155483847166
size_shape,7,89,False,LNP193<-LNP193;LNP194<-LNP854;LNP195<-LNP782;LNP782<-LNP858;LNP854<-LNP194;LNP858<-LNP195,0.19480519480519481,-0.10714285714285704,0.5213935895754078,-0.03067466066094582,0.3107012035583464,-0.12003472717758429,0.36363636363636365,-0.12012987012987014,0.30769230769230765,-0.17145662847790516,-0.3567530340063377,-0.3223926273691351
size_shape,7,90,False,LNP193<-LNP193;LNP194<-LNP854;LNP195<-LNP782;LNP782<-LNP858;LNP854<-LNP195;LNP858<-LNP194,0.24999999999999994,-0.05194805194805191,0.5364914655237236,-0.01557678471263002,0.34897959183673466,-0.08175633889919603,0.4480519480519481,-0.0357142857142857,0.4375,-0.041648936170212814,-0.1130805588384352,-0.07872015220123262
size_shape,7,91,False,LNP193<-LNP193;LNP194<-LNP854;LNP195<-LNP858;LNP782<-LNP194;LNP854<-LNP195;LNP858<-LNP782,0.09740259740259738,-0.20454545454545447,0.4901285583103765,-0.06193969192597715,0.2822532521780642,-0.1484826785578665,0.4318181818181818,-0.051948051948051965,0.3454545454545454,-0.1336943907156674,-0.2405228464604172,-0.2061624398232146
size_shape,7,92,False,LNP193<-LNP193;LNP194<-LNP854;LNP195<-LNP858;LNP782<-LNP194;LNP854<-LNP782;LNP858<-LNP195,0.3474025974025974,0.045454545454545525,0.5659377387318564,0.013869488495502735,0.5392857142857143,0.10854978354978356,0.6558441558441559,0.1720779220779221,0.6538461538461539,0.17469721767594104,0.40771775315010056,0.44207815978730314
size_shape,7,93,False,LNP193<-LNP193;LNP194<-LNP854;LNP195<-LNP858;LNP782<-LNP195;LNP854<-LNP194;LNP858<-LNP782,0.05844155844155839,-0.24350649350649345,0.4785893350064473,-0.07347891522990635,0.2775582117687381,-0.15317771896719262,0.29545454545454547,-0.18831168831168832,0.2653061224489796,-0.2138428137212332,-0.4605661864718382,-0.42620577983463565
size_shape,7,94,False,LNP193<-LNP193;LNP194<-LNP854;LNP195<-LNP858;LNP782<-LNP195;LNP854<-LNP782;LNP858<-LNP194,0.24025974025974023,-0.061688311688311626,0.5345730027548209,-0.01749524748153275,0.33311688311688303,-0.09761904761904766,0.4480519480519481,-0.0357142857142857,0.4375,-0.041648936170212814,-0.1130805588384352,-0.07872015220123262
size_shape,7,95,False,LNP193<-LNP193;LNP194<-LNP854;LNP195<-LNP858;LNP782<-LNP782;LNP854<-LNP194;LNP858<-LNP195,0.5746753246753247,0.2727272727272728,0.6993686868686868,0.14730043663233316,0.5732993197278912,0.14256338899196047,0.6558441558441559,0.1720779220779221,0.6538461538461539,0.17469721767594104,0.40771775315010056,0.44207815978730314
size_shape,7,96,False,LNP193<-LNP193;LNP194<-LNP854;LNP195<-LNP858;LNP782<-LNP782;LNP854<-LNP195;LNP858<-LNP194,0.2987012987012987,-0.0032467532467531646,0.5522639994414188,0.00019574920506515436,0.38696145124716547,-0.04377447948876523,0.4318181818181818,-0.051948051948051965,0.3454545454545454,-0.1336943907156674,-0.2405228464604172,-0.2061624398232146
size_shape,7,97,False,LNP193<-LNP193;LNP194<-LNP858;LNP195<-LNP194;LNP782<-LNP195;LNP854<-LNP782;LNP858<-LNP854,0.2922077922077922,-0.00974025974025966,0.546517119244392,-0.005551130991961695,0.3774376417233559,-0.05329828901257477,0.3831168831168831,-0.10064935064935071,0.3812500000000001,-0.09789893617021272,-0.22792115291927598,-0.1935607462820734
size_shape,7,98,False,LNP193<-LNP193;LNP194<-LNP858;LNP195<-LNP194;LNP782<-LNP195;LNP854<-LNP854;LNP858<-LNP782,0.2922077922077922,-0.00974025974025966,0.5481404958677686,-0.003927754368585057,0.3774376417233559,-0.05329828901257477,0.31493506493506496,-0.16883116883116883,0.3050193050193051,-0.17412963115090774,-0.3659942110514742,-0.33163380441427165
size_shape,7,99,False,LNP193<-LNP193;LNP194<-LNP858;LNP195<-LNP194;LNP782<-LNP782;LNP854<-LNP195;LNP858<-LNP854,0.0064935064935064905,-0.29545454545454536,0.45473617291799107,-0.09733207731836258,0.27140078922687616,-0.15933514150905453,0.4318181818181818,-0.051948051948051965,0.3454545454545454,-0.1336943907156674,-0.2405228464604172,-0.2061624398232146
size_shape,7,100,False,LNP193<-LNP193;LNP194<-LNP858;LNP195<-LNP194;LNP782<-LNP782;LNP854<-LNP854;LNP858<-LNP195,0.24999999999999997,-0.05194805194805188,0.5330627705627705,-0.019005479673583126,0.339069264069264,-0.09166666666666667,0.44805194805194803,-0.035714285714285754,0.4375,-0.041648936170212814,-0.11308055883843511,-0.07872015220123253
size_shape,7,101,False,LNP193<-LNP193;LNP194<-LNP858;LNP195<-LNP194;LNP782<-LNP854;LNP854<-LNP195;LNP858<-LNP782,0.0,-0.30194805194805185,0.45805785123966947,-0.09401039899668417,0.2685022385022384,-0.16223369223369227,0.4318181818181818,-0.051948051948051965,0.3454545454545454,-0.1336943907156674,-0.2405228464604172,-0.2061624398232146
size_shape,7,102,False,LNP193<-LNP193;LNP194<-LNP858;LNP195<-LNP194;LNP782<-LNP854;LNP854<-LNP782;LNP858<-LNP195,0.2889610389610389,-0.012987012987012936,0.5433875616362247,-0.008680688600128939,0.44621212121212117,0.015476190476190477,0.5194805194805194,0.03571428571428564,0.5183946488294314,0.03924571265921861,0.040291148201268875,0.07465155483847145
size_shape,7,103,False,LNP193<-LNP193;LNP194<-LNP858;LNP195<-LNP195;LNP782<-LNP194;LNP854<-LNP782;LNP858<-LNP854,0.19480519480519481,-0.10714285714285704,0.521556134565539,-0.030512115670814688,0.3107012035583464,-0.12003472717758429,0.34090909090909094,-0.14285714285714285,0.29411764705882354,-0.18503128911138927,-0.39192475766909773,-0.35756435103189516
size_shape,7,104,False,LNP193<-LNP193;LNP194<-LNP858;LNP195<-LNP195;LNP782<-LNP194;LNP854<-LNP854;LNP858<-LNP782,0.19480519480519481,-0.10714285714285704,0.521676657981517,-0.030391592254836675,0.3107012035583464,-0.12003472717758429,0.4090909090909091,-0.07467532467532467,0.3333333333333333,-0.1458156028368795,-0.282038037408883,-0.24767763077168042
size_shape,7,105,False,LNP193<-LNP193;LNP194<-LNP858;LNP195<-LNP195;LNP782<-LNP782;LNP854<-LNP194;LNP858<-LNP854,0.0,-0.30194805194805185,0.45805785123966947,-0.09401039899668417,0.27088319088319085,-0.15985273985273984,0.36363636363636365,-0.12012987012987014,0.30769230769230765,-0.17145662847790516,-0.3567530340063377,-0.3223926273691351
size_shape,7,106,False,LNP193<-LNP193;LNP194<-LNP858;LNP195<-LNP195;LNP782<-LNP782;LNP854<-LNP854;LNP858<-LNP194,0.17532467532467524,-0.1266233766233766,0.5082674571805006,-0.04380079305585305,0.30571254142682713,-0.12502338930910356,0.3441558441558441,-0.13961038961038968,0.3377926421404682,-0.1413562940297446,-0.3223291856101523,-0.2879687789729497
size_shape,7,107,False,LNP193<-LNP193;LNP194<-LNP858;LNP195<-LNP195;LNP782<-LNP854;LNP854<-LNP194;LNP858<-LNP782,0.05844155844155838,-0.24350649350649348,0.47729433371144603,-0.07477391652490761,0.2775582117687381,-0.15317771896719262,0.36363636363636365,-0.12012987012987014,0.30769230769230765,-0.17145662847790516,-0.3567530340063377,-0.3223926273691351
size_shape,7,108,False,LNP193<-LNP193;LNP194<-LNP858;LNP195<-LNP195;LNP782<-LNP854;LNP854<-LNP782;LNP858<-LNP194,0.20454545454545447,-0.09740259740259738,0.5185044424174858,-0.03356380781886781,0.31601307189542477,-0.11472285884050593,0.37987012987012986,-0.10389610389610393,0.37777777777777777,-0.10137115839243505,-0.2438488811817297,-0.20948847454452713
size_shape,7,109,False,LNP193<-LNP193;LNP194<-LNP858;LNP195<-LNP782;LNP782<-LNP194;LNP854<-LNP195;LNP858<-LNP854,0.30844155844155835,0.006493506493506496,0.548811115355233,-0.0032571348811206713,0.4783549783549783,0.047619047619047616,0.5194805194805194,0.03571428571428564,0.5183946488294314,0.03924571265921861,0.040291148201268875,0.07465155483847145
size_shape,7,110,False,LNP193<-LNP193;LNP194<-LNP858;LNP195<-LNP782;LNP782<-LNP194;LNP854<-LNP854;LNP858<-LNP195,0.00649350649350649,-0.29545454545454536,0.45852405170586996,-0.09354419853048368,0.27140078922687616,-0.15933514150905453,0.5,0.01623376623376621,0.37931034482758613,-0.09983859134262668,0.0,0.03436040663720258
size_shape,7,111,False,LNP193<-LNP193;LNP194<-LNP858;LNP195<-LNP782;LNP782<-LNP195;LNP854<-LNP194;LNP858<-LNP854,0.26948051948051943,-0.03246753246753242,0.5368316175802806,-0.015236632656073001,0.4346938775510204,0.003957946815089708,0.4512987012987013,-0.03246753246753248,0.4514835605453088,-0.02766537562490401,-0.09631426606617752,-0.06195385942897494
size_shape,7,112,False,LNP193<-LNP193;LNP194<-LNP858;LNP195<-LNP782;LNP782<-LNP195;LNP854<-LNP854;LNP858<-LNP194,0.12662337662337658,-0.17532467532467527,0.4954086317722681,-0.056659618464085515,0.28754251700680267,-0.14319341372912803,0.20454545454545453,-0.27922077922077926,0.2,-0.2791489361702128,-0.5997364375010102,-0.5653760308638076
size_shape,7,113,False,LNP193<-LNP193;LNP194<-LNP858;LNP195<-LNP782;LNP782<-LNP854;LNP854<-LNP194;LNP858<-LNP195,0.2629870129870129,-0.038961038961038974,0.5384284809147661,-0.013639769321587503,0.4124149659863945,-0.018320964749536206,0.4480519480519481,-0.0357142857142857,0.4375,-0.041648936170212814,-0.1130805588384352,-0.07872015220123262
size_shape,7,114,False,LNP193<-LNP193;LNP194<-LNP858;LNP195<-LNP782;LNP782<-LNP854;LNP854<-LNP195;LNP858<-LNP194,0.25324675324675316,-0.04870129870129869,0.5377500242704004,-0.014318225965953224,0.34863945578231287,-0.08209647495361783,0.4480519480519481,-0.0357142857142857,0.4375,-0.041648936170212814,-0.1130805588384352,-0.07872015220123262
size_shape,7,115,False,LNP193<-LNP193;LNP194<-LNP858;LNP195<-LNP854;LNP782<-LNP194;LNP854<-LNP195;LNP858<-LNP782,0.29870129870129863,-0.00324675324675322,0.545402024446142,-0.0066662257902115885,0.4724025974025974,0.041666666666666685,0.4512987012987013,-0.03246753246753248,0.4514835605453088,-0.02766537562490401,-0.09631426606617752,-0.06195385942897494
size_shape,7,116,False,LNP193<-LNP193;LNP194<-LNP858;LNP195<-LNP854;LNP782<-LNP194;LNP854<-LNP782;LNP858<-LNP195,0.0,-0.30194805194805185,0.45805785123966947,-0.09401039899668417,0.2685022385022384,-0.16223369223369227,0.4318181818181818,-0.051948051948051965,0.3454545454545454,-0.1336943907156674,-0.2405228464604172,-0.2061624398232146
size_shape,7,117,False,LNP193<-LNP193;LNP194<-LNP858;LNP195<-LNP854;LNP782<-LNP195;LNP854<-LNP194;LNP858<-LNP782,0.28246753246753237,-0.019480519480519487,0.5406211843711843,-0.011447065865169304,0.41683673469387744,-0.013899196042053252,0.4512987012987013,-0.03246753246753248,0.4514835605453088,-0.02766537562490401,-0.09631426606617752,-0.06195385942897494
size_shape,7,118,False,LNP193<-LNP193;LNP194<-LNP858;LNP195<-LNP854;LNP782<-LNP195;LNP854<-LNP782;LNP858<-LNP194,0.12662337662337658,-0.17532467532467527,0.4954086317722681,-0.056659618464085515,0.28754251700680267,-0.14319341372912803,0.275974025974026,-0.2077922077922078,0.27826784282277467,-0.20088109334743814,-0.44304562390441643,-0.40868521726721385
size_shape,7,119,False,LNP193<-LNP193;LNP194<-LNP858;LNP195<-LNP854;LNP782<-LNP782;LNP854<-LNP194;LNP858<-LNP195,0.12662337662337658,-0.17532467532467527,0.4978208812260536,-0.05424736901030003,0.2899234693877551,-0.1408124613481756,0.275974025974026,-0.2077922077922078,0.27826784282277467,-0.20088109334743814,-0.44304562390441643,-0.40868521726721385
size_shape,7,120,False,LNP193<-LNP193;LNP194<-LNP858;LNP195<-LNP854;LNP782<-LNP782;LNP854<-LNP195;LNP858<-LNP194,0.22402597402597396,-0.07792207792207789,0.529815071292344,-0.02225317894400969,0.32358276643990924,-0.10715316429602145,0.41233766233766234,-0.07142857142857145,0.3930789707187223,-0.08606996545149054,-0.19738550848793068,-0.1630251018507281
size_shape,7,121,False,LNP193<-LNP194;LNP194<-LNP193;LNP195<-LNP195;LNP782<-LNP782;LNP854<-LNP854;LNP858<-LNP858,0.3474025974025974,0.045454545454545525,0.5635026737967914,0.011434423560437779,0.5392857142857143,0.10854978354978356,0.6558441558441559,0.1720779220779221,0.6538461538461539,0.17469721767594104,0.40771775315010056,0.44207815978730314
size_shape,7,122,False,LNP193<-LNP194;LNP194<-LNP193;LNP195<-LNP195;LNP782<-LNP782;LNP854<-LNP858;LNP858<-LNP854,0.0,-0.30194805194805185,0.46285583103764927,-0.08921241919870437,0.27088319088319085,-0.15985273985273984,0.4318181818181818,-0.051948051948051965,0.3454545454545454,-0.1336943907156674,-0.2405228464604172,-0.2061624398232146
size_shape,7,123,False,LNP193<-LNP194;LNP194<-LNP193;LNP195<-LNP195;LNP782<-LNP854;LNP854<-LNP782;LNP858<-LNP858,0.3474025974025974,0.045454545454545525,0.5635026737967914,0.011434423560437779,0.5392857142857143,0.10854978354978356,0.6558441558441559,0.1720779220779221,0.6538461538461539,0.17469721767594104,0.40771775315010056,0.44207815978730314
size_shape,7,124,False,LNP193<-LNP194;LNP194<-LNP193;LNP195<-LNP195;LNP782<-LNP854;LNP854<-LNP858;LNP858<-LNP782,0.0,-0.30194805194805185,0.46285583103764927,-0.08921241919870437,0.27088319088319085,-0.15985273985273984,0.5,0.01623376623376621,0.37931034482758613,-0.09983859134262668,0.0,0.03436040663720258
size_shape,7,125,False,LNP193<-LNP194;LNP194<-LNP193;LNP195<-LNP195;LNP782<-LNP858;LNP854<-LNP782;LNP858<-LNP854,0.15584415584415579,-0.14610389610389607,0.507841923849829,-0.044226326386524684,0.29777603349031917,-0.13295989724561152,0.36363636363636365,-0.12012987012987014,0.30769230769230765,-0.17145662847790516,-0.3567530340063377,-0.3223926273691351
size_shape,7,126,False,LNP193<-LNP194;LNP194<-LNP193;LNP195<-LNP195;LNP782<-LNP858;LNP854<-LNP854;LNP858<-LNP782,0.19480519480519481,-0.10714285714285704,0.5213935895754078,-0.03067466066094582,0.3107012035583464,-0.12003472717758429,0.36363636363636365,-0.12012987012987014,0.30769230769230765,-0.17145662847790516,-0.3567530340063377,-0.3223926273691351
size_shape,7,127,False,LNP193<-LNP194;LNP194<-LNP193;LNP195<-LNP782;LNP782<-LNP195;LNP854<-LNP854;LNP858<-LNP858,0.0,-0.30194805194805185,0.4598255280073462,-0.09224272222900742,0.27088319088319085,-0.15985273985273984,0.29545454545454547,-0.18831168831168832,0.2653061224489796,-0.2138428137212332,-0.4605661864718382,-0.42620577983463565
size_shape,7,128,False,LNP193<-LNP194;LNP194<-LNP193;LNP195<-LNP782;LNP782<-LNP195;LNP854<-LNP858;LNP858<-LNP854,0.32142857142857134,0.019480519480519487,0.5529505888376856,0.0008823386013319112,0.4619047619047619,0.03116883116883118,0.5194805194805194,0.03571428571428564,0.5183946488294314,0.03924571265921861,0.040291148201268875,0.07465155483847145
size_shape,7,129,False,LNP193<-LNP194;LNP194<-LNP193;LNP195<-LNP782;LNP782<-LNP854;LNP854<-LNP195;LNP858<-LNP858,0.2824675324675324,-0.01948051948051943,0.5473288075560803,-0.004739442680273376,0.36751700680272104,-0.06321892393320966,0.5162337662337663,0.03246753246753248,0.4957983193277311,0.016649383157518294,0.03999232221113232,0.0743527288483349
size_shape,7,130,False,LNP193<-LNP194;LNP194<-LNP193;LNP195<-LNP782;LNP782<-LNP854;LNP854<-LNP858;LNP858<-LNP195,0.2922077922077922,-0.00974025974025966,0.5506673881673881,-0.0014008620689655027,0.3774376417233559,-0.05329828901257477,0.5876623376623377,0.10389610389610388,0.5847382431233363,0.10558930695312352,0.19738550848793068,0.23174591512513326
size_shape,7,131,False,LNP193<-LNP194;LNP194<-LNP193;LNP195<-LNP782;LNP782<-LNP858;LNP854<-LNP195;LNP858<-LNP854,0.30844155844155835,0.006493506493506496,0.548811115355233,-0.0032571348811206713,0.4783549783549783,0.047619047619047616,0.48376623376623373,-5.551115123125783e-17,0.4791489361702128,0.0,-0.03436040663720258,0.0
size_shape,7,132,False,LNP193<-LNP194;LNP194<-LNP193;LNP195<-LNP782;LNP782<-LNP858;LNP854<-LNP854;LNP858<-LNP195,0.0,-0.30194805194805185,0.4598255280073462,-0.09224272222900742,0.27088319088319085,-0.15985273985273984,0.4318181818181818,-0.051948051948051965,0.3454545454545454,-0.1336943907156674,-0.2405228464604172,-0.2061624398232146
size_shape,7,133,False,LNP193<-LNP194;LNP194<-LNP193;LNP195<-LNP854;LNP782<-LNP195;LNP854<-LNP782;LNP858<-LNP858,0.0,-0.30194805194805185,0.46285583103764927,-0.08921241919870437,0.27088319088319085,-0.15985273985273984,0.36363636363636365,-0.12012987012987014,0.30769230769230765,-0.17145662847790516,-0.3567530340063377,-0.3223926273691351
size_shape,7,134,False,LNP193<-LNP194;LNP194<-LNP193;LNP195<-LNP854;LNP782<-LNP195;LNP854<-LNP858;LNP858<-LNP782,0.30194805194805185,0.0,0.5471771284271284,-0.004891121809225241,0.4307359307359307,0.0,0.5194805194805194,0.03571428571428564,0.5183946488294314,0.03924571265921861,0.040291148201268875,0.07465155483847145
size_shape,7,135,False,LNP193<-LNP194;LNP194<-LNP193;LNP195<-LNP854;LNP782<-LNP782;LNP854<-LNP195;LNP858<-LNP858,0.2922077922077922,-0.00974025974025966,0.5505755608028335,-0.0014926894335201002,0.3774376417233559,-0.05329828901257477,0.551948051948052,0.06818181818181818,0.5418181818181819,0.06266924564796905,0.1218289807746346,0.1561893874118372
size_shape,7,136,False,LNP193<-LNP194;LNP194<-LNP193;LNP195<-LNP854;LNP782<-LNP782;LNP854<-LNP858;LNP858<-LNP195,0.2824675324675324,-0.01948051948051943,0.5473288075560803,-0.004739442680273376,0.36751700680272104,-0.06321892393320966,0.5162337662337663,0.03246753246753248,0.4957983193277311,0.016649383157518294,0.03999232221113232,0.0743527288483349
size_shape,7,137,False,LNP193<-LNP194;LNP194<-LNP193;LNP195<-LNP854;LNP782<-LNP858;LNP854<-LNP195;LNP858<-LNP782,0.3181818181818181,0.016233766233766267,0.5511754848566992,-0.0008927653796544366,0.5035714285714286,0.07283549783549786,0.4512987012987013,-0.03246753246753248,0.4514835605453088,-0.02766537562490401,-0.09631426606617752,-0.06195385942897494
size_shape,7,138,False,LNP193<-LNP194;LNP194<-LNP193;LNP195<-LNP854;LNP782<-LNP858;LNP854<-LNP782;LNP858<-LNP195,0.0,-0.30194805194805185,0.4598255280073462,-0.09224272222900742,0.2685022385022384,-0.16223369223369227,0.29545454545454547,-0.18831168831168832,0.2653061224489796,-0.2138428137212332,-0.4605661864718382,-0.42620577983463565
size_shape,7,139,False,LNP193<-LNP194;LNP194<-LNP193;LNP195<-LNP858;LNP782<-LNP195;LNP854<-LNP782;LNP858<-LNP854,0.1753246753246753,-0.12662337662337655,0.5144723092998954,-0.03759594093645824,0.303898482469911,-0.12683744826601967,0.36363636363636365,-0.12012987012987014,0.30769230769230765,-0.17145662847790516,-0.3567530340063377,-0.3223926273691351
size_shape,7,140,False,LNP193<-LNP194;LNP194<-LNP193;LNP195<-LNP858;LNP782<-LNP195;LNP854<-LNP854;LNP858<-LNP782,0.1753246753246753,-0.12662337662337655,0.5143097643097643,-0.03775848592658937,0.303898482469911,-0.12683744826601967,0.29545454545454547,-0.18831168831168832,0.2653061224489796,-0.2138428137212332,-0.4605661864718382,-0.42620577983463565
size_shape,7,141,False,LNP193<-LNP194;LNP194<-LNP193;LNP195<-LNP858;LNP782<-LNP782;LNP854<-LNP195;LNP858<-LNP854,0.03896103896103894,-0.26298701298701294,0.4719467401285583,-0.08012151010779534,0.2748514448514448,-0.1558844858844859,0.4318181818181818,-0.051948051948051965,0.3454545454545454,-0.1336943907156674,-0.2405228464604172,-0.2061624398232146
size_shape,7,142,False,LNP193<-LNP194;LNP194<-LNP193;LNP195<-LNP858;LNP782<-LNP782;LNP854<-LNP854;LNP858<-LNP195,0.3474025974025974,0.045454545454545525,0.5635026737967914,0.011434423560437779,0.5392857142857143,0.10854978354978356,0.6201298701298701,0.1363636363636363,0.6067527308838134,0.12760379471360062,0.33868074965743356,0.37304115629463613
size_shape,7,143,False,LNP193<-LNP194;LNP194<-LNP193;LNP195<-LNP858;LNP782<-LNP854;LNP854<-LNP195;LNP858<-LNP782,0.0,-0.30194805194805185,0.4598255280073462,-0.09224272222900742,0.2685022385022384,-0.16223369223369227,0.4318181818181818,-0.051948051948051965,0.3454545454545454,-0.1336943907156674,-0.2405228464604172,-0.2061624398232146
size_shape,7,144,False,LNP193<-LNP194;LNP194<-LNP193;LNP195<-LNP858;LNP782<-LNP854;LNP854<-LNP782;LNP858<-LNP195,0.3474025974025974,0.045454545454545525,0.5635026737967914,0.011434423560437779,0.5392857142857143,0.10854978354978356,0.6558441558441559,0.1720779220779221,0.6538461538461539,0.17469721767594104,0.40771775315010056,0.44207815978730314
size_shape,7,145,False,LNP193<-LNP194;LNP194<-LNP195;LNP195<-LNP193;LNP782<-LNP782;LNP854<-LNP854;LNP858<-LNP858,0.1363636363636363,-0.16558441558441556,0.5010237420316471,-0.05104450820470652,0.29399674399674397,-0.13673918673918672,0.29545454545454547,-0.18831168831168832,0.2653061224489796,-0.2138428137212332,-0.4605661864718382,-0.42620577983463565
size_shape,7,146,False,LNP193<-LNP194;LNP194<-LNP195;LNP195<-LNP193;LNP782<-LNP782;LNP854<-LNP858;LNP858<-LNP854,0.32792207792207784,0.025974025974025983,0.5596118065994726,0.007543556363118986,0.5095238095238095,0.0787878787878788,0.5194805194805195,0.035714285714285754,0.5183946488294314,0.03924571265921861,0.040291148201269084,0.07465155483847166
size_shape,7,147,False,LNP193<-LNP194;LNP194<-LNP195;LNP195<-LNP193;LNP782<-LNP854;LNP854<-LNP782;LNP858<-LNP858,0.05844155844155838,-0.24350649350649348,0.47729433371144603,-0.07477391652490761,0.2775582117687381,-0.15317771896719262,0.29545454545454547,-0.18831168831168832,0.2653061224489796,-0.2138428137212332,-0.4605661864718382,-0.42620577983463565
size_shape,7,148,False,LNP193<-LNP194;LNP194<-LNP195;LNP195<-LNP193;LNP782<-LNP854;LNP854<-LNP858;LNP858<-LNP782,0.3181818181818181,0.016233766233766267,0.556725076394194,0.004656826157840355,0.488095238095238,0.05735930735930733,0.5194805194805195,0.035714285714285754,0.5183946488294314,0.03924571265921861,0.040291148201269084,0.07465155483847166
size_shape,7,149,False,LNP193<-LNP194;LNP194<-LNP195;LNP195<-LNP193;LNP782<-LNP858;LNP854<-LNP782;LNP858<-LNP854,0.3181818181818181,0.016233766233766267,0.5532016112230015,0.0011333609866478467,0.47267573696145115,0.04193980622552046,0.5876623376623377,0.10389610389610388,0.5847382431233363,0.10558930695312352,0.19738550848793068,0.23174591512513326
size_shape,7,150,False,LNP193<-LNP194;LNP194<-LNP195;LNP195<-LNP193;LNP782<-LNP858;LNP854<-LNP854;LNP858<-LNP782,0.2987012987012987,-0.0032467532467531646,0.5482055578829772,-0.00386269235337644,0.38696145124716547,-0.04377447948876523,0.5876623376623377,0.10389610389610388,0.5847382431233363,0.10558930695312352,0.19738550848793068,0.23174591512513326
size_shape,7,151,False,LNP193<-LNP194;LNP194<-LNP195;LNP195<-LNP782;LNP782<-LNP193;LNP854<-LNP854;LNP858<-LNP858,0.05844155844155838,-0.24350649350649348,0.47729433371144603,-0.07477391652490761,0.2775582117687381,-0.15317771896719262,0.29545454545454547,-0.18831168831168832,0.2653061224489796,-0.2138428137212332,-0.4605661864718382,-0.42620577983463565
size_shape,7,152,False,LNP193<-LNP194;LNP194<-LNP195;LNP195<-LNP782;LNP782<-LNP193;LNP854<-LNP858;LNP858<-LNP854,0.30844155844155835,0.006493506493506496,0.5537022371644582,0.0016339869281045694,0.4783549783549783,0.047619047619047616,0.5194805194805195,0.035714285714285754,0.5183946488294314,0.03924571265921861,0.040291148201269084,0.07465155483847166
size_shape,7,153,False,LNP193<-LNP194;LNP194<-LNP195;LNP195<-LNP782;LNP782<-LNP854;LNP854<-LNP193;LNP858<-LNP858,0.05844155844155838,-0.24350649350649348,0.47729433371144603,-0.07477391652490761,0.2775582117687381,-0.15317771896719262,0.29545454545454547,-0.18831168831168832,0.2653061224489796,-0.2138428137212332,-0.4605661864718382,-0.42620577983463565
size_shape,7,154,False,LNP193<-LNP194;LNP194<-LNP195;LNP195<-LNP782;LNP782<-LNP854;LNP854<-LNP858;LNP858<-LNP193,0.29220779220779214,-0.009740259740259716,0.5493564733768496,-0.002711776859504078,0.4077767470624613,-0.022959183673469385,0.4837662337662338,0.0,0.4791489361702128,0.0,-0.03436040663720258,0.0
size_shape,7,155,False,LNP193<-LNP194;LNP194<-LNP195;LNP195<-LNP782;LNP782<-LNP858;LNP854<-LNP193;LNP858<-LNP854,0.2922077922077922,-0.00974025974025966,0.546517119244392,-0.005551130991961695,0.3774376417233559,-0.05329828901257477,0.5876623376623377,0.10389610389610388,0.5847382431233363,0.10558930695312352,0.19738550848793068,0.23174591512513326
size_shape,7,156,False,LNP193<-LNP194;LNP194<-LNP195;LNP195<-LNP782;LNP782<-LNP858;LNP854<-LNP854;LNP858<-LNP193,0.35064935064935066,0.0487012987012988,0.5737898465171192,0.02172159628076553,0.3917233560090702,-0.03901257472686048,0.5876623376623377,0.10389610389610388,0.5847382431233363,0.10558930695312352,0.19738550848793068,0.23174591512513326
size_shape,7,157,False,LNP193<-LNP194;LNP194<-LNP195;LNP195<-LNP854;LNP782<-LNP193;LNP854<-LNP782;LNP858<-LNP858,0.07792207792207788,-0.22402597402597396,0.48331037649219466,-0.06875787374415898,0.28085491506544136,-0.14988101567048934,0.29545454545454547,-0.18831168831168832,0.2653061224489796,-0.2138428137212332,-0.4605661864718382,-0.42620577983463565
size_shape,7,158,False,LNP193<-LNP194;LNP194<-LNP195;LNP195<-LNP854;LNP782<-LNP193;LNP854<-LNP858;LNP858<-LNP782,0.3181818181818181,0.016233766233766267,0.556725076394194,0.004656826157840355,0.488095238095238,0.05735930735930733,0.5194805194805195,0.035714285714285754,0.5183946488294314,0.03924571265921861,0.040291148201269084,0.07465155483847166
size_shape,7,159,False,LNP193<-LNP194;LNP194<-LNP195;LNP195<-LNP854;LNP782<-LNP782;LNP854<-LNP193;LNP858<-LNP858,0.13636363636363635,-0.1655844155844155,0.5019130700948883,-0.05015518014146536,0.29257071249552447,-0.13816521824040623,0.29545454545454547,-0.18831168831168832,0.2653061224489796,-0.2138428137212332,-0.4605661864718382,-0.42620577983463565
size_shape,7,160,False,LNP193<-LNP194;LNP194<-LNP195;LNP195<-LNP854;LNP782<-LNP782;LNP854<-LNP858;LNP858<-LNP193,0.3181818181818181,0.016233766233766267,0.556725076394194,0.004656826157840355,0.488095238095238,0.05735930735930733,0.5194805194805195,0.035714285714285754,0.5183946488294314,0.03924571265921861,0.040291148201269084,0.07465155483847166
size_shape,7,161,False,LNP193<-LNP194;LNP194<-LNP195;LNP195<-LNP854;LNP782<-LNP858;LNP854<-LNP193;LNP858<-LNP782,0.2987012987012987,-0.0032467532467531646,0.5482055578829772,-0.00386269235337644,0.38696145124716547,-0.04377447948876523,0.5876623376623377,0.10389610389610388,0.5847382431233363,0.10558930695312352,0.19738550848793068,0.23174591512513326
size_shape,7,162,False,LNP193<-LNP194;LNP194<-LNP195;LNP195<-LNP854;LNP782<-LNP858;LNP854<-LNP782;LNP858<-LNP193,0.2987012987012987,-0.0032467532467531646,0.5498289345063538,-0.0022393157299998023,0.38696145124716547,-0.04377447948876523,0.5876623376623377,0.10389610389610388,0.5847382431233363,0.10558930695312352,0.19738550848793068,0.23174591512513326
size_shape,7,163,False,LNP193<-LNP194;LNP194<-LNP195;LNP195<-LNP858;LNP782<-LNP193;LNP854<-LNP782;LNP858<-LNP854,0.21428571428571425,-0.08766233766233761,0.5269931457431457,-0.025075104493207934,0.3186377114948543,-0.11209821924107638,0.34090909090909094,-0.14285714285714285,0.29411764705882354,-0.18503128911138927,-0.39192475766909773,-0.35756435103189516
size_shape,7,164,False,LNP193<-LNP194;LNP194<-LNP195;LNP195<-LNP858;LNP782<-LNP193;LNP854<-LNP854;LNP858<-LNP782,0.21428571428571425,-0.08766233766233761,0.5269931457431457,-0.025075104493207934,0.3186377114948543,-0.11209821924107638,0.41233766233766234,-0.07142857142857145,0.3930789707187223,-0.08606996545149054,-0.19738550848793068,-0.1630251018507281
size_shape,7,165,False,LNP193<-LNP194;LNP194<-LNP195;LNP195<-LNP858;LNP782<-LNP782;LNP854<-LNP193;LNP858<-LNP854,0.22402597402597396,-0.07792207792207789,0.5299068986568987,-0.02216135157945498,0.32358276643990924,-0.10715316429602145,0.4480519480519481,-0.0357142857142857,0.4375,-0.041648936170212814,-0.1130805588384352,-0.07872015220123262
size_shape,7,166,False,LNP193<-LNP194;LNP194<-LNP195;LNP195<-LNP858;LNP782<-LNP782;LNP854<-LNP854;LNP858<-LNP193,0.22402597402597396,-0.07792207792207789,0.529815071292344,-0.02225317894400969,0.32358276643990924,-0.10715316429602145,0.3798701298701299,-0.10389610389610388,0.37777777777777777,-0.10137115839243505,-0.24384888118172945,-0.20948847454452688
size_shape,7,167,False,LNP193<-LNP194;LNP194<-LNP195;LNP195<-LNP858;LNP782<-LNP854;LNP854<-LNP193;LNP858<-LNP782,0.21428571428571425,-0.08766233766233761,0.5269931457431457,-0.025075104493207934,0.3186377114948543,-0.11209821924107638,0.34090909090909094,-0.14285714285714285,0.29411764705882354,-0.18503128911138927,-0.39192475766909773,-0.35756435103189516
size_shape,7,168,False,LNP193<-LNP194;LNP194<-LNP195;LNP195<-LNP858;LNP782<-LNP854;LNP854<-LNP782;LNP858<-LNP193,0.19480519480519481,-0.10714285714285704,0.521556134565539,-0.030512115670814688,0.3107012035583464,-0.12003472717758429,0.27272727272727276,-0.21103896103896103,0.25,-0.2291489361702128,-0.4947274449181534,-0.4603670382809508
size_shape,7,169,False,LNP193<-LNP194;LNP194<-LNP782;LNP195<-LNP193;LNP782<-LNP195;LNP854<-LNP854;LNP858<-LNP858,0.0,-0.30194805194805185,0.4598255280073462,-0.09224272222900742,0.27088319088319085,-0.15985273985273984,0.29545454545454547,-0.18831168831168832,0.2653061224489796,-0.2138428137212332,-0.4605661864718382,-0.42620577983463565
size_shape,7,170,False,LNP193<-LNP194;LNP194<-LNP782;LNP195<-LNP193;LNP782<-LNP195;LNP854<-LNP858;LNP858<-LNP854,0.3474025974025974,0.045454545454545525,0.5607429335370512,0.008674683300697539,0.5392857142857143,0.10854978354978356,0.5194805194805194,0.03571428571428564,0.5183946488294314,0.03924571265921861,0.040291148201268875,0.07465155483847145
size_shape,7,171,False,LNP193<-LNP194;LNP194<-LNP782;LNP195<-LNP193;LNP782<-LNP854;LNP854<-LNP195;LNP858<-LNP858,0.2987012987012987,-0.0032467532467531646,0.5522639994414188,0.00019574920506515436,0.38696145124716547,-0.04377447948876523,0.551948051948052,0.06818181818181818,0.5418181818181819,0.06266924564796905,0.1218289807746346,0.1561893874118372
size_shape,7,172,False,LNP193<-LNP194;LNP194<-LNP782;LNP195<-LNP193;LNP782<-LNP854;LNP854<-LNP858;LNP858<-LNP195,0.2922077922077922,-0.00974025974025966,0.5505755608028335,-0.0014926894335201002,0.3774376417233559,-0.05329828901257477,0.551948051948052,0.06818181818181818,0.5418181818181819,0.06266924564796905,0.1218289807746346,0.1561893874118372
size_shape,7,173,False,LNP193<-LNP194;LNP194<-LNP782;LNP195<-LNP193;LNP782<-LNP858;LNP854<-LNP195;LNP858<-LNP854,0.3474025974025974,0.045454545454545525,0.5607429335370512,0.008674683300697539,0.5392857142857143,0.10854978354978356,0.5194805194805194,0.03571428571428564,0.5183946488294314,0.03924571265921861,0.040291148201268875,0.07465155483847145
size_shape,7,174,False,LNP193<-LNP194;LNP194<-LNP782;LNP195<-LNP193;LNP782<-LNP858;LNP854<-LNP854;LNP858<-LNP195,0.0,-0.30194805194805185,0.4598255280073462,-0.09224272222900742,0.27088319088319085,-0.15985273985273984,0.29545454545454547,-0.18831168831168832,0.2653061224489796,-0.2138428137212332,-0.4605661864718382,-0.42620577983463565
size_shape,7,175,False,LNP193<-LNP194;LNP194<-LNP782;LNP195<-LNP195;LNP782<-LNP193;LNP854<-LNP854;LNP858<-LNP858,0.3474025974025974,0.045454545454545525,0.5635026737967914,0.011434423560437779,0.5392857142857143,0.10854978354978356,0.6558441558441559,0.1720779220779221,0.6538461538461539,0.17469721767594104,0.40771775315010056,0.44207815978730314
size_shape,7,176,False,LNP193<-LNP194;LNP194<-LNP782;LNP195<-LNP195;LNP782<-LNP193;LNP854<-LNP858;LNP858<-LNP854,0.0,-0.30194805194805185,0.4598255280073462,-0.09224272222900742,0.27088319088319085,-0.15985273985273984,0.4318181818181818,-0.051948051948051965,0.3454545454545454,-0.1336943907156674,-0.2405228464604172,-0.2061624398232146
size_shape,7,177,False,LNP193<-LNP194;LNP194<-LNP782;LNP195<-LNP195;LNP782<-LNP854;LNP854<-LNP193;LNP858<-LNP858,0.3409090909090909,0.03896103896103903,0.5618686868686869,0.00980043663233321,0.4916666666666666,0.06093073593073589,0.6558441558441559,0.1720779220779221,0.6538461538461539,0.17469721767594104,0.40771775315010056,0.44207815978730314
size_shape,7,178,False,LNP193<-LNP194;LNP194<-LNP782;LNP195<-LNP195;LNP782<-LNP854;LNP854<-LNP858;LNP858<-LNP193,0.0,-0.30194805194805185,0.4598255280073462,-0.09224272222900742,0.27088319088319085,-0.15985273985273984,0.4318181818181818,-0.051948051948051965,0.3454545454545454,-0.1336943907156674,-0.2405228464604172,-0.2061624398232146
size_shape,7,179,False,LNP193<-LNP194;LNP194<-LNP782;LNP195<-LNP195;LNP782<-LNP858;LNP854<-LNP193;LNP858<-LNP854,0.1753246753246753,-0.12662337662337655,0.5143097643097643,-0.03775848592658937,0.303898482469911,-0.12683744826601967,0.36363636363636365,-0.12012987012987014,0.30769230769230765,-0.17145662847790516,-0.3567530340063377,-0.3223926273691351
size_shape,7,180,False,LNP193<-LNP194;LNP194<-LNP782;LNP195<-LNP195;LNP782<-LNP858;LNP854<-LNP854;LNP858<-LNP193,0.1753246753246753,-0.12662337662337655,0.5143097643097643,-0.03775848592658937,0.303898482469911,-0.12683744826601967,0.36363636363636365,-0.12012987012987014,0.30769230769230765,-0.17145662847790516,-0.3567530340063377,-0.3223926273691351
size_shape,7,181,False,LNP193<-LNP194;LNP194<-LNP782;LNP195<-LNP854;LNP782<-LNP193;LNP854<-LNP195;LNP858<-LNP858,0.2987012987012987,-0.0032467532467531646,0.5522639994414188,0.00019574920506515436,0.38696145124716547,-0.04377447948876523,0.551948051948052,0.06818181818181818,0.5418181818181819,0.06266924564796905,0.1218289807746346,0.1561893874118372
size_shape,7,182,False,LNP193<-LNP194;LNP194<-LNP782;LNP195<-LNP854;LNP782<-LNP193;LNP854<-LNP858;LNP858<-LNP195,0.2922077922077922,-0.00974025974025966,0.5505755608028335,-0.0014926894335201002,0.3774376417233559,-0.05329828901257477,0.5876623376623377,0.10389610389610388,0.5847382431233363,0.10558930695312352,0.19738550848793068,0.23174591512513326
size_shape,7,183,False,LNP193<-LNP194;LNP194<-LNP782;LNP195<-LNP854;LNP782<-LNP195;LNP854<-LNP193;LNP858<-LNP858,0.0,-0.30194805194805185,0.4598255280073462,-0.09224272222900742,0.27088319088319085,-0.15985273985273984,0.29545454545454547,-0.18831168831168832,0.2653061224489796,-0.2138428137212332,-0.4605661864718382,-0.42620577983463565
size_shape,7,184,False,LNP193<-LNP194;LNP194<-LNP782;LNP195<-LNP854;LNP782<-LNP195;LNP854<-LNP858;LNP858<-LNP193,0.3474025974025974,0.045454545454545525,0.5607429335370512,0.008674683300697539,0.5392857142857143,0.10854978354978356,0.5194805194805194,0.03571428571428564,0.5183946488294314,0.03924571265921861,0.040291148201268875,0.07465155483847145
size_shape,7,185,False,LNP193<-LNP194;LNP194<-LNP782;LNP195<-LNP854;LNP782<-LNP858;LNP854<-LNP193;LNP858<-LNP195,0.0,-0.30194805194805185,0.4598255280073462,-0.09224272222900742,0.27088319088319085,-0.15985273985273984,0.29545454545454547,-0.18831168831168832,0.2653061224489796,-0.2138428137212332,-0.4605661864718382,-0.42620577983463565
size_shape,7,186,False,LNP193<-LNP194;LNP194<-LNP782;LNP195<-LNP854;LNP782<-LNP858;LNP854<-LNP195;LNP858<-LNP193,0.3474025974025974,0.045454545454545525,0.5607429335370512,0.008674683300697539,0.5392857142857143,0.10854978354978356,0.5194805194805194,0.03571428571428564,0.5183946488294314,0.03924571265921861,0.040291148201268875,0.07465155483847145
size_shape,7,187,False,LNP193<-LNP194;LNP194<-LNP782;LNP195<-LNP858;LNP782<-LNP193;LNP854<-LNP195;LNP858<-LNP854,0.0,-0.30194805194805185,0.4598255280073462,-0.09224272222900742,0.27088319088319085,-0.15985273985273984,0.4318181818181818,-0.051948051948051965,0.3454545454545454,-0.1336943907156674,-0.2405228464604172,-0.2061624398232146
size_shape,7,188,False,LNP193<-LNP194;LNP194<-LNP782;LNP195<-LNP858;LNP782<-LNP193;LNP854<-LNP854;LNP858<-LNP195,0.3474025974025974,0.045454545454545525,0.5635026737967914,0.011434423560437779,0.5392857142857143,0.10854978354978356,0.6558441558441559,0.1720779220779221,0.6538461538461539,0.17469721767594104,0.40771775315010056,0.44207815978730314
size_shape,7,189,False,LNP193<-LNP194;LNP194<-LNP782;LNP195<-LNP858;LNP782<-LNP195;LNP854<-LNP193;LNP858<-LNP854,0.21428571428571425,-0.08766233766233761,0.5267807949626132,-0.025287455273740433,0.3186377114948543,-0.11209821924107638,0.34090909090909094,-0.14285714285714285,0.29411764705882354,-0.18503128911138927,-0.39192475766909773,-0.35756435103189516
size_shape,7,190,False,LNP193<-LNP194;LNP194<-LNP782;LNP195<-LNP858;LNP782<-LNP195;LNP854<-LNP854;LNP858<-LNP193,0.19480519480519481,-0.10714285714285704,0.5213935895754078,-0.03067466066094582,0.3107012035583464,-0.12003472717758429,0.36363636363636365,-0.12012987012987014,0.30769230769230765,-0.17145662847790516,-0.3567530340063377,-0.3223926273691351
size_shape,7,191,False,LNP193<-LNP194;LNP194<-LNP782;LNP195<-LNP858;LNP782<-LNP854;LNP854<-LNP193;LNP858<-LNP195,0.3474025974025974,0.045454545454545525,0.5635026737967914,0.011434423560437779,0.5392857142857143,0.10854978354978356,0.6558441558441559,0.1720779220779221,0.6538461538461539,0.17469721767594104,0.40771775315010056,0.44207815978730314
size_shape,7,192,False,LNP193<-LNP194;LNP194<-LNP782;LNP195<-LNP858;LNP782<-LNP854;LNP854<-LNP195;LNP858<-LNP193,0.0,-0.30194805194805185,0.4598255280073462,-0.09224272222900742,0.27088319088319085,-0.15985273985273984,0.4318181818181818,-0.051948051948051965,0.3454545454545454,-0.1336943907156674,-0.2405228464604172,-0.2061624398232146
size_shape,7,193,False,LNP193<-LNP194;LNP194<-LNP854;LNP195<-LNP193;LNP782<-LNP195;LNP854<-LNP782;LNP858<-LNP858,0.0,-0.30194805194805185,0.4598255280073462,-0.09224272222900742,0.27088319088319085,-0.15985273985273984,0.29545454545454547,-0.18831168831168832,0.2653061224489796,-0.2138428137212332,-0.4605661864718382,-0.42620577983463565
size_shape,7,194,False,LNP193<-LNP194;LNP194<-LNP854;LNP195<-LNP193;LNP782<-LNP195;LNP854<-LNP858;LNP858<-LNP782,0.30194805194805185,0.0,0.5471771284271284,-0.004891121809225241,0.4307359307359307,0.0,0.5194805194805194,0.03571428571428564,0.5183946488294314,0.03924571265921861,0.040291148201268875,0.07465155483847145
size_shape,7,195,False,LNP193<-LNP194;LNP194<-LNP854;LNP195<-LNP193;LNP782<-LNP782;LNP854<-LNP195;LNP858<-LNP858,0.2922077922077922,-0.00974025974025966,0.5505755608028335,-0.0014926894335201002,0.3774376417233559,-0.05329828901257477,0.551948051948052,0.06818181818181818,0.5418181818181819,0.06266924564796905,0.1218289807746346,0.1561893874118372
size_shape,7,196,False,LNP193<-LNP194;LNP194<-LNP854;LNP195<-LNP193;LNP782<-LNP782;LNP854<-LNP858;LNP858<-LNP195,0.2727272727272727,-0.029220779220779147,0.5443059683263445,-0.007762281910009161,0.35777674706246126,-0.07295918367346943,0.5162337662337663,0.03246753246753248,0.4957983193277311,0.016649383157518294,0.03999232221113232,0.0743527288483349
size_shape,7,197,False,LNP193<-LNP194;LNP194<-LNP854;LNP195<-LNP193;LNP782<-LNP858;LNP854<-LNP195;LNP858<-LNP782,0.32792207792207784,0.025974025974025983,0.5545845757657901,0.0025163255294364806,0.5095238095238095,0.0787878787878788,0.4512987012987013,-0.03246753246753248,0.4514835605453088,-0.02766537562490401,-0.09631426606617752,-0.06195385942897494
size_shape,7,198,False,LNP193<-LNP194;LNP194<-LNP854;LNP195<-LNP193;LNP782<-LNP858;LNP854<-LNP782;LNP858<-LNP195,0.0,-0.30194805194805185,0.4598255280073462,-0.09224272222900742,0.2685022385022384,-0.16223369223369227,0.29545454545454547,-0.18831168831168832,0.2653061224489796,-0.2138428137212332,-0.4605661864718382,-0.42620577983463565
size_shape,7,199,False,LNP193<-LNP194;LNP194<-LNP854;LNP195<-LNP195;LNP782<-LNP193;LNP854<-LNP782;LNP858<-LNP858,0.3474025974025974,0.045454545454545525,0.5635026737967914,0.011434423560437779,0.5392857142857143,0.10854978354978356,0.6558441558441559,0.1720779220779221,0.6538461538461539,0.17469721767594104,0.40771775315010056,0.44207815978730314
size_shape,7,200,False,LNP193<-LNP194;LNP194<-LNP854;LNP195<-LNP195;LNP782<-LNP193;LNP854<-LNP858;LNP858<-LNP782,0.038961038961038946,-0.2629870129870129,0.47324174142355957,-0.07882650881279407,0.2748514448514448,-0.1558844858844859,0.4318181818181818,-0.051948051948051965,0.3454545454545454,-0.1336943907156674,-0.2405228464604172,-0.2061624398232146
size_shape,7,201,False,LNP193<-LNP194;LNP194<-LNP854;LNP195<-LNP195;LNP782<-LNP782;LNP854<-LNP193;LNP858<-LNP858,0.3474025974025974,0.045454545454545525,0.5635026737967914,0.011434423560437779,0.5392857142857143,0.10854978354978356,0.6558441558441559,0.1720779220779221,0.6538461538461539,0.17469721767594104,0.40771775315010056,0.44207815978730314
size_shape,7,202,False,LNP193<-LNP194;LNP194<-LNP854;LNP195<-LNP195;LNP782<-LNP782;LNP854<-LNP858;LNP858<-LNP193,0.0,-0.30194805194805185,0.4598255280073462,-0.09224272222900742,0.27088319088319085,-0.15985273985273984,0.4318181818181818,-0.051948051948051965,0.3454545454545454,-0.1336943907156674,-0.2405228464604172,-0.2061624398232146
size_shape,7,203,False,LNP193<-LNP194;LNP194<-LNP854;LNP195<-LNP195;LNP782<-LNP858;LNP854<-LNP193;LNP858<-LNP782,0.19480519480519481,-0.10714285714285704,0.521556134565539,-0.030512115670814688,0.3107012035583464,-0.12003472717758429,0.4318181818181818,-0.051948051948051965,0.3454545454545454,-0.1336943907156674,-0.2405228464604172,-0.2061624398232146
size_shape,7,204,False,LNP193<-LNP194;LNP194<-LNP854;LNP195<-LNP195;LNP782<-LNP858;LNP854<-LNP782;LNP858<-LNP193,0.15584415584415579,-0.14610389610389607,0.507841923849829,-0.044226326386524684,0.29777603349031917,-0.13295989724561152,0.36363636363636365,-0.12012987012987014,0.30769230769230765,-0.17145662847790516,-0.3567530340063377,-0.3223926273691351
size_shape,7,205,False,LNP193<-LNP194;LNP194<-LNP854;LNP195<-LNP782;LNP782<-LNP193;LNP854<-LNP195;LNP858<-LNP858,0.2824675324675324,-0.01948051948051943,0.5473288075560803,-0.004739442680273376,0.36751700680272104,-0.06321892393320966,0.5162337662337663,0.03246753246753248,0.4957983193277311,0.016649383157518294,0.03999232221113232,0.0743527288483349
size_shape,7,206,False,LNP193<-LNP194;LNP194<-LNP854;LNP195<-LNP782;LNP782<-LNP193;LNP854<-LNP858;LNP858<-LNP195,0.2922077922077922,-0.00974025974025966,0.5506673881673881,-0.0014008620689655027,0.3774376417233559,-0.05329828901257477,0.551948051948052,0.06818181818181818,0.5418181818181819,0.06266924564796905,0.1218289807746346,0.1561893874118372
size_shape,7,207,False,LNP193<-LNP194;LNP194<-LNP854;LNP195<-LNP782;LNP782<-LNP195;LNP854<-LNP193;LNP858<-LNP858,0.0,-0.30194805194805185,0.4598255280073462,-0.09224272222900742,0.27088319088319085,-0.15985273985273984,0.29545454545454547,-0.18831168831168832,0.2653061224489796,-0.2138428137212332,-0.4605661864718382,-0.42620577983463565
size_shape,7,208,False,LNP193<-LNP194;LNP194<-LNP854;LNP195<-LNP782;LNP782<-LNP195;LNP854<-LNP858;LNP858<-LNP193,0.30194805194805185,0.0,0.5471771284271284,-0.004891121809225241,0.4307359307359307,0.0,0.5194805194805194,0.03571428571428564,0.5183946488294314,0.03924571265921861,0.040291148201268875,0.07465155483847145
size_shape,7,209,False,LNP193<-LNP194;LNP194<-LNP854;LNP195<-LNP782;LNP782<-LNP858;LNP854<-LNP193;LNP858<-LNP195,0.0,-0.30194805194805185,0.4598255280073462,-0.09224272222900742,0.27088319088319085,-0.15985273985273984,0.36363636363636365,-0.12012987012987014,0.30769230769230765,-0.17145662847790516,-0.3567530340063377,-0.3223926273691351
size_shape,7,210,False,LNP193<-LNP194;LNP194<-LNP854;LNP195<-LNP782;LNP782<-LNP858;LNP854<-LNP195;LNP858<-LNP193,0.28896103896103886,-0.012987012987012991,0.5418601118133203,-0.010208138423033364,0.4684343434343434,0.03769841269841273,0.48376623376623373,-5.551115123125783e-17,0.4791489361702128,0.0,-0.03436040663720258,0.0
size_shape,7,211,False,LNP193<-LNP194;LNP194<-LNP854;LNP195<-LNP858;LNP782<-LNP193;LNP854<-LNP195;LNP858<-LNP782,0.0,-0.30194805194805185,0.4598255280073462,-0.09224272222900742,0.2685022385022384,-0.16223369223369227,0.4318181818181818,-0.051948051948051965,0.3454545454545454,-0.1336943907156674,-0.2405228464604172,-0.2061624398232146
size_shape,7,212,False,LNP193<-LNP194;LNP194<-LNP854;LNP195<-LNP858;LNP782<-LNP193;LNP854<-LNP782;LNP858<-LNP195,0.3474025974025974,0.045454545454545525,0.5635026737967914,0.011434423560437779,0.5392857142857143,0.10854978354978356,0.6558441558441559,0.1720779220779221,0.6538461538461539,0.17469721767594104,0.40771775315010056,0.44207815978730314
size_shape,7,213,False,LNP193<-LNP194;LNP194<-LNP854;LNP195<-LNP858;LNP782<-LNP195;LNP854<-LNP193;LNP858<-LNP782,0.15584415584415579,-0.14610389610389607,0.507841923849829,-0.044226326386524684,0.29777603349031917,-0.13295989724561152,0.29545454545454547,-0.18831168831168832,0.2653061224489796,-0.2138428137212332,-0.4605661864718382,-0.42620577983463565
size_shape,7,214,False,LNP193<-LNP194;LNP194<-LNP854;LNP195<-LNP858;LNP782<-LNP195;LNP854<-LNP782;LNP858<-LNP193,0.15584415584415579,-0.14610389610389607,0.507841923849829,-0.044226326386524684,0.29777603349031917,-0.13295989724561152,0.29545454545454547,-0.18831168831168832,0.2653061224489796,-0.2138428137212332,-0.4605661864718382,-0.42620577983463565
size_shape,7,215,False,LNP193<-LNP194;LNP194<-LNP854;LNP195<-LNP858;LNP782<-LNP782;LNP854<-LNP193;LNP858<-LNP195,0.3474025974025974,0.045454545454545525,0.5635026737967914,0.011434423560437779,0.5392857142857143,0.10854978354978356,0.6201298701298701,0.1363636363636363,0.6067527308838134,0.12760379471360062,0.33868074965743356,0.37304115629463613
size_shape,7,216,False,LNP193<-LNP194;LNP194<-LNP854;LNP195<-LNP858;LNP782<-LNP782;LNP854<-LNP195;LNP858<-LNP193,0.0,-0.30194805194805185,0.4598255280073462,-0.09224272222900742,0.27088319088319085,-0.15985273985273984,0.4318181818181818,-0.051948051948051965,0.3454545454545454,-0.1336943907156674,-0.2405228464604172,-0.2061624398232146
size_shape,7,217,False,LNP193<-LNP194;LNP194<-LNP858;LNP195<-LNP193;LNP782<-LNP195;LNP854<-LNP782;LNP858<-LNP854,0.32792207792207784,0.025974025974025983,0.5559133880825057,0.003845137846152036,0.49563492063492054,0.06489898989898985,0.5876623376623377,0.10389610389610388,0.5847382431233363,0.10558930695312352,0.19738550848793068,0.23174591512513326
size_shape,7,218,False,LNP193<-LNP194;LNP194<-LNP858;LNP195<-LNP193;LNP782<-LNP195;LNP854<-LNP854;LNP858<-LNP782,0.2987012987012987,-0.0032467532467531646,0.5482055578829772,-0.00386269235337644,0.38696145124716547,-0.04377447948876523,0.5876623376623377,0.10389610389610388,0.5847382431233363,0.10558930695312352,0.19738550848793068,0.23174591512513326
size_shape,7,219,False,LNP193<-LNP194;LNP194<-LNP858;LNP195<-LNP193;LNP782<-LNP782;LNP854<-LNP195;LNP858<-LNP854,0.3181818181818181,0.016233766233766267,0.556725076394194,0.004656826157840355,0.488095238095238,0.05735930735930733,0.5194805194805195,0.035714285714285754,0.5183946488294314,0.03924571265921861,0.040291148201269084,0.07465155483847166
size_shape,7,220,False,LNP193<-LNP194;LNP194<-LNP858;LNP195<-LNP193;LNP782<-LNP782;LNP854<-LNP854;LNP858<-LNP195,0.0,-0.30194805194805185,0.4598255280073462,-0.09224272222900742,0.27088319088319085,-0.15985273985273984,0.29545454545454547,-0.18831168831168832,0.2653061224489796,-0.2138428137212332,-0.4605661864718382,-0.42620577983463565
size_shape,7,221,False,LNP193<-LNP194;LNP194<-LNP858;LNP195<-LNP193;LNP782<-LNP854;LNP854<-LNP195;LNP858<-LNP782,0.3181818181818181,0.016233766233766267,0.556725076394194,0.004656826157840355,0.488095238095238,0.05735930735930733,0.5194805194805195,0.035714285714285754,0.5183946488294314,0.03924571265921861,0.040291148201269084,0.07465155483847166
size_shape,7,222,False,LNP193<-LNP194;LNP194<-LNP858;LNP195<-LNP193;LNP782<-LNP854;LNP854<-LNP782;LNP858<-LNP195,0.05844155844155838,-0.24350649350649348,0.47729433371144603,-0.07477391652490761,0.27517725938778564,-0.15555867134814505,0.29545454545454547,-0.18831168831168832,0.2653061224489796,-0.2138428137212332,-0.4605661864718382,-0.42620577983463565
size_shape,7,223,False,LNP193<-LNP194;LNP194<-LNP858;LNP195<-LNP195;LNP782<-LNP193;LNP854<-LNP782;LNP858<-LNP854,0.19480519480519481,-0.10714285714285704,0.521556134565539,-0.030512115670814688,0.3107012035583464,-0.12003472717758429,0.34090909090909094,-0.14285714285714285,0.29411764705882354,-0.18503128911138927,-0.39192475766909773,-0.35756435103189516
size_shape,7,224,False,LNP193<-LNP194;LNP194<-LNP858;LNP195<-LNP195;LNP782<-LNP193;LNP854<-LNP854;LNP858<-LNP782,0.24350649350649345,-0.058441558441558406,0.535020535020535,-0.017047715215818604,0.3394557823129251,-0.09128014842300558,0.41233766233766234,-0.07142857142857145,0.3930789707187223,-0.08606996545149054,-0.19738550848793068,-0.1630251018507281
size_shape,7,225,False,LNP193<-LNP194;LNP194<-LNP858;LNP195<-LNP195;LNP782<-LNP782;LNP854<-LNP193;LNP858<-LNP854,0.19480519480519476,-0.1071428571428571,0.5198174931129476,-0.03225075712340608,0.31183499040641893,-0.11890094032951176,0.34090909090909094,-0.14285714285714285,0.29411764705882354,-0.18503128911138927,-0.39192475766909773,-0.35756435103189516
size_shape,7,226,False,LNP193<-LNP194;LNP194<-LNP858;LNP195<-LNP195;LNP782<-LNP782;LNP854<-LNP854;LNP858<-LNP193,0.19480519480519481,-0.10714285714285704,0.521556134565539,-0.030512115670814688,0.3107012035583464,-0.12003472717758429,0.3441558441558442,-0.13961038961038957,0.3377926421404682,-0.1413562940297446,-0.32232918561015206,-0.2879687789729495
size_shape,7,227,False,LNP193<-LNP194;LNP194<-LNP858;LNP195<-LNP195;LNP782<-LNP854;LNP854<-LNP193;LNP858<-LNP782,0.21428571428571425,-0.08766233766233761,0.5269931457431457,-0.025075104493207934,0.3186377114948543,-0.11209821924107638,0.41233766233766234,-0.07142857142857145,0.3930789707187223,-0.08606996545149054,-0.19738550848793068,-0.1630251018507281
size_shape,7,228,False,LNP193<-LNP194;LNP194<-LNP858;LNP195<-LNP195;LNP782<-LNP854;LNP854<-LNP782;LNP858<-LNP193,0.19480519480519481,-0.10714285714285704,0.5213935895754078,-0.03067466066094582,0.3107012035583464,-0.12003472717758429,0.29545454545454547,-0.18831168831168832,0.2653061224489796,-0.2138428137212332,-0.4605661864718382,-0.42620577983463565
size_shape,7,229,False,LNP193<-LNP194;LNP194<-LNP858;LNP195<-LNP782;LNP782<-LNP193;LNP854<-LNP195;LNP858<-LNP854,0.29870129870129863,-0.00324675324675322,0.5509904603049541,-0.0010777899313995087,0.4553957946815089,0.02465986394557823,0.4837662337662338,0.0,0.4791489361702128,0.0,-0.03436040663720258,0.0
size_shape,7,230,False,LNP193<-LNP194;LNP194<-LNP858;LNP195<-LNP782;LNP782<-LNP193;LNP854<-LNP854;LNP858<-LNP195,0.07792207792207788,-0.22402597402597396,0.48331037649219466,-0.06875787374415898,0.28085491506544136,-0.14988101567048934,0.36363636363636365,-0.12012987012987014,0.30769230769230765,-0.17145662847790516,-0.3567530340063377,-0.3223926273691351
size_shape,7,231,False,LNP193<-LNP194;LNP194<-LNP858;LNP195<-LNP782;LNP782<-LNP195;LNP854<-LNP193;LNP858<-LNP854,0.2922077922077922,-0.00974025974025966,0.546517119244392,-0.005551130991961695,0.3774376417233559,-0.05329828901257477,0.5876623376623377,0.10389610389610388,0.5847382431233363,0.10558930695312352,0.19738550848793068,0.23174591512513326
size_shape,7,232,False,LNP193<-LNP194;LNP194<-LNP858;LNP195<-LNP782;LNP782<-LNP195;LNP854<-LNP854;LNP858<-LNP193,0.2922077922077922,-0.00974025974025966,0.546517119244392,-0.005551130991961695,0.3774376417233559,-0.05329828901257477,0.5876623376623377,0.10389610389610388,0.5847382431233363,0.10558930695312352,0.19738550848793068,0.23174591512513326
size_shape,7,233,False,LNP193<-LNP194;LNP194<-LNP858;LNP195<-LNP782;LNP782<-LNP854;LNP854<-LNP193;LNP858<-LNP195,0.05844155844155838,-0.24350649350649348,0.47729433371144603,-0.07477391652490761,0.2775582117687381,-0.15317771896719262,0.36363636363636365,-0.12012987012987014,0.30769230769230765,-0.17145662847790516,-0.3567530340063377,-0.3223926273691351
size_shape,7,234,False,LNP193<-LNP194;LNP194<-LNP858;LNP195<-LNP782;LNP782<-LNP854;LNP854<-LNP195;LNP858<-LNP193,0.2889610389610389,-0.012987012987012936,0.5480750511348235,-0.003993199101530176,0.44621212121212117,0.015476190476190477,0.4480519480519481,-0.0357142857142857,0.4375,-0.041648936170212814,-0.1130805588384352,-0.07872015220123262
size_shape,7,235,False,LNP193<-LNP194;LNP194<-LNP858;LNP195<-LNP854;LNP782<-LNP193;LNP854<-LNP195;LNP858<-LNP782,0.3181818181818181,0.016233766233766267,0.556725076394194,0.004656826157840355,0.488095238095238,0.05735930735930733,0.5194805194805195,0.035714285714285754,0.5183946488294314,0.03924571265921861,0.040291148201269084,0.07465155483847166
size_shape,7,236,False,LNP193<-LNP194;LNP194<-LNP858;LNP195<-LNP854;LNP782<-LNP193;LNP854<-LNP782;LNP858<-LNP195,0.07792207792207788,-0.22402597402597396,0.48331037649219466,-0.06875787374415898,0.278473962684489,-0.1522619680514417,0.29545454545454547,-0.18831168831168832,0.2653061224489796,-0.2138428137212332,-0.4605661864718382,-0.42620577983463565
size_shape,7,237,False,LNP193<-LNP194;LNP194<-LNP858;LNP195<-LNP854;LNP782<-LNP195;LNP854<-LNP193;LNP858<-LNP782,0.2922077922077922,-0.00974025974025966,0.546517119244392,-0.005551130991961695,0.3774376417233559,-0.05329828901257477,0.5876623376623377,0.10389610389610388,0.5847382431233363,0.10558930695312352,0.19738550848793068,0.23174591512513326
size_shape,7,238,False,LNP193<-LNP194;LNP194<-LNP858;LNP195<-LNP854;LNP782<-LNP195;LNP854<-LNP782;LNP858<-LNP193,0.2987012987012987,-0.0032467532467531646,0.5482055578829772,-0.00386269235337644,0.38696145124716547,-0.04377447948876523,0.5876623376623377,0.10389610389610388,0.5847382431233363,0.10558930695312352,0.19738550848793068,0.23174591512513326
size_shape,7,239,False,LNP193<-LNP194;LNP194<-LNP858;LNP195<-LNP854;LNP782<-LNP782;LNP854<-LNP193;LNP858<-LNP195,0.0,-0.30194805194805185,0.46285583103764927,-0.08921241919870437,0.27088319088319085,-0.15985273985273984,0.29545454545454547,-0.18831168831168832,0.2653061224489796,-0.2138428137212332,-0.4605661864718382,-0.42620577983463565
size_shape,7,240,False,LNP193<-LNP194;LNP194<-LNP858;LNP195<-LNP854;LNP782<-LNP782;LNP854<-LNP195;LNP858<-LNP193,0.30844155844155835,0.006493506493506496,0.5537022371644582,0.0016339869281045694,0.4783549783549783,0.047619047619047616,0.5194805194805195,0.035714285714285754,0.5183946488294314,0.03924571265921861,0.040291148201269084,0.07465155483847166
size_shape,7,241,False,LNP193<-LNP195;LNP194<-LNP193;LNP195<-LNP194;LNP782<-LNP782;LNP854<-LNP854;LNP858<-LNP858,0.30844155844155835,0.006493506493506496,0.5419929335370511,-0.010075316699302506,0.4783549783549783,0.047619047619047616,0.5194805194805194,0.03571428571428564,0.5183946488294314,0.03924571265921861,0.040291148201268875,0.07465155483847145
size_shape,7,242,False,LNP193<-LNP195;LNP194<-LNP193;LNP195<-LNP194;LNP782<-LNP782;LNP854<-LNP858;LNP858<-LNP854,0.05844155844155838,-0.24350649350649348,0.47424107384000436,-0.07782717639634928,0.2775582117687381,-0.15317771896719262,0.22727272727272727,-0.25649350649350655,0.2173913043478261,-0.2617576318223867,-0.5640760748177664,-0.5297156681805639
size_shape,7,243,False,LNP193<-LNP195;LNP194<-LNP193;LNP195<-LNP194;LNP782<-LNP854;LNP854<-LNP782;LNP858<-LNP858,0.24999999999999997,-0.05194805194805188,0.5330627705627705,-0.019005479673583126,0.339069264069264,-0.09166666666666667,0.5194805194805194,0.03571428571428564,0.5183946488294314,0.03924571265921861,0.040291148201268875,0.07465155483847145
size_shape,7,244,False,LNP193<-LNP195;LNP194<-LNP193;LNP195<-LNP194;LNP782<-LNP854;LNP854<-LNP858;LNP858<-LNP782,0.0,-0.30194805194805185,0.45805785123966947,-0.09401039899668417,0.27088319088319085,-0.15985273985273984,0.4318181818181818,-0.051948051948051965,0.3454545454545454,-0.1336943907156674,-0.2405228464604172,-0.2061624398232146
size_shape,7,245,False,LNP193<-LNP195;LNP194<-LNP193;LNP195<-LNP194;LNP782<-LNP858;LNP854<-LNP782;LNP858<-LNP854,0.25324675324675316,-0.04870129870129869,0.5339779342914138,-0.018090315944939817,0.34625850340136044,-0.08447742733457025,0.3831168831168831,-0.10064935064935071,0.3812500000000001,-0.09789893617021272,-0.22792115291927598,-0.1935607462820734
size_shape,7,246,False,LNP193<-LNP195;LNP194<-LNP193;LNP195<-LNP194;LNP782<-LNP858;LNP854<-LNP854;LNP858<-LNP782,0.2922077922077922,-0.00974025974025966,0.546517119244392,-0.005551130991961695,0.3774376417233559,-0.05329828901257477,0.3831168831168831,-0.10064935064935071,0.3812500000000001,-0.09789893617021272,-0.22792115291927598,-0.1935607462820734
size_shape,7,247,False,LNP193<-LNP195;LNP194<-LNP193;LNP195<-LNP782;LNP782<-LNP194;LNP854<-LNP854;LNP858<-LNP858,0.0,-0.30194805194805185,0.45805785123966947,-0.09401039899668417,0.27088319088319085,-0.15985273985273984,0.36363636363636365,-0.12012987012987014,0.30769230769230765,-0.17145662847790516,-0.3567530340063377,-0.3223926273691351
size_shape,7,248,False,LNP193<-LNP195;LNP194<-LNP193;LNP195<-LNP782;LNP782<-LNP194;LNP854<-LNP858;LNP858<-LNP854,0.2889610389610389,-0.012987012987012936,0.5433875616362247,-0.008680688600128939,0.44621212121212117,0.015476190476190477,0.5194805194805194,0.03571428571428564,0.5183946488294314,0.03924571265921861,0.040291148201268875,0.07465155483847145
size_shape,7,249,False,LNP193<-LNP195;LNP194<-LNP193;LNP195<-LNP782;LNP782<-LNP854;LNP854<-LNP194;LNP858<-LNP858,0.20454545454545447,-0.09740259740259738,0.5228230733912551,-0.02924517684509853,0.3167800453514739,-0.11395588538445678,0.4480519480519481,-0.0357142857142857,0.4375,-0.041648936170212814,-0.1130805588384352,-0.07872015220123262
size_shape,7,250,False,LNP193<-LNP195;LNP194<-LNP193;LNP195<-LNP782;LNP782<-LNP854;LNP854<-LNP858;LNP858<-LNP194,0.2727272727272726,-0.02922077922077926,0.5392264867366954,-0.012841763499658265,0.4179808286951144,-0.012755102040816313,0.4480519480519481,-0.0357142857142857,0.4375,-0.041648936170212814,-0.1130805588384352,-0.07872015220123262
size_shape,7,251,False,LNP193<-LNP195;LNP194<-LNP193;LNP195<-LNP782;LNP782<-LNP858;LNP854<-LNP194;LNP858<-LNP854,0.22402597402597396,-0.07792207792207789,0.5247752247752248,-0.027293025461128884,0.32358276643990924,-0.10715316429602145,0.4512987012987013,-0.03246753246753248,0.4514835605453088,-0.02766537562490401,-0.09631426606617752,-0.06195385942897494
size_shape,7,252,False,LNP193<-LNP195;LNP194<-LNP193;LNP195<-LNP782;LNP782<-LNP858;LNP854<-LNP854;LNP858<-LNP194,0.12662337662337658,-0.17532467532467527,0.4954086317722681,-0.056659618464085515,0.28754251700680267,-0.14319341372912803,0.20454545454545453,-0.27922077922077926,0.2,-0.2791489361702128,-0.5997364375010102,-0.5653760308638076
size_shape,7,253,False,LNP193<-LNP195;LNP194<-LNP193;LNP195<-LNP854;LNP782<-LNP194;LNP854<-LNP782;LNP858<-LNP858,0.0,-0.30194805194805185,0.45805785123966947,-0.09401039899668417,0.27088319088319085,-0.15985273985273984,0.36363636363636365,-0.12012987012987014,0.30769230769230765,-0.17145662847790516,-0.3567530340063377,-0.3223926273691351
size_shape,7,254,False,LNP193<-LNP195;LNP194<-LNP193;LNP195<-LNP854;LNP782<-LNP194;LNP854<-LNP858;LNP858<-LNP782,0.2889610389610389,-0.012987012987012936,0.5428666921313979,-0.00920155810495571,0.44621212121212117,0.015476190476190477,0.5194805194805194,0.03571428571428564,0.5183946488294314,0.03924571265921861,0.040291148201268875,0.07465155483847145
size_shape,7,255,False,LNP193<-LNP195;LNP194<-LNP193;LNP195<-LNP854;LNP782<-LNP782;LNP854<-LNP194;LNP858<-LNP858,0.29220779220779214,-0.009740259740259716,0.5486591593272627,-0.003409090909090917,0.4247835497835497,-0.005952380952380987,0.4837662337662338,0.0,0.4791489361702128,0.0,-0.03436040663720258,0.0
size_shape,7,256,False,LNP193<-LNP195;LNP194<-LNP193;LNP195<-LNP854;LNP782<-LNP782;LNP854<-LNP858;LNP858<-LNP194,0.20454545454545445,-0.09740259740259741,0.5192113442113442,-0.03285690602500946,0.32653061224489793,-0.10420531849103276,0.3116883116883117,-0.1720779220779221,0.3142857142857143,-0.16486322188449853,-0.3694942137922787,-0.3351338071550761
size_shape,7,257,False,LNP193<-LNP195;LNP194<-LNP193;LNP195<-LNP854;LNP782<-LNP858;LNP854<-LNP194;LNP858<-LNP782,0.28246753246753237,-0.019480519480519487,0.5406211843711843,-0.011447065865169304,0.41683673469387744,-0.013899196042053252,0.4512987012987013,-0.03246753246753248,0.4514835605453088,-0.02766537562490401,-0.09631426606617752,-0.06195385942897494
size_shape,7,258,False,LNP193<-LNP195;LNP194<-LNP193;LNP195<-LNP854;LNP782<-LNP858;LNP854<-LNP782;LNP858<-LNP194,0.12662337662337658,-0.17532467532467527,0.4954086317722681,-0.056659618464085515,0.28754251700680267,-0.14319341372912803,0.20454545454545453,-0.27922077922077926,0.2,-0.2791489361702128,-0.5997364375010102,-0.5653760308638076
size_shape,7,259,False,LNP193<-LNP195;LNP194<-LNP193;LNP195<-LNP858;LNP782<-LNP194;LNP854<-LNP782;LNP858<-LNP854,0.17532467532467524,-0.1266233766233766,0.513441480017567,-0.03862677021878669,0.30571254142682713,-0.12502338930910356,0.34090909090909094,-0.14285714285714285,0.29411764705882354,-0.18503128911138927,-0.39192475766909773,-0.35756435103189516
size_shape,7,260,False,LNP193<-LNP195;LNP194<-LNP193;LNP195<-LNP858;LNP782<-LNP194;LNP854<-LNP854;LNP858<-LNP782,0.15584415584415579,-0.14610389610389607,0.5080044688399601,-0.04406378139639355,0.29777603349031917,-0.13295989724561152,0.27272727272727276,-0.21103896103896103,0.25,-0.2291489361702128,-0.4947274449181534,-0.4603670382809508
size_shape,7,261,False,LNP193<-LNP195;LNP194<-LNP193;LNP195<-LNP858;LNP782<-LNP782;LNP854<-LNP194;LNP858<-LNP854,0.0,-0.30194805194805185,0.4598255280073462,-0.09224272222900742,0.27088319088319085,-0.15985273985273984,0.36363636363636365,-0.12012987012987014,0.30769230769230765,-0.17145662847790516,-0.3567530340063377,-0.3223926273691351
size_shape,7,262,False,LNP193<-LNP195;LNP194<-LNP193;LNP195<-LNP858;LNP782<-LNP782;LNP854<-LNP854;LNP858<-LNP194,0.23376623376623368,-0.06818181818181818,0.5248332810429752,-0.027234969193378422,0.3766706682673069,-0.05406526246862381,0.3116883116883117,-0.1720779220779221,0.3142857142857143,-0.16486322188449853,-0.3694942137922787,-0.3351338071550761
size_shape,7,263,False,LNP193<-LNP195;LNP194<-LNP193;LNP195<-LNP858;LNP782<-LNP854;LNP854<-LNP194;LNP858<-LNP782,0.0,-0.30194805194805185,0.4598255280073462,-0.09224272222900742,0.27088319088319085,-0.15985273985273984,0.36363636363636365,-0.12012987012987014,0.30769230769230765,-0.17145662847790516,-0.3567530340063377,-0.3223926273691351
size_shape,7,264,False,LNP193<-LNP195;LNP194<-LNP193;LNP195<-LNP858;LNP782<-LNP854;LNP854<-LNP782;LNP858<-LNP194,0.25324675324675316,-0.04870129870129869,0.5316557180193543,-0.020412532216999346,0.3831065759637188,-0.04762935477221192,0.37987012987012986,-0.10389610389610393,0.37777777777777777,-0.10137115839243505,-0.2438488811817297,-0.20948847454452713
size_shape,7,265,False,LNP193<-LNP195;LNP194<-LNP194;LNP195<-LNP193;LNP782<-LNP782;LNP854<-LNP854;LNP858<-LNP858,0.1363636363636363,-0.16558441558441556,0.5010237420316471,-0.05104450820470652,0.29399674399674397,-0.13673918673918672,0.29545454545454547,-0.18831168831168832,0.2653061224489796,-0.2138428137212332,-0.4605661864718382,-0.42620577983463565
size_shape,7,266,False,LNP193<-LNP195;LNP194<-LNP194;LNP195<-LNP193;LNP782<-LNP782;LNP854<-LNP858;LNP858<-LNP854,0.3181818181818181,0.016233766233766267,0.556725076394194,0.004656826157840355,0.488095238095238,0.05735930735930733,0.5194805194805195,0.035714285714285754,0.5183946488294314,0.03924571265921861,0.040291148201269084,0.07465155483847166
size_shape,7,267,False,LNP193<-LNP195;LNP194<-LNP194;LNP195<-LNP193;LNP782<-LNP854;LNP854<-LNP782;LNP858<-LNP858,0.0,-0.30194805194805185,0.4598255280073462,-0.09224272222900742,0.27088319088319085,-0.15985273985273984,0.29545454545454547,-0.18831168831168832,0.2653061224489796,-0.2138428137212332,-0.4605661864718382,-0.42620577983463565
size_shape,7,268,False,LNP193<-LNP195;LNP194<-LNP194;LNP195<-LNP193;LNP782<-LNP854;LNP854<-LNP858;LNP858<-LNP782,0.30844155844155835,0.006493506493506496,0.5512671722293933,-0.0008010780069603873,0.4783549783549783,0.047619047619047616,0.5194805194805195,0.035714285714285754,0.5183946488294314,0.03924571265921861,0.040291148201269084,0.07465155483847166
size_shape,7,269,False,LNP193<-LNP195;LNP194<-LNP194;LNP195<-LNP193;LNP782<-LNP858;LNP854<-LNP782;LNP858<-LNP854,0.37662337662337664,0.07467532467532478,0.5804743384957288,0.028406088259375184,0.4869614512471655,0.056225520511234806,0.5876623376623377,0.10389610389610388,0.5847382431233363,0.10558930695312352,0.19738550848793068,0.23174591512513326
size_shape,7,270,False,LNP193<-LNP195;LNP194<-LNP194;LNP195<-LNP193;LNP782<-LNP858;LNP854<-LNP854;LNP858<-LNP782,0.35714285714285715,0.055194805194805296,0.5754782851557044,0.023410034919350786,0.40124716553287976,-0.029488765203050937,0.5876623376623377,0.10389610389610388,0.5847382431233363,0.10558930695312352,0.19738550848793068,0.23174591512513326
size_shape,7,271,False,LNP193<-LNP195;LNP194<-LNP194;LNP195<-LNP782;LNP782<-LNP193;LNP854<-LNP854;LNP858<-LNP858,0.03896103896103894,-0.26298701298701294,0.4719467401285583,-0.08012151010779534,0.2748514448514448,-0.1558844858844859,0.29545454545454547,-0.18831168831168832,0.2653061224489796,-0.2138428137212332,-0.4605661864718382,-0.42620577983463565
size_shape,7,272,False,LNP193<-LNP195;LNP194<-LNP194;LNP195<-LNP782;LNP782<-LNP193;LNP854<-LNP858;LNP858<-LNP854,0.30194805194805185,0.0,0.5520682502363536,0.0,0.4307359307359307,0.0,0.5194805194805195,0.035714285714285754,0.5183946488294314,0.03924571265921861,0.040291148201269084,0.07465155483847166
size_shape,7,273,False,LNP193<-LNP195;LNP194<-LNP194;LNP195<-LNP782;LNP782<-LNP854;LNP854<-LNP193;LNP858<-LNP858,0.0,-0.30194805194805185,0.46415083233265053,-0.08791741790370311,0.27088319088319085,-0.15985273985273984,0.29545454545454547,-0.18831168831168832,0.2653061224489796,-0.2138428137212332,-0.4605661864718382,-0.42620577983463565
size_shape,7,274,False,LNP193<-LNP195;LNP194<-LNP194;LNP195<-LNP782;LNP782<-LNP854;LNP854<-LNP858;LNP858<-LNP193,0.29220779220779214,-0.009740259740259716,0.5469214084417846,-0.005146841794569035,0.4077767470624613,-0.022959183673469385,0.4837662337662338,0.0,0.4791489361702128,0.0,-0.03436040663720258,0.0
size_shape,7,275,False,LNP193<-LNP195;LNP194<-LNP194;LNP195<-LNP782;LNP782<-LNP858;LNP854<-LNP193;LNP858<-LNP854,0.35064935064935066,0.0487012987012988,0.5737898465171192,0.02172159628076553,0.3917233560090702,-0.03901257472686048,0.5876623376623377,0.10389610389610388,0.5847382431233363,0.10558930695312352,0.19738550848793068,0.23174591512513326
size_shape,7,276,False,LNP193<-LNP195;LNP194<-LNP194;LNP195<-LNP782;LNP782<-LNP858;LNP854<-LNP854;LNP858<-LNP193,0.35064935064935066,0.0487012987012988,0.5737898465171192,0.02172159628076553,0.3917233560090702,-0.03901257472686048,0.5876623376623377,0.10389610389610388,0.5847382431233363,0.10558930695312352,0.19738550848793068,0.23174591512513326
size_shape,7,277,False,LNP193<-LNP195;LNP194<-LNP194;LNP195<-LNP854;LNP782<-LNP193;LNP854<-LNP782;LNP858<-LNP858,0.03896103896103894,-0.26298701298701294,0.4719467401285583,-0.08012151010779534,0.2748514448514448,-0.1558844858844859,0.29545454545454547,-0.18831168831168832,0.2653061224489796,-0.2138428137212332,-0.4605661864718382,-0.42620577983463565
size_shape,7,278,False,LNP193<-LNP195;LNP194<-LNP194;LNP195<-LNP854;LNP782<-LNP193;LNP854<-LNP858;LNP858<-LNP782,0.3181818181818181,0.016233766233766267,0.556725076394194,0.004656826157840355,0.488095238095238,0.05735930735930733,0.5194805194805195,0.035714285714285754,0.5183946488294314,0.03924571265921861,0.040291148201269084,0.07465155483847166
size_shape,7,279,False,LNP193<-LNP195;LNP194<-LNP194;LNP195<-LNP854;LNP782<-LNP782;LNP854<-LNP193;LNP858<-LNP858,0.11688311688311678,-0.18506493506493507,0.4950076992508985,-0.05706055098545515,0.29070004070004063,-0.14003589003589006,0.29545454545454547,-0.18831168831168832,0.2653061224489796,-0.2138428137212332,-0.4605661864718382,-0.42620577983463565
size_shape,7,280,False,LNP193<-LNP195;LNP194<-LNP194;LNP195<-LNP854;LNP782<-LNP782;LNP854<-LNP858;LNP858<-LNP193,0.3181818181818181,0.016233766233766267,0.556725076394194,0.004656826157840355,0.488095238095238,0.05735930735930733,0.5194805194805195,0.035714285714285754,0.5183946488294314,0.03924571265921861,0.040291148201269084,0.07465155483847166
size_shape,7,281,False,LNP193<-LNP195;LNP194<-LNP194;LNP195<-LNP854;LNP782<-LNP858;LNP854<-LNP193;LNP858<-LNP782,0.35064935064935066,0.0487012987012988,0.5737898465171192,0.02172159628076553,0.3917233560090702,-0.03901257472686048,0.5876623376623377,0.10389610389610388,0.5847382431233363,0.10558930695312352,0.19738550848793068,0.23174591512513326
size_shape,7,282,False,LNP193<-LNP195;LNP194<-LNP194;LNP195<-LNP854;LNP782<-LNP858;LNP854<-LNP782;LNP858<-LNP193,0.474025974025974,0.17207792207792216,0.7134652981427174,0.16139704790636378,0.43458049886621314,0.003844568130282444,0.5876623376623377,0.10389610389610388,0.5847382431233363,0.10558930695312352,0.19738550848793068,0.23174591512513326
size_shape,7,283,False,LNP193<-LNP195;LNP194<-LNP194;LNP195<-LNP858;LNP782<-LNP193;LNP854<-LNP782;LNP858<-LNP854,0.21428571428571425,-0.08766233766233761,0.5269931457431457,-0.025075104493207934,0.3186377114948543,-0.11209821924107638,0.34090909090909094,-0.14285714285714285,0.29411764705882354,-0.18503128911138927,-0.39192475766909773,-0.35756435103189516
size_shape,7,284,False,LNP193<-LNP195;LNP194<-LNP194;LNP195<-LNP858;LNP782<-LNP193;LNP854<-LNP854;LNP858<-LNP782,0.21428571428571425,-0.08766233766233761,0.5269931457431457,-0.025075104493207934,0.3186377114948543,-0.11209821924107638,0.41233766233766234,-0.07142857142857145,0.3930789707187223,-0.08606996545149054,-0.19738550848793068,-0.1630251018507281
size_shape,7,285,False,LNP193<-LNP195;LNP194<-LNP194;LNP195<-LNP858;LNP782<-LNP782;LNP854<-LNP193;LNP858<-LNP854,0.22402597402597396,-0.07792207792207789,0.5299068986568987,-0.02216135157945498,0.32358276643990924,-0.10715316429602145,0.4480519480519481,-0.0357142857142857,0.4375,-0.041648936170212814,-0.1130805588384352,-0.07872015220123262
size_shape,7,286,False,LNP193<-LNP195;LNP194<-LNP194;LNP195<-LNP858;LNP782<-LNP782;LNP854<-LNP854;LNP858<-LNP193,0.22402597402597396,-0.07792207792207789,0.529815071292344,-0.02225317894400969,0.32358276643990924,-0.10715316429602145,0.3798701298701299,-0.10389610389610388,0.37777777777777777,-0.10137115839243505,-0.24384888118172945,-0.20948847454452688
size_shape,7,287,False,LNP193<-LNP195;LNP194<-LNP194;LNP195<-LNP858;LNP782<-LNP854;LNP854<-LNP193;LNP858<-LNP782,0.21428571428571425,-0.08766233766233761,0.5269931457431457,-0.025075104493207934,0.3186377114948543,-0.11209821924107638,0.34090909090909094,-0.14285714285714285,0.29411764705882354,-0.18503128911138927,-0.39192475766909773,-0.35756435103189516
size_shape,7,288,False,LNP193<-LNP195;LNP194<-LNP194;LNP195<-LNP858;LNP782<-LNP854;LNP854<-LNP782;LNP858<-LNP193,0.1753246753246753,-0.12662337662337655,0.5144723092998954,-0.03759594093645824,0.303898482469911,-0.12683744826601967,0.27272727272727276,-0.21103896103896103,0.25,-0.2291489361702128,-0.4947274449181534,-0.4603670382809508
size_shape,7,289,False,LNP193<-LNP195;LNP194<-LNP782;LNP195<-LNP193;LNP782<-LNP194;LNP854<-LNP854;LNP858<-LNP858,0.00649350649350649,-0.29545454545454536,0.4602917284735467,-0.09177652176280693,0.27140078922687616,-0.15933514150905453,0.36363636363636365,-0.12012987012987014,0.30769230769230765,-0.17145662847790516,-0.3567530340063377,-0.3223926273691351
size_shape,7,290,False,LNP193<-LNP195;LNP194<-LNP782;LNP195<-LNP193;LNP782<-LNP194;LNP854<-LNP858;LNP858<-LNP854,0.30844155844155835,0.006493506493506496,0.548811115355233,-0.0032571348811206713,0.4783549783549783,0.047619047619047616,0.5194805194805194,0.03571428571428564,0.5183946488294314,0.03924571265921861,0.040291148201268875,0.07465155483847145
size_shape,7,291,False,LNP193<-LNP195;LNP194<-LNP782;LNP195<-LNP193;LNP782<-LNP854;LNP854<-LNP194;LNP858<-LNP858,0.29220779220779214,-0.009740259740259716,0.5486591593272627,-0.003409090909090917,0.4247835497835497,-0.005952380952380987,0.4837662337662338,0.0,0.4791489361702128,0.0,-0.03436040663720258,0.0
size_shape,7,292,False,LNP193<-LNP195;LNP194<-LNP782;LNP195<-LNP193;LNP782<-LNP854;LNP854<-LNP858;LNP858<-LNP194,0.2987012987012986,-0.0032467532467532756,0.5474718296409472,-0.004596420595406436,0.47817460317460314,0.04743867243867245,0.3831168831168831,-0.10064935064935071,0.3812500000000001,-0.09789893617021272,-0.22792115291927598,-0.1935607462820734
size_shape,7,293,False,LNP193<-LNP195;LNP194<-LNP782;LNP195<-LNP193;LNP782<-LNP858;LNP854<-LNP194;LNP858<-LNP854,0.30844155844155835,0.006493506493506496,0.548811115355233,-0.0032571348811206713,0.4783549783549783,0.047619047619047616,0.4512987012987013,-0.03246753246753248,0.4514835605453088,-0.02766537562490401,-0.09631426606617752,-0.06195385942897494
size_shape,7,294,False,LNP193<-LNP195;LNP194<-LNP782;LNP195<-LNP193;LNP782<-LNP858;LNP854<-LNP854;LNP858<-LNP194,0.13311688311688308,-0.16883116883116878,0.4971303948576676,-0.05493785537868606,0.2889030612244898,-0.14183286951144092,0.275974025974026,-0.2077922077922078,0.27826784282277467,-0.20088109334743814,-0.44304562390441643,-0.40868521726721385
size_shape,7,295,False,LNP193<-LNP195;LNP194<-LNP782;LNP195<-LNP194;LNP782<-LNP193;LNP854<-LNP854;LNP858<-LNP858,0.24999999999999997,-0.05194805194805188,0.5330627705627705,-0.019005479673583126,0.339069264069264,-0.09166666666666667,0.5194805194805194,0.03571428571428564,0.5183946488294314,0.03924571265921861,0.040291148201268875,0.07465155483847145
size_shape,7,296,False,LNP193<-LNP195;LNP194<-LNP782;LNP195<-LNP194;LNP782<-LNP193;LNP854<-LNP858;LNP858<-LNP854,0.03896103896103894,-0.26298701298701294,0.47017906336088156,-0.08188918687547209,0.2748514448514448,-0.1558844858844859,0.22727272727272727,-0.25649350649350655,0.2173913043478261,-0.2617576318223867,-0.5640760748177664,-0.5297156681805639
size_shape,7,297,False,LNP193<-LNP195;LNP194<-LNP782;LNP195<-LNP194;LNP782<-LNP854;LNP854<-LNP193;LNP858<-LNP858,0.24999999999999997,-0.05194805194805188,0.5330627705627705,-0.019005479673583126,0.339069264069264,-0.09166666666666667,0.5194805194805194,0.03571428571428564,0.5183946488294314,0.03924571265921861,0.040291148201268875,0.07465155483847145
size_shape,7,298,False,LNP193<-LNP195;LNP194<-LNP782;LNP195<-LNP194;LNP782<-LNP854;LNP854<-LNP858;LNP858<-LNP193,0.05844155844155838,-0.24350649350649348,0.47424107384000436,-0.07782717639634928,0.2775582117687381,-0.15317771896719262,0.22727272727272727,-0.25649350649350655,0.2173913043478261,-0.2617576318223867,-0.5640760748177664,-0.5297156681805639
size_shape,7,299,False,LNP193<-LNP195;LNP194<-LNP782;LNP195<-LNP194;LNP782<-LNP858;LNP854<-LNP193;LNP858<-LNP854,0.25324675324675316,-0.04870129870129869,0.5339779342914138,-0.018090315944939817,0.34625850340136044,-0.08447742733457025,0.3831168831168831,-0.10064935064935071,0.3812500000000001,-0.09789893617021272,-0.22792115291927598,-0.1935607462820734
size_shape,7,300,False,LNP193<-LNP195;LNP194<-LNP782;LNP195<-LNP194;LNP782<-LNP858;LNP854<-LNP854;LNP858<-LNP193,0.2922077922077922,-0.00974025974025966,0.546517119244392,-0.005551130991961695,0.3774376417233559,-0.05329828901257477,0.3831168831168831,-0.10064935064935071,0.3812500000000001,-0.09789893617021272,-0.22792115291927598,-0.1935607462820734
size_shape,7,301,False,LNP193<-LNP195;LNP194<-LNP782;LNP195<-LNP854;LNP782<-LNP193;LNP854<-LNP194;LNP858<-LNP858,0.29220779220779214,-0.009740259740259716,0.5486591593272627,-0.003409090909090917,0.4247835497835497,-0.005952380952380987,0.4837662337662338,0.0,0.4791489361702128,0.0,-0.03436040663720258,0.0
size_shape,7,302,False,LNP193<-LNP195;LNP194<-LNP782;LNP195<-LNP854;LNP782<-LNP193;LNP854<-LNP858;LNP858<-LNP194,0.23376623376623362,-0.06818181818181823,0.5269913385117146,-0.025076911724638995,0.38333333333333325,-0.047402597402597446,0.4480519480519481,-0.0357142857142857,0.4375,-0.041648936170212814,-0.1130805588384352,-0.07872015220123262
size_shape,7,303,False,LNP193<-LNP195;LNP194<-LNP782;LNP195<-LNP854;LNP782<-LNP194;LNP854<-LNP193;LNP858<-LNP858,0.0,-0.30194805194805185,0.4598255280073462,-0.09224272222900742,0.27088319088319085,-0.15985273985273984,0.36363636363636365,-0.12012987012987014,0.30769230769230765,-0.17145662847790516,-0.3567530340063377,-0.3223926273691351
size_shape,7,304,False,LNP193<-LNP195;LNP194<-LNP782;LNP195<-LNP854;LNP782<-LNP194;LNP854<-LNP858;LNP858<-LNP193,0.30844155844155835,0.006493506493506496,0.548811115355233,-0.0032571348811206713,0.4783549783549783,0.047619047619047616,0.5194805194805194,0.03571428571428564,0.5183946488294314,0.03924571265921861,0.040291148201268875,0.07465155483847145
size_shape,7,305,False,LNP193<-LNP195;LNP194<-LNP782;LNP195<-LNP854;LNP782<-LNP858;LNP854<-LNP193;LNP858<-LNP194,0.12662337662337658,-0.17532467532467527,0.4954086317722681,-0.056659618464085515,0.28754251700680267,-0.14319341372912803,0.275974025974026,-0.2077922077922078,0.27826784282277467,-0.20088109334743814,-0.44304562390441643,-0.40868521726721385
size_shape,7,306,False,LNP193<-LNP195;LNP194<-LNP782;LNP195<-LNP854;LNP782<-LNP858;LNP854<-LNP194;LNP858<-LNP193,0.30844155844155835,0.006493506493506496,0.548811115355233,-0.0032571348811206713,0.4783549783549783,0.047619047619047616,0.4512987012987013,-0.03246753246753248,0.4514835605453088,-0.02766537562490401,-0.09631426606617752,-0.06195385942897494
size_shape,7,307,False,LNP193<-LNP195;LNP194<-LNP782;LNP195<-LNP858;LNP782<-LNP193;LNP854<-LNP194;LNP858<-LNP854,0.0,-0.30194805194805185,0.4598255280073462,-0.09224272222900742,0.27088319088319085,-0.15985273985273984,0.36363636363636365,-0.12012987012987014,0.30769230769230765,-0.17145662847790516,-0.3567530340063377,-0.3223926273691351
size_shape,7,308,False,LNP193<-LNP195;LNP194<-LNP782;LNP195<-LNP858;LNP782<-LNP193;LNP854<-LNP854;LNP858<-LNP194,0.19480519480519473,-0.10714285714285712,0.5149159256710744,-0.03715232456527928,0.3131786047752434,-0.1175573259606873,0.44805194805194803,-0.035714285714285754,0.4375,-0.041648936170212814,-0.11308055883843511,-0.07872015220123253
size_shape,7,309,False,LNP193<-LNP195;LNP194<-LNP782;LNP195<-LNP858;LNP782<-LNP194;LNP854<-LNP193;LNP858<-LNP854,0.22402597402597396,-0.07792207792207789,0.5299068986568987,-0.02216135157945498,0.32358276643990924,-0.10715316429602145,0.4480519480519481,-0.0357142857142857,0.4375,-0.041648936170212814,-0.1130805588384352,-0.07872015220123262
size_shape,7,310,False,LNP193<-LNP195;LNP194<-LNP782;LNP195<-LNP858;LNP782<-LNP194;LNP854<-LNP854;LNP858<-LNP193,0.21428571428571425,-0.08766233766233761,0.5269013183785911,-0.02516693185776253,0.3186377114948543,-0.11209821924107638,0.3441558441558442,-0.13961038961038957,0.3377926421404682,-0.1413562940297446,-0.32232918561015206,-0.2879687789729495
size_shape,7,311,False,LNP193<-LNP195;LNP194<-LNP782;LNP195<-LNP858;LNP782<-LNP854;LNP854<-LNP193;LNP858<-LNP194,0.29220779220779214,-0.009740259740259716,0.5437680375180375,-0.008300212718316158,0.4247835497835497,-0.005952380952380987,0.4512987012987013,-0.03246753246753248,0.4514835605453088,-0.02766537562490401,-0.09631426606617752,-0.06195385942897494
size_shape,7,312,False,LNP193<-LNP195;LNP194<-LNP782;LNP195<-LNP858;LNP782<-LNP854;LNP854<-LNP194;LNP858<-LNP193,0.0,-0.30194805194805185,0.4598255280073462,-0.09224272222900742,0.27088319088319085,-0.15985273985273984,0.36363636363636365,-0.12012987012987014,0.30769230769230765,-0.17145662847790516,-0.3567530340063377,-0.3223926273691351
size_shape,7,313,False,LNP193<-LNP195;LNP194<-LNP854;LNP195<-LNP193;LNP782<-LNP194;LNP854<-LNP782;LNP858<-LNP858,0.0,-0.30194805194805185,0.45805785123966947,-0.09401039899668417,0.27088319088319085,-0.15985273985273984,0.22727272727272727,-0.25649350649350655,0.2173913043478261,-0.2617576318223867,-0.5640760748177664,-0.5297156681805639
size_shape,7,314,False,LNP193<-LNP195;LNP194<-LNP854;LNP195<-LNP193;LNP782<-LNP194;LNP854<-LNP858;LNP858<-LNP782,0.24999999999999997,-0.05194805194805188,0.5330627705627705,-0.019005479673583126,0.339069264069264,-0.09166666666666667,0.5194805194805194,0.03571428571428564,0.5183946488294314,0.03924571265921861,0.040291148201268875,0.07465155483847145
size_shape,7,315,False,LNP193<-LNP195;LNP194<-LNP854;LNP195<-LNP193;LNP782<-LNP782;LNP854<-LNP194;LNP858<-LNP858,0.29220779220779214,-0.009740259740259716,0.5486591593272627,-0.003409090909090917,0.4247835497835497,-0.005952380952380987,0.4480519480519481,-0.0357142857142857,0.4375,-0.041648936170212814,-0.1130805588384352,-0.07872015220123262
size_shape,7,316,False,LNP193<-LNP195;LNP194<-LNP854;LNP195<-LNP193;LNP782<-LNP782;LNP854<-LNP858;LNP858<-LNP194,0.2727272727272726,-0.02922077922077926,0.5392264867366954,-0.012841763499658265,0.4179808286951144,-0.012755102040816313,0.3474025974025974,-0.1363636363636364,0.3485444531864673,-0.1306044829837455,-0.2980239964173918,-0.2636635897801892
size_shape,7,317,False,LNP193<-LNP195;LNP194<-LNP854;LNP195<-LNP193;LNP782<-LNP858;LNP854<-LNP194;LNP858<-LNP782,0.22402597402597396,-0.07792207792207789,0.5247752247752248,-0.027293025461128884,0.3212018140589568,-0.10953411667697388,0.4512987012987013,-0.03246753246753248,0.4514835605453088,-0.02766537562490401,-0.09631426606617752,-0.06195385942897494
size_shape,7,318,False,LNP193<-LNP195;LNP194<-LNP854;LNP195<-LNP193;LNP782<-LNP858;LNP854<-LNP782;LNP858<-LNP194,0.1558441558441558,-0.14610389610389604,0.5041096773154189,-0.04795857292093475,0.2948254301720688,-0.1359105005638619,0.3116883116883117,-0.1720779220779221,0.3142857142857143,-0.16486322188449853,-0.3694942137922787,-0.3351338071550761
size_shape,7,319,False,LNP193<-LNP195;LNP194<-LNP854;LNP195<-LNP194;LNP782<-LNP193;LNP854<-LNP782;LNP858<-LNP858,0.24999999999999997,-0.05194805194805188,0.5330627705627705,-0.019005479673583126,0.339069264069264,-0.09166666666666667,0.5194805194805194,0.03571428571428564,0.5183946488294314,0.03924571265921861,0.040291148201268875,0.07465155483847145
size_shape,7,320,False,LNP193<-LNP195;LNP194<-LNP854;LNP195<-LNP194;LNP782<-LNP193;LNP854<-LNP858;LNP858<-LNP782,0.0064935064935064905,-0.29545454545454536,0.45473617291799107,-0.09733207731836258,0.27140078922687616,-0.15933514150905453,0.5,0.01623376623376621,0.37931034482758613,-0.09983859134262668,0.0,0.03436040663720258
size_shape,7,321,False,LNP193<-LNP195;LNP194<-LNP854;LNP195<-LNP194;LNP782<-LNP782;LNP854<-LNP193;LNP858<-LNP858,0.30844155844155835,0.006493506493506496,0.5419929335370511,-0.010075316699302506,0.4783549783549783,0.047619047619047616,0.5194805194805194,0.03571428571428564,0.5183946488294314,0.03924571265921861,0.040291148201268875,0.07465155483847145
size_shape,7,322,False,LNP193<-LNP195;LNP194<-LNP854;LNP195<-LNP194;LNP782<-LNP782;LNP854<-LNP858;LNP858<-LNP193,0.09740259740259738,-0.20454545454545447,0.4870752984389348,-0.06499295179741882,0.28463420455901656,-0.14610172617691414,0.22727272727272727,-0.25649350649350655,0.2173913043478261,-0.2617576318223867,-0.5640760748177664,-0.5297156681805639
size_shape,7,323,False,LNP193<-LNP195;LNP194<-LNP854;LNP195<-LNP194;LNP782<-LNP858;LNP854<-LNP193;LNP858<-LNP782,0.2727272727272727,-0.029220779220779147,0.5400236127508855,-0.012044637485468135,0.36156462585034005,-0.06917130488559065,0.3831168831168831,-0.10064935064935071,0.3812500000000001,-0.09789893617021272,-0.22792115291927598,-0.1935607462820734
size_shape,7,324,False,LNP193<-LNP195;LNP194<-LNP854;LNP195<-LNP194;LNP782<-LNP858;LNP854<-LNP782;LNP858<-LNP193,0.25324675324675316,-0.04870129870129869,0.5339779342914138,-0.018090315944939817,0.34625850340136044,-0.08447742733457025,0.3831168831168831,-0.10064935064935071,0.3812500000000001,-0.09789893617021272,-0.22792115291927598,-0.1935607462820734
size_shape,7,325,False,LNP193<-LNP195;LNP194<-LNP854;LNP195<-LNP782;LNP782<-LNP193;LNP854<-LNP194;LNP858<-LNP858,0.18506493506493496,-0.1168831168831169,0.5163552329313198,-0.035713017305033845,0.31065759637188206,-0.12007833436404863,0.4480519480519481,-0.0357142857142857,0.4375,-0.041648936170212814,-0.1130805588384352,-0.07872015220123262
size_shape,7,326,False,LNP193<-LNP195;LNP194<-LNP854;LNP195<-LNP782;LNP782<-LNP193;LNP854<-LNP858;LNP858<-LNP194,0.2727272727272726,-0.02922077922077926,0.5415753340616193,-0.010492916174734357,0.4179808286951144,-0.012755102040816313,0.4480519480519481,-0.0357142857142857,0.4375,-0.041648936170212814,-0.1130805588384352,-0.07872015220123262
size_shape,7,327,False,LNP193<-LNP195;LNP194<-LNP854;LNP195<-LNP782;LNP782<-LNP194;LNP854<-LNP193;LNP858<-LNP858,0.0,-0.30194805194805185,0.45805785123966947,-0.09401039899668417,0.27088319088319085,-0.15985273985273984,0.22727272727272727,-0.25649350649350655,0.2173913043478261,-0.2617576318223867,-0.5640760748177664,-0.5297156681805639
size_shape,7,328,False,LNP193<-LNP195;LNP194<-LNP854;LNP195<-LNP782;LNP782<-LNP194;LNP854<-LNP858;LNP858<-LNP193,0.24999999999999997,-0.05194805194805188,0.5330627705627705,-0.019005479673583126,0.339069264069264,-0.09166666666666667,0.5194805194805194,0.03571428571428564,0.5183946488294314,0.03924571265921861,0.040291148201268875,0.07465155483847145
size_shape,7,329,False,LNP193<-LNP195;LNP194<-LNP854;LNP195<-LNP782;LNP782<-LNP858;LNP854<-LNP193;LNP858<-LNP194,0.1558441558441558,-0.14610389610389604,0.5041096773154189,-0.04795857292093475,0.2948254301720688,-0.1359105005638619,0.3116883116883117,-0.1720779220779221,0.3142857142857143,-0.16486322188449853,-0.3694942137922787,-0.3351338071550761
size_shape,7,330,False,LNP193<-LNP195;LNP194<-LNP854;LNP195<-LNP782;LNP782<-LNP858;LNP854<-LNP194;LNP858<-LNP193,0.22402597402597396,-0.07792207792207789,0.5247752247752248,-0.027293025461128884,0.3212018140589568,-0.10953411667697388,0.4512987012987013,-0.03246753246753248,0.4514835605453088,-0.02766537562490401,-0.09631426606617752,-0.06195385942897494
size_shape,7,331,False,LNP193<-LNP195;LNP194<-LNP854;LNP195<-LNP858;LNP782<-LNP193;LNP854<-LNP194;LNP858<-LNP782,0.0,-0.30194805194805185,0.4598255280073462,-0.09224272222900742,0.27088319088319085,-0.15985273985273984,0.36363636363636365,-0.12012987012987014,0.30769230769230765,-0.17145662847790516,-0.3567530340063377,-0.3223926273691351
size_shape,7,332,False,LNP193<-LNP195;LNP194<-LNP854;LNP195<-LNP858;LNP782<-LNP193;LNP854<-LNP782;LNP858<-LNP194,0.25324675324675316,-0.04870129870129869,0.5316557180193543,-0.020412532216999346,0.3831065759637188,-0.04762935477221192,0.37987012987012986,-0.10389610389610393,0.37777777777777777,-0.10137115839243505,-0.2438488811817297,-0.20948847454452713
size_shape,7,333,False,LNP193<-LNP195;LNP194<-LNP854;LNP195<-LNP858;LNP782<-LNP194;LNP854<-LNP193;LNP858<-LNP782,0.15584415584415579,-0.14610389610389607,0.5081249922559381,-0.04394325798041554,0.29777603349031917,-0.13295989724561152,0.27272727272727276,-0.21103896103896103,0.25,-0.2291489361702128,-0.4947274449181534,-0.4603670382809508
size_shape,7,334,False,LNP193<-LNP195;LNP194<-LNP854;LNP195<-LNP858;LNP782<-LNP194;LNP854<-LNP782;LNP858<-LNP193,0.15584415584415579,-0.14610389610389607,0.5081249922559381,-0.04394325798041554,0.29777603349031917,-0.13295989724561152,0.3441558441558442,-0.13961038961038957,0.3377926421404682,-0.1413562940297446,-0.32232918561015206,-0.2879687789729495
size_shape,7,335,False,LNP193<-LNP195;LNP194<-LNP854;LNP195<-LNP858;LNP782<-LNP782;LNP854<-LNP193;LNP858<-LNP194,0.2727272727272726,-0.02922077922077926,0.5381983035686013,-0.01386994666775232,0.4152494331065759,-0.015486497629354778,0.3474025974025974,-0.1363636363636364,0.3485444531864673,-0.1306044829837455,-0.2980239964173918,-0.2636635897801892
size_shape,7,336,False,LNP193<-LNP195;LNP194<-LNP854;LNP195<-LNP858;LNP782<-LNP782;LNP854<-LNP194;LNP858<-LNP193,0.03896103896103894,-0.26298701298701294,0.4719467401285583,-0.08012151010779534,0.2748514448514448,-0.1558844858844859,0.36363636363636365,-0.12012987012987014,0.30769230769230765,-0.17145662847790516,-0.3567530340063377,-0.3223926273691351
size_shape,7,337,False,LNP193<-LNP195;LNP194<-LNP858;LNP195<-LNP193;LNP782<-LNP194;LNP854<-LNP782;LNP858<-LNP854,0.3506493506493506,0.048701298701298745,0.5668290043290043,0.014760754092650652,0.5571428571428572,0.12640692640692647,0.5876623376623377,0.10389610389610388,0.5847382431233363,0.10558930695312352,0.19738550848793068,0.23174591512513326
size_shape,7,338,False,LNP193<-LNP195;LNP194<-LNP858;LNP195<-LNP193;LNP782<-LNP194;LNP854<-LNP854;LNP858<-LNP782,0.3311688311688311,0.02922077922077926,0.5608630952380952,0.008794845001741547,0.5158730158730158,0.08513708513708512,0.5876623376623377,0.10389610389610388,0.5847382431233363,0.10558930695312352,0.19738550848793068,0.23174591512513326
size_shape,7,339,False,LNP193<-LNP195;LNP194<-LNP858;LNP195<-LNP193;LNP782<-LNP782;LNP854<-LNP194;LNP858<-LNP854,0.3506493506493506,0.048701298701298745,0.5668290043290043,0.014760754092650652,0.5571428571428572,0.12640692640692647,0.5194805194805195,0.035714285714285754,0.5183946488294314,0.03924571265921861,0.040291148201269084,0.07465155483847166
size_shape,7,340,False,LNP193<-LNP195;LNP194<-LNP858;LNP195<-LNP193;LNP782<-LNP782;LNP854<-LNP854;LNP858<-LNP194,0.2012987012987013,-0.10064935064935054,0.5231444313262495,-0.028923818910104093,0.31286570572284855,-0.11787022501308214,0.29545454545454547,-0.18831168831168832,0.2653061224489796,-0.2138428137212332,-0.4605661864718382,-0.42620577983463565
size_shape,7,341,False,LNP193<-LNP195;LNP194<-LNP858;LNP195<-LNP193;LNP782<-LNP854;LNP854<-LNP194;LNP858<-LNP782,0.3506493506493506,0.048701298701298745,0.5668290043290043,0.014760754092650652,0.5571428571428572,0.12640692640692647,0.4512987012987013,-0.03246753246753248,0.4514835605453088,-0.02766537562490401,-0.0963142660661773,-0.06195385942897472
size_shape,7,342,False,LNP193<-LNP195;LNP194<-LNP858;LNP195<-LNP193;LNP782<-LNP854;LNP854<-LNP782;LNP858<-LNP194,0.24999999999999994,-0.05194805194805191,0.5364914655237236,-0.01557678471263002,0.34897959183673466,-0.08175633889919603,0.4480519480519481,-0.0357142857142857,0.4375,-0.041648936170212814,-0.1130805588384352,-0.07872015220123262
size_shape,7,343,False,LNP193<-LNP195;LNP194<-LNP858;LNP195<-LNP194;LNP782<-LNP193;LNP854<-LNP782;LNP858<-LNP854,0.34090909090909083,0.038961038961038974,0.5637498254433738,0.011681575207020178,0.5373015873015873,0.10656565656565659,0.5194805194805195,0.035714285714285754,0.5183946488294314,0.03924571265921861,0.040291148201269084,0.07465155483847166
size_shape,7,344,False,LNP193<-LNP195;LNP194<-LNP858;LNP195<-LNP194;LNP782<-LNP193;LNP854<-LNP854;LNP858<-LNP782,0.3474025974025974,0.045454545454545525,0.5659377387318564,0.013869488495502735,0.5392857142857143,0.10854978354978356,0.5194805194805195,0.035714285714285754,0.5183946488294314,0.03924571265921861,0.040291148201269084,0.07465155483847166
size_shape,7,345,False,LNP193<-LNP195;LNP194<-LNP858;LNP195<-LNP194;LNP782<-LNP782;LNP854<-LNP193;LNP858<-LNP854,0.32792207792207784,0.025974025974025983,0.5599718296409473,0.00790357940459363,0.4980158730158729,0.06727994227994222,0.5194805194805195,0.035714285714285754,0.5183946488294314,0.03924571265921861,0.040291148201269084,0.07465155483847166
size_shape,7,346,False,LNP193<-LNP195;LNP194<-LNP858;LNP195<-LNP194;LNP782<-LNP782;LNP854<-LNP854;LNP858<-LNP193,0.3474025974025974,0.045454545454545525,0.5659377387318564,0.013869488495502735,0.5392857142857143,0.10854978354978356,0.5194805194805195,0.035714285714285754,0.5183946488294314,0.03924571265921861,0.040291148201269084,0.07465155483847166
size_shape,7,347,False,LNP193<-LNP195;LNP194<-LNP858;LNP195<-LNP194;LNP782<-LNP854;LNP854<-LNP193;LNP858<-LNP782,0.3474025974025974,0.045454545454545525,0.5659377387318564,0.013869488495502735,0.5392857142857143,0.10854978354978356,0.5194805194805195,0.035714285714285754,0.5183946488294314,0.03924571265921861,0.040291148201269084,0.07465155483847166
size_shape,7,348,False,LNP193<-LNP195;LNP194<-LNP858;LNP195<-LNP194;LNP782<-LNP854;LNP854<-LNP782;LNP858<-LNP193,0.3376623376623376,0.035714285714285754,0.5628585598462259,0.010790309609872262,0.5194444444444444,0.08870851370851368,0.5194805194805195,0.035714285714285754,0.5183946488294314,0.03924571265921861,0.040291148201269084,0.07465155483847166
size_shape,7,349,False,LNP193<-LNP195;LNP194<-LNP858;LNP195<-LNP782;LNP782<-LNP193;LNP854<-LNP194;LNP858<-LNP854,0.3506493506493506,0.048701298701298745,0.5668290043290043,0.014760754092650652,0.5571428571428572,0.12640692640692647,0.5194805194805195,0.035714285714285754,0.5183946488294314,0.03924571265921861,0.040291148201269084,0.07465155483847166
size_shape,7,350,False,LNP193<-LNP195;LNP194<-LNP858;LNP195<-LNP782;LNP782<-LNP193;LNP854<-LNP854;LNP858<-LNP194,0.2012987012987013,-0.10064935064935054,0.5231444313262495,-0.028923818910104093,0.31286570572284855,-0.11787022501308214,0.36363636363636365,-0.12012987012987014,0.30769230769230765,-0.17145662847790516,-0.3567530340063377,-0.3223926273691351
size_shape,7,351,False,LNP193<-LNP195;LNP194<-LNP858;LNP195<-LNP782;LNP782<-LNP194;LNP854<-LNP193;LNP858<-LNP854,0.3474025974025974,0.045454545454545525,0.5659377387318564,0.013869488495502735,0.5392857142857143,0.10854978354978356,0.5876623376623377,0.10389610389610388,0.5847382431233363,0.10558930695312352,0.19738550848793068,0.23174591512513326
size_shape,7,352,False,LNP193<-LNP195;LNP194<-LNP858;LNP195<-LNP782;LNP782<-LNP194;LNP854<-LNP854;LNP858<-LNP193,0.32792207792207784,0.025974025974025983,0.5599718296409473,0.00790357940459363,0.4980158730158729,0.06727994227994222,0.5876623376623377,0.10389610389610388,0.5847382431233363,0.10558930695312352,0.19738550848793068,0.23174591512513326
size_shape,7,353,False,LNP193<-LNP195;LNP194<-LNP858;LNP195<-LNP782;LNP782<-LNP854;LNP854<-LNP193;LNP858<-LNP194,0.24350649350649345,-0.058441558441558406,0.5349287076559803,-0.017139542580373313,0.3394557823129251,-0.09128014842300558,0.4480519480519481,-0.0357142857142857,0.4375,-0.041648936170212814,-0.1130805588384352,-0.07872015220123262
size_shape,7,354,False,LNP193<-LNP195;LNP194<-LNP858;LNP195<-LNP782;LNP782<-LNP854;LNP854<-LNP194;LNP858<-LNP193,0.3474025974025974,0.045454545454545525,0.5659377387318564,0.013869488495502735,0.5392857142857143,0.10854978354978356,0.4512987012987013,-0.03246753246753248,0.4514835605453088,-0.02766537562490401,-0.0963142660661773,-0.06195385942897472
size_shape,7,355,False,LNP193<-LNP195;LNP194<-LNP858;LNP195<-LNP854;LNP782<-LNP193;LNP854<-LNP194;LNP858<-LNP782,0.3474025974025974,0.045454545454545525,0.5659377387318564,0.013869488495502735,0.5392857142857143,0.10854978354978356,0.4512987012987013,-0.03246753246753248,0.4514835605453088,-0.02766537562490401,-0.0963142660661773,-0.06195385942897472
size_shape,7,356,False,LNP193<-LNP195;LNP194<-LNP858;LNP195<-LNP854;LNP782<-LNP193;LNP854<-LNP782;LNP858<-LNP194,0.22077922077922074,-0.08116883116883111,0.5283392365210547,-0.023729013715298897,0.32260596546310827,-0.10812996527282243,0.36363636363636365,-0.12012987012987014,0.30769230769230765,-0.17145662847790516,-0.3567530340063377,-0.3223926273691351
size_shape,7,357,False,LNP193<-LNP195;LNP194<-LNP858;LNP195<-LNP854;LNP782<-LNP194;LNP854<-LNP193;LNP858<-LNP782,0.3376623376623376,0.035714285714285754,0.5628585598462259,0.010790309609872262,0.5194444444444444,0.08870851370851368,0.5876623376623377,0.10389610389610388,0.5847382431233363,0.10558930695312352,0.19738550848793068,0.23174591512513326
size_shape,7,358,False,LNP193<-LNP195;LNP194<-LNP858;LNP195<-LNP854;LNP782<-LNP194;LNP854<-LNP782;LNP858<-LNP193,0.3506493506493506,0.048701298701298745,0.5668290043290043,0.014760754092650652,0.5571428571428572,0.12640692640692647,0.5876623376623377,0.10389610389610388,0.5847382431233363,0.10558930695312352,0.19738550848793068,0.23174591512513326
size_shape,7,359,False,LNP193<-LNP195;LNP194<-LNP858;LNP195<-LNP854;LNP782<-LNP782;LNP854<-LNP193;LNP858<-LNP194,0.2012987012987013,-0.10064935064935054,0.5231444313262495,-0.028923818910104093,0.31286570572284855,-0.11787022501308214,0.36363636363636365,-0.12012987012987014,0.30769230769230765,-0.17145662847790516,-0.3567530340063377,-0.3223926273691351
size_shape,7,360,False,LNP193<-LNP195;LNP194<-LNP858;LNP195<-LNP854;LNP782<-LNP782;LNP854<-LNP194;LNP858<-LNP193,0.3506493506493506,0.048701298701298745,0.5668290043290043,0.014760754092650652,0.5571428571428572,0.12640692640692647,0.4512987012987013,-0.03246753246753248,0.4514835605453088,-0.02766537562490401,-0.0963142660661773,-0.06195385942897472
size_shape,7,361,False,LNP193<-LNP782;LNP194<-LNP193;LNP195<-LNP194;LNP782<-LNP195;LNP854<-LNP854;LNP858<-LNP858,0.23051948051948046,-0.0714285714285714,0.5314261496079677,-0.020642100628385895,0.3275510204081632,-0.1031849103277675,0.36363636363636365,-0.12012987012987014,0.30769230769230765,-0.17145662847790516,-0.3567530340063377,-0.3223926273691351
size_shape,7,362,False,LNP193<-LNP782;LNP194<-LNP193;LNP195<-LNP194;LNP782<-LNP195;LNP854<-LNP858;LNP858<-LNP854,0.15584415584415579,-0.14610389610389607,0.507841923849829,-0.044226326386524684,0.29539508110936674,-0.13534084962656395,0.29545454545454547,-0.18831168831168832,0.2653061224489796,-0.2138428137212332,-0.4605661864718382,-0.42620577983463565
size_shape,7,363,False,LNP193<-LNP782;LNP194<-LNP193;LNP195<-LNP194;LNP782<-LNP854;LNP854<-LNP195;LNP858<-LNP858,0.2987012987012987,-0.0032467532467531646,0.5522639994414188,0.00019574920506515436,0.38696145124716547,-0.04377447948876523,0.5876623376623377,0.10389610389610388,0.5847382431233363,0.10558930695312352,0.19738550848793068,0.23174591512513326
size_shape,7,364,False,LNP193<-LNP782;LNP194<-LNP193;LNP195<-LNP194;LNP782<-LNP854;LNP854<-LNP858;LNP858<-LNP195,0.2922077922077922,-0.00974025974025966,0.5505755608028335,-0.0014926894335201002,0.3774376417233559,-0.05329828901257477,0.5876623376623377,0.10389610389610388,0.5847382431233363,0.10558930695312352,0.19738550848793068,0.23174591512513326
size_shape,7,365,False,LNP193<-LNP782;LNP194<-LNP193;LNP195<-LNP194;LNP782<-LNP858;LNP854<-LNP195;LNP858<-LNP854,0.13636363636363635,-0.1655844155844155,0.5019130700948883,-0.05015518014146536,0.29257071249552447,-0.13816521824040623,0.29545454545454547,-0.18831168831168832,0.2653061224489796,-0.2138428137212332,-0.4605661864718382,-0.42620577983463565
size_shape,7,366,False,LNP193<-LNP782;LNP194<-LNP193;LNP195<-LNP194;LNP782<-LNP858;LNP854<-LNP854;LNP858<-LNP195,0.23051948051948046,-0.0714285714285714,0.5314261496079677,-0.020642100628385895,0.3275510204081632,-0.1031849103277675,0.36363636363636365,-0.12012987012987014,0.30769230769230765,-0.17145662847790516,-0.3567530340063377,-0.3223926273691351
size_shape,7,367,False,LNP193<-LNP782;LNP194<-LNP193;LNP195<-LNP195;LNP782<-LNP194;LNP854<-LNP854;LNP858<-LNP858,0.3474025974025974,0.045454545454545525,0.5659377387318564,0.013869488495502735,0.5392857142857143,0.10854978354978356,0.6558441558441559,0.1720779220779221,0.6538461538461539,0.17469721767594104,0.40771775315010056,0.44207815978730314
size_shape,7,368,False,LNP193<-LNP782;LNP194<-LNP193;LNP195<-LNP195;LNP782<-LNP194;LNP854<-LNP858;LNP858<-LNP854,0.09740259740259738,-0.20454545454545447,0.4901285583103765,-0.06193969192597715,0.28463420455901656,-0.14610172617691414,0.4318181818181818,-0.051948051948051965,0.3454545454545454,-0.1336943907156674,-0.2405228464604172,-0.2061624398232146
size_shape,7,369,False,LNP193<-LNP782;LNP194<-LNP193;LNP195<-LNP195;LNP782<-LNP854;LNP854<-LNP194;LNP858<-LNP858,0.5746753246753247,0.2727272727272728,0.6993686868686868,0.14730043663233316,0.5732993197278912,0.14256338899196047,0.6558441558441559,0.1720779220779221,0.6538461538461539,0.17469721767594104,0.40771775315010056,0.44207815978730314
size_shape,7,370,False,LNP193<-LNP782;LNP194<-LNP193;LNP195<-LNP195;LNP782<-LNP854;LNP854<-LNP858;LNP858<-LNP194,0.2922077922077922,-0.00974025974025966,0.5505755608028335,-0.0014926894335201002,0.3798185941043083,-0.0509173366316224,0.4318181818181818,-0.051948051948051965,0.3454545454545454,-0.1336943907156674,-0.2405228464604172,-0.2061624398232146
size_shape,7,371,False,LNP193<-LNP782;LNP194<-LNP193;LNP195<-LNP195;LNP782<-LNP858;LNP854<-LNP194;LNP858<-LNP854,0.03896103896103894,-0.26298701298701294,0.4719467401285583,-0.08012151010779534,0.2748514448514448,-0.1558844858844859,0.29545454545454547,-0.18831168831168832,0.2653061224489796,-0.2138428137212332,-0.4605661864718382,-0.42620577983463565
size_shape,7,372,False,LNP193<-LNP782;LNP194<-LNP193;LNP195<-LNP195;LNP782<-LNP858;LNP854<-LNP854;LNP858<-LNP194,0.22402597402597396,-0.07792207792207789,0.529694547876366,-0.02237370235998759,0.32358276643990924,-0.10715316429602145,0.36363636363636365,-0.12012987012987014,0.30769230769230765,-0.17145662847790516,-0.3567530340063377,-0.3223926273691351
size_shape,7,373,False,LNP193<-LNP782;LNP194<-LNP193;LNP195<-LNP854;LNP782<-LNP194;LNP854<-LNP195;LNP858<-LNP858,0.2922077922077922,-0.00974025974025966,0.5505755608028335,-0.0014926894335201002,0.3774376417233559,-0.05329828901257477,0.5876623376623377,0.10389610389610388,0.5847382431233363,0.10558930695312352,0.19738550848793068,0.23174591512513326
size_shape,7,374,False,LNP193<-LNP782;LNP194<-LNP193;LNP195<-LNP854;LNP782<-LNP194;LNP854<-LNP858;LNP858<-LNP195,0.2922077922077922,-0.00974025974025966,0.5505755608028335,-0.0014926894335201002,0.3774376417233559,-0.05329828901257477,0.5876623376623377,0.10389610389610388,0.5847382431233363,0.10558930695312352,0.19738550848793068,0.23174591512513326
size_shape,7,375,False,LNP193<-LNP782;LNP194<-LNP193;LNP195<-LNP854;LNP782<-LNP195;LNP854<-LNP194;LNP858<-LNP858,0.19480519480519481,-0.10714285714285704,0.5213935895754078,-0.03067466066094582,0.3107012035583464,-0.12003472717758429,0.29545454545454547,-0.18831168831168832,0.2653061224489796,-0.2138428137212332,-0.4605661864718382,-0.42620577983463565
size_shape,7,376,False,LNP193<-LNP782;LNP194<-LNP193;LNP195<-LNP854;LNP782<-LNP195;LNP854<-LNP858;LNP858<-LNP194,0.2532467532467532,-0.048701298701298634,0.5381673881673882,-0.013900862068965458,0.345021645021645,-0.08571428571428569,0.4837662337662338,0.0,0.4791489361702128,0.0,-0.03436040663720258,0.0
size_shape,7,377,False,LNP193<-LNP782;LNP194<-LNP193;LNP195<-LNP854;LNP782<-LNP858;LNP854<-LNP194;LNP858<-LNP195,0.1753246753246753,-0.12662337662337655,0.5143097643097643,-0.03775848592658937,0.303898482469911,-0.12683744826601967,0.29545454545454547,-0.18831168831168832,0.2653061224489796,-0.2138428137212332,-0.4605661864718382,-0.42620577983463565
size_shape,7,378,False,LNP193<-LNP782;LNP194<-LNP193;LNP195<-LNP854;LNP782<-LNP858;LNP854<-LNP195;LNP858<-LNP194,0.22402597402597396,-0.07792207792207789,0.529694547876366,-0.02237370235998759,0.32358276643990924,-0.10715316429602145,0.3798701298701299,-0.10389610389610388,0.37777777777777777,-0.10137115839243505,-0.24384888118172945,-0.20948847454452688
size_shape,7,379,False,LNP193<-LNP782;LNP194<-LNP193;LNP195<-LNP858;LNP782<-LNP194;LNP854<-LNP195;LNP858<-LNP854,0.09740259740259738,-0.20454545454545447,0.4901285583103765,-0.06193969192597715,0.28463420455901656,-0.14610172617691414,0.4318181818181818,-0.051948051948051965,0.3454545454545454,-0.1336943907156674,-0.2405228464604172,-0.2061624398232146
size_shape,7,380,False,LNP193<-LNP782;LNP194<-LNP193;LNP195<-LNP858;LNP782<-LNP194;LNP854<-LNP854;LNP858<-LNP195,0.3474025974025974,0.045454545454545525,0.5659377387318564,0.013869488495502735,0.5392857142857143,0.10854978354978356,0.6558441558441559,0.1720779220779221,0.6538461538461539,0.17469721767594104,0.40771775315010056,0.44207815978730314
size_shape,7,381,False,LNP193<-LNP782;LNP194<-LNP193;LNP195<-LNP858;LNP782<-LNP195;LNP854<-LNP194;LNP858<-LNP854,0.05844155844155838,-0.24350649350649348,0.47729433371144603,-0.07477391652490761,0.2775582117687381,-0.15317771896719262,0.29545454545454547,-0.18831168831168832,0.2653061224489796,-0.2138428137212332,-0.4605661864718382,-0.42620577983463565
size_shape,7,382,False,LNP193<-LNP782;LNP194<-LNP193;LNP195<-LNP858;LNP782<-LNP195;LNP854<-LNP854;LNP858<-LNP194,0.23051948051948046,-0.0714285714285714,0.5314261496079677,-0.020642100628385895,0.3275510204081632,-0.1031849103277675,0.4480519480519481,-0.0357142857142857,0.4375,-0.041648936170212814,-0.1130805588384352,-0.07872015220123262
size_shape,7,383,False,LNP193<-LNP782;LNP194<-LNP193;LNP195<-LNP858;LNP782<-LNP854;LNP854<-LNP194;LNP858<-LNP195,0.5746753246753247,0.2727272727272728,0.6993686868686868,0.14730043663233316,0.5732993197278912,0.14256338899196047,0.6558441558441559,0.1720779220779221,0.6538461538461539,0.17469721767594104,0.40771775315010056,0.44207815978730314
size_shape,7,384,False,LNP193<-LNP782;LNP194<-LNP193;LNP195<-LNP858;LNP782<-LNP854;LNP854<-LNP195;LNP858<-LNP194,0.2987012987012987,-0.0032467532467531646,0.5522639994414188,0.00019574920506515436,0.38696145124716547,-0.04377447948876523,0.4318181818181818,-0.051948051948051965,0.3454545454545454,-0.1336943907156674,-0.2405228464604172,-0.2061624398232146
size_shape,7,385,False,LNP193<-LNP782;LNP194<-LNP194;LNP195<-LNP193;LNP782<-LNP195;LNP854<-LNP854;LNP858<-LNP858,0.0,-0.30194805194805185,0.4598255280073462,-0.09224272222900742,0.27088319088319085,-0.15985273985273984,0.29545454545454547,-0.18831168831168832,0.2653061224489796,-0.2138428137212332,-0.4605661864718382,-0.42620577983463565
size_shape,7,386,False,LNP193<-LNP782;LNP194<-LNP194;LNP195<-LNP193;LNP782<-LNP195;LNP854<-LNP858;LNP858<-LNP854,0.3474025974025974,0.045454545454545525,0.5607429335370512,0.008674683300697539,0.5392857142857143,0.10854978354978356,0.6558441558441559,0.1720779220779221,0.6538461538461539,0.17469721767594104,0.40771775315010056,0.44207815978730314
size_shape,7,387,False,LNP193<-LNP782;LNP194<-LNP194;LNP195<-LNP193;LNP782<-LNP854;LNP854<-LNP195;LNP858<-LNP858,0.2987012987012987,-0.0032467532467531646,0.5522639994414188,0.00019574920506515436,0.38696145124716547,-0.04377447948876523,0.5876623376623377,0.10389610389610388,0.5847382431233363,0.10558930695312352,0.19738550848793068,0.23174591512513326
size_shape,7,388,False,LNP193<-LNP782;LNP194<-LNP194;LNP195<-LNP193;LNP782<-LNP854;LNP854<-LNP858;LNP858<-LNP195,0.2922077922077922,-0.00974025974025966,0.5505755608028335,-0.0014926894335201002,0.3774376417233559,-0.05329828901257477,0.551948051948052,0.06818181818181818,0.5418181818181819,0.06266924564796905,0.1218289807746346,0.1561893874118372
size_shape,7,389,False,LNP193<-LNP782;LNP194<-LNP194;LNP195<-LNP193;LNP782<-LNP858;LNP854<-LNP195;LNP858<-LNP854,0.3474025974025974,0.045454545454545525,0.5618792971734148,0.00981104693706114,0.5392857142857143,0.10854978354978356,0.6558441558441559,0.1720779220779221,0.6538461538461539,0.17469721767594104,0.40771775315010056,0.44207815978730314
size_shape,7,390,False,LNP193<-LNP782;LNP194<-LNP194;LNP195<-LNP193;LNP782<-LNP858;LNP854<-LNP854;LNP858<-LNP195,0.00649350649350649,-0.29545454545454536,0.4602917284735467,-0.09177652176280693,0.27140078922687616,-0.15933514150905453,0.29545454545454547,-0.18831168831168832,0.2653061224489796,-0.2138428137212332,-0.4605661864718382,-0.42620577983463565
size_shape,7,391,False,LNP193<-LNP782;LNP194<-LNP194;LNP195<-LNP195;LNP782<-LNP193;LNP854<-LNP854;LNP858<-LNP858,0.3474025974025974,0.045454545454545525,0.5635026737967914,0.011434423560437779,0.5392857142857143,0.10854978354978356,0.6558441558441559,0.1720779220779221,0.6538461538461539,0.17469721767594104,0.40771775315010056,0.44207815978730314
size_shape,7,392,False,LNP193<-LNP782;LNP194<-LNP194;LNP195<-LNP195;LNP782<-LNP193;LNP854<-LNP858;LNP858<-LNP854,0.05844155844155838,-0.24350649350649348,0.47729433371144603,-0.07477391652490761,0.2775582117687381,-0.15317771896719262,0.4318181818181818,-0.051948051948051965,0.3454545454545454,-0.1336943907156674,-0.2405228464604172,-0.2061624398232146
size_shape,7,393,False,LNP193<-LNP782;LNP194<-LNP194;LNP195<-LNP195;LNP782<-LNP854;LNP854<-LNP193;LNP858<-LNP858,0.3409090909090909,0.03896103896103903,0.5602453102453102,0.008177060008956571,0.4916666666666666,0.06093073593073589,0.6558441558441559,0.1720779220779221,0.6538461538461539,0.17469721767594104,0.40771775315010056,0.44207815978730314
size_shape,7,394,False,LNP193<-LNP782;LNP194<-LNP194;LNP195<-LNP195;LNP782<-LNP854;LNP854<-LNP858;LNP858<-LNP193,0.09740259740259738,-0.20454545454545447,0.4901285583103765,-0.06193969192597715,0.28463420455901656,-0.14610172617691414,0.4318181818181818,-0.051948051948051965,0.3454545454545454,-0.1336943907156674,-0.2405228464604172,-0.2061624398232146
size_shape,7,395,False,LNP193<-LNP782;LNP194<-LNP194;LNP195<-LNP195;LNP782<-LNP858;LNP854<-LNP193;LNP858<-LNP854,0.19480519480519481,-0.10714285714285704,0.5213935895754078,-0.03067466066094582,0.3107012035583464,-0.12003472717758429,0.36363636363636365,-0.12012987012987014,0.30769230769230765,-0.17145662847790516,-0.3567530340063377,-0.3223926273691351
size_shape,7,396,False,LNP193<-LNP782;LNP194<-LNP194;LNP195<-LNP195;LNP782<-LNP858;LNP854<-LNP854;LNP858<-LNP193,0.19480519480519481,-0.10714285714285704,0.5213935895754078,-0.03067466066094582,0.3107012035583464,-0.12003472717758429,0.36363636363636365,-0.12012987012987014,0.30769230769230765,-0.17145662847790516,-0.3567530340063377,-0.3223926273691351
size_shape,7,397,False,LNP193<-LNP782;LNP194<-LNP194;LNP195<-LNP854;LNP782<-LNP193;LNP854<-LNP195;LNP858<-LNP858,0.2922077922077922,-0.00974025974025966,0.5505755608028335,-0.0014926894335201002,0.3774376417233559,-0.05329828901257477,0.551948051948052,0.06818181818181818,0.5418181818181819,0.06266924564796905,0.1218289807746346,0.1561893874118372
size_shape,7,398,False,LNP193<-LNP782;LNP194<-LNP194;LNP195<-LNP854;LNP782<-LNP193;LNP854<-LNP858;LNP858<-LNP195,0.2922077922077922,-0.00974025974025966,0.5505755608028335,-0.0014926894335201002,0.3774376417233559,-0.05329828901257477,0.5876623376623377,0.10389610389610388,0.5847382431233363,0.10558930695312352,0.19738550848793068,0.23174591512513326
size_shape,7,399,False,LNP193<-LNP782;LNP194<-LNP194;LNP195<-LNP854;LNP782<-LNP195;LNP854<-LNP193;LNP858<-LNP858,0.0,-0.30194805194805185,0.4598255280073462,-0.09224272222900742,0.27088319088319085,-0.15985273985273984,0.29545454545454547,-0.18831168831168832,0.2653061224489796,-0.2138428137212332,-0.4605661864718382,-0.42620577983463565
size_shape,7,400,False,LNP193<-LNP782;LNP194<-LNP194;LNP195<-LNP854;LNP782<-LNP195;LNP854<-LNP858;LNP858<-LNP193,0.3409090909090909,0.03896103896103903,0.5618686868686869,0.00980043663233321,0.4916666666666666,0.06093073593073589,0.6558441558441559,0.1720779220779221,0.6538461538461539,0.17469721767594104,0.40771775315010056,0.44207815978730314
size_shape,7,401,False,LNP193<-LNP782;LNP194<-LNP194;LNP195<-LNP854;LNP782<-LNP858;LNP854<-LNP193;LNP858<-LNP195,0.0,-0.30194805194805185,0.4598255280073462,-0.09224272222900742,0.27088319088319085,-0.15985273985273984,0.29545454545454547,-0.18831168831168832,0.2653061224489796,-0.2138428137212332,-0.4605661864718382,-0.42620577983463565
size_shape,7,402,False,LNP193<-LNP782;LNP194<-LNP194;LNP195<-LNP854;LNP782<-LNP858;LNP854<-LNP195;LNP858<-LNP193,0.3474025974025974,0.045454545454545525,0.5635026737967914,0.011434423560437779,0.5392857142857143,0.10854978354978356,0.6558441558441559,0.1720779220779221,0.6538461538461539,0.17469721767594104,0.40771775315010056,0.44207815978730314
size_shape,7,403,False,LNP193<-LNP782;LNP194<-LNP194;LNP195<-LNP858;LNP782<-LNP193;LNP854<-LNP195;LNP858<-LNP854,0.07792207792207788,-0.22402597402597396,0.48331037649219466,-0.06875787374415898,0.28085491506544136,-0.14988101567048934,0.4318181818181818,-0.051948051948051965,0.3454545454545454,-0.1336943907156674,-0.2405228464604172,-0.2061624398232146
size_shape,7,404,False,LNP193<-LNP782;LNP194<-LNP194;LNP195<-LNP858;LNP782<-LNP193;LNP854<-LNP854;LNP858<-LNP195,0.3474025974025974,0.045454545454545525,0.5635026737967914,0.011434423560437779,0.5392857142857143,0.10854978354978356,0.6558441558441559,0.1720779220779221,0.6538461538461539,0.17469721767594104,0.40771775315010056,0.44207815978730314
size_shape,7,405,False,LNP193<-LNP782;LNP194<-LNP194;LNP195<-LNP858;LNP782<-LNP195;LNP854<-LNP193;LNP858<-LNP854,0.21428571428571425,-0.08766233766233761,0.5267807949626132,-0.025287455273740433,0.3186377114948543,-0.11209821924107638,0.34090909090909094,-0.14285714285714285,0.29411764705882354,-0.18503128911138927,-0.39192475766909773,-0.35756435103189516
size_shape,7,406,False,LNP193<-LNP782;LNP194<-LNP194;LNP195<-LNP858;LNP782<-LNP195;LNP854<-LNP854;LNP858<-LNP193,0.19480519480519481,-0.10714285714285704,0.5213935895754078,-0.03067466066094582,0.3107012035583464,-0.12003472717758429,0.36363636363636365,-0.12012987012987014,0.30769230769230765,-0.17145662847790516,-0.3567530340063377,-0.3223926273691351
size_shape,7,407,False,LNP193<-LNP782;LNP194<-LNP194;LNP195<-LNP858;LNP782<-LNP854;LNP854<-LNP193;LNP858<-LNP195,0.3474025974025974,0.045454545454545525,0.5618792971734148,0.00981104693706114,0.5392857142857143,0.10854978354978356,0.6558441558441559,0.1720779220779221,0.6538461538461539,0.17469721767594104,0.40771775315010056,0.44207815978730314
size_shape,7,408,False,LNP193<-LNP782;LNP194<-LNP194;LNP195<-LNP858;LNP782<-LNP854;LNP854<-LNP195;LNP858<-LNP193,0.10389610389610388,-0.19805194805194798,0.4917234546421149,-0.06034479559423872,0.2855679113750763,-0.14516801936085438,0.4318181818181818,-0.051948051948051965,0.3454545454545454,-0.1336943907156674,-0.2405228464604172,-0.2061624398232146
size_shape,7,409,False,LNP193<-LNP782;LNP194<-LNP195;LNP195<-LNP193;LNP782<-LNP194;LNP854<-LNP854;LNP858<-LNP858,0.045454545454545435,-0.25649350649350644,0.47177395969262004,-0.0802942905437336,0.27578515166750456,-0.15495077906842614,0.36363636363636365,-0.12012987012987014,0.30769230769230765,-0.17145662847790516,-0.3567530340063377,-0.3223926273691351
size_shape,7,410,False,LNP193<-LNP782;LNP194<-LNP195;LNP195<-LNP193;LNP782<-LNP194;LNP854<-LNP858;LNP858<-LNP854,0.32792207792207784,0.025974025974025983,0.5545845757657901,0.0025163255294364806,0.5095238095238095,0.0787878787878788,0.5194805194805194,0.03571428571428564,0.5183946488294314,0.03924571265921861,0.040291148201268875,0.07465155483847145
size_shape,7,411,False,LNP193<-LNP782;LNP194<-LNP195;LNP195<-LNP193;LNP782<-LNP854;LNP854<-LNP194;LNP858<-LNP858,0.2629870129870129,-0.038961038961038974,0.5365212971894006,-0.015546953046953083,0.4116479925303454,-0.019087938205585298,0.3474025974025974,-0.1363636363636364,0.3485444531864673,-0.1306044829837455,-0.2980239964173918,-0.2636635897801892
size_shape,7,412,False,LNP193<-LNP782;LNP194<-LNP195;LNP195<-LNP193;LNP782<-LNP854;LNP854<-LNP858;LNP858<-LNP194,0.32792207792207784,0.025974025974025983,0.5599718296409473,0.00790357940459363,0.4980158730158729,0.06727994227994222,0.5194805194805195,0.035714285714285754,0.5183946488294314,0.03924571265921861,0.040291148201269084,0.07465155483847166
size_shape,7,413,False,LNP193<-LNP782;LNP194<-LNP195;LNP195<-LNP193;LNP782<-LNP858;LNP854<-LNP194;LNP858<-LNP854,0.30844155844155835,0.006493506493506496,0.548811115355233,-0.0032571348811206713,0.4783549783549783,0.047619047619047616,0.4512987012987013,-0.03246753246753248,0.4514835605453088,-0.02766537562490401,-0.09631426606617752,-0.06195385942897494
size_shape,7,414,False,LNP193<-LNP782;LNP194<-LNP195;LNP195<-LNP193;LNP782<-LNP858;LNP854<-LNP854;LNP858<-LNP194,0.13311688311688308,-0.16883116883116878,0.4971303948576676,-0.05493785537868606,0.2889030612244898,-0.14183286951144092,0.275974025974026,-0.2077922077922078,0.27826784282277467,-0.20088109334743814,-0.44304562390441643,-0.40868521726721385
size_shape,7,415,False,LNP193<-LNP782;LNP194<-LNP195;LNP195<-LNP194;LNP782<-LNP193;LNP854<-LNP854;LNP858<-LNP858,0.24999999999999997,-0.05194805194805188,0.5330627705627705,-0.019005479673583126,0.339069264069264,-0.09166666666666667,0.5194805194805194,0.03571428571428564,0.5183946488294314,0.03924571265921861,0.040291148201268875,0.07465155483847145
size_shape,7,416,False,LNP193<-LNP782;LNP194<-LNP195;LNP195<-LNP194;LNP782<-LNP193;LNP854<-LNP858;LNP858<-LNP854,0.0,-0.30194805194805185,0.4598255280073462,-0.09224272222900742,0.27088319088319085,-0.15985273985273984,0.36363636363636365,-0.12012987012987014,0.30769230769230765,-0.17145662847790516,-0.3567530340063377,-0.3223926273691351
size_shape,7,417,False,LNP193<-LNP782;LNP194<-LNP195;LNP195<-LNP194;LNP782<-LNP854;LNP854<-LNP193;LNP858<-LNP858,0.24999999999999997,-0.05194805194805188,0.5330627705627705,-0.019005479673583126,0.339069264069264,-0.09166666666666667,0.5194805194805194,0.03571428571428564,0.5183946488294314,0.03924571265921861,0.040291148201268875,0.07465155483847145
size_shape,7,418,False,LNP193<-LNP782;LNP194<-LNP195;LNP195<-LNP194;LNP782<-LNP854;LNP854<-LNP858;LNP858<-LNP193,0.00649350649350649,-0.29545454545454536,0.45852405170586996,-0.09354419853048368,0.27140078922687616,-0.15933514150905453,0.36363636363636365,-0.12012987012987014,0.30769230769230765,-0.17145662847790516,-0.3567530340063377,-0.3223926273691351
size_shape,7,419,False,LNP193<-LNP782;LNP194<-LNP195;LNP195<-LNP194;LNP782<-LNP858;LNP854<-LNP193;LNP858<-LNP854,0.2922077922077922,-0.00974025974025966,0.546517119244392,-0.005551130991961695,0.3774376417233559,-0.05329828901257477,0.3831168831168831,-0.10064935064935071,0.3812500000000001,-0.09789893617021272,-0.22792115291927598,-0.1935607462820734
size_shape,7,420,False,LNP193<-LNP782;LNP194<-LNP195;LNP195<-LNP194;LNP782<-LNP858;LNP854<-LNP854;LNP858<-LNP193,0.2922077922077922,-0.00974025974025966,0.5481404958677686,-0.003927754368585057,0.3774376417233559,-0.05329828901257477,0.3831168831168831,-0.10064935064935071,0.3812500000000001,-0.09789893617021272,-0.22792115291927598,-0.1935607462820734
size_shape,7,421,False,LNP193<-LNP782;LNP194<-LNP195;LNP195<-LNP854;LNP782<-LNP193;LNP854<-LNP194;LNP858<-LNP858,0.2532467532467531,-0.048701298701298745,0.5329327804429891,-0.019135469793364557,0.408813525410164,-0.02192240532576667,0.3474025974025974,-0.1363636363636364,0.3485444531864673,-0.1306044829837455,-0.2980239964173918,-0.2636635897801892
size_shape,7,422,False,LNP193<-LNP782;LNP194<-LNP195;LNP195<-LNP854;LNP782<-LNP193;LNP854<-LNP858;LNP858<-LNP194,0.2824675324675324,-0.01948051948051943,0.5459473824677586,-0.006120867768594995,0.4018243661100803,-0.028911564625850372,0.4480519480519481,-0.0357142857142857,0.4375,-0.041648936170212814,-0.1130805588384352,-0.07872015220123262
size_shape,7,423,False,LNP193<-LNP782;LNP194<-LNP195;LNP195<-LNP854;LNP782<-LNP194;LNP854<-LNP193;LNP858<-LNP858,0.03896103896103894,-0.26298701298701294,0.47017906336088156,-0.08188918687547209,0.2748514448514448,-0.1558844858844859,0.36363636363636365,-0.12012987012987014,0.30769230769230765,-0.17145662847790516,-0.3567530340063377,-0.3223926273691351
size_shape,7,424,False,LNP193<-LNP782;LNP194<-LNP195;LNP195<-LNP854;LNP782<-LNP194;LNP854<-LNP858;LNP858<-LNP193,0.30844155844155835,0.006493506493506496,0.548811115355233,-0.0032571348811206713,0.4783549783549783,0.047619047619047616,0.5194805194805194,0.03571428571428564,0.5183946488294314,0.03924571265921861,0.040291148201268875,0.07465155483847145
size_shape,7,425,False,LNP193<-LNP782;LNP194<-LNP195;LNP195<-LNP854;LNP782<-LNP858;LNP854<-LNP193;LNP858<-LNP194,0.12662337662337658,-0.17532467532467527,0.4954086317722681,-0.056659618464085515,0.28754251700680267,-0.14319341372912803,0.275974025974026,-0.2077922077922078,0.27826784282277467,-0.20088109334743814,-0.44304562390441643,-0.40868521726721385
size_shape,7,426,False,LNP193<-LNP782;LNP194<-LNP195;LNP195<-LNP854;LNP782<-LNP858;LNP854<-LNP194;LNP858<-LNP193,0.30844155844155835,0.006493506493506496,0.548811115355233,-0.0032571348811206713,0.4783549783549783,0.047619047619047616,0.4512987012987013,-0.03246753246753248,0.4514835605453088,-0.02766537562490401,-0.09631426606617752,-0.06195385942897494
size_shape,7,427,False,LNP193<-LNP782;LNP194<-LNP195;LNP195<-LNP858;LNP782<-LNP193;LNP854<-LNP194;LNP858<-LNP854,0.0,-0.30194805194805185,0.46285583103764927,-0.08921241919870437,0.27088319088319085,-0.15985273985273984,0.36363636363636365,-0.12012987012987014,0.30769230769230765,-0.17145662847790516,-0.3567530340063377,-0.3223926273691351
size_shape,7,428,False,LNP193<-LNP782;LNP194<-LNP195;LNP195<-LNP858;LNP782<-LNP193;LNP854<-LNP854;LNP858<-LNP194,0.19480519480519473,-0.10714285714285712,0.5144108751660239,-0.037657375070329735,0.3131786047752434,-0.1175573259606873,0.44805194805194803,-0.035714285714285754,0.4375,-0.041648936170212814,-0.11308055883843511,-0.07872015220123253
size_shape,7,429,False,LNP193<-LNP782;LNP194<-LNP195;LNP195<-LNP858;LNP782<-LNP194;LNP854<-LNP193;LNP858<-LNP854,0.22402597402597396,-0.07792207792207789,0.5299068986568987,-0.02216135157945498,0.32358276643990924,-0.10715316429602145,0.4480519480519481,-0.0357142857142857,0.4375,-0.041648936170212814,-0.1130805588384352,-0.07872015220123262
size_shape,7,430,False,LNP193<-LNP782;LNP194<-LNP195;LNP195<-LNP858;LNP782<-LNP194;LNP854<-LNP854;LNP858<-LNP193,0.21428571428571425,-0.08766233766233761,0.5267807949626132,-0.025287455273740433,0.3186377114948543,-0.11209821924107638,0.3441558441558442,-0.13961038961038957,0.3377926421404682,-0.1413562940297446,-0.32232918561015206,-0.2879687789729495
size_shape,7,431,False,LNP193<-LNP782;LNP194<-LNP195;LNP195<-LNP858;LNP782<-LNP854;LNP854<-LNP193;LNP858<-LNP194,0.2727272727272727,-0.029220779220779147,0.5383444837990292,-0.013723766437324425,0.39264069264069257,-0.038095238095238126,0.4512987012987013,-0.03246753246753248,0.4514835605453088,-0.02766537562490401,-0.09631426606617752,-0.06195385942897494
size_shape,7,432,False,LNP193<-LNP782;LNP194<-LNP195;LNP195<-LNP858;LNP782<-LNP854;LNP854<-LNP194;LNP858<-LNP193,0.0,-0.30194805194805185,0.46285583103764927,-0.08921241919870437,0.27088319088319085,-0.15985273985273984,0.36363636363636365,-0.12012987012987014,0.30769230769230765,-0.17145662847790516,-0.3567530340063377,-0.3223926273691351
size_shape,7,433,False,LNP193<-LNP782;LNP194<-LNP854;LNP195<-LNP193;LNP782<-LNP194;LNP854<-LNP195;LNP858<-LNP858,0.2987012987012987,-0.0032467532467531646,0.5522639994414188,0.00019574920506515436,0.38696145124716547,-0.04377447948876523,0.5876623376623377,0.10389610389610388,0.5847382431233363,0.10558930695312352,0.19738550848793068,0.23174591512513326
size_shape,7,434,False,LNP193<-LNP782;LNP194<-LNP854;LNP195<-LNP193;LNP782<-LNP194;LNP854<-LNP858;LNP858<-LNP195,0.2922077922077922,-0.00974025974025966,0.5505755608028335,-0.0014926894335201002,0.3774376417233559,-0.05329828901257477,0.5876623376623377,0.10389610389610388,0.5847382431233363,0.10558930695312352,0.19738550848793068,0.23174591512513326
size_shape,7,435,False,LNP193<-LNP782;LNP194<-LNP854;LNP195<-LNP193;LNP782<-LNP195;LNP854<-LNP194;LNP858<-LNP858,0.19480519480519481,-0.10714285714285704,0.5213935895754078,-0.03067466066094582,0.3107012035583464,-0.12003472717758429,0.29545454545454547,-0.18831168831168832,0.2653061224489796,-0.2138428137212332,-0.4605661864718382,-0.42620577983463565
size_shape,7,436,False,LNP193<-LNP782;LNP194<-LNP854;LNP195<-LNP193;LNP782<-LNP195;LNP854<-LNP858;LNP858<-LNP194,0.3116883116883116,0.009740259740259771,0.5550910894660894,0.0030228392297357853,0.4404761904761904,0.009740259740259716,0.5194805194805195,0.035714285714285754,0.5183946488294314,0.03924571265921861,0.040291148201269084,0.07465155483847166
size_shape,7,437,False,LNP193<-LNP782;LNP194<-LNP854;LNP195<-LNP193;LNP782<-LNP858;LNP854<-LNP194;LNP858<-LNP195,0.15584415584415579,-0.14610389610389607,0.507841923849829,-0.044226326386524684,0.29777603349031917,-0.13295989724561152,0.29545454545454547,-0.18831168831168832,0.2653061224489796,-0.2138428137212332,-0.4605661864718382,-0.42620577983463565
size_shape,7,438,False,LNP193<-LNP782;LNP194<-LNP854;LNP195<-LNP193;LNP782<-LNP858;LNP854<-LNP195;LNP858<-LNP194,0.28896103896103886,-0.012987012987012991,0.5475813693958632,-0.004486880840490426,0.449443413729128,0.0187074829931973,0.4837662337662338,0.0,0.4791489361702128,0.0,-0.03436040663720258,0.0
size_shape,7,439,False,LNP193<-LNP782;LNP194<-LNP854;LNP195<-LNP194;LNP782<-LNP193;LNP854<-LNP195;LNP858<-LNP858,0.2987012987012987,-0.0032467532467531646,0.5522639994414188,0.00019574920506515436,0.38696145124716547,-0.04377447948876523,0.5876623376623377,0.10389610389610388,0.5847382431233363,0.10558930695312352,0.19738550848793068,0.23174591512513326
size_shape,7,440,False,LNP193<-LNP782;LNP194<-LNP854;LNP195<-LNP194;LNP782<-LNP193;LNP854<-LNP858;LNP858<-LNP195,0.3116883116883117,0.009740259740259827,0.5556260658533386,0.003557815616984983,0.42505668934240354,-0.005679241393527157,0.5876623376623377,0.10389610389610388,0.5847382431233363,0.10558930695312352,0.19738550848793068,0.23174591512513326
size_shape,7,441,False,LNP193<-LNP782;LNP194<-LNP854;LNP195<-LNP194;LNP782<-LNP195;LNP854<-LNP193;LNP858<-LNP858,0.23051948051948046,-0.0714285714285714,0.5314261496079677,-0.020642100628385895,0.3275510204081632,-0.1031849103277675,0.36363636363636365,-0.12012987012987014,0.30769230769230765,-0.17145662847790516,-0.3567530340063377,-0.3223926273691351
size_shape,7,442,False,LNP193<-LNP782;LNP194<-LNP854;LNP195<-LNP194;LNP782<-LNP195;LNP854<-LNP858;LNP858<-LNP193,0.19480519480519481,-0.10714285714285704,0.5213935895754078,-0.03067466066094582,0.3107012035583464,-0.12003472717758429,0.29545454545454547,-0.18831168831168832,0.2653061224489796,-0.2138428137212332,-0.4605661864718382,-0.42620577983463565
size_shape,7,443,False,LNP193<-LNP782;LNP194<-LNP854;LNP195<-LNP194;LNP782<-LNP858;LNP854<-LNP193;LNP858<-LNP195,0.22077922077922074,-0.08116883116883111,0.5285123966942149,-0.02355585354213874,0.32260596546310827,-0.10812996527282243,0.36363636363636365,-0.12012987012987014,0.30769230769230765,-0.17145662847790516,-0.3567530340063377,-0.3223926273691351
size_shape,7,444,False,LNP193<-LNP782;LNP194<-LNP854;LNP195<-LNP194;LNP782<-LNP858;LNP854<-LNP195;LNP858<-LNP193,0.1753246753246753,-0.12662337662337655,0.5143097643097643,-0.03775848592658937,0.303898482469911,-0.12683744826601967,0.29545454545454547,-0.18831168831168832,0.2653061224489796,-0.2138428137212332,-0.4605661864718382,-0.42620577983463565
size_shape,7,445,False,LNP193<-LNP782;LNP194<-LNP854;LNP195<-LNP195;LNP782<-LNP193;LNP854<-LNP194;LNP858<-LNP858,0.5746753246753247,0.2727272727272728,0.6993686868686868,0.14730043663233316,0.5732993197278912,0.14256338899196047,0.6558441558441559,0.1720779220779221,0.6538461538461539,0.17469721767594104,0.40771775315010056,0.44207815978730314
size_shape,7,446,False,LNP193<-LNP782;LNP194<-LNP854;LNP195<-LNP195;LNP782<-LNP193;LNP854<-LNP858;LNP858<-LNP194,0.2922077922077922,-0.00974025974025966,0.5505755608028335,-0.0014926894335201002,0.3798185941043083,-0.0509173366316224,0.4318181818181818,-0.051948051948051965,0.3454545454545454,-0.1336943907156674,-0.2405228464604172,-0.2061624398232146
size_shape,7,447,False,LNP193<-LNP782;LNP194<-LNP854;LNP195<-LNP195;LNP782<-LNP194;LNP854<-LNP193;LNP858<-LNP858,0.3409090909090909,0.03896103896103903,0.5643037518037518,0.012235501567398166,0.4916666666666666,0.06093073593073589,0.6558441558441559,0.1720779220779221,0.6538461538461539,0.17469721767594104,0.40771775315010056,0.44207815978730314
size_shape,7,448,False,LNP193<-LNP782;LNP194<-LNP854;LNP195<-LNP195;LNP782<-LNP194;LNP854<-LNP858;LNP858<-LNP193,0.09740259740259738,-0.20454545454545447,0.4901285583103765,-0.06193969192597715,0.28463420455901656,-0.14610172617691414,0.36363636363636365,-0.12012987012987014,0.30769230769230765,-0.17145662847790516,-0.3567530340063377,-0.3223926273691351
size_shape,7,449,False,LNP193<-LNP782;LNP194<-LNP854;LNP195<-LNP195;LNP782<-LNP858;LNP854<-LNP193;LNP858<-LNP194,0.22402597402597396,-0.07792207792207789,0.529694547876366,-0.02237370235998759,0.32358276643990924,-0.10715316429602145,0.4480519480519481,-0.0357142857142857,0.4375,-0.041648936170212814,-0.1130805588384352,-0.07872015220123262
size_shape,7,450,False,LNP193<-LNP782;LNP194<-LNP854;LNP195<-LNP195;LNP782<-LNP858;LNP854<-LNP194;LNP858<-LNP193,0.07792207792207788,-0.22402597402597396,0.48331037649219466,-0.06875787374415898,0.28085491506544136,-0.14988101567048934,0.29545454545454547,-0.18831168831168832,0.2653061224489796,-0.2138428137212332,-0.4605661864718382,-0.42620577983463565
size_shape,7,451,False,LNP193<-LNP782;LNP194<-LNP854;LNP195<-LNP858;LNP782<-LNP193;LNP854<-LNP194;LNP858<-LNP195,0.5746753246753247,0.2727272727272728,0.6993686868686868,0.14730043663233316,0.5732993197278912,0.14256338899196047,0.6558441558441559,0.1720779220779221,0.6538461538461539,0.17469721767594104,0.40771775315010056,0.44207815978730314
size_shape,7,452,False,LNP193<-LNP782;LNP194<-LNP854;LNP195<-LNP858;LNP782<-LNP193;LNP854<-LNP195;LNP858<-LNP194,0.2987012987012987,-0.0032467532467531646,0.5522639994414188,0.00019574920506515436,0.38696145124716547,-0.04377447948876523,0.4318181818181818,-0.051948051948051965,0.3454545454545454,-0.1336943907156674,-0.2405228464604172,-0.2061624398232146
size_shape,7,453,False,LNP193<-LNP782;LNP194<-LNP854;LNP195<-LNP858;LNP782<-LNP194;LNP854<-LNP193;LNP858<-LNP195,0.3474025974025974,0.045454545454545525,0.5659377387318564,0.013869488495502735,0.5392857142857143,0.10854978354978356,0.6558441558441559,0.1720779220779221,0.6538461538461539,0.17469721767594104,0.40771775315010056,0.44207815978730314
size_shape,7,454,False,LNP193<-LNP782;LNP194<-LNP854;LNP195<-LNP858;LNP782<-LNP194;LNP854<-LNP195;LNP858<-LNP193,0.09740259740259738,-0.20454545454545447,0.4901285583103765,-0.06193969192597715,0.28463420455901656,-0.14610172617691414,0.36363636363636365,-0.12012987012987014,0.30769230769230765,-0.17145662847790516,-0.3567530340063377,-0.3223926273691351
size_shape,7,455,False,LNP193<-LNP782;LNP194<-LNP854;LNP195<-LNP858;LNP782<-LNP195;LNP854<-LNP193;LNP858<-LNP194,0.2337662337662337,-0.06818181818181815,0.5328414010232192,-0.019226849213134445,0.3291486291486291,-0.10158730158730161,0.4480519480519481,-0.0357142857142857,0.4375,-0.041648936170212814,-0.1130805588384352,-0.07872015220123262
size_shape,7,456,False,LNP193<-LNP782;LNP194<-LNP854;LNP195<-LNP858;LNP782<-LNP195;LNP854<-LNP194;LNP858<-LNP193,0.09740259740259741,-0.20454545454545445,0.4914235596053778,-0.06064469063097583,0.28463420455901656,-0.14610172617691414,0.29545454545454547,-0.18831168831168832,0.2653061224489796,-0.2138428137212332,-0.4605661864718382,-0.42620577983463565
size_shape,7,457,False,LNP193<-LNP782;LNP194<-LNP858;LNP195<-LNP193;LNP782<-LNP194;LNP854<-LNP195;LNP858<-LNP854,0.30844155844155835,0.006493506493506496,0.548811115355233,-0.0032571348811206713,0.4783549783549783,0.047619047619047616,0.5194805194805194,0.03571428571428564,0.5183946488294314,0.03924571265921861,0.040291148201268875,0.07465155483847145
size_shape,7,458,False,LNP193<-LNP782;LNP194<-LNP858;LNP195<-LNP193;LNP782<-LNP194;LNP854<-LNP854;LNP858<-LNP195,0.00649350649350649,-0.29545454545454536,0.45852405170586996,-0.09354419853048368,0.27140078922687616,-0.15933514150905453,0.36363636363636365,-0.12012987012987014,0.30769230769230765,-0.17145662847790516,-0.3567530340063377,-0.3223926273691351
size_shape,7,459,False,LNP193<-LNP782;LNP194<-LNP858;LNP195<-LNP193;LNP782<-LNP195;LNP854<-LNP194;LNP858<-LNP854,0.30844155844155835,0.006493506493506496,0.548811115355233,-0.0032571348811206713,0.47597402597402594,0.045238095238095244,0.4512987012987013,-0.03246753246753248,0.4514835605453088,-0.02766537562490401,-0.09631426606617752,-0.06195385942897494
size_shape,7,460,False,LNP193<-LNP782;LNP194<-LNP858;LNP195<-LNP193;LNP782<-LNP195;LNP854<-LNP854;LNP858<-LNP194,0.12662337662337658,-0.17532467532467527,0.4954086317722681,-0.056659618464085515,0.28754251700680267,-0.14319341372912803,0.3116883116883117,-0.1720779220779221,0.3142857142857143,-0.16486322188449853,-0.3694942137922787,-0.3351338071550761
size_shape,7,461,False,LNP193<-LNP782;LNP194<-LNP858;LNP195<-LNP193;LNP782<-LNP854;LNP854<-LNP194;LNP858<-LNP195,0.20454545454545447,-0.09740259740259738,0.5183425160697888,-0.03372573416656488,0.36611394557823124,-0.06462198515769946,0.3116883116883117,-0.1720779220779221,0.3142857142857143,-0.16486322188449853,-0.3694942137922787,-0.3351338071550761
size_shape,7,462,False,LNP193<-LNP782;LNP194<-LNP858;LNP195<-LNP193;LNP782<-LNP854;LNP854<-LNP195;LNP858<-LNP194,0.29870129870129863,-0.00324675324675322,0.5509904603049541,-0.0010777899313995087,0.4553957946815089,0.02465986394557823,0.4837662337662338,0.0,0.4791489361702128,0.0,-0.03436040663720258,0.0
size_shape,7,463,False,LNP193<-LNP782;LNP194<-LNP858;LNP195<-LNP194;LNP782<-LNP193;LNP854<-LNP195;LNP858<-LNP854,0.0,-0.30194805194805185,0.45805785123966947,-0.09401039899668417,0.27088319088319085,-0.15985273985273984,0.36363636363636365,-0.12012987012987014,0.30769230769230765,-0.17145662847790516,-0.3567530340063377,-0.3223926273691351
size_shape,7,464,False,LNP193<-LNP782;LNP194<-LNP858;LNP195<-LNP194;LNP782<-LNP193;LNP854<-LNP854;LNP858<-LNP195,0.24999999999999997,-0.05194805194805188,0.5330627705627705,-0.019005479673583126,0.339069264069264,-0.09166666666666667,0.5194805194805194,0.03571428571428564,0.5183946488294314,0.03924571265921861,0.040291148201268875,0.07465155483847145
size_shape,7,465,False,LNP193<-LNP782;LNP194<-LNP858;LNP195<-LNP194;LNP782<-LNP195;LNP854<-LNP193;LNP858<-LNP854,0.2922077922077922,-0.00974025974025966,0.5481404958677686,-0.003927754368585057,0.3774376417233559,-0.05329828901257477,0.3831168831168831,-0.10064935064935071,0.3812500000000001,-0.09789893617021272,-0.22792115291927598,-0.1935607462820734
size_shape,7,466,False,LNP193<-LNP782;LNP194<-LNP858;LNP195<-LNP194;LNP782<-LNP195;LNP854<-LNP854;LNP858<-LNP193,0.2922077922077922,-0.00974025974025966,0.5481404958677686,-0.003927754368585057,0.3774376417233559,-0.05329828901257477,0.3831168831168831,-0.10064935064935071,0.3812500000000001,-0.09789893617021272,-0.22792115291927598,-0.1935607462820734
size_shape,7,467,False,LNP193<-LNP782;LNP194<-LNP858;LNP195<-LNP194;LNP782<-LNP854;LNP854<-LNP193;LNP858<-LNP195,0.2435064935064935,-0.05844155844155835,0.5313311688311688,-0.02073708140518482,0.33510101010101007,-0.09563492063492063,0.5194805194805194,0.03571428571428564,0.5183946488294314,0.03924571265921861,0.040291148201268875,0.07465155483847145
size_shape,7,468,False,LNP193<-LNP782;LNP194<-LNP858;LNP195<-LNP194;LNP782<-LNP854;LNP854<-LNP195;LNP858<-LNP193,0.0,-0.30194805194805185,0.45426997245179057,-0.09779827778456307,0.27088319088319085,-0.15985273985273984,0.36363636363636365,-0.12012987012987014,0.30769230769230765,-0.17145662847790516,-0.3567530340063377,-0.3223926273691351
size_shape,7,469,False,LNP193<-LNP782;LNP194<-LNP858;LNP195<-LNP195;LNP782<-LNP193;LNP854<-LNP194;LNP858<-LNP854,0.0,-0.30194805194805185,0.4598255280073462,-0.09224272222900742,0.27088319088319085,-0.15985273985273984,0.36363636363636365,-0.12012987012987014,0.30769230769230765,-0.17145662847790516,-0.3567530340063377,-0.3223926273691351
size_shape,7,470,False,LNP193<-LNP782;LNP194<-LNP858;LNP195<-LNP195;LNP782<-LNP193;LNP854<-LNP854;LNP858<-LNP194,0.17532467532467524,-0.1266233766233766,0.5082674571805006,-0.04380079305585305,0.30571254142682713,-0.12502338930910356,0.41233766233766234,-0.07142857142857145,0.3930789707187223,-0.08606996545149054,-0.1973855084879307,-0.16302510185072813
size_shape,7,471,False,LNP193<-LNP782;LNP194<-LNP858;LNP195<-LNP195;LNP782<-LNP194;LNP854<-LNP193;LNP858<-LNP854,0.22402597402597396,-0.07792207792207789,0.5299068986568987,-0.02216135157945498,0.32358276643990924,-0.10715316429602145,0.34090909090909094,-0.14285714285714285,0.29411764705882354,-0.18503128911138927,-0.39192475766909773,-0.35756435103189516
size_shape,7,472,False,LNP193<-LNP782;LNP194<-LNP858;LNP195<-LNP195;LNP782<-LNP194;LNP854<-LNP854;LNP858<-LNP193,0.1753246753246753,-0.12662337662337655,0.5144723092998954,-0.03759594093645824,0.303898482469911,-0.12683744826601967,0.27272727272727276,-0.21103896103896103,0.25,-0.2291489361702128,-0.4947274449181534,-0.4603670382809508
size_shape,7,473,False,LNP193<-LNP782;LNP194<-LNP858;LNP195<-LNP195;LNP782<-LNP854;LNP854<-LNP193;LNP858<-LNP194,0.21428571428571425,-0.08766233766233761,0.5217383626474535,-0.030329887588900095,0.3196145124716553,-0.1111214182642754,0.37987012987012986,-0.10389610389610393,0.37777777777777777,-0.10137115839243505,-0.2438488811817297,-0.20948847454452713
size_shape,7,474,False,LNP193<-LNP782;LNP194<-LNP858;LNP195<-LNP195;LNP782<-LNP854;LNP854<-LNP194;LNP858<-LNP193,0.0,-0.30194805194805185,0.46285583103764927,-0.08921241919870437,0.27088319088319085,-0.15985273985273984,0.29545454545454547,-0.18831168831168832,0.2653061224489796,-0.2138428137212332,-0.4605661864718382,-0.42620577983463565
size_shape,7,475,False,LNP193<-LNP782;LNP194<-LNP858;LNP195<-LNP854;LNP782<-LNP193;LNP854<-LNP194;LNP858<-LNP195,0.2532467532467531,-0.048701298701298745,0.5329327804429891,-0.019135469793364557,0.408813525410164,-0.02192240532576667,0.3116883116883117,-0.1720779220779221,0.3142857142857143,-0.16486322188449853,-0.3694942137922787,-0.3351338071550761
size_shape,7,476,False,LNP193<-LNP782;LNP194<-LNP858;LNP195<-LNP854;LNP782<-LNP193;LNP854<-LNP195;LNP858<-LNP194,0.22402597402597396,-0.07792207792207789,0.5278448823903369,-0.024223367846016752,0.3326530612244898,-0.0980828695114409,0.4480519480519481,-0.0357142857142857,0.4375,-0.041648936170212814,-0.1130805588384352,-0.07872015220123262
size_shape,7,477,False,LNP193<-LNP782;LNP194<-LNP858;LNP195<-LNP854;LNP782<-LNP194;LNP854<-LNP193;LNP858<-LNP195,0.0,-0.30194805194805185,0.45677226813590455,-0.0952959821004491,0.27088319088319085,-0.15985273985273984,0.29545454545454547,-0.18831168831168832,0.26530612244897966,-0.21384281372123315,-0.46056618647183817,-0.4262057798346356
size_shape,7,478,False,LNP193<-LNP782;LNP194<-LNP858;LNP195<-LNP854;LNP782<-LNP194;LNP854<-LNP195;LNP858<-LNP193,0.30844155844155835,0.006493506493506496,0.548811115355233,-0.0032571348811206713,0.4783549783549783,0.047619047619047616,0.5194805194805194,0.03571428571428564,0.5183946488294314,0.03924571265921861,0.040291148201268875,0.07465155483847145
size_shape,7,479,False,LNP193<-LNP782;LNP194<-LNP858;LNP195<-LNP854;LNP782<-LNP195;LNP854<-LNP193;LNP858<-LNP194,0.12662337662337658,-0.17532467532467527,0.4954086317722681,-0.056659618464085515,0.28754251700680267,-0.14319341372912803,0.275974025974026,-0.2077922077922078,0.27826784282277467,-0.20088109334743814,-0.44304562390441643,-0.40868521726721385
size_shape,7,480,False,LNP193<-LNP782;LNP194<-LNP858;LNP195<-LNP854;LNP782<-LNP195;LNP854<-LNP194;LNP858<-LNP193,0.29220779220779214,-0.009740259740259716,0.5437680375180375,-0.008300212718316158,0.4247835497835497,-0.005952380952380987,0.4512987012987013,-0.03246753246753248,0.4514835605453088,-0.02766537562490401,-0.09631426606617752,-0.06195385942897494
size_shape,7,481,False,LNP193<-LNP854;LNP194<-LNP193;LNP195<-LNP194;LNP782<-LNP195;LNP854<-LNP782;LNP858<-LNP858,0.23051948051948046,-0.0714285714285714,0.5314261496079677,-0.020642100628385895,0.3275510204081632,-0.1031849103277675,0.36363636363636365,-0.12012987012987014,0.30769230769230765,-0.17145662847790516,-0.3567530340063377,-0.3223926273691351
size_shape,7,482,False,LNP193<-LNP854;LNP194<-LNP193;LNP195<-LNP194;LNP782<-LNP195;LNP854<-LNP858;LNP858<-LNP782,0.1753246753246753,-0.12662337662337655,0.5143097643097643,-0.03775848592658937,0.303898482469911,-0.12683744826601967,0.29545454545454547,-0.18831168831168832,0.2653061224489796,-0.2138428137212332,-0.4605661864718382,-0.42620577983463565
size_shape,7,483,False,LNP193<-LNP854;LNP194<-LNP193;LNP195<-LNP194;LNP782<-LNP782;LNP854<-LNP195;LNP858<-LNP858,0.2987012987012987,-0.0032467532467531646,0.5522639994414188,0.00019574920506515436,0.38696145124716547,-0.04377447948876523,0.5876623376623377,0.10389610389610388,0.5847382431233363,0.10558930695312352,0.19738550848793068,0.23174591512513326
size_shape,7,484,False,LNP193<-LNP854;LNP194<-LNP193;LNP195<-LNP194;LNP782<-LNP782;LNP854<-LNP858;LNP858<-LNP195,0.2987012987012987,-0.0032467532467531646,0.5522639994414188,0.00019574920506515436,0.38696145124716547,-0.04377447948876523,0.5876623376623377,0.10389610389610388,0.5847382431233363,0.10558930695312352,0.19738550848793068,0.23174591512513326
size_shape,7,485,False,LNP193<-LNP854;LNP194<-LNP193;LNP195<-LNP194;LNP782<-LNP858;LNP854<-LNP195;LNP858<-LNP782,0.19480519480519481,-0.10714285714285704,0.5213935895754078,-0.03067466066094582,0.308320251177394,-0.12241567955853672,0.29545454545454547,-0.18831168831168832,0.2653061224489796,-0.2138428137212332,-0.4605661864718382,-0.42620577983463565
size_shape,7,486,False,LNP193<-LNP854;LNP194<-LNP193;LNP195<-LNP194;LNP782<-LNP858;LNP854<-LNP782;LNP858<-LNP195,0.22077922077922074,-0.08116883116883111,0.5285123966942149,-0.02355585354213874,0.32260596546310827,-0.10812996527282243,0.36363636363636365,-0.12012987012987014,0.30769230769230765,-0.17145662847790516,-0.3567530340063377,-0.3223926273691351
size_shape,7,487,False,LNP193<-LNP854;LNP194<-LNP193;LNP195<-LNP195;LNP782<-LNP194;LNP854<-LNP782;LNP858<-LNP858,0.3474025974025974,0.045454545454545525,0.5659377387318564,0.013869488495502735,0.5392857142857143,0.10854978354978356,0.6201298701298701,0.1363636363636363,0.6067527308838134,0.12760379471360062,0.33868074965743356,0.37304115629463613
size_shape,7,488,False,LNP193<-LNP854;LNP194<-LNP193;LNP195<-LNP195;LNP782<-LNP194;LNP854<-LNP858;LNP858<-LNP782,0.13636363636363635,-0.1655844155844155,0.5019130700948883,-0.05015518014146536,0.29257071249552447,-0.13816521824040623,0.5,0.01623376623376621,0.37931034482758613,-0.09983859134262668,0.0,0.03436040663720258
size_shape,7,489,False,LNP193<-LNP854;LNP194<-LNP193;LNP195<-LNP195;LNP782<-LNP782;LNP854<-LNP194;LNP858<-LNP858,0.5811688311688312,0.27922077922077937,0.7010026737967914,0.14893442356043773,0.6209183673469387,0.19018243661100803,0.6558441558441559,0.1720779220779221,0.6538461538461539,0.17469721767594104,0.40771775315010056,0.44207815978730314
size_shape,7,490,False,LNP193<-LNP854;LNP194<-LNP193;LNP195<-LNP195;LNP782<-LNP782;LNP854<-LNP858;LNP858<-LNP194,0.41558441558441556,0.1136363636363637,0.6249912721686914,0.0729230219323378,0.4210884353741496,-0.009647495361781111,0.4318181818181818,-0.051948051948051965,0.3454545454545454,-0.1336943907156674,-0.2405228464604172,-0.2061624398232146
size_shape,7,491,False,LNP193<-LNP854;LNP194<-LNP193;LNP195<-LNP195;LNP782<-LNP858;LNP854<-LNP194;LNP858<-LNP782,0.15584415584415579,-0.14610389610389607,0.507841923849829,-0.044226326386524684,0.29777603349031917,-0.13295989724561152,0.29545454545454547,-0.18831168831168832,0.2653061224489796,-0.2138428137212332,-0.4605661864718382,-0.42620577983463565
size_shape,7,492,False,LNP193<-LNP854;LNP194<-LNP193;LNP195<-LNP195;LNP782<-LNP858;LNP854<-LNP782;LNP858<-LNP194,0.23051948051948046,-0.0714285714285714,0.5314261496079677,-0.020642100628385895,0.3275510204081632,-0.1031849103277675,0.43506493506493504,-0.048701298701298745,0.4109090909090909,-0.06823984526112192,-0.15228622596829317,-0.11792581933109059
size_shape,7,493,False,LNP193<-LNP854;LNP194<-LNP193;LNP195<-LNP782;LNP782<-LNP194;LNP854<-LNP195;LNP858<-LNP858,0.2889610389610389,-0.012987012987012936,0.5490172461946655,-0.0030510040416881212,0.3770408163265306,-0.05369511440940011,0.5162337662337663,0.03246753246753248,0.4957983193277311,0.016649383157518294,0.03999232221113232,0.0743527288483349
size_shape,7,494,False,LNP193<-LNP854;LNP194<-LNP193;LNP195<-LNP782;LNP782<-LNP194;LNP854<-LNP858;LNP858<-LNP195,0.3116883116883117,0.009740259740259827,0.5556260658533386,0.003557815616984983,0.42505668934240354,-0.005679241393527157,0.5876623376623377,0.10389610389610388,0.5847382431233363,0.10558930695312352,0.19738550848793068,0.23174591512513326
size_shape,7,495,False,LNP193<-LNP854;LNP194<-LNP193;LNP195<-LNP782;LNP782<-LNP195;LNP854<-LNP194;LNP858<-LNP858,0.19480519480519481,-0.10714285714285704,0.5213935895754078,-0.03067466066094582,0.3107012035583464,-0.12003472717758429,0.29545454545454547,-0.18831168831168832,0.2653061224489796,-0.2138428137212332,-0.4605661864718382,-0.42620577983463565
size_shape,7,496,False,LNP193<-LNP854;LNP194<-LNP193;LNP195<-LNP782;LNP782<-LNP195;LNP854<-LNP858;LNP858<-LNP194,0.30194805194805185,0.0,0.5520682502363536,0.0,0.4307359307359307,0.0,0.5194805194805195,0.035714285714285754,0.5183946488294314,0.03924571265921861,0.040291148201269084,0.07465155483847166
size_shape,7,497,False,LNP193<-LNP854;LNP194<-LNP193;LNP195<-LNP782;LNP782<-LNP858;LNP854<-LNP194;LNP858<-LNP195,0.19480519480519481,-0.10714285714285704,0.5213935895754078,-0.03067466066094582,0.3107012035583464,-0.12003472717758429,0.36363636363636365,-0.12012987012987014,0.30769230769230765,-0.17145662847790516,-0.3567530340063377,-0.3223926273691351
size_shape,7,498,False,LNP193<-LNP854;LNP194<-LNP193;LNP195<-LNP782;LNP782<-LNP858;LNP854<-LNP195;LNP858<-LNP194,0.24999999999999994,-0.05194805194805191,0.5364914655237236,-0.01557678471263002,0.34897959183673466,-0.08175633889919603,0.4480519480519481,-0.0357142857142857,0.4375,-0.041648936170212814,-0.1130805588384352,-0.07872015220123262
size_shape,7,499,False,LNP193<-LNP854;LNP194<-LNP193;LNP195<-LNP858;LNP782<-LNP194;LNP854<-LNP195;LNP858<-LNP782,0.09740259740259738,-0.20454545454545447,0.4901285583103765,-0.06193969192597715,0.2822532521780642,-0.1484826785578665,0.4318181818181818,-0.051948051948051965,0.3454545454545454,-0.1336943907156674,-0.2405228464604172,-0.2061624398232146
size_shape,7,500,False,LNP193<-LNP854;LNP194<-LNP193;LNP195<-LNP858;LNP782<-LNP194;LNP854<-LNP782;LNP858<-LNP195,0.3474025974025974,0.045454545454545525,0.5659377387318564,0.013869488495502735,0.5392857142857143,0.10854978354978356,0.6558441558441559,0.1720779220779221,0.6538461538461539,0.17469721767594104,0.40771775315010056,0.44207815978730314
size_shape,7,501,False,LNP193<-LNP854;LNP194<-LNP193;LNP195<-LNP858;LNP782<-LNP195;LNP854<-LNP194;LNP858<-LNP782,0.05844155844155839,-0.24350649350649345,0.4785893350064473,-0.07347891522990635,0.2775582117687381,-0.15317771896719262,0.29545454545454547,-0.18831168831168832,0.2653061224489796,-0.2138428137212332,-0.4605661864718382,-0.42620577983463565
size_shape,7,502,False,LNP193<-LNP854;LNP194<-LNP193;LNP195<-LNP858;LNP782<-LNP195;LNP854<-LNP782;LNP858<-LNP194,0.24025974025974023,-0.061688311688311626,0.5345730027548209,-0.01749524748153275,0.33311688311688303,-0.09761904761904766,0.4480519480519481,-0.0357142857142857,0.4375,-0.041648936170212814,-0.1130805588384352,-0.07872015220123262
size_shape,7,503,False,LNP193<-LNP854;LNP194<-LNP193;LNP195<-LNP858;LNP782<-LNP782;LNP854<-LNP194;LNP858<-LNP195,0.5811688311688312,0.27922077922077937,0.7010026737967914,0.14893442356043773,0.6209183673469387,0.19018243661100803,0.6558441558441559,0.1720779220779221,0.6538461538461539,0.17469721767594104,0.40771775315010056,0.44207815978730314
size_shape,7,504,False,LNP193<-LNP854;LNP194<-LNP193;LNP195<-LNP858;LNP782<-LNP782;LNP854<-LNP195;LNP858<-LNP194,0.2987012987012987,-0.0032467532467531646,0.5522639994414188,0.00019574920506515436,0.38696145124716547,-0.04377447948876523,0.4318181818181818,-0.051948051948051965,0.3454545454545454,-0.1336943907156674,-0.2405228464604172,-0.2061624398232146
size_shape,7,505,False,LNP193<-LNP854;LNP194<-LNP194;LNP195<-LNP193;LNP782<-LNP195;LNP854<-LNP782;LNP858<-LNP858,0.0,-0.30194805194805185,0.4598255280073462,-0.09224272222900742,0.27088319088319085,-0.15985273985273984,0.29545454545454547,-0.18831168831168832,0.2653061224489796,-0.2138428137212332,-0.4605661864718382,-0.42620577983463565
size_shape,7,506,False,LNP193<-LNP854;LNP194<-LNP194;LNP195<-LNP193;LNP782<-LNP195;LNP854<-LNP858;LNP858<-LNP782,0.32142857142857134,0.019480519480519487,0.5529505888376856,0.0008823386013319112,0.4619047619047619,0.03116883116883118,0.5194805194805194,0.03571428571428564,0.5183946488294314,0.03924571265921861,0.040291148201268875,0.07465155483847145
size_shape,7,507,False,LNP193<-LNP854;LNP194<-LNP194;LNP195<-LNP193;LNP782<-LNP782;LNP854<-LNP195;LNP858<-LNP858,0.2922077922077922,-0.00974025974025966,0.5505755608028335,-0.0014926894335201002,0.3774376417233559,-0.05329828901257477,0.551948051948052,0.06818181818181818,0.5418181818181819,0.06266924564796905,0.1218289807746346,0.1561893874118372
size_shape,7,508,False,LNP193<-LNP854;LNP194<-LNP194;LNP195<-LNP193;LNP782<-LNP782;LNP854<-LNP858;LNP858<-LNP195,0.2727272727272727,-0.029220779220779147,0.5443059683263445,-0.007762281910009161,0.35777674706246126,-0.07295918367346943,0.5162337662337663,0.03246753246753248,0.4957983193277311,0.016649383157518294,0.03999232221113232,0.0743527288483349
size_shape,7,509,False,LNP193<-LNP854;LNP194<-LNP194;LNP195<-LNP193;LNP782<-LNP858;LNP854<-LNP195;LNP858<-LNP782,0.3474025974025974,0.045454545454545525,0.5618792971734148,0.00981104693706114,0.5392857142857143,0.10854978354978356,0.4512987012987013,-0.03246753246753248,0.4514835605453088,-0.02766537562490401,-0.09631426606617752,-0.06195385942897494
size_shape,7,510,False,LNP193<-LNP854;LNP194<-LNP194;LNP195<-LNP193;LNP782<-LNP858;LNP854<-LNP782;LNP858<-LNP195,0.0,-0.30194805194805185,0.4598255280073462,-0.09224272222900742,0.2685022385022384,-0.16223369223369227,0.29545454545454547,-0.18831168831168832,0.2653061224489796,-0.2138428137212332,-0.4605661864718382,-0.42620577983463565
size_shape,7,511,False,LNP193<-LNP854;LNP194<-LNP194;LNP195<-LNP195;LNP782<-LNP193;LNP854<-LNP782;LNP858<-LNP858,0.3474025974025974,0.045454545454545525,0.5635026737967914,0.011434423560437779,0.5392857142857143,0.10854978354978356,0.6558441558441559,0.1720779220779221,0.6538461538461539,0.17469721767594104,0.40771775315010056,0.44207815978730314
size_shape,7,512,False,LNP193<-LNP854;LNP194<-LNP194;LNP195<-LNP195;LNP782<-LNP193;LNP854<-LNP858;LNP858<-LNP782,0.09740259740259738,-0.20454545454545447,0.4901285583103765,-0.06193969192597715,0.28463420455901656,-0.14610172617691414,0.5,0.01623376623376621,0.37931034482758613,-0.09983859134262668,0.0,0.03436040663720258
size_shape,7,513,False,LNP193<-LNP854;LNP194<-LNP194;LNP195<-LNP195;LNP782<-LNP782;LNP854<-LNP193;LNP858<-LNP858,0.3474025974025974,0.045454545454545525,0.5618792971734148,0.00981104693706114,0.5392857142857143,0.10854978354978356,0.6558441558441559,0.1720779220779221,0.6538461538461539,0.17469721767594104,0.40771775315010056,0.44207815978730314
size_shape,7,514,False,LNP193<-LNP854;LNP194<-LNP194;LNP195<-LNP195;LNP782<-LNP782;LNP854<-LNP858;LNP858<-LNP193,0.07792207792207788,-0.22402597402597396,0.48331037649219466,-0.06875787374415898,0.28085491506544136,-0.14988101567048934,0.4318181818181818,-0.051948051948051965,0.3454545454545454,-0.1336943907156674,-0.2405228464604172,-0.2061624398232146
size_shape,7,515,False,LNP193<-LNP854;LNP194<-LNP194;LNP195<-LNP195;LNP782<-LNP858;LNP854<-LNP193;LNP858<-LNP782,0.19480519480519481,-0.10714285714285704,0.5213935895754078,-0.03067466066094582,0.3107012035583464,-0.12003472717758429,0.4318181818181818,-0.051948051948051965,0.3454545454545454,-0.1336943907156674,-0.2405228464604172,-0.2061624398232146
size_shape,7,516,False,LNP193<-LNP854;LNP194<-LNP194;LNP195<-LNP195;LNP782<-LNP858;LNP854<-LNP782;LNP858<-LNP193,0.19480519480519481,-0.10714285714285704,0.5213935895754078,-0.03067466066094582,0.3107012035583464,-0.12003472717758429,0.36363636363636365,-0.12012987012987014,0.30769230769230765,-0.17145662847790516,-0.3567530340063377,-0.3223926273691351
size_shape,7,517,False,LNP193<-LNP854;LNP194<-LNP194;LNP195<-LNP782;LNP782<-LNP193;LNP854<-LNP195;LNP858<-LNP858,0.2824675324675324,-0.01948051948051943,0.5473288075560803,-0.004739442680273376,0.36751700680272104,-0.06321892393320966,0.5162337662337663,0.03246753246753248,0.4957983193277311,0.016649383157518294,0.03999232221113232,0.0743527288483349
size_shape,7,518,False,LNP193<-LNP854;LNP194<-LNP194;LNP195<-LNP782;LNP782<-LNP193;LNP854<-LNP858;LNP858<-LNP195,0.2922077922077922,-0.00974025974025966,0.5506673881673881,-0.0014008620689655027,0.3774376417233559,-0.05329828901257477,0.5876623376623377,0.10389610389610388,0.5847382431233363,0.10558930695312352,0.19738550848793068,0.23174591512513326
size_shape,7,519,False,LNP193<-LNP854;LNP194<-LNP194;LNP195<-LNP782;LNP782<-LNP195;LNP854<-LNP193;LNP858<-LNP858,0.0,-0.30194805194805185,0.4598255280073462,-0.09224272222900742,0.27088319088319085,-0.15985273985273984,0.29545454545454547,-0.18831168831168832,0.2653061224489796,-0.2138428137212332,-0.4605661864718382,-0.42620577983463565
size_shape,7,520,False,LNP193<-LNP854;LNP194<-LNP194;LNP195<-LNP782;LNP782<-LNP195;LNP854<-LNP858;LNP858<-LNP193,0.32142857142857134,0.019480519480519487,0.5529505888376856,0.0008823386013319112,0.4619047619047619,0.03116883116883118,0.4512987012987013,-0.03246753246753248,0.4514835605453088,-0.02766537562490401,-0.09631426606617752,-0.06195385942897494
size_shape,7,521,False,LNP193<-LNP854;LNP194<-LNP194;LNP195<-LNP782;LNP782<-LNP858;LNP854<-LNP193;LNP858<-LNP195,0.0,-0.30194805194805185,0.4598255280073462,-0.09224272222900742,0.27088319088319085,-0.15985273985273984,0.36363636363636365,-0.12012987012987014,0.30769230769230765,-0.17145662847790516,-0.3567530340063377,-0.3223926273691351
size_shape,7,522,False,LNP193<-LNP854;LNP194<-LNP194;LNP195<-LNP782;LNP782<-LNP858;LNP854<-LNP195;LNP858<-LNP193,0.30844155844155835,0.006493506493506496,0.5476335722238775,-0.004434678012476101,0.4996031746031746,0.06886724386724391,0.6201298701298701,0.1363636363636363,0.6067527308838134,0.12760379471360062,0.33868074965743356,0.37304115629463613
size_shape,7,523,False,LNP193<-LNP854;LNP194<-LNP194;LNP195<-LNP858;LNP782<-LNP193;LNP854<-LNP195;LNP858<-LNP782,0.09740259740259738,-0.20454545454545447,0.4901285583103765,-0.06193969192597715,0.2822532521780642,-0.1484826785578665,0.4318181818181818,-0.051948051948051965,0.3454545454545454,-0.1336943907156674,-0.2405228464604172,-0.2061624398232146
size_shape,7,524,False,LNP193<-LNP854;LNP194<-LNP194;LNP195<-LNP858;LNP782<-LNP193;LNP854<-LNP782;LNP858<-LNP195,0.3474025974025974,0.045454545454545525,0.5618792971734148,0.00981104693706114,0.5392857142857143,0.10854978354978356,0.6558441558441559,0.1720779220779221,0.6538461538461539,0.17469721767594104,0.40771775315010056,0.44207815978730314
size_shape,7,525,False,LNP193<-LNP854;LNP194<-LNP194;LNP195<-LNP858;LNP782<-LNP195;LNP854<-LNP193;LNP858<-LNP782,0.1753246753246753,-0.12662337662337655,0.5143097643097643,-0.03775848592658937,0.303898482469911,-0.12683744826601967,0.29545454545454547,-0.18831168831168832,0.2653061224489796,-0.2138428137212332,-0.4605661864718382,-0.42620577983463565
size_shape,7,526,False,LNP193<-LNP854;LNP194<-LNP194;LNP195<-LNP858;LNP782<-LNP195;LNP854<-LNP782;LNP858<-LNP193,0.19480519480519481,-0.10714285714285704,0.5213935895754078,-0.03067466066094582,0.3107012035583464,-0.12003472717758429,0.29545454545454547,-0.18831168831168832,0.2653061224489796,-0.2138428137212332,-0.4605661864718382,-0.42620577983463565
size_shape,7,527,False,LNP193<-LNP854;LNP194<-LNP194;LNP195<-LNP858;LNP782<-LNP782;LNP854<-LNP193;LNP858<-LNP195,0.3409090909090909,0.03896103896103903,0.5602453102453102,0.008177060008956571,0.4916666666666666,0.06093073593073589,0.6201298701298701,0.1363636363636363,0.6067527308838134,0.12760379471360062,0.33868074965743356,0.37304115629463613
size_shape,7,528,False,LNP193<-LNP854;LNP194<-LNP194;LNP195<-LNP858;LNP782<-LNP782;LNP854<-LNP195;LNP858<-LNP193,0.07792207792207788,-0.22402597402597396,0.48331037649219466,-0.06875787374415898,0.28085491506544136,-0.14988101567048934,0.4318181818181818,-0.051948051948051965,0.3454545454545454,-0.1336943907156674,-0.2405228464604172,-0.2061624398232146
size_shape,7,529,False,LNP193<-LNP854;LNP194<-LNP195;LNP195<-LNP193;LNP782<-LNP194;LNP854<-LNP782;LNP858<-LNP858,0.0,-0.30194805194805185,0.45805785123966947,-0.09401039899668417,0.27088319088319085,-0.15985273985273984,0.36363636363636365,-0.12012987012987014,0.30769230769230765,-0.17145662847790516,-0.3567530340063377,-0.3223926273691351
size_shape,7,530,False,LNP193<-LNP854;LNP194<-LNP195;LNP195<-LNP193;LNP782<-LNP194;LNP854<-LNP858;LNP858<-LNP782,0.2889610389610389,-0.012987012987012936,0.5428666921313979,-0.00920155810495571,0.44621212121212117,0.015476190476190477,0.5194805194805194,0.03571428571428564,0.5183946488294314,0.03924571265921861,0.040291148201268875,0.07465155483847145
size_shape,7,531,False,LNP193<-LNP854;LNP194<-LNP195;LNP195<-LNP193;LNP782<-LNP782;LNP854<-LNP194;LNP858<-LNP858,0.29220779220779214,-0.009740259740259716,0.5486591593272627,-0.003409090909090917,0.4247835497835497,-0.005952380952380987,0.4480519480519481,-0.0357142857142857,0.4375,-0.041648936170212814,-0.1130805588384352,-0.07872015220123262
size_shape,7,532,False,LNP193<-LNP854;LNP194<-LNP195;LNP195<-LNP193;LNP782<-LNP782;LNP854<-LNP858;LNP858<-LNP194,0.30194805194805185,0.0,0.5520682502363536,0.0,0.4307359307359307,0.0,0.4837662337662338,0.0,0.4791489361702128,0.0,-0.03436040663720258,0.0
size_shape,7,533,False,LNP193<-LNP854;LNP194<-LNP195;LNP195<-LNP193;LNP782<-LNP858;LNP854<-LNP194;LNP858<-LNP782,0.22402597402597396,-0.07792207792207789,0.5247752247752248,-0.027293025461128884,0.3212018140589568,-0.10953411667697388,0.4512987012987013,-0.03246753246753248,0.4514835605453088,-0.02766537562490401,-0.09631426606617752,-0.06195385942897494
size_shape,7,534,False,LNP193<-LNP854;LNP194<-LNP195;LNP195<-LNP193;LNP782<-LNP858;LNP854<-LNP782;LNP858<-LNP194,0.14610389610389607,-0.15584415584415579,0.5008800122436485,-0.05118823799270511,0.29230442176870747,-0.13843150896722323,0.3116883116883117,-0.1720779220779221,0.3142857142857143,-0.16486322188449853,-0.3694942137922787,-0.3351338071550761
size_shape,7,535,False,LNP193<-LNP854;LNP194<-LNP195;LNP195<-LNP194;LNP782<-LNP193;LNP854<-LNP782;LNP858<-LNP858,0.24999999999999997,-0.05194805194805188,0.5330627705627705,-0.019005479673583126,0.339069264069264,-0.09166666666666667,0.5194805194805194,0.03571428571428564,0.5183946488294314,0.03924571265921861,0.040291148201268875,0.07465155483847145
size_shape,7,536,False,LNP193<-LNP854;LNP194<-LNP195;LNP195<-LNP194;LNP782<-LNP193;LNP854<-LNP858;LNP858<-LNP782,0.00649350649350649,-0.29545454545454536,0.45627428127428127,-0.09579396896207237,0.27140078922687616,-0.15933514150905453,0.36363636363636365,-0.12012987012987014,0.3076923076923077,-0.1714566284779051,-0.35675303400633795,-0.3223926273691354
size_shape,7,537,False,LNP193<-LNP854;LNP194<-LNP195;LNP195<-LNP194;LNP782<-LNP782;LNP854<-LNP193;LNP858<-LNP858,0.24999999999999997,-0.05194805194805188,0.5330627705627705,-0.019005479673583126,0.339069264069264,-0.09166666666666667,0.5194805194805194,0.03571428571428564,0.5183946488294314,0.03924571265921861,0.040291148201268875,0.07465155483847145
size_shape,7,538,False,LNP193<-LNP854;LNP194<-LNP195;LNP195<-LNP194;LNP782<-LNP782;LNP854<-LNP858;LNP858<-LNP193,0.045454545454545435,-0.25649350649350644,0.47177395969262004,-0.0802942905437336,0.27578515166750456,-0.15495077906842614,0.36363636363636365,-0.12012987012987014,0.30769230769230765,-0.17145662847790516,-0.3567530340063377,-0.3223926273691351
size_shape,7,539,False,LNP193<-LNP854;LNP194<-LNP195;LNP195<-LNP194;LNP782<-LNP858;LNP854<-LNP193;LNP858<-LNP782,0.2922077922077922,-0.00974025974025966,0.546517119244392,-0.005551130991961695,0.3774376417233559,-0.05329828901257477,0.3831168831168831,-0.10064935064935071,0.3812500000000001,-0.09789893617021272,-0.22792115291927598,-0.1935607462820734
size_shape,7,540,False,LNP193<-LNP854;LNP194<-LNP195;LNP195<-LNP194;LNP782<-LNP858;LNP854<-LNP782;LNP858<-LNP193,0.2727272727272727,-0.029220779220779147,0.5400236127508855,-0.012044637485468135,0.36156462585034005,-0.06917130488559065,0.3831168831168831,-0.10064935064935071,0.3812500000000001,-0.09789893617021272,-0.22792115291927598,-0.1935607462820734
size_shape,7,541,False,LNP193<-LNP854;LNP194<-LNP195;LNP195<-LNP782;LNP782<-LNP193;LNP854<-LNP194;LNP858<-LNP858,0.16558441558441553,-0.13636363636363633,0.508270202020202,-0.04379804821615163,0.30262188208616775,-0.12811404864976295,0.3116883116883117,-0.1720779220779221,0.3142857142857143,-0.16486322188449853,-0.3694942137922787,-0.3351338071550761
size_shape,7,542,False,LNP193<-LNP854;LNP194<-LNP195;LNP195<-LNP782;LNP782<-LNP193;LNP854<-LNP858;LNP858<-LNP194,0.29220779220779214,-0.009740259740259716,0.5486591593272627,-0.003409090909090917,0.4247835497835497,-0.005952380952380987,0.4480519480519481,-0.0357142857142857,0.4375,-0.041648936170212814,-0.1130805588384352,-0.07872015220123262
size_shape,7,543,False,LNP193<-LNP854;LNP194<-LNP195;LNP195<-LNP782;LNP782<-LNP194;LNP854<-LNP193;LNP858<-LNP858,0.0,-0.30194805194805185,0.45805785123966947,-0.09401039899668417,0.27088319088319085,-0.15985273985273984,0.22727272727272727,-0.25649350649350655,0.2173913043478261,-0.2617576318223867,-0.5640760748177664,-0.5297156681805639
size_shape,7,544,False,LNP193<-LNP854;LNP194<-LNP195;LNP195<-LNP782;LNP782<-LNP194;LNP854<-LNP858;LNP858<-LNP193,0.2435064935064935,-0.05844155844155835,0.5313311688311688,-0.02073708140518482,0.33510101010101007,-0.09563492063492063,0.5194805194805194,0.03571428571428564,0.5183946488294314,0.03924571265921861,0.040291148201268875,0.07465155483847145
size_shape,7,545,False,LNP193<-LNP854;LNP194<-LNP195;LNP195<-LNP782;LNP782<-LNP858;LNP854<-LNP193;LNP858<-LNP194,0.14610389610389607,-0.15584415584415579,0.5008800122436485,-0.05118823799270511,0.29230442176870747,-0.13843150896722323,0.3116883116883117,-0.1720779220779221,0.3142857142857143,-0.16486322188449853,-0.3694942137922787,-0.3351338071550761
size_shape,7,546,False,LNP193<-LNP854;LNP194<-LNP195;LNP195<-LNP782;LNP782<-LNP858;LNP854<-LNP194;LNP858<-LNP193,0.22402597402597396,-0.07792207792207789,0.5247752247752248,-0.027293025461128884,0.3212018140589568,-0.10953411667697388,0.4512987012987013,-0.03246753246753248,0.4514835605453088,-0.02766537562490401,-0.09631426606617752,-0.06195385942897494
size_shape,7,547,False,LNP193<-LNP854;LNP194<-LNP195;LNP195<-LNP858;LNP782<-LNP193;LNP854<-LNP194;LNP858<-LNP782,0.0,-0.30194805194805185,0.4610881542699725,-0.09098009596638112,0.27088319088319085,-0.15985273985273984,0.22727272727272727,-0.25649350649350655,0.2173913043478261,-0.2617576318223867,-0.5640760748177664,-0.5297156681805639
size_shape,7,548,False,LNP193<-LNP854;LNP194<-LNP195;LNP195<-LNP858;LNP782<-LNP193;LNP854<-LNP782;LNP858<-LNP194,0.21428571428571425,-0.08766233766233761,0.5217383626474535,-0.030329887588900095,0.3196145124716553,-0.1111214182642754,0.37987012987012986,-0.10389610389610393,0.37777777777777777,-0.10137115839243505,-0.2438488811817297,-0.20948847454452713
size_shape,7,549,False,LNP193<-LNP854;LNP194<-LNP195;LNP195<-LNP858;LNP782<-LNP194;LNP854<-LNP193;LNP858<-LNP782,0.15584415584415579,-0.14610389610389607,0.5081249922559381,-0.04394325798041554,0.29777603349031917,-0.13295989724561152,0.27272727272727276,-0.21103896103896103,0.25,-0.2291489361702128,-0.4947274449181534,-0.4603670382809508
size_shape,7,550,False,LNP193<-LNP854;LNP194<-LNP195;LNP195<-LNP858;LNP782<-LNP194;LNP854<-LNP782;LNP858<-LNP193,0.19480519480519481,-0.10714285714285704,0.521676657981517,-0.030391592254836675,0.3107012035583464,-0.12003472717758429,0.3441558441558442,-0.13961038961038957,0.3377926421404682,-0.1413562940297446,-0.32232918561015206,-0.2879687789729495
size_shape,7,551,False,LNP193<-LNP854;LNP194<-LNP195;LNP195<-LNP858;LNP782<-LNP782;LNP854<-LNP193;LNP858<-LNP194,0.2727272727272726,-0.02922077922077926,0.5370792717383626,-0.014988978497991079,0.4152494331065759,-0.015486497629354778,0.3474025974025974,-0.1363636363636364,0.3485444531864673,-0.1306044829837455,-0.2980239964173918,-0.2636635897801892
size_shape,7,552,False,LNP193<-LNP854;LNP194<-LNP195;LNP195<-LNP858;LNP782<-LNP782;LNP854<-LNP194;LNP858<-LNP193,0.0,-0.30194805194805185,0.46285583103764927,-0.08921241919870437,0.27088319088319085,-0.15985273985273984,0.36363636363636365,-0.12012987012987014,0.30769230769230765,-0.17145662847790516,-0.3567530340063377,-0.3223926273691351
size_shape,7,553,False,LNP193<-LNP854;LNP194<-LNP782;LNP195<-LNP193;LNP782<-LNP194;LNP854<-LNP195;LNP858<-LNP858,0.2987012987012987,-0.0032467532467531646,0.5522639994414188,0.00019574920506515436,0.38696145124716547,-0.04377447948876523,0.5876623376623377,0.10389610389610388,0.5847382431233363,0.10558930695312352,0.19738550848793068,0.23174591512513326
size_shape,7,554,False,LNP193<-LNP854;LNP194<-LNP782;LNP195<-LNP193;LNP782<-LNP194;LNP854<-LNP858;LNP858<-LNP195,0.2922077922077922,-0.00974025974025966,0.5505755608028335,-0.0014926894335201002,0.3774376417233559,-0.05329828901257477,0.5876623376623377,0.10389610389610388,0.5847382431233363,0.10558930695312352,0.19738550848793068,0.23174591512513326
size_shape,7,555,False,LNP193<-LNP854;LNP194<-LNP782;LNP195<-LNP193;LNP782<-LNP195;LNP854<-LNP194;LNP858<-LNP858,0.19480519480519481,-0.10714285714285704,0.5213935895754078,-0.03067466066094582,0.3107012035583464,-0.12003472717758429,0.29545454545454547,-0.18831168831168832,0.2653061224489796,-0.2138428137212332,-0.4605661864718382,-0.42620577983463565
size_shape,7,556,False,LNP193<-LNP854;LNP194<-LNP782;LNP195<-LNP193;LNP782<-LNP195;LNP854<-LNP858;LNP858<-LNP194,0.30194805194805185,0.0,0.5520682502363536,0.0,0.4307359307359307,0.0,0.5194805194805195,0.035714285714285754,0.5183946488294314,0.03924571265921861,0.040291148201269084,0.07465155483847166
size_shape,7,557,False,LNP193<-LNP854;LNP194<-LNP782;LNP195<-LNP193;LNP782<-LNP858;LNP854<-LNP194;LNP858<-LNP195,0.13636363636363635,-0.1655844155844155,0.5019130700948883,-0.05015518014146536,0.29257071249552447,-0.13816521824040623,0.29545454545454547,-0.18831168831168832,0.2653061224489796,-0.2138428137212332,-0.4605661864718382,-0.42620577983463565
size_shape,7,558,False,LNP193<-LNP854;LNP194<-LNP782;LNP195<-LNP193;LNP782<-LNP858;LNP854<-LNP195;LNP858<-LNP194,0.28896103896103886,-0.012987012987012991,0.5475813693958632,-0.004486880840490426,0.449443413729128,0.0187074829931973,0.4837662337662338,0.0,0.4791489361702128,0.0,-0.03436040663720258,0.0
size_shape,7,559,False,LNP193<-LNP854;LNP194<-LNP782;LNP195<-LNP194;LNP782<-LNP193;LNP854<-LNP195;LNP858<-LNP858,0.2987012987012987,-0.0032467532467531646,0.5522639994414188,0.00019574920506515436,0.38696145124716547,-0.04377447948876523,0.5876623376623377,0.10389610389610388,0.5847382431233363,0.10558930695312352,0.19738550848793068,0.23174591512513326
size_shape,7,560,False,LNP193<-LNP854;LNP194<-LNP782;LNP195<-LNP194;LNP782<-LNP193;LNP854<-LNP858;LNP858<-LNP195,0.3116883116883117,0.009740259740259827,0.5556260658533386,0.003557815616984983,0.42505668934240354,-0.005679241393527157,0.5876623376623377,0.10389610389610388,0.5847382431233363,0.10558930695312352,0.19738550848793068,0.23174591512513326
size_shape,7,561,False,LNP193<-LNP854;LNP194<-LNP782;LNP195<-LNP194;LNP782<-LNP195;LNP854<-LNP193;LNP858<-LNP858,0.23051948051948046,-0.0714285714285714,0.5314261496079677,-0.020642100628385895,0.3275510204081632,-0.1031849103277675,0.36363636363636365,-0.12012987012987014,0.30769230769230765,-0.17145662847790516,-0.3567530340063377,-0.3223926273691351
size_shape,7,562,False,LNP193<-LNP854;LNP194<-LNP782;LNP195<-LNP194;LNP782<-LNP195;LNP854<-LNP858;LNP858<-LNP193,0.19480519480519481,-0.10714285714285704,0.5213935895754078,-0.03067466066094582,0.3107012035583464,-0.12003472717758429,0.29545454545454547,-0.18831168831168832,0.2653061224489796,-0.2138428137212332,-0.4605661864718382,-0.42620577983463565
size_shape,7,563,False,LNP193<-LNP854;LNP194<-LNP782;LNP195<-LNP194;LNP782<-LNP858;LNP854<-LNP193;LNP858<-LNP195,0.22077922077922074,-0.08116883116883111,0.5285123966942149,-0.02355585354213874,0.32260596546310827,-0.10812996527282243,0.36363636363636365,-0.12012987012987014,0.30769230769230765,-0.17145662847790516,-0.3567530340063377,-0.3223926273691351
size_shape,7,564,False,LNP193<-LNP854;LNP194<-LNP782;LNP195<-LNP194;LNP782<-LNP858;LNP854<-LNP195;LNP858<-LNP193,0.15584415584415579,-0.14610389610389607,0.507841923849829,-0.044226326386524684,0.29777603349031917,-0.13295989724561152,0.29545454545454547,-0.18831168831168832,0.2653061224489796,-0.2138428137212332,-0.4605661864718382,-0.42620577983463565
size_shape,7,565,False,LNP193<-LNP854;LNP194<-LNP782;LNP195<-LNP195;LNP782<-LNP193;LNP854<-LNP194;LNP858<-LNP858,0.5746753246753247,0.2727272727272728,0.6993686868686868,0.14730043663233316,0.5732993197278912,0.14256338899196047,0.6558441558441559,0.1720779220779221,0.6538461538461539,0.17469721767594104,0.40771775315010056,0.44207815978730314
size_shape,7,566,False,LNP193<-LNP854;LNP194<-LNP782;LNP195<-LNP195;LNP782<-LNP193;LNP854<-LNP858;LNP858<-LNP194,0.4090909090909091,0.10714285714285726,0.6233028335301063,0.07123458329375265,0.41156462585034004,-0.019171304885590656,0.4318181818181818,-0.051948051948051965,0.3454545454545454,-0.1336943907156674,-0.2405228464604172,-0.2061624398232146
size_shape,7,567,False,LNP193<-LNP854;LNP194<-LNP782;LNP195<-LNP195;LNP782<-LNP194;LNP854<-LNP193;LNP858<-LNP858,0.3409090909090909,0.03896103896103903,0.5643037518037518,0.012235501567398166,0.4916666666666666,0.06093073593073589,0.6558441558441559,0.1720779220779221,0.6538461538461539,0.17469721767594104,0.40771775315010056,0.44207815978730314
size_shape,7,568,False,LNP193<-LNP854;LNP194<-LNP782;LNP195<-LNP195;LNP782<-LNP194;LNP854<-LNP858;LNP858<-LNP193,0.09740259740259738,-0.20454545454545447,0.4901285583103765,-0.06193969192597715,0.28463420455901656,-0.14610172617691414,0.36363636363636365,-0.12012987012987014,0.30769230769230765,-0.17145662847790516,-0.3567530340063377,-0.3223926273691351
size_shape,7,569,False,LNP193<-LNP854;LNP194<-LNP782;LNP195<-LNP195;LNP782<-LNP858;LNP854<-LNP193;LNP858<-LNP194,0.22402597402597396,-0.07792207792207789,0.529694547876366,-0.02237370235998759,0.32358276643990924,-0.10715316429602145,0.4480519480519481,-0.0357142857142857,0.4375,-0.041648936170212814,-0.1130805588384352,-0.07872015220123262
size_shape,7,570,False,LNP193<-LNP854;LNP194<-LNP782;LNP195<-LNP195;LNP782<-LNP858;LNP854<-LNP194;LNP858<-LNP193,0.05844155844155838,-0.24350649350649348,0.47729433371144603,-0.07477391652490761,0.2775582117687381,-0.15317771896719262,0.29545454545454547,-0.18831168831168832,0.2653061224489796,-0.2138428137212332,-0.4605661864718382,-0.42620577983463565
size_shape,7,571,False,LNP193<-LNP854;LNP194<-LNP782;LNP195<-LNP858;LNP782<-LNP193;LNP854<-LNP194;LNP858<-LNP195,0.5746753246753247,0.2727272727272728,0.6993686868686868,0.14730043663233316,0.5732993197278912,0.14256338899196047,0.6558441558441559,0.1720779220779221,0.6538461538461539,0.17469721767594104,0.40771775315010056,0.44207815978730314
size_shape,7,572,False,LNP193<-LNP854;LNP194<-LNP782;LNP195<-LNP858;LNP782<-LNP193;LNP854<-LNP195;LNP858<-LNP194,0.35714285714285715,0.055194805194805296,0.579536726714146,0.02746847647779238,0.40124716553287976,-0.029488765203050937,0.4318181818181818,-0.051948051948051965,0.3454545454545454,-0.1336943907156674,-0.2405228464604172,-0.2061624398232146
size_shape,7,573,False,LNP193<-LNP854;LNP194<-LNP782;LNP195<-LNP858;LNP782<-LNP194;LNP854<-LNP193;LNP858<-LNP195,0.3474025974025974,0.045454545454545525,0.5659377387318564,0.013869488495502735,0.5392857142857143,0.10854978354978356,0.6558441558441559,0.1720779220779221,0.6538461538461539,0.17469721767594104,0.40771775315010056,0.44207815978730314
size_shape,7,574,False,LNP193<-LNP854;LNP194<-LNP782;LNP195<-LNP858;LNP782<-LNP194;LNP854<-LNP195;LNP858<-LNP193,0.09740259740259738,-0.20454545454545447,0.4901285583103765,-0.06193969192597715,0.28463420455901656,-0.14610172617691414,0.36363636363636365,-0.12012987012987014,0.30769230769230765,-0.17145662847790516,-0.3567530340063377,-0.3223926273691351
size_shape,7,575,False,LNP193<-LNP854;LNP194<-LNP782;LNP195<-LNP858;LNP782<-LNP195;LNP854<-LNP193;LNP858<-LNP194,0.2337662337662337,-0.06818181818181815,0.5328414010232192,-0.019226849213134445,0.3291486291486291,-0.10158730158730161,0.4480519480519481,-0.0357142857142857,0.4375,-0.041648936170212814,-0.1130805588384352,-0.07872015220123262
size_shape,7,576,False,LNP193<-LNP854;LNP194<-LNP782;LNP195<-LNP858;LNP782<-LNP195;LNP854<-LNP194;LNP858<-LNP193,0.11688311688311678,-0.18506493506493507,0.4950076992508985,-0.05706055098545515,0.29070004070004063,-0.14003589003589006,0.29545454545454547,-0.18831168831168832,0.2653061224489796,-0.2138428137212332,-0.4605661864718382,-0.42620577983463565
size_shape,7,577,False,LNP193<-LNP854;LNP194<-LNP858;LNP195<-LNP193;LNP782<-LNP194;LNP854<-LNP195;LNP858<-LNP782,0.2889610389610389,-0.012987012987012936,0.5433875616362247,-0.008680688600128939,0.44621212121212117,0.015476190476190477,0.4512987012987013,-0.03246753246753248,0.4514835605453088,-0.02766537562490401,-0.09631426606617752,-0.06195385942897494
size_shape,7,578,False,LNP193<-LNP854;LNP194<-LNP858;LNP195<-LNP193;LNP782<-LNP194;LNP854<-LNP782;LNP858<-LNP195,0.0,-0.30194805194805185,0.45805785123966947,-0.09401039899668417,0.2685022385022384,-0.16223369223369227,0.36363636363636365,-0.12012987012987014,0.30769230769230765,-0.17145662847790516,-0.3567530340063377,-0.3223926273691351
size_shape,7,579,False,LNP193<-LNP854;LNP194<-LNP858;LNP195<-LNP193;LNP782<-LNP195;LNP854<-LNP194;LNP858<-LNP782,0.22402597402597396,-0.07792207792207789,0.5247752247752248,-0.027293025461128884,0.3212018140589568,-0.10953411667697388,0.4512987012987013,-0.03246753246753248,0.4514835605453088,-0.02766537562490401,-0.09631426606617752,-0.06195385942897494
size_shape,7,580,False,LNP193<-LNP854;LNP194<-LNP858;LNP195<-LNP193;LNP782<-LNP195;LNP854<-LNP782;LNP858<-LNP194,0.14610389610389607,-0.15584415584415579,0.5008800122436485,-0.05118823799270511,0.29230442176870747,-0.13843150896722323,0.3116883116883117,-0.1720779220779221,0.3142857142857143,-0.16486322188449853,-0.3694942137922787,-0.3351338071550761
size_shape,7,581,False,LNP193<-LNP854;LNP194<-LNP858;LNP195<-LNP193;LNP782<-LNP782;LNP854<-LNP194;LNP858<-LNP195,0.09740259740259741,-0.20454545454545445,0.48960457787635114,-0.0624636723600025,0.28463420455901656,-0.14610172617691414,0.36363636363636365,-0.12012987012987014,0.30769230769230765,-0.17145662847790516,-0.3567530340063377,-0.3223926273691351
size_shape,7,582,False,LNP193<-LNP854;LNP194<-LNP858;LNP195<-LNP193;LNP782<-LNP782;LNP854<-LNP195;LNP858<-LNP194,0.28896103896103886,-0.012987012987012991,0.5475813693958632,-0.004486880840490426,0.449443413729128,0.0187074829931973,0.4480519480519481,-0.0357142857142857,0.4375,-0.041648936170212814,-0.1130805588384352,-0.07872015220123262
size_shape,7,583,False,LNP193<-LNP854;LNP194<-LNP858;LNP195<-LNP194;LNP782<-LNP193;LNP854<-LNP195;LNP858<-LNP782,0.00649350649350649,-0.29545454545454536,0.4602917284735467,-0.09177652176280693,0.26901983684592373,-0.16171609389000696,0.4318181818181818,-0.051948051948051965,0.3454545454545454,-0.1336943907156674,-0.2405228464604172,-0.2061624398232146
size_shape,7,584,False,LNP193<-LNP854;LNP194<-LNP858;LNP195<-LNP194;LNP782<-LNP193;LNP854<-LNP782;LNP858<-LNP195,0.2889610389610389,-0.012987012987012936,0.5428666921313979,-0.00920155810495571,0.44621212121212117,0.015476190476190477,0.5194805194805194,0.03571428571428564,0.5183946488294314,0.03924571265921861,0.040291148201268875,0.07465155483847145
size_shape,7,585,False,LNP193<-LNP854;LNP194<-LNP858;LNP195<-LNP194;LNP782<-LNP195;LNP854<-LNP193;LNP858<-LNP782,0.26298701298701294,-0.03896103896103892,0.5364817001180637,-0.01558655011828991,0.3575963718820861,-0.0731395588538446,0.31493506493506496,-0.16883116883116883,0.3050193050193051,-0.17412963115090774,-0.3659942110514742,-0.33163380441427165
size_shape,7,586,False,LNP193<-LNP854;LNP194<-LNP858;LNP195<-LNP194;LNP782<-LNP195;LNP854<-LNP782;LNP858<-LNP193,0.2922077922077922,-0.00974025974025966,0.546517119244392,-0.005551130991961695,0.3774376417233559,-0.05329828901257477,0.3831168831168831,-0.10064935064935071,0.3812500000000001,-0.09789893617021272,-0.22792115291927598,-0.1935607462820734
size_shape,7,587,False,LNP193<-LNP854;LNP194<-LNP858;LNP195<-LNP194;LNP782<-LNP782;LNP854<-LNP193;LNP858<-LNP195,0.20454545454545447,-0.09740259740259738,0.5179993919124354,-0.03406885832391826,0.31601307189542477,-0.11472285884050593,0.44805194805194803,-0.035714285714285754,0.4375,-0.041648936170212814,-0.11308055883843511,-0.07872015220123253
size_shape,7,588,False,LNP193<-LNP854;LNP194<-LNP858;LNP195<-LNP194;LNP782<-LNP782;LNP854<-LNP195;LNP858<-LNP193,0.0,-0.30194805194805185,0.45805785123966947,-0.09401039899668417,0.27088319088319085,-0.15985273985273984,0.36363636363636365,-0.12012987012987014,0.30769230769230765,-0.17145662847790516,-0.3567530340063377,-0.3223926273691351
size_shape,7,589,False,LNP193<-LNP854;LNP194<-LNP858;LNP195<-LNP195;LNP782<-LNP193;LNP854<-LNP194;LNP858<-LNP782,0.03896103896103894,-0.26298701298701294,0.4719467401285583,-0.08012151010779534,0.2748514448514448,-0.1558844858844859,0.36363636363636365,-0.12012987012987014,0.30769230769230765,-0.17145662847790516,-0.3567530340063377,-0.3223926273691351
size_shape,7,590,False,LNP193<-LNP854;LNP194<-LNP858;LNP195<-LNP195;LNP782<-LNP193;LNP854<-LNP782;LNP858<-LNP194,0.18506493506493502,-0.11688311688311684,0.5120021727573215,-0.040066077479032125,0.30823354983018847,-0.12250238090574223,0.37987012987012986,-0.10389610389610393,0.37777777777777777,-0.10137115839243505,-0.2438488811817297,-0.20948847454452713
size_shape,7,591,False,LNP193<-LNP854;LNP194<-LNP858;LNP195<-LNP195;LNP782<-LNP194;LNP854<-LNP193;LNP858<-LNP782,0.21428571428571425,-0.08766233766233761,0.5269013183785911,-0.02516693185776253,0.3186377114948543,-0.11209821924107638,0.34090909090909094,-0.14285714285714285,0.29411764705882354,-0.18503128911138927,-0.39192475766909773,-0.35756435103189516
size_shape,7,592,False,LNP193<-LNP854;LNP194<-LNP858;LNP195<-LNP195;LNP782<-LNP194;LNP854<-LNP782;LNP858<-LNP193,0.19480519480519481,-0.10714285714285704,0.521556134565539,-0.030512115670814688,0.3107012035583464,-0.12003472717758429,0.27272727272727276,-0.21103896103896103,0.25,-0.2291489361702128,-0.4947274449181534,-0.4603670382809508
size_shape,7,593,False,LNP193<-LNP854;LNP194<-LNP858;LNP195<-LNP195;LNP782<-LNP782;LNP854<-LNP193;LNP858<-LNP194,0.20454545454545447,-0.09740259740259738,0.5185044424174858,-0.03356380781886781,0.31601307189542477,-0.11472285884050593,0.3116883116883117,-0.1720779220779221,0.3142857142857143,-0.16486322188449853,-0.3694942137922787,-0.3351338071550761
size_shape,7,594,False,LNP193<-LNP854;LNP194<-LNP858;LNP195<-LNP195;LNP782<-LNP782;LNP854<-LNP194;LNP858<-LNP193,0.0,-0.30194805194805185,0.46285583103764927,-0.08921241919870437,0.27088319088319085,-0.15985273985273984,0.36363636363636365,-0.12012987012987014,0.30769230769230765,-0.17145662847790516,-0.3567530340063377,-0.3223926273691351
size_shape,7,595,False,LNP193<-LNP854;LNP194<-LNP858;LNP195<-LNP782;LNP782<-LNP193;LNP854<-LNP194;LNP858<-LNP195,0.2629870129870129,-0.038961038961038974,0.5384284809147661,-0.013639769321587503,0.4124149659863945,-0.018320964749536206,0.5162337662337663,0.03246753246753248,0.4957983193277311,0.016649383157518294,0.03999232221113232,0.0743527288483349
size_shape,7,596,False,LNP193<-LNP854;LNP194<-LNP858;LNP195<-LNP782;LNP782<-LNP193;LNP854<-LNP195;LNP858<-LNP194,0.24350649350649345,-0.058441558441558406,0.5349287076559803,-0.017139542580373313,0.3394557823129251,-0.09128014842300558,0.41233766233766234,-0.07142857142857145,0.3930789707187223,-0.08606996545149054,-0.19738550848793068,-0.1630251018507281
size_shape,7,597,False,LNP193<-LNP854;LNP194<-LNP858;LNP195<-LNP782;LNP782<-LNP194;LNP854<-LNP193;LNP858<-LNP195,0.0,-0.30194805194805185,0.45805785123966947,-0.09401039899668417,0.27088319088319085,-0.15985273985273984,0.4318181818181818,-0.051948051948051965,0.3454545454545454,-0.1336943907156674,-0.2405228464604172,-0.2061624398232146
size_shape,7,598,False,LNP193<-LNP854;LNP194<-LNP858;LNP195<-LNP782;LNP782<-LNP194;LNP854<-LNP195;LNP858<-LNP193,0.24999999999999997,-0.05194805194805188,0.5330627705627705,-0.019005479673583126,0.339069264069264,-0.09166666666666667,0.48376623376623373,-5.551115123125783e-17,0.4791489361702128,0.0,-0.03436040663720258,0.0
size_shape,7,599,False,LNP193<-LNP854;LNP194<-LNP858;LNP195<-LNP782;LNP782<-LNP195;LNP854<-LNP193;LNP858<-LNP194,0.12662337662337658,-0.17532467532467527,0.4956352569988933,-0.056432993237460316,0.28754251700680267,-0.14319341372912803,0.3116883116883117,-0.1720779220779221,0.3142857142857143,-0.16486322188449853,-0.3694942137922787,-0.3351338071550761
size_shape,7,600,False,LNP193<-LNP854;LNP194<-LNP858;LNP195<-LNP782;LNP782<-LNP195;LNP854<-LNP194;LNP858<-LNP193,0.22402597402597396,-0.07792207792207789,0.5247752247752248,-0.027293025461128884,0.3212018140589568,-0.10953411667697388,0.4512987012987013,-0.03246753246753248,0.4514835605453088,-0.02766537562490401,-0.09631426606617752,-0.06195385942897494
size_shape,7,601,False,LNP193<-LNP858;LNP194<-LNP193;LNP195<-LNP194;LNP782<-LNP195;LNP854<-LNP782;LNP858<-LNP854,0.25324675324675316,-0.04870129870129869,0.5339779342914138,-0.018090315944939817,0.34625850340136044,-0.08447742733457025,0.3831168831168831,-0.10064935064935071,0.3812500000000001,-0.09789893617021272,-0.22792115291927598,-0.1935607462820734
size_shape,7,602,False,LNP193<-LNP858;LNP194<-LNP193;LNP195<-LNP194;LNP782<-LNP195;LNP854<-LNP854;LNP858<-LNP782,0.25324675324675316,-0.04870129870129869,0.5339779342914138,-0.018090315944939817,0.34625850340136044,-0.08447742733457025,0.3831168831168831,-0.10064935064935071,0.3812500000000001,-0.09789893617021272,-0.22792115291927598,-0.1935607462820734
size_shape,7,603,False,LNP193<-LNP858;LNP194<-LNP193;LNP195<-LNP194;LNP782<-LNP782;LNP854<-LNP195;LNP858<-LNP854,0.03896103896103894,-0.26298701298701294,0.46889348025711663,-0.083174769979237,0.2748514448514448,-0.1558844858844859,0.22727272727272727,-0.25649350649350655,0.2173913043478261,-0.2617576318223867,-0.5640760748177664,-0.5297156681805639
size_shape,7,604,False,LNP193<-LNP858;LNP194<-LNP193;LNP195<-LNP194;LNP782<-LNP782;LNP854<-LNP854;LNP858<-LNP195,0.24999999999999997,-0.05194805194805188,0.5330627705627705,-0.019005479673583126,0.339069264069264,-0.09166666666666667,0.44805194805194803,-0.035714285714285754,0.4375,-0.041648936170212814,-0.11308055883843511,-0.07872015220123253
size_shape,7,605,False,LNP193<-LNP858;LNP194<-LNP193;LNP195<-LNP194;LNP782<-LNP854;LNP854<-LNP195;LNP858<-LNP782,0.05844155844155838,-0.24350649350649348,0.4755266569437693,-0.07654159329258436,0.27517725938778564,-0.15555867134814505,0.4318181818181818,-0.051948051948051965,0.3454545454545454,-0.1336943907156674,-0.2405228464604172,-0.2061624398232146
size_shape,7,606,False,LNP193<-LNP858;LNP194<-LNP193;LNP195<-LNP194;LNP782<-LNP854;LNP854<-LNP782;LNP858<-LNP195,0.30844155844155835,0.006493506493506496,0.548811115355233,-0.0032571348811206713,0.4783549783549783,0.047619047619047616,0.5194805194805194,0.03571428571428564,0.5183946488294314,0.03924571265921861,0.040291148201268875,0.07465155483847145
size_shape,7,607,False,LNP193<-LNP858;LNP194<-LNP193;LNP195<-LNP195;LNP782<-LNP194;LNP854<-LNP782;LNP858<-LNP854,0.15584415584415579,-0.14610389610389607,0.5080044688399601,-0.04406378139639355,0.29777603349031917,-0.13295989724561152,0.34090909090909094,-0.14285714285714285,0.29411764705882354,-0.18503128911138927,-0.39192475766909773,-0.35756435103189516
size_shape,7,608,False,LNP193<-LNP858;LNP194<-LNP193;LNP195<-LNP195;LNP782<-LNP194;LNP854<-LNP854;LNP858<-LNP782,0.21428571428571425,-0.08766233766233761,0.5269013183785911,-0.02516693185776253,0.3186377114948543,-0.11209821924107638,0.4090909090909091,-0.07467532467532467,0.3333333333333333,-0.1458156028368795,-0.282038037408883,-0.24767763077168042
size_shape,7,609,False,LNP193<-LNP858;LNP194<-LNP193;LNP195<-LNP195;LNP782<-LNP782;LNP854<-LNP194;LNP858<-LNP854,0.0,-0.30194805194805185,0.4598255280073462,-0.09224272222900742,0.27088319088319085,-0.15985273985273984,0.36363636363636365,-0.12012987012987014,0.30769230769230765,-0.17145662847790516,-0.3567530340063377,-0.3223926273691351
size_shape,7,610,False,LNP193<-LNP858;LNP194<-LNP193;LNP195<-LNP195;LNP782<-LNP782;LNP854<-LNP854;LNP858<-LNP194,0.2142857142857142,-0.08766233766233766,0.5197917914321076,-0.03227645880424601,0.3692046049188906,-0.06153132581704007,0.3441558441558441,-0.13961038961038968,0.3377926421404682,-0.1413562940297446,-0.3223291856101523,-0.2879687789729497
size_shape,7,611,False,LNP193<-LNP858;LNP194<-LNP193;LNP195<-LNP195;LNP782<-LNP854;LNP854<-LNP194;LNP858<-LNP782,0.0,-0.30194805194805185,0.46285583103764927,-0.08921241919870437,0.27088319088319085,-0.15985273985273984,0.36363636363636365,-0.12012987012987014,0.30769230769230765,-0.17145662847790516,-0.3567530340063377,-0.3223926273691351
size_shape,7,612,False,LNP193<-LNP858;LNP194<-LNP193;LNP195<-LNP195;LNP782<-LNP854;LNP854<-LNP782;LNP858<-LNP194,0.2629870129870129,-0.038961038961038974,0.5349643833386336,-0.017103866897720033,0.4116479925303454,-0.019087938205585298,0.37987012987012986,-0.10389610389610393,0.37777777777777777,-0.10137115839243505,-0.2438488811817297,-0.20948847454452713
size_shape,7,613,False,LNP193<-LNP858;LNP194<-LNP193;LNP195<-LNP782;LNP782<-LNP194;LNP854<-LNP195;LNP858<-LNP854,0.2889610389610389,-0.012987012987012936,0.5428666921313979,-0.00920155810495571,0.44621212121212117,0.015476190476190477,0.5194805194805194,0.03571428571428564,0.5183946488294314,0.03924571265921861,0.040291148201268875,0.07465155483847145
size_shape,7,614,False,LNP193<-LNP858;LNP194<-LNP193;LNP195<-LNP782;LNP782<-LNP194;LNP854<-LNP854;LNP858<-LNP195,0.0,-0.30194805194805185,0.45805785123966947,-0.09401039899668417,0.27088319088319085,-0.15985273985273984,0.5,0.01623376623376621,0.37931034482758613,-0.09983859134262668,0.0,0.03436040663720258
size_shape,7,615,False,LNP193<-LNP858;LNP194<-LNP193;LNP195<-LNP782;LNP782<-LNP195;LNP854<-LNP194;LNP858<-LNP854,0.22402597402597396,-0.07792207792207789,0.5247752247752248,-0.027293025461128884,0.32358276643990924,-0.10715316429602145,0.4512987012987013,-0.03246753246753248,0.4514835605453088,-0.02766537562490401,-0.09631426606617752,-0.06195385942897494
size_shape,7,616,False,LNP193<-LNP858;LNP194<-LNP193;LNP195<-LNP782;LNP782<-LNP195;LNP854<-LNP854;LNP858<-LNP194,0.12662337662337658,-0.17532467532467527,0.4954086317722681,-0.056659618464085515,0.28754251700680267,-0.14319341372912803,0.275974025974026,-0.2077922077922078,0.27826784282277467,-0.20088109334743814,-0.44304562390441643,-0.40868521726721385
size_shape,7,617,False,LNP193<-LNP858;LNP194<-LNP193;LNP195<-LNP782;LNP782<-LNP854;LNP854<-LNP194;LNP858<-LNP195,0.28246753246753237,-0.019480519480519487,0.5455123061804096,-0.006555944055944063,0.41921768707482987,-0.011518243661100824,0.4480519480519481,-0.0357142857142857,0.4375,-0.041648936170212814,-0.1130805588384352,-0.07872015220123262
size_shape,7,618,False,LNP193<-LNP858;LNP194<-LNP193;LNP195<-LNP782;LNP782<-LNP854;LNP854<-LNP195;LNP858<-LNP194,0.22402597402597396,-0.07792207792207789,0.5278448823903369,-0.024223367846016752,0.3326530612244898,-0.0980828695114409,0.4480519480519481,-0.0357142857142857,0.4375,-0.041648936170212814,-0.1130805588384352,-0.07872015220123262
size_shape,7,619,False,LNP193<-LNP858;LNP194<-LNP193;LNP195<-LNP854;LNP782<-LNP194;LNP854<-LNP195;LNP858<-LNP782,0.27922077922077915,-0.022727272727272707,0.5399784707271338,-0.012089779509219856,0.44025974025974024,0.009523809523809545,0.4512987012987013,-0.03246753246753248,0.4514835605453088,-0.02766537562490401,-0.09631426606617752,-0.06195385942897494
size_shape,7,620,False,LNP193<-LNP858;LNP194<-LNP193;LNP195<-LNP854;LNP782<-LNP194;LNP854<-LNP782;LNP858<-LNP195,0.0,-0.30194805194805185,0.45426997245179057,-0.09779827778456307,0.2685022385022384,-0.16223369223369227,0.4318181818181818,-0.051948051948051965,0.3454545454545454,-0.1336943907156674,-0.2405228464604172,-0.2061624398232146
size_shape,7,621,False,LNP193<-LNP858;LNP194<-LNP193;LNP195<-LNP854;LNP782<-LNP195;LNP854<-LNP194;LNP858<-LNP782,0.26298701298701294,-0.03896103896103892,0.5351976306521761,-0.01687061958417757,0.3846938775510203,-0.04604205318491039,0.4512987012987013,-0.03246753246753248,0.4514835605453088,-0.02766537562490401,-0.09631426606617752,-0.06195385942897494
size_shape,7,622,False,LNP193<-LNP858;LNP194<-LNP193;LNP195<-LNP854;LNP782<-LNP195;LNP854<-LNP782;LNP858<-LNP194,0.12662337662337658,-0.17532467532467527,0.4954086317722681,-0.056659618464085515,0.28754251700680267,-0.14319341372912803,0.275974025974026,-0.2077922077922078,0.27826784282277467,-0.20088109334743814,-0.44304562390441643,-0.40868521726721385
size_shape,7,623,False,LNP193<-LNP858;LNP194<-LNP193;LNP195<-LNP854;LNP782<-LNP782;LNP854<-LNP194;LNP858<-LNP195,0.18506493506493496,-0.1168831168831169,0.5162634055667652,-0.03580484466958844,0.31065759637188206,-0.12007833436404863,0.41233766233766234,-0.07142857142857145,0.3930789707187223,-0.08606996545149054,-0.19738550848793068,-0.1630251018507281
size_shape,7,624,False,LNP193<-LNP858;LNP194<-LNP193;LNP195<-LNP854;LNP782<-LNP782;LNP854<-LNP195;LNP858<-LNP194,0.17532467532467524,-0.1266233766233766,0.5132291292370343,-0.0388391209993193,0.30571254142682713,-0.12502338930910356,0.3441558441558442,-0.13961038961038957,0.3377926421404682,-0.1413562940297446,-0.32232918561015206,-0.2879687789729495
size_shape,7,625,False,LNP193<-LNP858;LNP194<-LNP194;LNP195<-LNP193;LNP782<-LNP195;LNP854<-LNP782;LNP858<-LNP854,0.38636363636363635,0.0844155844155845,0.5831861153552329,0.031117865118879262,0.5099206349206349,0.07918470418470419,0.5876623376623377,0.10389610389610388,0.5847382431233363,0.10558930695312352,0.19738550848793068,0.23174591512513326
size_shape,7,626,False,LNP193<-LNP858;LNP194<-LNP194;LNP195<-LNP193;LNP782<-LNP195;LNP854<-LNP854;LNP858<-LNP782,0.35714285714285715,0.055194805194805296,0.5754782851557044,0.023410034919350786,0.40124716553287976,-0.029488765203050937,0.5876623376623377,0.10389610389610388,0.5847382431233363,0.10558930695312352,0.19738550848793068,0.23174591512513326
size_shape,7,627,False,LNP193<-LNP858;LNP194<-LNP194;LNP195<-LNP193;LNP782<-LNP782;LNP854<-LNP195;LNP858<-LNP854,0.3181818181818181,0.016233766233766267,0.556725076394194,0.004656826157840355,0.488095238095238,0.05735930735930733,0.5194805194805195,0.035714285714285754,0.5183946488294314,0.03924571265921861,0.040291148201269084,0.07465155483847166
size_shape,7,628,False,LNP193<-LNP858;LNP194<-LNP194;LNP195<-LNP193;LNP782<-LNP782;LNP854<-LNP854;LNP858<-LNP195,0.0,-0.30194805194805185,0.4598255280073462,-0.09224272222900742,0.27088319088319085,-0.15985273985273984,0.29545454545454547,-0.18831168831168832,0.2653061224489796,-0.2138428137212332,-0.4605661864718382,-0.42620577983463565
size_shape,7,629,False,LNP193<-LNP858;LNP194<-LNP194;LNP195<-LNP193;LNP782<-LNP854;LNP854<-LNP195;LNP858<-LNP782,0.3181818181818181,0.016233766233766267,0.556725076394194,0.004656826157840355,0.488095238095238,0.05735930735930733,0.5194805194805195,0.035714285714285754,0.5183946488294314,0.03924571265921861,0.040291148201269084,0.07465155483847166
size_shape,7,630,False,LNP193<-LNP858;LNP194<-LNP194;LNP195<-LNP193;LNP782<-LNP854;LNP854<-LNP782;LNP858<-LNP195,0.0,-0.30194805194805185,0.4598255280073462,-0.09224272222900742,0.2685022385022384,-0.16223369223369227,0.29545454545454547,-0.18831168831168832,0.2653061224489796,-0.2138428137212332,-0.4605661864718382,-0.42620577983463565
size_shape,7,631,False,LNP193<-LNP858;LNP194<-LNP194;LNP195<-LNP195;LNP782<-LNP193;LNP854<-LNP782;LNP858<-LNP854,0.19480519480519481,-0.10714285714285704,0.521556134565539,-0.030512115670814688,0.3107012035583464,-0.12003472717758429,0.34090909090909094,-0.14285714285714285,0.29411764705882354,-0.18503128911138927,-0.39192475766909773,-0.35756435103189516
size_shape,7,632,False,LNP193<-LNP858;LNP194<-LNP194;LNP195<-LNP195;LNP782<-LNP193;LNP854<-LNP854;LNP858<-LNP782,0.24350649350649345,-0.058441558441558406,0.535020535020535,-0.017047715215818604,0.3394557823129251,-0.09128014842300558,0.41233766233766234,-0.07142857142857145,0.3930789707187223,-0.08606996545149054,-0.19738550848793068,-0.1630251018507281
size_shape,7,633,False,LNP193<-LNP858;LNP194<-LNP194;LNP195<-LNP195;LNP782<-LNP782;LNP854<-LNP193;LNP858<-LNP854,0.21428571428571425,-0.08766233766233761,0.5269013183785911,-0.02516693185776253,0.3186377114948543,-0.11209821924107638,0.34090909090909094,-0.14285714285714285,0.29411764705882354,-0.18503128911138927,-0.39192475766909773,-0.35756435103189516
size_shape,7,634,False,LNP193<-LNP858;LNP194<-LNP194;LNP195<-LNP195;LNP782<-LNP782;LNP854<-LNP854;LNP858<-LNP193,0.19480519480519481,-0.10714285714285704,0.521556134565539,-0.030512115670814688,0.3107012035583464,-0.12003472717758429,0.3441558441558442,-0.13961038961038957,0.3377926421404682,-0.1413562940297446,-0.32232918561015206,-0.2879687789729495
size_shape,7,635,False,LNP193<-LNP858;LNP194<-LNP194;LNP195<-LNP195;LNP782<-LNP854;LNP854<-LNP193;LNP858<-LNP782,0.21428571428571425,-0.08766233766233761,0.5269931457431457,-0.025075104493207934,0.3186377114948543,-0.11209821924107638,0.41233766233766234,-0.07142857142857145,0.3930789707187223,-0.08606996545149054,-0.19738550848793068,-0.1630251018507281
size_shape,7,636,False,LNP193<-LNP858;LNP194<-LNP194;LNP195<-LNP195;LNP782<-LNP854;LNP854<-LNP782;LNP858<-LNP193,0.19480519480519481,-0.10714285714285704,0.5213935895754078,-0.03067466066094582,0.3107012035583464,-0.12003472717758429,0.29545454545454547,-0.18831168831168832,0.2653061224489796,-0.2138428137212332,-0.4605661864718382,-0.42620577983463565
size_shape,7,637,False,LNP193<-LNP858;LNP194<-LNP194;LNP195<-LNP782;LNP782<-LNP193;LNP854<-LNP195;LNP858<-LNP854,0.29870129870129863,-0.00324675324675322,0.5509904603049541,-0.0010777899313995087,0.4553957946815089,0.02465986394557823,0.4837662337662338,0.0,0.4791489361702128,0.0,-0.03436040663720258,0.0
size_shape,7,638,False,LNP193<-LNP858;LNP194<-LNP194;LNP195<-LNP782;LNP782<-LNP193;LNP854<-LNP854;LNP858<-LNP195,0.05844155844155839,-0.24350649350649345,0.4785893350064473,-0.07347891522990635,0.2775582117687381,-0.15317771896719262,0.36363636363636365,-0.12012987012987014,0.30769230769230765,-0.17145662847790516,-0.3567530340063377,-0.3223926273691351
size_shape,7,639,False,LNP193<-LNP858;LNP194<-LNP194;LNP195<-LNP782;LNP782<-LNP195;LNP854<-LNP193;LNP858<-LNP854,0.35064935064935066,0.0487012987012988,0.5737898465171192,0.02172159628076553,0.3917233560090702,-0.03901257472686048,0.5876623376623377,0.10389610389610388,0.5847382431233363,0.10558930695312352,0.19738550848793068,0.23174591512513326
size_shape,7,640,False,LNP193<-LNP858;LNP194<-LNP194;LNP195<-LNP782;LNP782<-LNP195;LNP854<-LNP854;LNP858<-LNP193,0.35064935064935066,0.0487012987012988,0.5737898465171192,0.02172159628076553,0.3917233560090702,-0.03901257472686048,0.5876623376623377,0.10389610389610388,0.5847382431233363,0.10558930695312352,0.19738550848793068,0.23174591512513326
size_shape,7,641,False,LNP193<-LNP858;LNP194<-LNP194;LNP195<-LNP782;LNP782<-LNP854;LNP854<-LNP193;LNP858<-LNP195,0.0,-0.30194805194805185,0.46415083233265053,-0.08791741790370311,0.27088319088319085,-0.15985273985273984,0.36363636363636365,-0.12012987012987014,0.30769230769230765,-0.17145662847790516,-0.3567530340063377,-0.3223926273691351
size_shape,7,642,False,LNP193<-LNP858;LNP194<-LNP194;LNP195<-LNP782;LNP782<-LNP854;LNP854<-LNP195;LNP858<-LNP193,0.26948051948051943,-0.03246753246753242,0.5431730903505096,-0.008895159885843995,0.3604978354978355,-0.07023809523809521,0.4480519480519481,-0.0357142857142857,0.4375,-0.041648936170212814,-0.1130805588384352,-0.07872015220123262
size_shape,7,643,False,LNP193<-LNP858;LNP194<-LNP194;LNP195<-LNP854;LNP782<-LNP193;LNP854<-LNP195;LNP858<-LNP782,0.3181818181818181,0.016233766233766267,0.556725076394194,0.004656826157840355,0.488095238095238,0.05735930735930733,0.5194805194805195,0.035714285714285754,0.5183946488294314,0.03924571265921861,0.040291148201269084,0.07465155483847166
size_shape,7,644,False,LNP193<-LNP858;LNP194<-LNP194;LNP195<-LNP854;LNP782<-LNP193;LNP854<-LNP782;LNP858<-LNP195,0.03896103896103894,-0.26298701298701294,0.4719467401285583,-0.08012151010779534,0.27247049247049243,-0.15826543826543826,0.29545454545454547,-0.18831168831168832,0.2653061224489796,-0.2138428137212332,-0.4605661864718382,-0.42620577983463565
size_shape,7,645,False,LNP193<-LNP858;LNP194<-LNP194;LNP195<-LNP854;LNP782<-LNP195;LNP854<-LNP193;LNP858<-LNP782,0.35064935064935066,0.0487012987012988,0.5737898465171192,0.02172159628076553,0.3917233560090702,-0.03901257472686048,0.5876623376623377,0.10389610389610388,0.5847382431233363,0.10558930695312352,0.19738550848793068,0.23174591512513326
size_shape,7,646,False,LNP193<-LNP858;LNP194<-LNP194;LNP195<-LNP854;LNP782<-LNP195;LNP854<-LNP782;LNP858<-LNP193,0.35064935064935066,0.0487012987012988,0.5737898465171192,0.02172159628076553,0.3917233560090702,-0.03901257472686048,0.5876623376623377,0.10389610389610388,0.5847382431233363,0.10558930695312352,0.19738550848793068,0.23174591512513326
size_shape,7,647,False,LNP193<-LNP858;LNP194<-LNP194;LNP195<-LNP854;LNP782<-LNP782;LNP854<-LNP193;LNP858<-LNP195,0.0,-0.30194805194805185,0.4598255280073462,-0.09224272222900742,0.27088319088319085,-0.15985273985273984,0.29545454545454547,-0.18831168831168832,0.2653061224489796,-0.2138428137212332,-0.4605661864718382,-0.42620577983463565
size_shape,7,648,False,LNP193<-LNP858;LNP194<-LNP194;LNP195<-LNP854;LNP782<-LNP782;LNP854<-LNP195;LNP858<-LNP193,0.30844155844155835,0.006493506493506496,0.5537022371644582,0.0016339869281045694,0.4783549783549783,0.047619047619047616,0.5194805194805195,0.035714285714285754,0.5183946488294314,0.03924571265921861,0.040291148201269084,0.07465155483847166
size_shape,7,649,False,LNP193<-LNP858;LNP194<-LNP195;LNP195<-LNP193;LNP782<-LNP194;LNP854<-LNP782;LNP858<-LNP854,0.3506493506493506,0.048701298701298745,0.5668290043290043,0.014760754092650652,0.5571428571428572,0.12640692640692647,0.5876623376623377,0.10389610389610388,0.5847382431233363,0.10558930695312352,0.19738550848793068,0.23174591512513326
size_shape,7,650,False,LNP193<-LNP858;LNP194<-LNP195;LNP195<-LNP193;LNP782<-LNP194;LNP854<-LNP854;LNP858<-LNP782,0.3311688311688311,0.02922077922077926,0.5608630952380952,0.008794845001741547,0.5158730158730158,0.08513708513708512,0.5876623376623377,0.10389610389610388,0.5847382431233363,0.10558930695312352,0.19738550848793068,0.23174591512513326
size_shape,7,651,False,LNP193<-LNP858;LNP194<-LNP195;LNP195<-LNP193;LNP782<-LNP782;LNP854<-LNP194;LNP858<-LNP854,0.3506493506493506,0.048701298701298745,0.5668290043290043,0.014760754092650652,0.5571428571428572,0.12640692640692647,0.5194805194805195,0.035714285714285754,0.5183946488294314,0.03924571265921861,0.040291148201269084,0.07465155483847166
size_shape,7,652,False,LNP193<-LNP858;LNP194<-LNP195;LNP195<-LNP193;LNP782<-LNP782;LNP854<-LNP854;LNP858<-LNP194,0.2012987012987013,-0.10064935064935054,0.5231444313262495,-0.028923818910104093,0.31286570572284855,-0.11787022501308214,0.29545454545454547,-0.18831168831168832,0.2653061224489796,-0.2138428137212332,-0.4605661864718382,-0.42620577983463565
size_shape,7,653,False,LNP193<-LNP858;LNP194<-LNP195;LNP195<-LNP193;LNP782<-LNP854;LNP854<-LNP194;LNP858<-LNP782,0.3506493506493506,0.048701298701298745,0.5668290043290043,0.014760754092650652,0.5571428571428572,0.12640692640692647,0.4512987012987013,-0.03246753246753248,0.4514835605453088,-0.02766537562490401,-0.0963142660661773,-0.06195385942897472
size_shape,7,654,False,LNP193<-LNP858;LNP194<-LNP195;LNP195<-LNP193;LNP782<-LNP854;LNP854<-LNP782;LNP858<-LNP194,0.24999999999999994,-0.05194805194805191,0.5364914655237236,-0.01557678471263002,0.34897959183673466,-0.08175633889919603,0.4480519480519481,-0.0357142857142857,0.4375,-0.041648936170212814,-0.1130805588384352,-0.07872015220123262
size_shape,7,655,False,LNP193<-LNP858;LNP194<-LNP195;LNP195<-LNP194;LNP782<-LNP193;LNP854<-LNP782;LNP858<-LNP854,0.34090909090909083,0.038961038961038974,0.5637498254433738,0.011681575207020178,0.5373015873015873,0.10656565656565659,0.5194805194805195,0.035714285714285754,0.5183946488294314,0.03924571265921861,0.040291148201269084,0.07465155483847166
size_shape,7,656,False,LNP193<-LNP858;LNP194<-LNP195;LNP195<-LNP194;LNP782<-LNP193;LNP854<-LNP854;LNP858<-LNP782,0.3474025974025974,0.045454545454545525,0.5659377387318564,0.013869488495502735,0.5392857142857143,0.10854978354978356,0.5194805194805195,0.035714285714285754,0.5183946488294314,0.03924571265921861,0.040291148201269084,0.07465155483847166
size_shape,7,657,False,LNP193<-LNP858;LNP194<-LNP195;LNP195<-LNP194;LNP782<-LNP782;LNP854<-LNP193;LNP858<-LNP854,0.3376623376623376,0.035714285714285754,0.5628585598462259,0.010790309609872262,0.5194444444444444,0.08870851370851368,0.5194805194805195,0.035714285714285754,0.5183946488294314,0.03924571265921861,0.040291148201269084,0.07465155483847166
size_shape,7,658,False,LNP193<-LNP858;LNP194<-LNP195;LNP195<-LNP194;LNP782<-LNP782;LNP854<-LNP854;LNP858<-LNP193,0.3474025974025974,0.045454545454545525,0.5659377387318564,0.013869488495502735,0.5392857142857143,0.10854978354978356,0.5194805194805195,0.035714285714285754,0.5183946488294314,0.03924571265921861,0.040291148201269084,0.07465155483847166
size_shape,7,659,False,LNP193<-LNP858;LNP194<-LNP195;LNP195<-LNP194;LNP782<-LNP854;LNP854<-LNP193;LNP858<-LNP782,0.3474025974025974,0.045454545454545525,0.5659377387318564,0.013869488495502735,0.5392857142857143,0.10854978354978356,0.5194805194805195,0.035714285714285754,0.5183946488294314,0.03924571265921861,0.040291148201269084,0.07465155483847166
size_shape,7,660,False,LNP193<-LNP858;LNP194<-LNP195;LNP195<-LNP194;LNP782<-LNP854;LNP854<-LNP782;LNP858<-LNP193,0.3376623376623376,0.035714285714285754,0.5628585598462259,0.010790309609872262,0.5194444444444444,0.08870851370851368,0.5194805194805195,0.035714285714285754,0.5183946488294314,0.03924571265921861,0.040291148201269084,0.07465155483847166
size_shape,7,661,False,LNP193<-LNP858;LNP194<-LNP195;LNP195<-LNP782;LNP782<-LNP193;LNP854<-LNP194;LNP858<-LNP854,0.3506493506493506,0.048701298701298745,0.5668290043290043,0.014760754092650652,0.5571428571428572,0.12640692640692647,0.5194805194805195,0.035714285714285754,0.5183946488294314,0.03924571265921861,0.040291148201269084,0.07465155483847166
size_shape,7,662,False,LNP193<-LNP858;LNP194<-LNP195;LNP195<-LNP782;LNP782<-LNP193;LNP854<-LNP854;LNP858<-LNP194,0.2012987012987013,-0.10064935064935054,0.5231444313262495,-0.028923818910104093,0.31286570572284855,-0.11787022501308214,0.36363636363636365,-0.12012987012987014,0.30769230769230765,-0.17145662847790516,-0.3567530340063377,-0.3223926273691351
size_shape,7,663,False,LNP193<-LNP858;LNP194<-LNP195;LNP195<-LNP782;LNP782<-LNP194;LNP854<-LNP193;LNP858<-LNP854,0.3474025974025974,0.045454545454545525,0.5659377387318564,0.013869488495502735,0.5392857142857143,0.10854978354978356,0.5876623376623377,0.10389610389610388,0.5847382431233363,0.10558930695312352,0.19738550848793068,0.23174591512513326
size_shape,7,664,False,LNP193<-LNP858;LNP194<-LNP195;LNP195<-LNP782;LNP782<-LNP194;LNP854<-LNP854;LNP858<-LNP193,0.32792207792207784,0.025974025974025983,0.5599718296409473,0.00790357940459363,0.4980158730158729,0.06727994227994222,0.5876623376623377,0.10389610389610388,0.5847382431233363,0.10558930695312352,0.19738550848793068,0.23174591512513326
size_shape,7,665,False,LNP193<-LNP858;LNP194<-LNP195;LNP195<-LNP782;LNP782<-LNP854;LNP854<-LNP193;LNP858<-LNP194,0.24350649350649345,-0.058441558441558406,0.5349287076559803,-0.017139542580373313,0.3394557823129251,-0.09128014842300558,0.4480519480519481,-0.0357142857142857,0.4375,-0.041648936170212814,-0.1130805588384352,-0.07872015220123262
size_shape,7,666,False,LNP193<-LNP858;LNP194<-LNP195;LNP195<-LNP782;LNP782<-LNP854;LNP854<-LNP194;LNP858<-LNP193,0.3474025974025974,0.045454545454545525,0.5659377387318564,0.013869488495502735,0.5392857142857143,0.10854978354978356,0.4512987012987013,-0.03246753246753248,0.4514835605453088,-0.02766537562490401,-0.0963142660661773,-0.06195385942897472
size_shape,7,667,False,LNP193<-LNP858;LNP194<-LNP195;LNP195<-LNP854;LNP782<-LNP193;LNP854<-LNP194;LNP858<-LNP782,0.3474025974025974,0.045454545454545525,0.5659377387318564,0.013869488495502735,0.5392857142857143,0.10854978354978356,0.4512987012987013,-0.03246753246753248,0.4514835605453088,-0.02766537562490401,-0.0963142660661773,-0.06195385942897472
size_shape,7,668,False,LNP193<-LNP858;LNP194<-LNP195;LNP195<-LNP854;LNP782<-LNP193;LNP854<-LNP782;LNP858<-LNP194,0.22077922077922074,-0.08116883116883111,0.5283392365210547,-0.023729013715298897,0.32260596546310827,-0.10812996527282243,0.36363636363636365,-0.12012987012987014,0.30769230769230765,-0.17145662847790516,-0.3567530340063377,-0.3223926273691351
size_shape,7,669,False,LNP193<-LNP858;LNP194<-LNP195;LNP195<-LNP854;LNP782<-LNP194;LNP854<-LNP193;LNP858<-LNP782,0.3376623376623376,0.035714285714285754,0.5628585598462259,0.010790309609872262,0.5194444444444444,0.08870851370851368,0.5876623376623377,0.10389610389610388,0.5847382431233363,0.10558930695312352,0.19738550848793068,0.23174591512513326
size_shape,7,670,False,LNP193<-LNP858;LNP194<-LNP195;LNP195<-LNP854;LNP782<-LNP194;LNP854<-LNP782;LNP858<-LNP193,0.3506493506493506,0.048701298701298745,0.5668290043290043,0.014760754092650652,0.5571428571428572,0.12640692640692647,0.5876623376623377,0.10389610389610388,0.5847382431233363,0.10558930695312352,0.19738550848793068,0.23174591512513326
size_shape,7,671,False,LNP193<-LNP858;LNP194<-LNP195;LNP195<-LNP854;LNP782<-LNP782;LNP854<-LNP193;LNP858<-LNP194,0.2012987012987013,-0.10064935064935054,0.5231444313262495,-0.028923818910104093,0.31286570572284855,-0.11787022501308214,0.36363636363636365,-0.12012987012987014,0.30769230769230765,-0.17145662847790516,-0.3567530340063377,-0.3223926273691351
size_shape,7,672,False,LNP193<-LNP858;LNP194<-LNP195;LNP195<-LNP854;LNP782<-LNP782;LNP854<-LNP194;LNP858<-LNP193,0.3506493506493506,0.048701298701298745,0.5668290043290043,0.014760754092650652,0.5571428571428572,0.12640692640692647,0.4512987012987013,-0.03246753246753248,0.4514835605453088,-0.02766537562490401,-0.0963142660661773,-0.06195385942897472
size_shape,7,673,False,LNP193<-LNP858;LNP194<-LNP782;LNP195<-LNP193;LNP782<-LNP194;LNP854<-LNP195;LNP858<-LNP854,0.30844155844155835,0.006493506493506496,0.548811115355233,-0.0032571348811206713,0.4783549783549783,0.047619047619047616,0.5194805194805194,0.03571428571428564,0.5183946488294314,0.03924571265921861,0.040291148201268875,0.07465155483847145
size_shape,7,674,False,LNP193<-LNP858;LNP194<-LNP782;LNP195<-LNP193;LNP782<-LNP194;LNP854<-LNP854;LNP858<-LNP195,0.0,-0.30194805194805185,0.45426997245179057,-0.09779827778456307,0.27088319088319085,-0.15985273985273984,0.36363636363636365,-0.12012987012987014,0.30769230769230765,-0.17145662847790516,-0.3567530340063377,-0.3223926273691351
size_shape,7,675,False,LNP193<-LNP858;LNP194<-LNP782;LNP195<-LNP193;LNP782<-LNP195;LNP854<-LNP194;LNP858<-LNP854,0.30844155844155835,0.006493506493506496,0.548811115355233,-0.0032571348811206713,0.47597402597402594,0.045238095238095244,0.4512987012987013,-0.03246753246753248,0.4514835605453088,-0.02766537562490401,-0.09631426606617752,-0.06195385942897494
size_shape,7,676,False,LNP193<-LNP858;LNP194<-LNP782;LNP195<-LNP193;LNP782<-LNP195;LNP854<-LNP854;LNP858<-LNP194,0.12662337662337658,-0.17532467532467527,0.4954086317722681,-0.056659618464085515,0.28754251700680267,-0.14319341372912803,0.3116883116883117,-0.1720779220779221,0.3142857142857143,-0.16486322188449853,-0.3694942137922787,-0.3351338071550761
size_shape,7,677,False,LNP193<-LNP858;LNP194<-LNP782;LNP195<-LNP193;LNP782<-LNP854;LNP854<-LNP194;LNP858<-LNP195,0.2240259740259739,-0.07792207792207795,0.5264275469809067,-0.025640703255446984,0.37414965986394555,-0.056586270871985145,0.4480519480519481,-0.0357142857142857,0.4375,-0.041648936170212814,-0.1130805588384352,-0.07872015220123262
size_shape,7,678,False,LNP193<-LNP858;LNP194<-LNP782;LNP195<-LNP193;LNP782<-LNP854;LNP854<-LNP195;LNP858<-LNP194,0.2499999999999999,-0.051948051948051965,0.5302980766608226,-0.021770173575531016,0.4334733893557423,0.002737458619811617,0.3474025974025974,-0.1363636363636364,0.3485444531864673,-0.1306044829837455,-0.2980239964173918,-0.2636635897801892
size_shape,7,679,False,LNP193<-LNP858;LNP194<-LNP782;LNP195<-LNP194;LNP782<-LNP193;LNP854<-LNP195;LNP858<-LNP854,0.0,-0.30194805194805185,0.45805785123966947,-0.09401039899668417,0.27088319088319085,-0.15985273985273984,0.22727272727272727,-0.25649350649350655,0.2173913043478261,-0.2617576318223867,-0.5640760748177664,-0.5297156681805639
size_shape,7,680,False,LNP193<-LNP858;LNP194<-LNP782;LNP195<-LNP194;LNP782<-LNP193;LNP854<-LNP854;LNP858<-LNP195,0.2889610389610389,-0.012987012987012936,0.5365693798180429,-0.015498870418310773,0.44621212121212117,0.015476190476190477,0.5194805194805194,0.03571428571428564,0.5183946488294314,0.03924571265921861,0.040291148201268875,0.07465155483847145
size_shape,7,681,False,LNP193<-LNP858;LNP194<-LNP782;LNP195<-LNP194;LNP782<-LNP195;LNP854<-LNP193;LNP858<-LNP854,0.2727272727272727,-0.029220779220779147,0.5400236127508855,-0.012044637485468135,0.36156462585034005,-0.06917130488559065,0.3831168831168831,-0.10064935064935071,0.3812500000000001,-0.09789893617021272,-0.22792115291927598,-0.1935607462820734
size_shape,7,682,False,LNP193<-LNP858;LNP194<-LNP782;LNP195<-LNP194;LNP782<-LNP195;LNP854<-LNP854;LNP858<-LNP193,0.2922077922077922,-0.00974025974025966,0.546517119244392,-0.005551130991961695,0.3774376417233559,-0.05329828901257477,0.3831168831168831,-0.10064935064935071,0.3812500000000001,-0.09789893617021272,-0.22792115291927598,-0.1935607462820734
size_shape,7,683,False,LNP193<-LNP858;LNP194<-LNP782;LNP195<-LNP194;LNP782<-LNP854;LNP854<-LNP193;LNP858<-LNP195,0.24350649350649348,-0.05844155844155838,0.524512987012987,-0.027555263223366655,0.33510101010101007,-0.09563492063492063,0.5194805194805194,0.03571428571428564,0.5183946488294314,0.03924571265921861,0.040291148201268875,0.07465155483847145
size_shape,7,684,False,LNP193<-LNP858;LNP194<-LNP782;LNP195<-LNP194;LNP782<-LNP854;LNP854<-LNP195;LNP858<-LNP193,0.03896103896103894,-0.26298701298701294,0.46889348025711663,-0.083174769979237,0.2748514448514448,-0.1558844858844859,0.22727272727272727,-0.25649350649350655,0.2173913043478261,-0.2617576318223867,-0.5640760748177664,-0.5297156681805639
size_shape,7,685,False,LNP193<-LNP858;LNP194<-LNP782;LNP195<-LNP195;LNP782<-LNP193;LNP854<-LNP194;LNP858<-LNP854,0.0,-0.30194805194805185,0.4598255280073462,-0.09224272222900742,0.27088319088319085,-0.15985273985273984,0.36363636363636365,-0.12012987012987014,0.30769230769230765,-0.17145662847790516,-0.3567530340063377,-0.3223926273691351
size_shape,7,686,False,LNP193<-LNP858;LNP194<-LNP782;LNP195<-LNP195;LNP782<-LNP193;LNP854<-LNP854;LNP858<-LNP194,0.17532467532467524,-0.1266233766233766,0.5087725076855512,-0.043295742550802485,0.30571254142682713,-0.12502338930910356,0.41233766233766234,-0.07142857142857145,0.3930789707187223,-0.08606996545149054,-0.1973855084879307,-0.16302510185072813
size_shape,7,687,False,LNP193<-LNP858;LNP194<-LNP782;LNP195<-LNP195;LNP782<-LNP194;LNP854<-LNP193;LNP858<-LNP854,0.20454545454545447,-0.09740259740259738,0.5228230733912551,-0.02924517684509853,0.3167800453514739,-0.11395588538445678,0.34090909090909094,-0.14285714285714285,0.29411764705882354,-0.18503128911138927,-0.39192475766909773,-0.35756435103189516
size_shape,7,688,False,LNP193<-LNP858;LNP194<-LNP782;LNP195<-LNP195;LNP782<-LNP194;LNP854<-LNP854;LNP858<-LNP193,0.1753246753246753,-0.12662337662337655,0.5144723092998954,-0.03759594093645824,0.303898482469911,-0.12683744826601967,0.27272727272727276,-0.21103896103896103,0.25,-0.2291489361702128,-0.4947274449181534,-0.4603670382809508
size_shape,7,689,False,LNP193<-LNP858;LNP194<-LNP782;LNP195<-LNP195;LNP782<-LNP854;LNP854<-LNP193;LNP858<-LNP194,0.2629870129870129,-0.038961038961038974,0.533845351508395,-0.01822289872795868,0.4116479925303454,-0.019087938205585298,0.37987012987012986,-0.10389610389610393,0.37777777777777777,-0.10137115839243505,-0.2438488811817297,-0.20948847454452713
size_shape,7,690,False,LNP193<-LNP858;LNP194<-LNP782;LNP195<-LNP195;LNP782<-LNP854;LNP854<-LNP194;LNP858<-LNP193,0.0,-0.30194805194805185,0.4598255280073462,-0.09224272222900742,0.27088319088319085,-0.15985273985273984,0.29545454545454547,-0.18831168831168832,0.2653061224489796,-0.2138428137212332,-0.4605661864718382,-0.42620577983463565
size_shape,7,691,False,LNP193<-LNP858;LNP194<-LNP782;LNP195<-LNP854;LNP782<-LNP193;LNP854<-LNP194;LNP858<-LNP195,0.2727272727272726,-0.02922077922077926,0.5415753340616193,-0.010492916174734357,0.4179808286951144,-0.012755102040816313,0.4480519480519481,-0.0357142857142857,0.4375,-0.041648936170212814,-0.1130805588384352,-0.07872015220123262
size_shape,7,692,False,LNP193<-LNP858;LNP194<-LNP782;LNP195<-LNP854;LNP782<-LNP193;LNP854<-LNP195;LNP858<-LNP194,0.20454545454545445,-0.09740259740259741,0.5213770419304016,-0.030691208305952067,0.32653061224489793,-0.10420531849103276,0.41233766233766234,-0.07142857142857145,0.3930789707187223,-0.08606996545149054,-0.19738550848793068,-0.1630251018507281
size_shape,7,693,False,LNP193<-LNP858;LNP194<-LNP782;LNP195<-LNP854;LNP782<-LNP194;LNP854<-LNP193;LNP858<-LNP195,0.0,-0.30194805194805185,0.45426997245179057,-0.09779827778456307,0.27088319088319085,-0.15985273985273984,0.36363636363636365,-0.12012987012987014,0.30769230769230765,-0.17145662847790516,-0.3567530340063377,-0.3223926273691351
size_shape,7,694,False,LNP193<-LNP858;LNP194<-LNP782;LNP195<-LNP854;LNP782<-LNP194;LNP854<-LNP195;LNP858<-LNP193,0.2889610389610389,-0.012987012987012936,0.5433875616362247,-0.008680688600128939,0.44621212121212117,0.015476190476190477,0.5194805194805194,0.03571428571428564,0.5183946488294314,0.03924571265921861,0.040291148201268875,0.07465155483847145
size_shape,7,695,False,LNP193<-LNP858;LNP194<-LNP782;LNP195<-LNP854;LNP782<-LNP195;LNP854<-LNP193;LNP858<-LNP194,0.12662337662337658,-0.17532467532467527,0.4954086317722681,-0.056659618464085515,0.28754251700680267,-0.14319341372912803,0.275974025974026,-0.2077922077922078,0.27826784282277467,-0.20088109334743814,-0.44304562390441643,-0.40868521726721385
size_shape,7,696,False,LNP193<-LNP858;LNP194<-LNP782;LNP195<-LNP854;LNP782<-LNP195;LNP854<-LNP194;LNP858<-LNP193,0.29220779220779214,-0.009740259740259716,0.5437680375180375,-0.008300212718316158,0.42240259740259734,-0.00833333333333336,0.4512987012987013,-0.03246753246753248,0.4514835605453088,-0.02766537562490401,-0.09631426606617752,-0.06195385942897494
size_shape,7,697,False,LNP193<-LNP858;LNP194<-LNP854;LNP195<-LNP193;LNP782<-LNP194;LNP854<-LNP195;LNP858<-LNP782,0.24999999999999997,-0.05194805194805188,0.5330627705627705,-0.019005479673583126,0.339069264069264,-0.09166666666666667,0.4512987012987013,-0.03246753246753248,0.4514835605453088,-0.02766537562490401,-0.09631426606617752,-0.06195385942897494
size_shape,7,698,False,LNP193<-LNP858;LNP194<-LNP854;LNP195<-LNP193;LNP782<-LNP194;LNP854<-LNP782;LNP858<-LNP195,0.0,-0.30194805194805185,0.45805785123966947,-0.09401039899668417,0.2685022385022384,-0.16223369223369227,0.36363636363636365,-0.12012987012987014,0.30769230769230765,-0.17145662847790516,-0.3567530340063377,-0.3223926273691351
size_shape,7,699,False,LNP193<-LNP858;LNP194<-LNP854;LNP195<-LNP193;LNP782<-LNP195;LNP854<-LNP194;LNP858<-LNP782,0.22402597402597396,-0.07792207792207789,0.5247752247752248,-0.027293025461128884,0.3212018140589568,-0.10953411667697388,0.4512987012987013,-0.03246753246753248,0.4514835605453088,-0.02766537562490401,-0.09631426606617752,-0.06195385942897494
size_shape,7,700,False,LNP193<-LNP858;LNP194<-LNP854;LNP195<-LNP193;LNP782<-LNP195;LNP854<-LNP782;LNP858<-LNP194,0.1558441558441558,-0.14610389610389604,0.5041096773154189,-0.04795857292093475,0.2948254301720688,-0.1359105005638619,0.3116883116883117,-0.1720779220779221,0.3142857142857143,-0.16486322188449853,-0.3694942137922787,-0.3351338071550761
size_shape,7,701,False,LNP193<-LNP858;LNP194<-LNP854;LNP195<-LNP193;LNP782<-LNP782;LNP854<-LNP194;LNP858<-LNP195,0.11688311688311678,-0.18506493506493507,0.4951702442410296,-0.05689800599532402,0.29070004070004063,-0.14003589003589006,0.36363636363636365,-0.12012987012987014,0.30769230769230765,-0.17145662847790516,-0.3567530340063377,-0.3223926273691351
size_shape,7,702,False,LNP193<-LNP858;LNP194<-LNP854;LNP195<-LNP193;LNP782<-LNP782;LNP854<-LNP195;LNP858<-LNP194,0.2499999999999999,-0.051948051948051965,0.5345293743689465,-0.0175388758674071,0.427891156462585,-0.002844774273345674,0.3798701298701299,-0.10389610389610388,0.37777777777777777,-0.10137115839243505,-0.24384888118172945,-0.20948847454452688
size_shape,7,703,False,LNP193<-LNP858;LNP194<-LNP854;LNP195<-LNP194;LNP782<-LNP193;LNP854<-LNP195;LNP858<-LNP782,0.06493506493506487,-0.23701298701298698,0.4771215532755077,-0.07494669696084594,0.2761109662038454,-0.1546249645320853,0.4318181818181818,-0.051948051948051965,0.3454545454545454,-0.1336943907156674,-0.2405228464604172,-0.2061624398232146
size_shape,7,704,False,LNP193<-LNP858;LNP194<-LNP854;LNP195<-LNP194;LNP782<-LNP193;LNP854<-LNP782;LNP858<-LNP195,0.30844155844155835,0.006493506493506496,0.548811115355233,-0.0032571348811206713,0.4783549783549783,0.047619047619047616,0.5194805194805194,0.03571428571428564,0.5183946488294314,0.03924571265921861,0.040291148201268875,0.07465155483847145
size_shape,7,705,False,LNP193<-LNP858;LNP194<-LNP854;LNP195<-LNP194;LNP782<-LNP195;LNP854<-LNP193;LNP858<-LNP782,0.25324675324675316,-0.04870129870129869,0.5339779342914138,-0.018090315944939817,0.34625850340136044,-0.08447742733457025,0.31493506493506496,-0.16883116883116883,0.3050193050193051,-0.17412963115090774,-0.3659942110514742,-0.33163380441427165
size_shape,7,706,False,LNP193<-LNP858;LNP194<-LNP854;LNP195<-LNP194;LNP782<-LNP195;LNP854<-LNP782;LNP858<-LNP193,0.25324675324675316,-0.04870129870129869,0.5339779342914138,-0.018090315944939817,0.34625850340136044,-0.08447742733457025,0.3831168831168831,-0.10064935064935071,0.3812500000000001,-0.09789893617021272,-0.22792115291927598,-0.1935607462820734
size_shape,7,707,False,LNP193<-LNP858;LNP194<-LNP854;LNP195<-LNP194;LNP782<-LNP782;LNP854<-LNP193;LNP858<-LNP195,0.21103896103896097,-0.09090909090909088,0.5197309936440371,-0.032337256592316566,0.3199813258636787,-0.11075460487225197,0.44805194805194803,-0.035714285714285754,0.4375,-0.041648936170212814,-0.11308055883843511,-0.07872015220123253
size_shape,7,708,False,LNP193<-LNP858;LNP194<-LNP854;LNP195<-LNP194;LNP782<-LNP782;LNP854<-LNP195;LNP858<-LNP193,0.03896103896103894,-0.26298701298701294,0.46889348025711663,-0.083174769979237,0.2748514448514448,-0.1558844858844859,0.22727272727272727,-0.25649350649350655,0.2173913043478261,-0.2617576318223867,-0.5640760748177664,-0.5297156681805639
size_shape,7,709,False,LNP193<-LNP858;LNP194<-LNP854;LNP195<-LNP195;LNP782<-LNP193;LNP854<-LNP194;LNP858<-LNP782,0.0,-0.30194805194805185,0.46285583103764927,-0.08921241919870437,0.27088319088319085,-0.15985273985273984,0.36363636363636365,-0.12012987012987014,0.30769230769230765,-0.17145662847790516,-0.3567530340063377,-0.3223926273691351
size_shape,7,710,False,LNP193<-LNP858;LNP194<-LNP854;LNP195<-LNP195;LNP782<-LNP193;LNP854<-LNP782;LNP858<-LNP194,0.2629870129870129,-0.038961038961038974,0.5349643833386336,-0.017103866897720033,0.4116479925303454,-0.019087938205585298,0.37987012987012986,-0.10389610389610393,0.37777777777777777,-0.10137115839243505,-0.2438488811817297,-0.20948847454452713
size_shape,7,711,False,LNP193<-LNP858;LNP194<-LNP854;LNP195<-LNP195;LNP782<-LNP194;LNP854<-LNP193;LNP858<-LNP782,0.21428571428571425,-0.08766233766233761,0.5269931457431457,-0.025075104493207934,0.3186377114948543,-0.11209821924107638,0.4090909090909091,-0.07467532467532467,0.3333333333333333,-0.1458156028368795,-0.282038037408883,-0.24767763077168042
size_shape,7,712,False,LNP193<-LNP858;LNP194<-LNP854;LNP195<-LNP195;LNP782<-LNP194;LNP854<-LNP782;LNP858<-LNP193,0.15584415584415579,-0.14610389610389607,0.5080044688399601,-0.04406378139639355,0.29777603349031917,-0.13295989724561152,0.27272727272727276,-0.21103896103896103,0.25,-0.2291489361702128,-0.4947274449181534,-0.4603670382809508
size_shape,7,713,False,LNP193<-LNP858;LNP194<-LNP854;LNP195<-LNP195;LNP782<-LNP782;LNP854<-LNP193;LNP858<-LNP194,0.2629870129870129,-0.038961038961038974,0.5365212971894006,-0.015546953046953083,0.4116479925303454,-0.019087938205585298,0.4480519480519481,-0.0357142857142857,0.4375,-0.041648936170212814,-0.1130805588384352,-0.07872015220123262
size_shape,7,714,False,LNP193<-LNP858;LNP194<-LNP854;LNP195<-LNP195;LNP782<-LNP782;LNP854<-LNP194;LNP858<-LNP193,0.0,-0.30194805194805185,0.4598255280073462,-0.09224272222900742,0.27088319088319085,-0.15985273985273984,0.36363636363636365,-0.12012987012987014,0.30769230769230765,-0.17145662847790516,-0.3567530340063377,-0.3223926273691351
size_shape,7,715,False,LNP193<-LNP858;LNP194<-LNP854;LNP195<-LNP782;LNP782<-LNP193;LNP854<-LNP194;LNP858<-LNP195,0.28246753246753237,-0.019480519480519487,0.5455123061804096,-0.006555944055944063,0.41921768707482987,-0.011518243661100824,0.5162337662337663,0.03246753246753248,0.4957983193277311,0.016649383157518294,0.03999232221113232,0.0743527288483349
size_shape,7,716,False,LNP193<-LNP858;LNP194<-LNP854;LNP195<-LNP782;LNP782<-LNP193;LNP854<-LNP195;LNP858<-LNP194,0.22402597402597396,-0.07792207792207789,0.5278448823903369,-0.024223367846016752,0.3326530612244898,-0.0980828695114409,0.41233766233766234,-0.07142857142857145,0.3930789707187223,-0.08606996545149054,-0.19738550848793068,-0.1630251018507281
size_shape,7,717,False,LNP193<-LNP858;LNP194<-LNP854;LNP195<-LNP782;LNP782<-LNP194;LNP854<-LNP193;LNP858<-LNP195,0.0,-0.30194805194805185,0.45805785123966947,-0.09401039899668417,0.27088319088319085,-0.15985273985273984,0.4318181818181818,-0.051948051948051965,0.3454545454545454,-0.1336943907156674,-0.2405228464604172,-0.2061624398232146
size_shape,7,718,False,LNP193<-LNP858;LNP194<-LNP854;LNP195<-LNP782;LNP782<-LNP194;LNP854<-LNP195;LNP858<-LNP193,0.24025974025974023,-0.061688311688311626,0.5296536796536796,-0.022414570582674043,0.33311688311688303,-0.09761904761904766,0.48376623376623373,-5.551115123125783e-17,0.4791489361702128,0.0,-0.03436040663720258,0.0
size_shape,7,719,False,LNP193<-LNP858;LNP194<-LNP854;LNP195<-LNP782;LNP782<-LNP195;LNP854<-LNP193;LNP858<-LNP194,0.12662337662337658,-0.17532467532467527,0.4956352569988933,-0.056432993237460316,0.28754251700680267,-0.14319341372912803,0.3116883116883117,-0.1720779220779221,0.3142857142857143,-0.16486322188449853,-0.3694942137922787,-0.3351338071550761
size_shape,7,720,False,LNP193<-LNP858;LNP194<-LNP854;LNP195<-LNP782;LNP782<-LNP195;LNP854<-LNP194;LNP858<-LNP193,0.22402597402597396,-0.07792207792207789,0.5247752247752248,-0.027293025461128884,0.3212018140589568,-0.10953411667697388,0.4512987012987013,-0.03246753246753248,0.4514835605453088,-0.02766537562490401,-0.09631426606617752,-0.06195385942897494
rna_association,4,1,True,LNP193<-LNP193;LNP194<-LNP194;LNP195<-LNP195;LNP782<-LNP782;LNP854<-LNP854;LNP858<-LNP858,0.22402597402597396,-0.07792207792207789,0.529815071292344,-0.02225317894400969,0.32358276643990924,-0.10715316429602145,0.4090909090909091,-0.07467532467532467,0.3333333333333333,-0.1458156028368795,-0.282038037408883,-0.24767763077168042
rna_association,4,2,False,LNP193<-LNP193;LNP194<-LNP194;LNP195<-LNP195;LNP782<-LNP782;LNP854<-LNP858;LNP858<-LNP854,0.3409090909090909,0.03896103896103903,0.5618686868686869,0.00980043663233321,0.4916666666666666,0.06093073593073589,0.5876623376623377,0.10389610389610388,0.5847382431233363,0.10558930695312352,0.19738550848793068,0.23174591512513326
rna_association,4,3,False,LNP193<-LNP193;LNP194<-LNP194;LNP195<-LNP195;LNP782<-LNP854;LNP854<-LNP782;LNP858<-LNP858,0.30194805194805185,0.0,0.5516819985569985,-0.00038625167935513183,0.4345238095238095,0.0037878787878787845,0.5162337662337663,0.03246753246753248,0.4957983193277311,0.016649383157518294,0.03999232221113232,0.0743527288483349
rna_association,4,4,False,LNP193<-LNP193;LNP194<-LNP194;LNP195<-LNP195;LNP782<-LNP854;LNP854<-LNP858;LNP858<-LNP782,0.3214285714285714,0.019480519480519543,0.5583378427128427,0.006269592476489061,0.4503968253968253,0.0196608946608946,0.551948051948052,0.06818181818181818,0.5418181818181819,0.06266924564796905,0.1218289807746346,0.1561893874118372
rna_association,4,5,False,LNP193<-LNP193;LNP194<-LNP194;LNP195<-LNP195;LNP782<-LNP858;LNP854<-LNP782;LNP858<-LNP854,0.3214285714285714,0.019480519480519543,0.5583378427128427,0.006269592476489061,0.4503968253968253,0.0196608946608946,0.551948051948052,0.06818181818181818,0.5418181818181819,0.06266924564796905,0.1218289807746346,0.1561893874118372
rna_association,4,6,False,LNP193<-LNP193;LNP194<-LNP194;LNP195<-LNP195;LNP782<-LNP858;LNP854<-LNP854;LNP858<-LNP782,0.15584415584415579,-0.14610389610389607,0.5081249922559381,-0.04394325798041554,0.29777603349031917,-0.13295989724561152,0.4318181818181818,-0.051948051948051965,0.3454545454545454,-0.1336943907156674,-0.2405228464604172,-0.2061624398232146
rna_association,4,7,False,LNP193<-LNP193;LNP194<-LNP194;LNP195<-LNP782;LNP782<-LNP195;LNP854<-LNP854;LNP858<-LNP858,0.3409090909090909,0.03896103896103903,0.5643037518037518,0.012235501567398166,0.4916666666666666,0.06093073593073589,0.6558441558441559,0.1720779220779221,0.6538461538461539,0.17469721767594104,0.40771775315010056,0.44207815978730314
rna_association,4,8,False,LNP193<-LNP193;LNP194<-LNP194;LNP195<-LNP782;LNP782<-LNP195;LNP854<-LNP858;LNP858<-LNP854,0.22402597402597396,-0.07792207792207789,0.5299068986568987,-0.02216135157945498,0.32358276643990924,-0.10715316429602145,0.41233766233766234,-0.07142857142857145,0.3930789707187223,-0.08606996545149054,-0.19738550848793068,-0.1630251018507281
rna_association,4,9,False,LNP193<-LNP193;LNP194<-LNP194;LNP195<-LNP782;LNP782<-LNP854;LNP854<-LNP195;LNP858<-LNP858,0.3409090909090909,0.03896103896103903,0.5643037518037518,0.012235501567398166,0.4916666666666666,0.06093073593073589,0.6558441558441559,0.1720779220779221,0.6538461538461539,0.17469721767594104,0.40771775315010056,0.44207815978730314
rna_association,4,10,False,LNP193<-LNP193;LNP194<-LNP194;LNP195<-LNP782;LNP782<-LNP854;LNP854<-LNP858;LNP858<-LNP195,0.19480519480519473,-0.10714285714285712,0.5184632890166486,-0.03360496121970502,0.321585557299843,-0.10915037343608769,0.4318181818181818,-0.051948051948051965,0.3454545454545454,-0.1336943907156674,-0.2405228464604172,-0.2061624398232146
rna_association,4,11,False,LNP193<-LNP193;LNP194<-LNP194;LNP195<-LNP782;LNP782<-LNP858;LNP854<-LNP195;LNP858<-LNP854,0.30194805194805185,0.0,0.5516819985569985,-0.00038625167935513183,0.4345238095238095,0.0037878787878787845,0.5162337662337663,0.03246753246753248,0.4957983193277311,0.016649383157518294,0.03999232221113232,0.0743527288483349
rna_association,4,12,False,LNP193<-LNP193;LNP194<-LNP194;LNP195<-LNP782;LNP782<-LNP858;LNP854<-LNP854;LNP858<-LNP195,0.30194805194805185,0.0,0.5516819985569985,-0.00038625167935513183,0.4345238095238095,0.0037878787878787845,0.5162337662337663,0.03246753246753248,0.4957983193277311,0.016649383157518294,0.03999232221113232,0.0743527288483349
rna_association,4,13,False,LNP193<-LNP193;LNP194<-LNP194;LNP195<-LNP854;LNP782<-LNP195;LNP854<-LNP782;LNP858<-LNP858,0.3311688311688311,0.02922077922077926,0.5612245729181213,0.009156322681767692,0.47182539682539676,0.041089466089466065,0.5194805194805195,0.035714285714285754,0.5183946488294314,0.03924571265921861,0.040291148201269084,0.07465155483847166
rna_association,4,14,False,LNP193<-LNP193;LNP194<-LNP194;LNP195<-LNP854;LNP782<-LNP195;LNP854<-LNP858;LNP858<-LNP782,0.3409090909090909,0.03896103896103903,0.5643037518037518,0.012235501567398166,0.4916666666666666,0.06093073593073589,0.5194805194805195,0.035714285714285754,0.5183946488294314,0.03924571265921861,0.040291148201269084,0.07465155483847166
rna_association,4,15,False,LNP193<-LNP193;LNP194<-LNP194;LNP195<-LNP854;LNP782<-LNP782;LNP854<-LNP195;LNP858<-LNP858,0.24350649350649345,-0.058441558441558406,0.5349287076559803,-0.017139542580373313,0.3394557823129251,-0.09128014842300558,0.48051948051948057,-0.00324675324675322,0.44615384615384623,-0.03299509001636658,-0.050964719143762376,-0.016604312506559797
rna_association,4,16,False,LNP193<-LNP193;LNP194<-LNP194;LNP195<-LNP854;LNP782<-LNP782;LNP854<-LNP858;LNP858<-LNP195,0.32142857142857134,0.019480519480519487,0.5529505888376856,0.0008823386013319112,0.4619047619047619,0.03116883116883118,0.48376623376623373,-5.551115123125783e-17,0.4791489361702128,0.0,-0.03436040663720258,0.0
rna_association,4,17,False,LNP193<-LNP193;LNP194<-LNP194;LNP195<-LNP854;LNP782<-LNP858;LNP854<-LNP195;LNP858<-LNP782,0.22402597402597396,-0.07792207792207789,0.5278448823903369,-0.024223367846016752,0.3326530612244898,-0.0980828695114409,0.4318181818181818,-0.051948051948051965,0.3454545454545454,-0.1336943907156674,-0.2405228464604172,-0.2061624398232146
rna_association,4,18,False,LNP193<-LNP193;LNP194<-LNP194;LNP195<-LNP854;LNP782<-LNP858;LNP854<-LNP782;LNP858<-LNP195,0.3116883116883116,0.009740259740259771,0.5506726248661732,-0.0013956253701804533,0.45595238095238094,0.025216450216450248,0.551948051948052,0.06818181818181818,0.5418181818181819,0.06266924564796905,0.1218289807746346,0.1561893874118372
rna_association,4,19,False,LNP193<-LNP193;LNP194<-LNP194;LNP195<-LNP858;LNP782<-LNP195;LNP854<-LNP782;LNP858<-LNP854,0.22402597402597396,-0.07792207792207789,0.529815071292344,-0.02225317894400969,0.32358276643990924,-0.10715316429602145,0.34090909090909094,-0.14285714285714285,0.29411764705882354,-0.18503128911138927,-0.39192475766909773,-0.35756435103189516
rna_association,4,20,False,LNP193<-LNP193;LNP194<-LNP194;LNP195<-LNP858;LNP782<-LNP195;LNP854<-LNP854;LNP858<-LNP782,0.3409090909090909,0.03896103896103903,0.5643037518037518,0.012235501567398166,0.4916666666666666,0.06093073593073589,0.6558441558441559,0.1720779220779221,0.6538461538461539,0.17469721767594104,0.40771775315010056,0.44207815978730314
rna_association,4,21,False,LNP193<-LNP193;LNP194<-LNP194;LNP195<-LNP858;LNP782<-LNP782;LNP854<-LNP195;LNP858<-LNP854,0.30194805194805185,0.0,0.5516819985569985,-0.00038625167935513183,0.4345238095238095,0.0037878787878787845,0.5162337662337663,0.03246753246753248,0.4957983193277311,0.016649383157518294,0.03999232221113232,0.0743527288483349
rna_association,4,22,False,LNP193<-LNP193;LNP194<-LNP194;LNP195<-LNP858;LNP782<-LNP782;LNP854<-LNP854;LNP858<-LNP195,0.29220779220779214,-0.009740259740259716,0.5486591593272627,-0.003409090909090917,0.4247835497835497,-0.005952380952380987,0.5162337662337663,0.03246753246753248,0.4957983193277311,0.016649383157518294,0.03999232221113232,0.0743527288483349
rna_association,4,23,False,LNP193<-LNP193;LNP194<-LNP194;LNP195<-LNP858;LNP782<-LNP854;LNP854<-LNP195;LNP858<-LNP782,0.3409090909090909,0.03896103896103903,0.5643037518037518,0.012235501567398166,0.4916666666666666,0.06093073593073589,0.6558441558441559,0.1720779220779221,0.6538461538461539,0.17469721767594104,0.40771775315010056,0.44207815978730314
rna_association,4,24,False,LNP193<-LNP193;LNP194<-LNP194;LNP195<-LNP858;LNP782<-LNP854;LNP854<-LNP782;LNP858<-LNP195,0.15584415584415579,-0.14610389610389607,0.5081249922559381,-0.04394325798041554,0.29777603349031917,-0.13295989724561152,0.4318181818181818,-0.051948051948051965,0.3454545454545454,-0.1336943907156674,-0.2405228464604172,-0.2061624398232146
rna_association,4,25,False,LNP193<-LNP193;LNP194<-LNP195;LNP195<-LNP194;LNP782<-LNP782;LNP854<-LNP854;LNP858<-LNP858,0.21428571428571425,-0.08766233766233761,0.5269013183785911,-0.02516693185776253,0.3186377114948543,-0.11209821924107638,0.4090909090909091,-0.07467532467532467,0.3333333333333333,-0.1458156028368795,-0.282038037408883,-0.24767763077168042
rna_association,4,26,False,LNP193<-LNP193;LNP194<-LNP195;LNP195<-LNP194;LNP782<-LNP782;LNP854<-LNP858;LNP858<-LNP854,0.3409090909090909,0.03896103896103903,0.5618686868686869,0.00980043663233321,0.4916666666666666,0.06093073593073589,0.5876623376623377,0.10389610389610388,0.5847382431233363,0.10558930695312352,0.19738550848793068,0.23174591512513326
rna_association,4,27,False,LNP193<-LNP193;LNP194<-LNP195;LNP195<-LNP194;LNP782<-LNP854;LNP854<-LNP782;LNP858<-LNP858,0.30194805194805185,0.0,0.5516819985569985,-0.00038625167935513183,0.4345238095238095,0.0037878787878787845,0.5162337662337663,0.03246753246753248,0.4957983193277311,0.016649383157518294,0.03999232221113232,0.0743527288483349
rna_association,4,28,False,LNP193<-LNP193;LNP194<-LNP195;LNP195<-LNP194;LNP782<-LNP854;LNP854<-LNP858;LNP858<-LNP782,0.3214285714285714,0.019480519480519543,0.5583378427128427,0.006269592476489061,0.4503968253968253,0.0196608946608946,0.551948051948052,0.06818181818181818,0.5418181818181819,0.06266924564796905,0.1218289807746346,0.1561893874118372
rna_association,4,29,False,LNP193<-LNP193;LNP194<-LNP195;LNP195<-LNP194;LNP782<-LNP858;LNP854<-LNP782;LNP858<-LNP854,0.3214285714285714,0.019480519480519543,0.5583378427128427,0.006269592476489061,0.4503968253968253,0.0196608946608946,0.551948051948052,0.06818181818181818,0.5418181818181819,0.06266924564796905,0.1218289807746346,0.1561893874118372
rna_association,4,30,False,LNP193<-LNP193;LNP194<-LNP195;LNP195<-LNP194;LNP782<-LNP858;LNP854<-LNP854;LNP858<-LNP782,0.15584415584415579,-0.14610389610389607,0.5081249922559381,-0.04394325798041554,0.29777603349031917,-0.13295989724561152,0.4318181818181818,-0.051948051948051965,0.3454545454545454,-0.1336943907156674,-0.2405228464604172,-0.2061624398232146
rna_association,4,31,False,LNP193<-LNP193;LNP194<-LNP195;LNP195<-LNP782;LNP782<-LNP194;LNP854<-LNP854;LNP858<-LNP858,0.3409090909090909,0.03896103896103903,0.5643037518037518,0.012235501567398166,0.4916666666666666,0.06093073593073589,0.6558441558441559,0.1720779220779221,0.6538461538461539,0.17469721767594104,0.40771775315010056,0.44207815978730314
rna_association,4,32,False,LNP193<-LNP193;LNP194<-LNP195;LNP195<-LNP782;LNP782<-LNP194;LNP854<-LNP858;LNP858<-LNP854,0.22402597402597396,-0.07792207792207789,0.5299068986568987,-0.02216135157945498,0.32358276643990924,-0.10715316429602145,0.41233766233766234,-0.07142857142857145,0.3930789707187223,-0.08606996545149054,-0.19738550848793068,-0.1630251018507281
rna_association,4,33,False,LNP193<-LNP193;LNP194<-LNP195;LNP195<-LNP782;LNP782<-LNP854;LNP854<-LNP194;LNP858<-LNP858,0.3409090909090909,0.03896103896103903,0.5643037518037518,0.012235501567398166,0.4916666666666666,0.06093073593073589,0.6558441558441559,0.1720779220779221,0.6538461538461539,0.17469721767594104,0.40771775315010056,0.44207815978730314
rna_association,4,34,False,LNP193<-LNP193;LNP194<-LNP195;LNP195<-LNP782;LNP782<-LNP854;LNP854<-LNP858;LNP858<-LNP194,0.24350649350649345,-0.058441558441558406,0.5349287076559803,-0.017139542580373313,0.3394557823129251,-0.09128014842300558,0.5,0.01623376623376621,0.37931034482758613,-0.09983859134262668,0.0,0.03436040663720258
rna_association,4,35,False,LNP193<-LNP193;LNP194<-LNP195;LNP195<-LNP782;LNP782<-LNP858;LNP854<-LNP194;LNP858<-LNP854,0.2824675324675324,-0.01948051948051943,0.5459473824677586,-0.006120867768594995,0.4018243661100803,-0.028911564625850372,0.5162337662337663,0.03246753246753248,0.4957983193277311,0.016649383157518294,0.03999232221113232,0.0743527288483349
rna_association,4,36,False,LNP193<-LNP193;LNP194<-LNP195;LNP195<-LNP782;LNP782<-LNP858;LNP854<-LNP854;LNP858<-LNP194,0.3214285714285714,0.019480519480519543,0.5583378427128427,0.006269592476489061,0.4503968253968253,0.0196608946608946,0.5162337662337663,0.03246753246753248,0.4957983193277311,0.016649383157518294,0.03999232221113232,0.0743527288483349
rna_association,4,37,False,LNP193<-LNP193;LNP194<-LNP195;LNP195<-LNP854;LNP782<-LNP194;LNP854<-LNP782;LNP858<-LNP858,0.3311688311688311,0.02922077922077926,0.5612245729181213,0.009156322681767692,0.47182539682539676,0.041089466089466065,0.5194805194805195,0.035714285714285754,0.5183946488294314,0.03924571265921861,0.040291148201269084,0.07465155483847166
rna_association,4,38,False,LNP193<-LNP193;LNP194<-LNP195;LNP195<-LNP854;LNP782<-LNP194;LNP854<-LNP858;LNP858<-LNP782,0.3409090909090909,0.03896103896103903,0.5643037518037518,0.012235501567398166,0.4916666666666666,0.06093073593073589,0.5876623376623377,0.10389610389610388,0.5847382431233363,0.10558930695312352,0.19738550848793068,0.23174591512513326
rna_association,4,39,False,LNP193<-LNP193;LNP194<-LNP195;LNP195<-LNP854;LNP782<-LNP782;LNP854<-LNP194;LNP858<-LNP858,0.24350649350649345,-0.058441558441558406,0.5349287076559803,-0.017139542580373313,0.3394557823129251,-0.09128014842300558,0.48051948051948057,-0.00324675324675322,0.44615384615384623,-0.03299509001636658,-0.050964719143762376,-0.016604312506559797
rna_association,4,40,False,LNP193<-LNP193;LNP194<-LNP195;LNP195<-LNP854;LNP782<-LNP782;LNP854<-LNP858;LNP858<-LNP194,0.3409090909090909,0.03896103896103903,0.5591089466089466,0.007040696372592969,0.4916666666666666,0.06093073593073589,0.6558441558441559,0.1720779220779221,0.6538461538461539,0.17469721767594104,0.40771775315010056,0.44207815978730314
rna_association,4,41,False,LNP193<-LNP193;LNP194<-LNP195;LNP195<-LNP854;LNP782<-LNP858;LNP854<-LNP194;LNP858<-LNP782,0.19480519480519476,-0.1071428571428571,0.5198174931129476,-0.03225075712340608,0.31183499040641893,-0.11890094032951176,0.4318181818181818,-0.051948051948051965,0.3454545454545454,-0.1336943907156674,-0.2405228464604172,-0.2061624398232146
rna_association,4,42,False,LNP193<-LNP193;LNP194<-LNP195;LNP195<-LNP854;LNP782<-LNP858;LNP854<-LNP782;LNP858<-LNP194,0.3311688311688311,0.02922077922077926,0.5571661313596796,0.005097881123325987,0.47182539682539676,0.041089466089466065,0.6201298701298701,0.1363636363636363,0.6067527308838134,0.12760379471360062,0.33868074965743356,0.37304115629463613
rna_association,4,43,False,LNP193<-LNP193;LNP194<-LNP195;LNP195<-LNP858;LNP782<-LNP194;LNP854<-LNP782;LNP858<-LNP854,0.22402597402597396,-0.07792207792207789,0.529815071292344,-0.02225317894400969,0.32358276643990924,-0.10715316429602145,0.34090909090909094,-0.14285714285714285,0.29411764705882354,-0.18503128911138927,-0.39192475766909773,-0.35756435103189516
rna_association,4,44,False,LNP193<-LNP193;LNP194<-LNP195;LNP195<-LNP858;LNP782<-LNP194;LNP854<-LNP854;LNP858<-LNP782,0.3409090909090909,0.03896103896103903,0.5643037518037518,0.012235501567398166,0.4916666666666666,0.06093073593073589,0.6558441558441559,0.1720779220779221,0.6538461538461539,0.17469721767594104,0.40771775315010056,0.44207815978730314
rna_association,4,45,False,LNP193<-LNP193;LNP194<-LNP195;LNP195<-LNP858;LNP782<-LNP782;LNP854<-LNP194;LNP858<-LNP854,0.2824675324675324,-0.01948051948051943,0.5459473824677586,-0.006120867768594995,0.4018243661100803,-0.028911564625850372,0.5162337662337663,0.03246753246753248,0.4957983193277311,0.016649383157518294,0.03999232221113232,0.0743527288483349
rna_association,4,46,False,LNP193<-LNP193;LNP194<-LNP195;LNP195<-LNP858;LNP782<-LNP782;LNP854<-LNP854;LNP858<-LNP194,0.3116883116883116,0.009740259740259771,0.5550910894660894,0.0030228392297357853,0.4404761904761904,0.009740259740259716,0.5162337662337663,0.03246753246753248,0.4957983193277311,0.016649383157518294,0.03999232221113232,0.0743527288483349
rna_association,4,47,False,LNP193<-LNP193;LNP194<-LNP195;LNP195<-LNP858;LNP782<-LNP854;LNP854<-LNP194;LNP858<-LNP782,0.3409090909090909,0.03896103896103903,0.5643037518037518,0.012235501567398166,0.4916666666666666,0.06093073593073589,0.6558441558441559,0.1720779220779221,0.6538461538461539,0.17469721767594104,0.40771775315010056,0.44207815978730314
rna_association,4,48,False,LNP193<-LNP193;LNP194<-LNP195;LNP195<-LNP858;LNP782<-LNP854;LNP854<-LNP782;LNP858<-LNP194,0.19480519480519476,-0.1071428571428571,0.5198174931129476,-0.03225075712340608,0.31183499040641893,-0.11890094032951176,0.5,0.01623376623376621,0.37931034482758613,-0.09983859134262668,0.0,0.03436040663720258
rna_association,4,49,False,LNP193<-LNP193;LNP194<-LNP782;LNP195<-LNP194;LNP782<-LNP195;LNP854<-LNP854;LNP858<-LNP858,0.24350649350649345,-0.058441558441558406,0.5349287076559803,-0.017139542580373313,0.3394557823129251,-0.09128014842300558,0.41233766233766234,-0.07142857142857145,0.3930789707187223,-0.08606996545149054,-0.19738550848793068,-0.1630251018507281
rna_association,4,50,False,LNP193<-LNP193;LNP194<-LNP782;LNP195<-LNP194;LNP782<-LNP195;LNP854<-LNP858;LNP858<-LNP854,0.3116883116883116,0.009740259740259771,0.5550910894660894,0.0030228392297357853,0.4404761904761904,0.009740259740259716,0.5194805194805195,0.035714285714285754,0.5183946488294314,0.03924571265921861,0.040291148201269084,0.07465155483847166
rna_association,4,51,False,LNP193<-LNP193;LNP194<-LNP782;LNP195<-LNP194;LNP782<-LNP854;LNP854<-LNP195;LNP858<-LNP858,0.19480519480519481,-0.10714285714285704,0.521556134565539,-0.030512115670814688,0.3107012035583464,-0.12003472717758429,0.4318181818181818,-0.051948051948051965,0.3454545454545454,-0.1336943907156674,-0.2405228464604172,-0.2061624398232146
rna_association,4,52,False,LNP193<-LNP193;LNP194<-LNP782;LNP195<-LNP194;LNP782<-LNP854;LNP854<-LNP858;LNP858<-LNP195,0.3214285714285714,0.019480519480519543,0.5583378427128427,0.006269592476489061,0.4503968253968253,0.0196608946608946,0.5876623376623377,0.10389610389610388,0.5847382431233363,0.10558930695312352,0.19738550848793068,0.23174591512513326
rna_association,4,53,False,LNP193<-LNP193;LNP194<-LNP782;LNP195<-LNP194;LNP782<-LNP858;LNP854<-LNP195;LNP858<-LNP854,0.3214285714285714,0.019480519480519543,0.5583378427128427,0.006269592476489061,0.4503968253968253,0.0196608946608946,0.551948051948052,0.06818181818181818,0.5418181818181819,0.06266924564796905,0.1218289807746346,0.1561893874118372
rna_association,4,54,False,LNP193<-LNP193;LNP194<-LNP782;LNP195<-LNP194;LNP782<-LNP858;LNP854<-LNP854;LNP858<-LNP195,0.3409090909090909,0.03896103896103903,0.5643037518037518,0.012235501567398166,0.4916666666666666,0.06093073593073589,0.6558441558441559,0.1720779220779221,0.6538461538461539,0.17469721767594104,0.40771775315010056,0.44207815978730314
rna_association,4,55,False,LNP193<-LNP193;LNP194<-LNP782;LNP195<-LNP195;LNP782<-LNP194;LNP854<-LNP854;LNP858<-LNP858,0.24350649350649345,-0.058441558441558406,0.5349287076559803,-0.017139542580373313,0.3394557823129251,-0.09128014842300558,0.41233766233766234,-0.07142857142857145,0.3930789707187223,-0.08606996545149054,-0.19738550848793068,-0.1630251018507281
rna_association,4,56,False,LNP193<-LNP193;LNP194<-LNP782;LNP195<-LNP195;LNP782<-LNP194;LNP854<-LNP858;LNP858<-LNP854,0.3214285714285714,0.019480519480519543,0.5583378427128427,0.006269592476489061,0.4503968253968253,0.0196608946608946,0.5194805194805195,0.035714285714285754,0.5183946488294314,0.03924571265921861,0.040291148201269084,0.07465155483847166
rna_association,4,57,False,LNP193<-LNP193;LNP194<-LNP782;LNP195<-LNP195;LNP782<-LNP854;LNP854<-LNP194;LNP858<-LNP858,0.19480519480519481,-0.10714285714285704,0.5213935895754078,-0.03067466066094582,0.3107012035583464,-0.12003472717758429,0.4318181818181818,-0.051948051948051965,0.3454545454545454,-0.1336943907156674,-0.2405228464604172,-0.2061624398232146
rna_association,4,58,False,LNP193<-LNP193;LNP194<-LNP782;LNP195<-LNP195;LNP782<-LNP854;LNP854<-LNP858;LNP858<-LNP194,0.3311688311688311,0.02922077922077926,0.5612245729181213,0.009156322681767692,0.47182539682539676,0.041089466089466065,0.5876623376623377,0.10389610389610388,0.5847382431233363,0.10558930695312352,0.19738550848793068,0.23174591512513326
rna_association,4,59,False,LNP193<-LNP193;LNP194<-LNP782;LNP195<-LNP195;LNP782<-LNP858;LNP854<-LNP194;LNP858<-LNP854,0.3214285714285714,0.019480519480519543,0.5583378427128427,0.006269592476489061,0.4503968253968253,0.0196608946608946,0.5162337662337663,0.03246753246753248,0.4957983193277311,0.016649383157518294,0.03999232221113232,0.0743527288483349
rna_association,4,60,False,LNP193<-LNP193;LNP194<-LNP782;LNP195<-LNP195;LNP782<-LNP858;LNP854<-LNP854;LNP858<-LNP194,0.3409090909090909,0.03896103896103903,0.5643037518037518,0.012235501567398166,0.4916666666666666,0.06093073593073589,0.6558441558441559,0.1720779220779221,0.6538461538461539,0.17469721767594104,0.40771775315010056,0.44207815978730314
rna_association,4,61,False,LNP193<-LNP193;LNP194<-LNP782;LNP195<-LNP854;LNP782<-LNP194;LNP854<-LNP195;LNP858<-LNP858,0.26298701298701294,-0.03896103896103892,0.5409887047818083,-0.01107954545454537,0.3542053184910327,-0.07653061224489799,0.5162337662337663,0.03246753246753248,0.4957983193277311,0.016649383157518294,0.03999232221113232,0.0743527288483349
rna_association,4,62,False,LNP193<-LNP193;LNP194<-LNP782;LNP195<-LNP854;LNP782<-LNP194;LNP854<-LNP858;LNP858<-LNP195,0.2727272727272727,-0.029220779220779147,0.5443977956908992,-0.007670454545454453,0.3601576994434137,-0.070578231292517,0.4480519480519481,-0.0357142857142857,0.4375,-0.041648936170212814,-0.1130805588384352,-0.07872015220123262
rna_association,4,63,False,LNP193<-LNP193;LNP194<-LNP782;LNP195<-LNP854;LNP782<-LNP195;LNP854<-LNP194;LNP858<-LNP858,0.24350649350649345,-0.058441558441558406,0.5349287076559803,-0.017139542580373313,0.3394557823129251,-0.09128014842300558,0.48051948051948057,-0.00324675324675322,0.44615384615384623,-0.03299509001636658,-0.050964719143762376,-0.016604312506559797
rna_association,4,64,False,LNP193<-LNP193;LNP194<-LNP782;LNP195<-LNP854;LNP782<-LNP195;LNP854<-LNP858;LNP858<-LNP194,0.2435064935064935,-0.05844155844155835,0.5362504919323101,-0.015817758304043528,0.33510101010101007,-0.09563492063492063,0.34090909090909094,-0.14285714285714285,0.29411764705882354,-0.18503128911138927,-0.39192475766909773,-0.35756435103189516
rna_association,4,65,False,LNP193<-LNP193;LNP194<-LNP782;LNP195<-LNP854;LNP782<-LNP858;LNP854<-LNP194;LNP858<-LNP195,0.3311688311688311,0.02922077922077926,0.5612245729181213,0.009156322681767692,0.4694444444444444,0.03870851370851369,0.5876623376623377,0.10389610389610388,0.5847382431233363,0.10558930695312352,0.19738550848793068,0.23174591512513326
rna_association,4,66,False,LNP193<-LNP193;LNP194<-LNP782;LNP195<-LNP854;LNP782<-LNP858;LNP854<-LNP195;LNP858<-LNP194,0.3409090909090909,0.03896103896103903,0.5643037518037518,0.012235501567398166,0.4892857142857142,0.05854978354978352,0.5876623376623377,0.10389610389610388,0.5847382431233363,0.10558930695312352,0.19738550848793068,0.23174591512513326
rna_association,4,67,False,LNP193<-LNP193;LNP194<-LNP782;LNP195<-LNP858;LNP782<-LNP194;LNP854<-LNP195;LNP858<-LNP854,0.3214285714285714,0.019480519480519543,0.5583378427128427,0.006269592476489061,0.4503968253968253,0.0196608946608946,0.551948051948052,0.06818181818181818,0.5418181818181819,0.06266924564796905,0.1218289807746346,0.1561893874118372
rna_association,4,68,False,LNP193<-LNP193;LNP194<-LNP782;LNP195<-LNP858;LNP782<-LNP194;LNP854<-LNP854;LNP858<-LNP195,0.25324675324675316,-0.04870129870129869,0.5378418516349551,-0.014226398601398516,0.34863945578231287,-0.08209647495361783,0.4480519480519481,-0.0357142857142857,0.4375,-0.041648936170212814,-0.1130805588384352,-0.07872015220123262
rna_association,4,69,False,LNP193<-LNP193;LNP194<-LNP782;LNP195<-LNP858;LNP782<-LNP195;LNP854<-LNP194;LNP858<-LNP854,0.30194805194805185,0.0,0.5516819985569985,-0.00038625167935513183,0.4345238095238095,0.0037878787878787845,0.5162337662337663,0.03246753246753248,0.4957983193277311,0.016649383157518294,0.03999232221113232,0.0743527288483349
rna_association,4,70,False,LNP193<-LNP193;LNP194<-LNP782;LNP195<-LNP858;LNP782<-LNP195;LNP854<-LNP854;LNP858<-LNP194,0.22402597402597396,-0.07792207792207789,0.529815071292344,-0.02225317894400969,0.32358276643990924,-0.10715316429602145,0.4318181818181818,-0.051948051948051965,0.3454545454545454,-0.1336943907156674,-0.2405228464604172,-0.2061624398232146
rna_association,4,71,False,LNP193<-LNP193;LNP194<-LNP782;LNP195<-LNP858;LNP782<-LNP854;LNP854<-LNP194;LNP858<-LNP195,0.29220779220779214,-0.009740259740259716,0.5486591593272627,-0.003409090909090917,0.4247835497835497,-0.005952380952380987,0.4480519480519481,-0.0357142857142857,0.4375,-0.041648936170212814,-0.1130805588384352,-0.07872015220123262
rna_association,4,72,False,LNP193<-LNP193;LNP194<-LNP782;LNP195<-LNP858;LNP782<-LNP854;LNP854<-LNP195;LNP858<-LNP194,0.3311688311688311,0.02922077922077926,0.5612245729181213,0.009156322681767692,0.47182539682539676,0.041089466089466065,0.551948051948052,0.06818181818181818,0.5418181818181819,0.06266924564796905,0.1218289807746346,0.1561893874118372
rna_association,4,73,False,LNP193<-LNP193;LNP194<-LNP854;LNP195<-LNP194;LNP782<-LNP195;LNP854<-LNP782;LNP858<-LNP858,0.30194805194805185,0.0,0.5520682502363536,0.0,0.4307359307359307,0.0,0.4837662337662338,0.0,0.4791489361702128,0.0,-0.03436040663720258,0.0
rna_association,4,74,False,LNP193<-LNP193;LNP194<-LNP854;LNP195<-LNP194;LNP782<-LNP195;LNP854<-LNP858;LNP858<-LNP782,0.3311688311688311,0.02922077922077926,0.5612245729181213,0.009156322681767692,0.47182539682539676,0.041089466089466065,0.551948051948052,0.06818181818181818,0.5418181818181819,0.06266924564796905,0.1218289807746346,0.1561893874118372
rna_association,4,75,False,LNP193<-LNP193;LNP194<-LNP854;LNP195<-LNP194;LNP782<-LNP782;LNP854<-LNP195;LNP858<-LNP858,0.1753246753246753,-0.12662337662337655,0.5143097643097643,-0.03775848592658937,0.303898482469911,-0.12683744826601967,0.4318181818181818,-0.051948051948051965,0.3454545454545454,-0.1336943907156674,-0.2405228464604172,-0.2061624398232146
rna_association,4,76,False,LNP193<-LNP193;LNP194<-LNP854;LNP195<-LNP194;LNP782<-LNP782;LNP854<-LNP858;LNP858<-LNP195,0.3409090909090909,0.03896103896103903,0.5618686868686869,0.00980043663233321,0.4916666666666666,0.06093073593073589,0.6558441558441559,0.1720779220779221,0.6538461538461539,0.17469721767594104,0.40771775315010056,0.44207815978730314
rna_association,4,77,False,LNP193<-LNP193;LNP194<-LNP854;LNP195<-LNP194;LNP782<-LNP858;LNP854<-LNP195;LNP858<-LNP782,0.15584415584415579,-0.14610389610389607,0.507841923849829,-0.044226326386524684,0.29777603349031917,-0.13295989724561152,0.5,0.01623376623376621,0.37931034482758613,-0.09983859134262668,0.0,0.03436040663720258
rna_association,4,78,False,LNP193<-LNP193;LNP194<-LNP854;LNP195<-LNP194;LNP782<-LNP858;LNP854<-LNP782;LNP858<-LNP195,0.3409090909090909,0.03896103896103903,0.5618686868686869,0.00980043663233321,0.4916666666666666,0.06093073593073589,0.6558441558441559,0.1720779220779221,0.6538461538461539,0.17469721767594104,0.40771775315010056,0.44207815978730314
rna_association,4,79,False,LNP193<-LNP193;LNP194<-LNP854;LNP195<-LNP195;LNP782<-LNP194;LNP854<-LNP782;LNP858<-LNP858,0.3116883116883116,0.009740259740259771,0.5550910894660894,0.0030228392297357853,0.4404761904761904,0.009740259740259716,0.4837662337662338,0.0,0.4791489361702128,0.0,-0.03436040663720258,0.0
rna_association,4,80,False,LNP193<-LNP193;LNP194<-LNP854;LNP195<-LNP195;LNP782<-LNP194;LNP854<-LNP858;LNP858<-LNP782,0.3311688311688311,0.02922077922077926,0.5612245729181213,0.009156322681767692,0.47182539682539676,0.041089466089466065,0.5876623376623377,0.10389610389610388,0.5847382431233363,0.10558930695312352,0.19738550848793068,0.23174591512513326
rna_association,4,81,False,LNP193<-LNP193;LNP194<-LNP854;LNP195<-LNP195;LNP782<-LNP782;LNP854<-LNP194;LNP858<-LNP858,0.15584415584415579,-0.14610389610389607,0.507841923849829,-0.044226326386524684,0.29777603349031917,-0.13295989724561152,0.4318181818181818,-0.051948051948051965,0.3454545454545454,-0.1336943907156674,-0.2405228464604172,-0.2061624398232146
rna_association,4,82,False,LNP193<-LNP193;LNP194<-LNP854;LNP195<-LNP195;LNP782<-LNP782;LNP854<-LNP858;LNP858<-LNP194,0.3409090909090909,0.03896103896103903,0.5602453102453102,0.008177060008956571,0.4916666666666666,0.06093073593073589,0.6558441558441559,0.1720779220779221,0.6538461538461539,0.17469721767594104,0.40771775315010056,0.44207815978730314
rna_association,4,83,False,LNP193<-LNP193;LNP194<-LNP854;LNP195<-LNP195;LNP782<-LNP858;LNP854<-LNP194;LNP858<-LNP782,0.15584415584415579,-0.14610389610389607,0.507841923849829,-0.044226326386524684,0.29777603349031917,-0.13295989724561152,0.5,0.01623376623376621,0.37931034482758613,-0.09983859134262668,0.0,0.03436040663720258
rna_association,4,84,False,LNP193<-LNP193;LNP194<-LNP854;LNP195<-LNP195;LNP782<-LNP858;LNP854<-LNP782;LNP858<-LNP194,0.3409090909090909,0.03896103896103903,0.5618686868686869,0.00980043663233321,0.4916666666666666,0.06093073593073589,0.6558441558441559,0.1720779220779221,0.6538461538461539,0.17469721767594104,0.40771775315010056,0.44207815978730314
rna_association,4,85,False,LNP193<-LNP193;LNP194<-LNP854;LNP195<-LNP782;LNP782<-LNP194;LNP854<-LNP195;LNP858<-LNP858,0.3409090909090909,0.03896103896103903,0.5643037518037518,0.012235501567398166,0.4916666666666666,0.06093073593073589,0.6558441558441559,0.1720779220779221,0.6538461538461539,0.17469721767594104,0.40771775315010056,0.44207815978730314
rna_association,4,86,False,LNP193<-LNP193;LNP194<-LNP854;LNP195<-LNP782;LNP782<-LNP194;LNP854<-LNP858;LNP858<-LNP195,0.19480519480519481,-0.10714285714285704,0.521556134565539,-0.030512115670814688,0.3107012035583464,-0.12003472717758429,0.36363636363636365,-0.12012987012987014,0.30769230769230765,-0.17145662847790516,-0.3567530340063377,-0.3223926273691351
rna_association,4,87,False,LNP193<-LNP193;LNP194<-LNP854;LNP195<-LNP782;LNP782<-LNP195;LNP854<-LNP194;LNP858<-LNP858,0.3409090909090909,0.03896103896103903,0.5643037518037518,0.012235501567398166,0.4916666666666666,0.06093073593073589,0.6558441558441559,0.1720779220779221,0.6538461538461539,0.17469721767594104,0.40771775315010056,0.44207815978730314
rna_association,4,88,False,LNP193<-LNP193;LNP194<-LNP854;LNP195<-LNP782;LNP782<-LNP195;LNP854<-LNP858;LNP858<-LNP194,0.15584415584415579,-0.14610389610389607,0.507841923849829,-0.044226326386524684,0.29777603349031917,-0.13295989724561152,0.4318181818181818,-0.051948051948051965,0.3454545454545454,-0.1336943907156674,-0.2405228464604172,-0.2061624398232146
rna_association,4,89,False,LNP193<-LNP193;LNP194<-LNP854;LNP195<-LNP782;LNP782<-LNP858;LNP854<-LNP194;LNP858<-LNP195,0.29220779220779214,-0.009740259740259716,0.5486591593272627,-0.003409090909090917,0.42240259740259734,-0.00833333333333336,0.4480519480519481,-0.0357142857142857,0.4375,-0.041648936170212814,-0.1130805588384352,-0.07872015220123262
rna_association,4,90,False,LNP193<-LNP193;LNP194<-LNP854;LNP195<-LNP782;LNP782<-LNP858;LNP854<-LNP195;LNP858<-LNP194,0.3409090909090909,0.03896103896103903,0.5643037518037518,0.012235501567398166,0.4916666666666666,0.06093073593073589,0.6201298701298701,0.1363636363636363,0.6067527308838134,0.12760379471360062,0.33868074965743356,0.37304115629463613
rna_association,4,91,False,LNP193<-LNP193;LNP194<-LNP854;LNP195<-LNP858;LNP782<-LNP194;LNP854<-LNP195;LNP858<-LNP782,0.3409090909090909,0.03896103896103903,0.5643037518037518,0.012235501567398166,0.4916666666666666,0.06093073593073589,0.6558441558441559,0.1720779220779221,0.6538461538461539,0.17469721767594104,0.40771775315010056,0.44207815978730314
rna_association,4,92,False,LNP193<-LNP193;LNP194<-LNP854;LNP195<-LNP858;LNP782<-LNP194;LNP854<-LNP782;LNP858<-LNP195,0.19480519480519481,-0.10714285714285704,0.5213935895754078,-0.03067466066094582,0.3107012035583464,-0.12003472717758429,0.4318181818181818,-0.051948051948051965,0.3454545454545454,-0.1336943907156674,-0.2405228464604172,-0.2061624398232146
rna_association,4,93,False,LNP193<-LNP193;LNP194<-LNP854;LNP195<-LNP858;LNP782<-LNP195;LNP854<-LNP194;LNP858<-LNP782,0.3409090909090909,0.03896103896103903,0.5643037518037518,0.012235501567398166,0.4916666666666666,0.06093073593073589,0.6558441558441559,0.1720779220779221,0.6538461538461539,0.17469721767594104,0.40771775315010056,0.44207815978730314
rna_association,4,94,False,LNP193<-LNP193;LNP194<-LNP854;LNP195<-LNP858;LNP782<-LNP195;LNP854<-LNP782;LNP858<-LNP194,0.13636363636363635,-0.1655844155844155,0.5019130700948883,-0.05015518014146536,0.29257071249552447,-0.13816521824040623,0.4318181818181818,-0.051948051948051965,0.3454545454545454,-0.1336943907156674,-0.2405228464604172,-0.2061624398232146
rna_association,4,95,False,LNP193<-LNP193;LNP194<-LNP854;LNP195<-LNP858;LNP782<-LNP782;LNP854<-LNP194;LNP858<-LNP195,0.29220779220779214,-0.009740259740259716,0.5486591593272627,-0.003409090909090917,0.42240259740259734,-0.00833333333333336,0.4480519480519481,-0.0357142857142857,0.4375,-0.041648936170212814,-0.1130805588384352,-0.07872015220123262
rna_association,4,96,False,LNP193<-LNP193;LNP194<-LNP854;LNP195<-LNP858;LNP782<-LNP782;LNP854<-LNP195;LNP858<-LNP194,0.3311688311688311,0.02922077922077926,0.5612245729181213,0.009156322681767692,0.47182539682539676,0.041089466089466065,0.6201298701298701,0.1363636363636363,0.6067527308838134,0.12760379471360062,0.33868074965743356,0.37304115629463613
rna_association,4,97,False,LNP193<-LNP193;LNP194<-LNP858;LNP195<-LNP194;LNP782<-LNP195;LNP854<-LNP782;LNP858<-LNP854,0.29220779220779214,-0.009740259740259716,0.5493564733768496,-0.002711776859504078,0.4077767470624613,-0.022959183673469385,0.4837662337662338,0.0,0.4791489361702128,0.0,-0.03436040663720258,0.0
rna_association,4,98,False,LNP193<-LNP193;LNP194<-LNP858;LNP195<-LNP194;LNP782<-LNP195;LNP854<-LNP854;LNP858<-LNP782,0.19480519480519481,-0.10714285714285704,0.521676657981517,-0.030391592254836675,0.3107012035583464,-0.12003472717758429,0.4318181818181818,-0.051948051948051965,0.3454545454545454,-0.1336943907156674,-0.2405228464604172,-0.2061624398232146
rna_association,4,99,False,LNP193<-LNP193;LNP194<-LNP858;LNP195<-LNP194;LNP782<-LNP782;LNP854<-LNP195;LNP858<-LNP854,0.3214285714285714,0.019480519480519543,0.5583378427128427,0.006269592476489061,0.4503968253968253,0.0196608946608946,0.5876623376623377,0.10389610389610388,0.5847382431233363,0.10558930695312352,0.19738550848793068,0.23174591512513326
rna_association,4,100,False,LNP193<-LNP193;LNP194<-LNP858;LNP195<-LNP194;LNP782<-LNP782;LNP854<-LNP854;LNP858<-LNP195,0.3409090909090909,0.03896103896103903,0.5643037518037518,0.012235501567398166,0.4916666666666666,0.06093073593073589,0.6558441558441559,0.1720779220779221,0.6538461538461539,0.17469721767594104,0.40771775315010056,0.44207815978730314
rna_association,4,101,False,LNP193<-LNP193;LNP194<-LNP858;LNP195<-LNP194;LNP782<-LNP854;LNP854<-LNP195;LNP858<-LNP782,0.19480519480519481,-0.10714285714285704,0.5213935895754078,-0.03067466066094582,0.3107012035583464,-0.12003472717758429,0.4318181818181818,-0.051948051948051965,0.3454545454545454,-0.1336943907156674,-0.2405228464604172,-0.2061624398232146
rna_association,4,102,False,LNP193<-LNP193;LNP194<-LNP858;LNP195<-LNP194;LNP782<-LNP854;LNP854<-LNP782;LNP858<-LNP195,0.3214285714285714,0.019480519480519543,0.5583378427128427,0.006269592476489061,0.4503968253968253,0.0196608946608946,0.5876623376623377,0.10389610389610388,0.5847382431233363,0.10558930695312352,0.19738550848793068,0.23174591512513326
rna_association,4,103,False,LNP193<-LNP193;LNP194<-LNP858;LNP195<-LNP195;LNP782<-LNP194;LNP854<-LNP782;LNP858<-LNP854,0.3116883116883116,0.009740259740259771,0.5550910894660894,0.0030228392297357853,0.4404761904761904,0.009740259740259716,0.5194805194805195,0.035714285714285754,0.5183946488294314,0.03924571265921861,0.040291148201269084,0.07465155483847166
rna_association,4,104,False,LNP193<-LNP193;LNP194<-LNP858;LNP195<-LNP195;LNP782<-LNP194;LNP854<-LNP854;LNP858<-LNP782,0.19480519480519481,-0.10714285714285704,0.521556134565539,-0.030512115670814688,0.3107012035583464,-0.12003472717758429,0.4318181818181818,-0.051948051948051965,0.3454545454545454,-0.1336943907156674,-0.2405228464604172,-0.2061624398232146
rna_association,4,105,False,LNP193<-LNP193;LNP194<-LNP858;LNP195<-LNP195;LNP782<-LNP782;LNP854<-LNP194;LNP858<-LNP854,0.3214285714285714,0.019480519480519543,0.5583378427128427,0.006269592476489061,0.4503968253968253,0.0196608946608946,0.551948051948052,0.06818181818181818,0.5418181818181819,0.06266924564796905,0.1218289807746346,0.1561893874118372
rna_association,4,106,False,LNP193<-LNP193;LNP194<-LNP858;LNP195<-LNP195;LNP782<-LNP782;LNP854<-LNP854;LNP858<-LNP194,0.3409090909090909,0.03896103896103903,0.5643037518037518,0.012235501567398166,0.4916666666666666,0.06093073593073589,0.6558441558441559,0.1720779220779221,0.6538461538461539,0.17469721767594104,0.40771775315010056,0.44207815978730314
rna_association,4,107,False,LNP193<-LNP193;LNP194<-LNP858;LNP195<-LNP195;LNP782<-LNP854;LNP854<-LNP194;LNP858<-LNP782,0.1753246753246753,-0.12662337662337655,0.5143097643097643,-0.03775848592658937,0.303898482469911,-0.12683744826601967,0.4318181818181818,-0.051948051948051965,0.3454545454545454,-0.1336943907156674,-0.2405228464604172,-0.2061624398232146
rna_association,4,108,False,LNP193<-LNP193;LNP194<-LNP858;LNP195<-LNP195;LNP782<-LNP854;LNP854<-LNP782;LNP858<-LNP194,0.3311688311688311,0.02922077922077926,0.5612245729181213,0.009156322681767692,0.47182539682539676,0.041089466089466065,0.5876623376623377,0.10389610389610388,0.5847382431233363,0.10558930695312352,0.19738550848793068,0.23174591512513326
rna_association,4,109,False,LNP193<-LNP193;LNP194<-LNP858;LNP195<-LNP782;LNP782<-LNP194;LNP854<-LNP195;LNP858<-LNP854,0.3116883116883116,0.009740259740259771,0.5550910894660894,0.0030228392297357853,0.4404761904761904,0.009740259740259716,0.551948051948052,0.06818181818181818,0.5418181818181819,0.06266924564796905,0.1218289807746346,0.1561893874118372
rna_association,4,110,False,LNP193<-LNP193;LNP194<-LNP858;LNP195<-LNP782;LNP782<-LNP194;LNP854<-LNP854;LNP858<-LNP195,0.25324675324675316,-0.04870129870129869,0.5378418516349551,-0.014226398601398516,0.34863945578231287,-0.08209647495361783,0.4480519480519481,-0.0357142857142857,0.4375,-0.041648936170212814,-0.1130805588384352,-0.07872015220123262
rna_association,4,111,False,LNP193<-LNP193;LNP194<-LNP858;LNP195<-LNP782;LNP782<-LNP195;LNP854<-LNP194;LNP858<-LNP854,0.29220779220779214,-0.009740259740259716,0.5489702216974944,-0.00309802853885921,0.4115646258503401,-0.0191713048855906,0.5162337662337663,0.03246753246753248,0.4957983193277311,0.016649383157518294,0.03999232221113232,0.0743527288483349
rna_association,4,112,False,LNP193<-LNP193;LNP194<-LNP858;LNP195<-LNP782;LNP782<-LNP195;LNP854<-LNP854;LNP858<-LNP194,0.22402597402597396,-0.07792207792207789,0.529815071292344,-0.02225317894400969,0.32358276643990924,-0.10715316429602145,0.4090909090909091,-0.07467532467532467,0.3333333333333333,-0.1458156028368795,-0.282038037408883,-0.24767763077168042
rna_association,4,113,False,LNP193<-LNP193;LNP194<-LNP858;LNP195<-LNP782;LNP782<-LNP854;LNP854<-LNP194;LNP858<-LNP195,0.29220779220779214,-0.009740259740259716,0.5486591593272627,-0.003409090909090917,0.42240259740259734,-0.00833333333333336,0.4480519480519481,-0.0357142857142857,0.4375,-0.041648936170212814,-0.1130805588384352,-0.07872015220123262
rna_association,4,114,False,LNP193<-LNP193;LNP194<-LNP858;LNP195<-LNP782;LNP782<-LNP854;LNP854<-LNP195;LNP858<-LNP194,0.3311688311688311,0.02922077922077926,0.5612245729181213,0.009156322681767692,0.47182539682539676,0.041089466089466065,0.551948051948052,0.06818181818181818,0.5418181818181819,0.06266924564796905,0.1218289807746346,0.1561893874118372
rna_association,4,115,False,LNP193<-LNP193;LNP194<-LNP858;LNP195<-LNP854;LNP782<-LNP194;LNP854<-LNP195;LNP858<-LNP782,0.19480519480519481,-0.10714285714285704,0.521556134565539,-0.030512115670814688,0.3107012035583464,-0.12003472717758429,0.4318181818181818,-0.051948051948051965,0.3454545454545454,-0.1336943907156674,-0.2405228464604172,-0.2061624398232146
rna_association,4,116,False,LNP193<-LNP193;LNP194<-LNP858;LNP195<-LNP854;LNP782<-LNP194;LNP854<-LNP782;LNP858<-LNP195,0.262987012987013,-0.03896103896103886,0.5415764790764791,-0.010491771159874541,0.35097402597402594,-0.07976190476190476,0.4480519480519481,-0.0357142857142857,0.4375,-0.041648936170212814,-0.1130805588384352,-0.07872015220123262
rna_association,4,117,False,LNP193<-LNP193;LNP194<-LNP858;LNP195<-LNP854;LNP782<-LNP195;LNP854<-LNP194;LNP858<-LNP782,0.1753246753246753,-0.12662337662337655,0.5144723092998954,-0.03759594093645824,0.303898482469911,-0.12683744826601967,0.4318181818181818,-0.051948051948051965,0.3454545454545454,-0.1336943907156674,-0.2405228464604172,-0.2061624398232146
rna_association,4,118,False,LNP193<-LNP193;LNP194<-LNP858;LNP195<-LNP854;LNP782<-LNP195;LNP854<-LNP782;LNP858<-LNP194,0.2435064935064935,-0.05844155844155835,0.5362504919323101,-0.015817758304043528,0.33510101010101007,-0.09563492063492063,0.34090909090909094,-0.14285714285714285,0.29411764705882354,-0.18503128911138927,-0.39192475766909773,-0.35756435103189516
rna_association,4,119,False,LNP193<-LNP193;LNP194<-LNP858;LNP195<-LNP854;LNP782<-LNP782;LNP854<-LNP194;LNP858<-LNP195,0.3214285714285714,0.019480519480519543,0.5583378427128427,0.006269592476489061,0.4480158730158729,0.01727994227994223,0.5876623376623377,0.10389610389610388,0.5847382431233363,0.10558930695312352,0.19738550848793068,0.23174591512513326
rna_association,4,120,False,LNP193<-LNP193;LNP194<-LNP858;LNP195<-LNP854;LNP782<-LNP782;LNP854<-LNP195;LNP858<-LNP194,0.3409090909090909,0.03896103896103903,0.5643037518037518,0.012235501567398166,0.4892857142857142,0.05854978354978352,0.5876623376623377,0.10389610389610388,0.5847382431233363,0.10558930695312352,0.19738550848793068,0.23174591512513326
rna_association,4,121,False,LNP193<-LNP194;LNP194<-LNP193;LNP195<-LNP195;LNP782<-LNP782;LNP854<-LNP854;LNP858<-LNP858,0.22402597402597396,-0.07792207792207789,0.529815071292344,-0.02225317894400969,0.32358276643990924,-0.10715316429602145,0.4090909090909091,-0.07467532467532467,0.3333333333333333,-0.1458156028368795,-0.282038037408883,-0.24767763077168042
rna_association,4,122,False,LNP193<-LNP194;LNP194<-LNP193;LNP195<-LNP195;LNP782<-LNP782;LNP854<-LNP858;LNP858<-LNP854,0.3409090909090909,0.03896103896103903,0.5643037518037518,0.012235501567398166,0.4916666666666666,0.06093073593073589,0.5876623376623377,0.10389610389610388,0.5847382431233363,0.10558930695312352,0.19738550848793068,0.23174591512513326
rna_association,4,123,False,LNP193<-LNP194;LNP194<-LNP193;LNP195<-LNP195;LNP782<-LNP854;LNP854<-LNP782;LNP858<-LNP858,0.30194805194805185,0.0,0.5516819985569985,-0.00038625167935513183,0.4345238095238095,0.0037878787878787845,0.5162337662337663,0.03246753246753248,0.4957983193277311,0.016649383157518294,0.03999232221113232,0.0743527288483349
rna_association,4,124,False,LNP193<-LNP194;LNP194<-LNP193;LNP195<-LNP195;LNP782<-LNP854;LNP854<-LNP858;LNP858<-LNP782,0.3214285714285714,0.019480519480519543,0.5583378427128427,0.006269592476489061,0.4503968253968253,0.0196608946608946,0.551948051948052,0.06818181818181818,0.5418181818181819,0.06266924564796905,0.1218289807746346,0.1561893874118372
rna_association,4,125,False,LNP193<-LNP194;LNP194<-LNP193;LNP195<-LNP195;LNP782<-LNP858;LNP854<-LNP782;LNP858<-LNP854,0.3214285714285714,0.019480519480519543,0.5583378427128427,0.006269592476489061,0.4503968253968253,0.0196608946608946,0.551948051948052,0.06818181818181818,0.5418181818181819,0.06266924564796905,0.1218289807746346,0.1561893874118372
rna_association,4,126,False,LNP193<-LNP194;LNP194<-LNP193;LNP195<-LNP195;LNP782<-LNP858;LNP854<-LNP854;LNP858<-LNP782,0.1753246753246753,-0.12662337662337655,0.5145928327158734,-0.037475417520480225,0.303898482469911,-0.12683744826601967,0.4318181818181818,-0.051948051948051965,0.3454545454545454,-0.1336943907156674,-0.2405228464604172,-0.2061624398232146
rna_association,4,127,False,LNP193<-LNP194;LNP194<-LNP193;LNP195<-LNP782;LNP782<-LNP195;LNP854<-LNP854;LNP858<-LNP858,0.3409090909090909,0.03896103896103903,0.5643037518037518,0.012235501567398166,0.4916666666666666,0.06093073593073589,0.6558441558441559,0.1720779220779221,0.6538461538461539,0.17469721767594104,0.40771775315010056,0.44207815978730314
rna_association,4,128,False,LNP193<-LNP194;LNP194<-LNP193;LNP195<-LNP782;LNP782<-LNP195;LNP854<-LNP858;LNP858<-LNP854,0.22402597402597396,-0.07792207792207789,0.5299068986568987,-0.02216135157945498,0.32358276643990924,-0.10715316429602145,0.41233766233766234,-0.07142857142857145,0.3930789707187223,-0.08606996545149054,-0.19738550848793068,-0.1630251018507281
rna_association,4,129,False,LNP193<-LNP194;LNP194<-LNP193;LNP195<-LNP782;LNP782<-LNP854;LNP854<-LNP195;LNP858<-LNP858,0.3409090909090909,0.03896103896103903,0.5618686868686869,0.00980043663233321,0.4916666666666666,0.06093073593073589,0.5876623376623377,0.10389610389610388,0.5847382431233363,0.10558930695312352,0.19738550848793068,0.23174591512513326
rna_association,4,130,False,LNP193<-LNP194;LNP194<-LNP193;LNP195<-LNP782;LNP782<-LNP854;LNP854<-LNP858;LNP858<-LNP195,0.23376623376623373,-0.06818181818181812,0.5320149547422275,-0.020053295494126155,0.3345107273678702,-0.09622520336806051,0.4318181818181818,-0.051948051948051965,0.3454545454545454,-0.1336943907156674,-0.2405228464604172,-0.2061624398232146
rna_association,4,131,False,LNP193<-LNP194;LNP194<-LNP193;LNP195<-LNP782;LNP782<-LNP858;LNP854<-LNP195;LNP858<-LNP854,0.3116883116883116,0.009740259740259771,0.5550910894660894,0.0030228392297357853,0.4404761904761904,0.009740259740259716,0.5162337662337663,0.03246753246753248,0.4957983193277311,0.016649383157518294,0.03999232221113232,0.0743527288483349
rna_association,4,132,False,LNP193<-LNP194;LNP194<-LNP193;LNP195<-LNP782;LNP782<-LNP858;LNP854<-LNP854;LNP858<-LNP195,0.30194805194805185,0.0,0.5516819985569985,-0.00038625167935513183,0.4345238095238095,0.0037878787878787845,0.5162337662337663,0.03246753246753248,0.4957983193277311,0.016649383157518294,0.03999232221113232,0.0743527288483349
rna_association,4,133,False,LNP193<-LNP194;LNP194<-LNP193;LNP195<-LNP854;LNP782<-LNP195;LNP854<-LNP782;LNP858<-LNP858,0.3311688311688311,0.02922077922077926,0.5612245729181213,0.009156322681767692,0.47182539682539676,0.041089466089466065,0.5194805194805195,0.035714285714285754,0.5183946488294314,0.03924571265921861,0.040291148201269084,0.07465155483847166
rna_association,4,134,False,LNP193<-LNP194;LNP194<-LNP193;LNP195<-LNP854;LNP782<-LNP195;LNP854<-LNP858;LNP858<-LNP782,0.3409090909090909,0.03896103896103903,0.5643037518037518,0.012235501567398166,0.4916666666666666,0.06093073593073589,0.5194805194805195,0.035714285714285754,0.5183946488294314,0.03924571265921861,0.040291148201269084,0.07465155483847166
rna_association,4,135,False,LNP193<-LNP194;LNP194<-LNP193;LNP195<-LNP854;LNP782<-LNP782;LNP854<-LNP195;LNP858<-LNP858,0.24350649350649345,-0.058441558441558406,0.5349287076559803,-0.017139542580373313,0.3394557823129251,-0.09128014842300558,0.48051948051948057,-0.00324675324675322,0.44615384615384623,-0.03299509001636658,-0.050964719143762376,-0.016604312506559797
rna_association,4,136,False,LNP193<-LNP194;LNP194<-LNP193;LNP195<-LNP854;LNP782<-LNP782;LNP854<-LNP858;LNP858<-LNP195,0.3409090909090909,0.03896103896103903,0.5643037518037518,0.012235501567398166,0.4916666666666666,0.06093073593073589,0.6201298701298701,0.1363636363636363,0.6067527308838134,0.12760379471360062,0.33868074965743356,0.37304115629463613
rna_association,4,137,False,LNP193<-LNP194;LNP194<-LNP193;LNP195<-LNP854;LNP782<-LNP858;LNP854<-LNP195;LNP858<-LNP782,0.24350649350649345,-0.058441558441558406,0.5349287076559803,-0.017139542580373313,0.3394557823129251,-0.09128014842300558,0.4318181818181818,-0.051948051948051965,0.3454545454545454,-0.1336943907156674,-0.2405228464604172,-0.2061624398232146
rna_association,4,138,False,LNP193<-LNP194;LNP194<-LNP193;LNP195<-LNP854;LNP782<-LNP858;LNP854<-LNP782;LNP858<-LNP195,0.3311688311688311,0.02922077922077926,0.5612245729181213,0.009156322681767692,0.47182539682539676,0.041089466089466065,0.551948051948052,0.06818181818181818,0.5418181818181819,0.06266924564796905,0.1218289807746346,0.1561893874118372
rna_association,4,139,False,LNP193<-LNP194;LNP194<-LNP193;LNP195<-LNP858;LNP782<-LNP195;LNP854<-LNP782;LNP858<-LNP854,0.22402597402597396,-0.07792207792207789,0.529815071292344,-0.02225317894400969,0.32358276643990924,-0.10715316429602145,0.34090909090909094,-0.14285714285714285,0.29411764705882354,-0.18503128911138927,-0.39192475766909773,-0.35756435103189516
rna_association,4,140,False,LNP193<-LNP194;LNP194<-LNP193;LNP195<-LNP858;LNP782<-LNP195;LNP854<-LNP854;LNP858<-LNP782,0.3409090909090909,0.03896103896103903,0.5643037518037518,0.012235501567398166,0.4916666666666666,0.06093073593073589,0.6558441558441559,0.1720779220779221,0.6538461538461539,0.17469721767594104,0.40771775315010056,0.44207815978730314
rna_association,4,141,False,LNP193<-LNP194;LNP194<-LNP193;LNP195<-LNP858;LNP782<-LNP782;LNP854<-LNP195;LNP858<-LNP854,0.30194805194805185,0.0,0.5516819985569985,-0.00038625167935513183,0.4345238095238095,0.0037878787878787845,0.5162337662337663,0.03246753246753248,0.4957983193277311,0.016649383157518294,0.03999232221113232,0.0743527288483349
rna_association,4,142,False,LNP193<-LNP194;LNP194<-LNP193;LNP195<-LNP858;LNP782<-LNP782;LNP854<-LNP854;LNP858<-LNP195,0.2824675324675324,-0.01948051948051943,0.5459473824677586,-0.006120867768594995,0.4018243661100803,-0.028911564625850372,0.5162337662337663,0.03246753246753248,0.4957983193277311,0.016649383157518294,0.03999232221113232,0.0743527288483349
rna_association,4,143,False,LNP193<-LNP194;LNP194<-LNP193;LNP195<-LNP858;LNP782<-LNP854;LNP854<-LNP195;LNP858<-LNP782,0.3409090909090909,0.03896103896103903,0.5618686868686869,0.00980043663233321,0.4916666666666666,0.06093073593073589,0.6558441558441559,0.1720779220779221,0.6538461538461539,0.17469721767594104,0.40771775315010056,0.44207815978730314
rna_association,4,144,False,LNP193<-LNP194;LNP194<-LNP193;LNP195<-LNP858;LNP782<-LNP854;LNP854<-LNP782;LNP858<-LNP195,0.1753246753246753,-0.12662337662337655,0.5145928327158734,-0.037475417520480225,0.303898482469911,-0.12683744826601967,0.4318181818181818,-0.051948051948051965,0.3454545454545454,-0.1336943907156674,-0.2405228464604172,-0.2061624398232146
rna_association,4,145,False,LNP193<-LNP194;LNP194<-LNP195;LNP195<-LNP193;LNP782<-LNP782;LNP854<-LNP854;LNP858<-LNP858,0.30194805194805185,0.0,0.5520682502363536,0.0,0.4307359307359307,0.0,0.5194805194805195,0.035714285714285754,0.5183946488294314,0.03924571265921861,0.040291148201269084,0.07465155483847166
rna_association,4,146,False,LNP193<-LNP194;LNP194<-LNP195;LNP195<-LNP193;LNP782<-LNP782;LNP854<-LNP858;LNP858<-LNP854,0.25324675324675316,-0.04870129870129869,0.5378418516349551,-0.014226398601398516,0.34863945578231287,-0.08209647495361783,0.3798701298701299,-0.10389610389610388,0.37777777777777777,-0.10137115839243505,-0.24384888118172945,-0.20948847454452688
rna_association,4,147,False,LNP193<-LNP194;LNP194<-LNP195;LNP195<-LNP193;LNP782<-LNP854;LNP854<-LNP782;LNP858<-LNP858,0.3214285714285714,0.019480519480519543,0.5583378427128427,0.006269592476489061,0.4503968253968253,0.0196608946608946,0.5876623376623377,0.10389610389610388,0.5847382431233363,0.10558930695312352,0.19738550848793068,0.23174591512513326
rna_association,4,148,False,LNP193<-LNP194;LNP194<-LNP195;LNP195<-LNP193;LNP782<-LNP854;LNP854<-LNP858;LNP858<-LNP782,0.3409090909090909,0.03896103896103903,0.5643037518037518,0.012235501567398166,0.4916666666666666,0.06093073593073589,0.5876623376623377,0.10389610389610388,0.5847382431233363,0.10558930695312352,0.19738550848793068,0.23174591512513326
rna_association,4,149,False,LNP193<-LNP194;LNP194<-LNP195;LNP195<-LNP193;LNP782<-LNP858;LNP854<-LNP782;LNP858<-LNP854,0.25324675324675316,-0.04870129870129869,0.5377500242704004,-0.014318225965953224,0.34863945578231287,-0.08209647495361783,0.3798701298701299,-0.10389610389610388,0.37777777777777777,-0.10137115839243505,-0.24384888118172945,-0.20948847454452688
rna_association,4,150,False,LNP193<-LNP194;LNP194<-LNP195;LNP195<-LNP193;LNP782<-LNP858;LNP854<-LNP854;LNP858<-LNP782,0.3214285714285714,0.019480519480519543,0.5583378427128427,0.006269592476489061,0.4503968253968253,0.0196608946608946,0.5194805194805195,0.035714285714285754,0.5183946488294314,0.03924571265921861,0.040291148201269084,0.07465155483847166
rna_association,4,151,False,LNP193<-LNP194;LNP194<-LNP195;LNP195<-LNP782;LNP782<-LNP193;LNP854<-LNP854;LNP858<-LNP858,0.3409090909090909,0.03896103896103903,0.5643037518037518,0.012235501567398166,0.4916666666666666,0.06093073593073589,0.5876623376623377,0.10389610389610388,0.5847382431233363,0.10558930695312352,0.19738550848793068,0.23174591512513326
rna_association,4,152,False,LNP193<-LNP194;LNP194<-LNP195;LNP195<-LNP782;LNP782<-LNP193;LNP854<-LNP858;LNP858<-LNP854,0.23376623376623373,-0.06818181818181812,0.5320149547422275,-0.020053295494126155,0.3345107273678702,-0.09622520336806051,0.4090909090909091,-0.07467532467532467,0.3333333333333333,-0.1458156028368795,-0.282038037408883,-0.24767763077168042
rna_association,4,153,False,LNP193<-LNP194;LNP194<-LNP195;LNP195<-LNP782;LNP782<-LNP854;LNP854<-LNP193;LNP858<-LNP858,0.3409090909090909,0.03896103896103903,0.5643037518037518,0.012235501567398166,0.4916666666666666,0.06093073593073589,0.5876623376623377,0.10389610389610388,0.5847382431233363,0.10558930695312352,0.19738550848793068,0.23174591512513326
rna_association,4,154,False,LNP193<-LNP194;LNP194<-LNP195;LNP195<-LNP782;LNP782<-LNP854;LNP854<-LNP858;LNP858<-LNP193,0.3214285714285714,0.019480519480519543,0.5583378427128427,0.006269592476489061,0.4503968253968253,0.0196608946608946,0.5876623376623377,0.10389610389610388,0.5847382431233363,0.10558930695312352,0.19738550848793068,0.23174591512513326
rna_association,4,155,False,LNP193<-LNP194;LNP194<-LNP195;LNP195<-LNP782;LNP782<-LNP858;LNP854<-LNP193;LNP858<-LNP854,0.25324675324675316,-0.04870129870129869,0.5378418516349551,-0.014226398601398516,0.34863945578231287,-0.08209647495361783,0.4480519480519481,-0.0357142857142857,0.4375,-0.041648936170212814,-0.1130805588384352,-0.07872015220123262
rna_association,4,156,False,LNP193<-LNP194;LNP194<-LNP195;LNP195<-LNP782;LNP782<-LNP858;LNP854<-LNP854;LNP858<-LNP193,0.3116883116883116,0.009740259740259771,0.5550910894660894,0.0030228392297357853,0.4404761904761904,0.009740259740259716,0.5194805194805195,0.035714285714285754,0.5183946488294314,0.03924571265921861,0.040291148201269084,0.07465155483847166
rna_association,4,157,False,LNP193<-LNP194;LNP194<-LNP195;LNP195<-LNP854;LNP782<-LNP193;LNP854<-LNP782;LNP858<-LNP858,0.3409090909090909,0.03896103896103903,0.5643037518037518,0.012235501567398166,0.4916666666666666,0.06093073593073589,0.5194805194805195,0.035714285714285754,0.5183946488294314,0.03924571265921861,0.040291148201269084,0.07465155483847166
rna_association,4,158,False,LNP193<-LNP194;LNP194<-LNP195;LNP195<-LNP854;LNP782<-LNP193;LNP854<-LNP858;LNP858<-LNP782,0.3409090909090909,0.03896103896103903,0.5643037518037518,0.012235501567398166,0.4916666666666666,0.06093073593073589,0.5876623376623377,0.10389610389610388,0.5847382431233363,0.10558930695312352,0.19738550848793068,0.23174591512513326
rna_association,4,159,False,LNP193<-LNP194;LNP194<-LNP195;LNP195<-LNP854;LNP782<-LNP782;LNP854<-LNP193;LNP858<-LNP858,0.3214285714285714,0.019480519480519543,0.5583378427128427,0.006269592476489061,0.4503968253968253,0.0196608946608946,0.5876623376623377,0.10389610389610388,0.5847382431233363,0.10558930695312352,0.19738550848793068,0.23174591512513326
rna_association,4,160,False,LNP193<-LNP194;LNP194<-LNP195;LNP195<-LNP854;LNP782<-LNP782;LNP854<-LNP858;LNP858<-LNP193,0.3311688311688311,0.02922077922077926,0.5612245729181213,0.009156322681767692,0.47182539682539676,0.041089466089466065,0.5194805194805195,0.035714285714285754,0.5183946488294314,0.03924571265921861,0.040291148201269084,0.07465155483847166
rna_association,4,161,False,LNP193<-LNP194;LNP194<-LNP195;LNP195<-LNP854;LNP782<-LNP858;LNP854<-LNP193;LNP858<-LNP782,0.3311688311688311,0.02922077922077926,0.5612245729181213,0.009156322681767692,0.47182539682539676,0.041089466089466065,0.5876623376623377,0.10389610389610388,0.5847382431233363,0.10558930695312352,0.19738550848793068,0.23174591512513326
rna_association,4,162,False,LNP193<-LNP194;LNP194<-LNP195;LNP195<-LNP854;LNP782<-LNP858;LNP854<-LNP782;LNP858<-LNP193,0.3214285714285714,0.019480519480519543,0.5583378427128427,0.006269592476489061,0.4503968253968253,0.0196608946608946,0.5194805194805195,0.035714285714285754,0.5183946488294314,0.03924571265921861,0.040291148201269084,0.07465155483847166
rna_association,4,163,False,LNP193<-LNP194;LNP194<-LNP195;LNP195<-LNP858;LNP782<-LNP193;LNP854<-LNP782;LNP858<-LNP854,0.19480519480519481,-0.10714285714285704,0.521556134565539,-0.030512115670814688,0.3107012035583464,-0.12003472717758429,0.34090909090909094,-0.14285714285714285,0.29411764705882354,-0.18503128911138927,-0.39192475766909773,-0.35756435103189516
rna_association,4,164,False,LNP193<-LNP194;LNP194<-LNP195;LNP195<-LNP858;LNP782<-LNP193;LNP854<-LNP854;LNP858<-LNP782,0.3409090909090909,0.03896103896103903,0.5643037518037518,0.012235501567398166,0.4916666666666666,0.06093073593073589,0.5876623376623377,0.10389610389610388,0.5847382431233363,0.10558930695312352,0.19738550848793068,0.23174591512513326
rna_association,4,165,False,LNP193<-LNP194;LNP194<-LNP195;LNP195<-LNP858;LNP782<-LNP782;LNP854<-LNP193;LNP858<-LNP854,0.23376623376623373,-0.06818181818181812,0.5320149547422275,-0.020053295494126155,0.3345107273678702,-0.09622520336806051,0.3798701298701299,-0.10389610389610388,0.37777777777777777,-0.10137115839243505,-0.24384888118172945,-0.20948847454452688
rna_association,4,166,False,LNP193<-LNP194;LNP194<-LNP195;LNP195<-LNP858;LNP782<-LNP782;LNP854<-LNP854;LNP858<-LNP193,0.30194805194805185,0.0,0.5520682502363536,0.0,0.4307359307359307,0.0,0.5194805194805195,0.035714285714285754,0.5183946488294314,0.03924571265921861,0.040291148201269084,0.07465155483847166
rna_association,4,167,False,LNP193<-LNP194;LNP194<-LNP195;LNP195<-LNP858;LNP782<-LNP854;LNP854<-LNP193;LNP858<-LNP782,0.3409090909090909,0.03896103896103903,0.5643037518037518,0.012235501567398166,0.4916666666666666,0.06093073593073589,0.5876623376623377,0.10389610389610388,0.5847382431233363,0.10558930695312352,0.19738550848793068,0.23174591512513326
rna_association,4,168,False,LNP193<-LNP194;LNP194<-LNP195;LNP195<-LNP858;LNP782<-LNP854;LNP854<-LNP782;LNP858<-LNP193,0.3116883116883117,0.009740259740259827,0.5556260658533386,0.003557815616984983,0.4274376417233559,-0.0032982890125747844,0.5876623376623377,0.10389610389610388,0.5847382431233363,0.10558930695312352,0.19738550848793068,0.23174591512513326
rna_association,4,169,False,LNP193<-LNP194;LNP194<-LNP782;LNP195<-LNP193;LNP782<-LNP195;LNP854<-LNP854;LNP858<-LNP858,0.3409090909090909,0.03896103896103903,0.5591089466089466,0.007040696372592969,0.4916666666666666,0.06093073593073589,0.4512987012987013,-0.03246753246753248,0.4514835605453088,-0.02766537562490401,-0.09631426606617752,-0.06195385942897494
rna_association,4,170,False,LNP193<-LNP194;LNP194<-LNP782;LNP195<-LNP193;LNP782<-LNP195;LNP854<-LNP858;LNP858<-LNP854,0.29220779220779214,-0.009740259740259716,0.5486591593272627,-0.003409090909090917,0.4247835497835497,-0.005952380952380987,0.4480519480519481,-0.0357142857142857,0.4375,-0.041648936170212814,-0.1130805588384352,-0.07872015220123262
rna_association,4,171,False,LNP193<-LNP194;LNP194<-LNP782;LNP195<-LNP193;LNP782<-LNP854;LNP854<-LNP195;LNP858<-LNP858,0.3116883116883116,0.009740259740259771,0.5495414979285946,-0.002526752307759006,0.45595238095238094,0.025216450216450248,0.4512987012987013,-0.03246753246753248,0.4514835605453088,-0.02766537562490401,-0.09631426606617752,-0.06195385942897494
rna_association,4,172,False,LNP193<-LNP194;LNP194<-LNP782;LNP195<-LNP193;LNP782<-LNP854;LNP854<-LNP858;LNP858<-LNP195,0.29220779220779214,-0.009740259740259716,0.5489702216974944,-0.00309802853885921,0.4115646258503401,-0.0191713048855906,0.5162337662337663,0.03246753246753248,0.4957983193277311,0.016649383157518294,0.03999232221113232,0.0743527288483349
rna_association,4,173,False,LNP193<-LNP194;LNP194<-LNP782;LNP195<-LNP193;LNP782<-LNP858;LNP854<-LNP195;LNP858<-LNP854,0.3116883116883116,0.009740259740259771,0.5550910894660894,0.0030228392297357853,0.4404761904761904,0.009740259740259716,0.4837662337662338,0.0,0.4791489361702128,0.0,-0.03436040663720258,0.0
rna_association,4,174,False,LNP193<-LNP194;LNP194<-LNP782;LNP195<-LNP193;LNP782<-LNP858;LNP854<-LNP854;LNP858<-LNP195,0.3311688311688311,0.02922077922077926,0.5612245729181213,0.009156322681767692,0.47182539682539676,0.041089466089466065,0.5876623376623377,0.10389610389610388,0.5847382431233363,0.10558930695312352,0.19738550848793068,0.23174591512513326
rna_association,4,175,False,LNP193<-LNP194;LNP194<-LNP782;LNP195<-LNP195;LNP782<-LNP193;LNP854<-LNP854;LNP858<-LNP858,0.25324675324675316,-0.04870129870129869,0.5378418516349551,-0.014226398601398516,0.34863945578231287,-0.08209647495361783,0.5162337662337663,0.03246753246753248,0.4957983193277311,0.016649383157518294,0.03999232221113232,0.0743527288483349
rna_association,4,176,False,LNP193<-LNP194;LNP194<-LNP782;LNP195<-LNP195;LNP782<-LNP193;LNP854<-LNP858;LNP858<-LNP854,0.3214285714285714,0.019480519480519543,0.5583378427128427,0.006269592476489061,0.4503968253968253,0.0196608946608946,0.551948051948052,0.06818181818181818,0.5418181818181819,0.06266924564796905,0.1218289807746346,0.1561893874118372
rna_association,4,177,False,LNP193<-LNP194;LNP194<-LNP782;LNP195<-LNP195;LNP782<-LNP854;LNP854<-LNP193;LNP858<-LNP858,0.3116883116883116,0.009740259740259771,0.5550910894660894,0.0030228392297357853,0.4404761904761904,0.009740259740259716,0.5162337662337663,0.03246753246753248,0.4957983193277311,0.016649383157518294,0.03999232221113232,0.0743527288483349
rna_association,4,178,False,LNP193<-LNP194;LNP194<-LNP782;LNP195<-LNP195;LNP782<-LNP854;LNP854<-LNP858;LNP858<-LNP193,0.3116883116883116,0.009740259740259771,0.5550910894660894,0.0030228392297357853,0.4404761904761904,0.009740259740259716,0.551948051948052,0.06818181818181818,0.5418181818181819,0.06266924564796905,0.1218289807746346,0.1561893874118372
rna_association,4,179,False,LNP193<-LNP194;LNP194<-LNP782;LNP195<-LNP195;LNP782<-LNP858;LNP854<-LNP193;LNP858<-LNP854,0.3214285714285714,0.019480519480519543,0.5583378427128427,0.006269592476489061,0.4503968253968253,0.0196608946608946,0.551948051948052,0.06818181818181818,0.5418181818181819,0.06266924564796905,0.1218289807746346,0.1561893874118372
rna_association,4,180,False,LNP193<-LNP194;LNP194<-LNP782;LNP195<-LNP195;LNP782<-LNP858;LNP854<-LNP854;LNP858<-LNP193,0.27272727272727265,-0.029220779220779203,0.5428005293209055,-0.009267720915448141,0.3962585034013605,-0.03447742733457021,0.4480519480519481,-0.0357142857142857,0.4375,-0.041648936170212814,-0.1130805588384352,-0.07872015220123262
rna_association,4,181,False,LNP193<-LNP194;LNP194<-LNP782;LNP195<-LNP854;LNP782<-LNP193;LNP854<-LNP195;LNP858<-LNP858,0.3116883116883116,0.009740259740259771,0.5550910894660894,0.0030228392297357853,0.4404761904761904,0.009740259740259716,0.5162337662337663,0.03246753246753248,0.4957983193277311,0.016649383157518294,0.03999232221113232,0.0743527288483349
rna_association,4,182,False,LNP193<-LNP194;LNP194<-LNP782;LNP195<-LNP854;LNP782<-LNP193;LNP854<-LNP858;LNP858<-LNP195,0.3311688311688311,0.02922077922077926,0.5612245729181213,0.009156322681767692,0.47182539682539676,0.041089466089466065,0.551948051948052,0.06818181818181818,0.5418181818181819,0.06266924564796905,0.1218289807746346,0.1561893874118372
rna_association,4,183,False,LNP193<-LNP194;LNP194<-LNP782;LNP195<-LNP854;LNP782<-LNP195;LNP854<-LNP193;LNP858<-LNP858,0.3409090909090909,0.03896103896103903,0.5643037518037518,0.012235501567398166,0.4916666666666666,0.06093073593073589,0.5194805194805195,0.035714285714285754,0.5183946488294314,0.03924571265921861,0.040291148201269084,0.07465155483847166
rna_association,4,184,False,LNP193<-LNP194;LNP194<-LNP782;LNP195<-LNP854;LNP782<-LNP195;LNP854<-LNP858;LNP858<-LNP193,0.30194805194805185,0.0,0.5520682502363536,0.0,0.4307359307359307,0.0,0.4512987012987013,-0.03246753246753248,0.4514835605453088,-0.02766537562490401,-0.0963142660661773,-0.06195385942897472
rna_association,4,185,False,LNP193<-LNP194;LNP194<-LNP782;LNP195<-LNP854;LNP782<-LNP858;LNP854<-LNP193;LNP858<-LNP195,0.3409090909090909,0.03896103896103903,0.5643037518037518,0.012235501567398166,0.4916666666666666,0.06093073593073589,0.5876623376623377,0.10389610389610388,0.5847382431233363,0.10558930695312352,0.19738550848793068,0.23174591512513326
rna_association,4,186,False,LNP193<-LNP194;LNP194<-LNP782;LNP195<-LNP854;LNP782<-LNP858;LNP854<-LNP195;LNP858<-LNP193,0.29220779220779214,-0.009740259740259716,0.5486591593272627,-0.003409090909090917,0.4247835497835497,-0.005952380952380987,0.4480519480519481,-0.0357142857142857,0.4375,-0.041648936170212814,-0.1130805588384352,-0.07872015220123262
rna_association,4,187,False,LNP193<-LNP194;LNP194<-LNP782;LNP195<-LNP858;LNP782<-LNP193;LNP854<-LNP195;LNP858<-LNP854,0.3116883116883116,0.009740259740259771,0.5550910894660894,0.0030228392297357853,0.4404761904761904,0.009740259740259716,0.5162337662337663,0.03246753246753248,0.4957983193277311,0.016649383157518294,0.03999232221113232,0.0743527288483349
rna_association,4,188,False,LNP193<-LNP194;LNP194<-LNP782;LNP195<-LNP858;LNP782<-LNP193;LNP854<-LNP854;LNP858<-LNP195,0.29220779220779214,-0.009740259740259716,0.5486591593272627,-0.003409090909090917,0.4247835497835497,-0.005952380952380987,0.5162337662337663,0.03246753246753248,0.4957983193277311,0.016649383157518294,0.03999232221113232,0.0743527288483349
rna_association,4,189,False,LNP193<-LNP194;LNP194<-LNP782;LNP195<-LNP858;LNP782<-LNP195;LNP854<-LNP193;LNP858<-LNP854,0.25324675324675316,-0.04870129870129869,0.5360422405876951,-0.016026009648658524,0.38583797155225724,-0.04489795918367345,0.4480519480519481,-0.0357142857142857,0.4375,-0.041648936170212814,-0.1130805588384352,-0.07872015220123262
rna_association,4,190,False,LNP193<-LNP194;LNP194<-LNP782;LNP195<-LNP858;LNP782<-LNP195;LNP854<-LNP854;LNP858<-LNP193,0.29220779220779214,-0.009740259740259716,0.5442439820280729,-0.007824268208280749,0.4305555555555555,-0.00018037518037516964,0.3474025974025974,-0.1363636363636364,0.3485444531864673,-0.1306044829837455,-0.2980239964173918,-0.2636635897801892
rna_association,4,191,False,LNP193<-LNP194;LNP194<-LNP782;LNP195<-LNP858;LNP782<-LNP854;LNP854<-LNP193;LNP858<-LNP195,0.25324675324675316,-0.04870129870129869,0.5378418516349551,-0.014226398601398516,0.34863945578231287,-0.08209647495361783,0.48051948051948057,-0.00324675324675322,0.44615384615384623,-0.03299509001636658,-0.050964719143762376,-0.016604312506559797
rna_association,4,192,False,LNP193<-LNP194;LNP194<-LNP782;LNP195<-LNP858;LNP782<-LNP854;LNP854<-LNP195;LNP858<-LNP193,0.30194805194805185,0.0,0.5477858946608947,-0.004282355575458974,0.4345238095238095,0.0037878787878787845,0.41558441558441556,-0.06818181818181823,0.4155844155844156,-0.0635645205857972,-0.1688311688311691,-0.13447076219396653
rna_association,4,193,False,LNP193<-LNP194;LNP194<-LNP854;LNP195<-LNP193;LNP782<-LNP195;LNP854<-LNP782;LNP858<-LNP858,0.3214285714285714,0.019480519480519543,0.5583378427128427,0.006269592476489061,0.4480158730158729,0.01727994227994223,0.5876623376623377,0.10389610389610388,0.5847382431233363,0.10558930695312352,0.19738550848793068,0.23174591512513326
rna_association,4,194,False,LNP193<-LNP194;LNP194<-LNP854;LNP195<-LNP193;LNP782<-LNP195;LNP854<-LNP858;LNP858<-LNP782,0.3409090909090909,0.03896103896103903,0.5643037518037518,0.012235501567398166,0.4916666666666666,0.06093073593073589,0.5876623376623377,0.10389610389610388,0.5847382431233363,0.10558930695312352,0.19738550848793068,0.23174591512513326
rna_association,4,195,False,LNP193<-LNP194;LNP194<-LNP854;LNP195<-LNP193;LNP782<-LNP782;LNP854<-LNP195;LNP858<-LNP858,0.2727272727272727,-0.029220779220779147,0.5443977956908992,-0.007670454545454453,0.3601576994434137,-0.070578231292517,0.4480519480519481,-0.0357142857142857,0.4375,-0.041648936170212814,-0.1130805588384352,-0.07872015220123262
rna_association,4,196,False,LNP193<-LNP194;LNP194<-LNP854;LNP195<-LNP193;LNP782<-LNP782;LNP854<-LNP858;LNP858<-LNP195,0.24350649350649345,-0.058441558441558406,0.5349287076559803,-0.017139542580373313,0.3394557823129251,-0.09128014842300558,0.4480519480519481,-0.0357142857142857,0.4375,-0.041648936170212814,-0.1130805588384352,-0.07872015220123262
rna_association,4,197,False,LNP193<-LNP194;LNP194<-LNP854;LNP195<-LNP193;LNP782<-LNP858;LNP854<-LNP195;LNP858<-LNP782,0.3116883116883116,0.009740259740259771,0.5550910894660894,0.0030228392297357853,0.4404761904761904,0.009740259740259716,0.4837662337662338,0.0,0.4791489361702128,0.0,-0.03436040663720258,0.0
rna_association,4,198,False,LNP193<-LNP194;LNP194<-LNP854;LNP195<-LNP193;LNP782<-LNP858;LNP854<-LNP782;LNP858<-LNP195,0.24350649350649345,-0.058441558441558406,0.5349287076559803,-0.017139542580373313,0.3394557823129251,-0.09128014842300558,0.48051948051948057,-0.00324675324675322,0.44615384615384623,-0.03299509001636658,-0.050964719143762376,-0.016604312506559797
rna_association,4,199,False,LNP193<-LNP194;LNP194<-LNP854;LNP195<-LNP195;LNP782<-LNP193;LNP854<-LNP782;LNP858<-LNP858,0.3116883116883116,0.009740259740259771,0.5550910894660894,0.0030228392297357853,0.4404761904761904,0.009740259740259716,0.551948051948052,0.06818181818181818,0.5418181818181819,0.06266924564796905,0.1218289807746346,0.1561893874118372
rna_association,4,200,False,LNP193<-LNP194;LNP194<-LNP854;LNP195<-LNP195;LNP782<-LNP193;LNP854<-LNP858;LNP858<-LNP782,0.3311688311688311,0.02922077922077926,0.5612245729181213,0.009156322681767692,0.47182539682539676,0.041089466089466065,0.551948051948052,0.06818181818181818,0.5418181818181819,0.06266924564796905,0.1218289807746346,0.1561893874118372
rna_association,4,201,False,LNP193<-LNP194;LNP194<-LNP854;LNP195<-LNP195;LNP782<-LNP782;LNP854<-LNP193;LNP858<-LNP858,0.25324675324675316,-0.04870129870129869,0.5378418516349551,-0.014226398601398516,0.34863945578231287,-0.08209647495361783,0.4480519480519481,-0.0357142857142857,0.4375,-0.041648936170212814,-0.1130805588384352,-0.07872015220123262
rna_association,4,202,False,LNP193<-LNP194;LNP194<-LNP854;LNP195<-LNP195;LNP782<-LNP782;LNP854<-LNP858;LNP858<-LNP193,0.3116883116883116,0.009740259740259771,0.5550910894660894,0.0030228392297357853,0.4404761904761904,0.009740259740259716,0.551948051948052,0.06818181818181818,0.5418181818181819,0.06266924564796905,0.1218289807746346,0.1561893874118372
rna_association,4,203,False,LNP193<-LNP194;LNP194<-LNP854;LNP195<-LNP195;LNP782<-LNP858;LNP854<-LNP193;LNP858<-LNP782,0.30194805194805185,0.0,0.5516819985569985,-0.00038625167935513183,0.4345238095238095,0.0037878787878787845,0.5162337662337663,0.03246753246753248,0.4957983193277311,0.016649383157518294,0.03999232221113232,0.0743527288483349
rna_association,4,204,False,LNP193<-LNP194;LNP194<-LNP854;LNP195<-LNP195;LNP782<-LNP858;LNP854<-LNP782;LNP858<-LNP193,0.30194805194805185,0.0,0.5516819985569985,-0.00038625167935513183,0.4345238095238095,0.0037878787878787845,0.551948051948052,0.06818181818181818,0.5418181818181819,0.06266924564796905,0.1218289807746346,0.1561893874118372
rna_association,4,205,False,LNP193<-LNP194;LNP194<-LNP854;LNP195<-LNP782;LNP782<-LNP193;LNP854<-LNP195;LNP858<-LNP858,0.3214285714285714,0.019480519480519543,0.5583378427128427,0.006269592476489061,0.4503968253968253,0.0196608946608946,0.5194805194805195,0.035714285714285754,0.5183946488294314,0.03924571265921861,0.040291148201269084,0.07465155483847166
rna_association,4,206,False,LNP193<-LNP194;LNP194<-LNP854;LNP195<-LNP782;LNP782<-LNP193;LNP854<-LNP858;LNP858<-LNP195,0.19480519480519481,-0.10714285714285704,0.521556134565539,-0.030512115670814688,0.3107012035583464,-0.12003472717758429,0.4318181818181818,-0.051948051948051965,0.3454545454545454,-0.1336943907156674,-0.2405228464604172,-0.2061624398232146
rna_association,4,207,False,LNP193<-LNP194;LNP194<-LNP854;LNP195<-LNP782;LNP782<-LNP195;LNP854<-LNP193;LNP858<-LNP858,0.3409090909090909,0.03896103896103903,0.5643037518037518,0.012235501567398166,0.4916666666666666,0.06093073593073589,0.5876623376623377,0.10389610389610388,0.5847382431233363,0.10558930695312352,0.19738550848793068,0.23174591512513326
rna_association,4,208,False,LNP193<-LNP194;LNP194<-LNP854;LNP195<-LNP782;LNP782<-LNP195;LNP854<-LNP858;LNP858<-LNP193,0.3214285714285714,0.019480519480519543,0.5583378427128427,0.006269592476489061,0.4503968253968253,0.0196608946608946,0.5876623376623377,0.10389610389610388,0.5847382431233363,0.10558930695312352,0.19738550848793068,0.23174591512513326
rna_association,4,209,False,LNP193<-LNP194;LNP194<-LNP854;LNP195<-LNP782;LNP782<-LNP858;LNP854<-LNP193;LNP858<-LNP195,0.24350649350649345,-0.058441558441558406,0.5349287076559803,-0.017139542580373313,0.3394557823129251,-0.09128014842300558,0.48051948051948057,-0.00324675324675322,0.44615384615384623,-0.03299509001636658,-0.050964719143762376,-0.016604312506559797
rna_association,4,210,False,LNP193<-LNP194;LNP194<-LNP854;LNP195<-LNP782;LNP782<-LNP858;LNP854<-LNP195;LNP858<-LNP193,0.30194805194805185,0.0,0.5520682502363536,0.0,0.4307359307359307,0.0,0.4837662337662338,0.0,0.4791489361702128,0.0,-0.03436040663720258,0.0
rna_association,4,211,False,LNP193<-LNP194;LNP194<-LNP854;LNP195<-LNP858;LNP782<-LNP193;LNP854<-LNP195;LNP858<-LNP782,0.3311688311688311,0.02922077922077926,0.5612245729181213,0.009156322681767692,0.47182539682539676,0.041089466089466065,0.5876623376623377,0.10389610389610388,0.5847382431233363,0.10558930695312352,0.19738550848793068,0.23174591512513326
rna_association,4,212,False,LNP193<-LNP194;LNP194<-LNP854;LNP195<-LNP858;LNP782<-LNP193;LNP854<-LNP782;LNP858<-LNP195,0.19480519480519481,-0.10714285714285704,0.521556134565539,-0.030512115670814688,0.3107012035583464,-0.12003472717758429,0.4318181818181818,-0.051948051948051965,0.3454545454545454,-0.1336943907156674,-0.2405228464604172,-0.2061624398232146
rna_association,4,213,False,LNP193<-LNP194;LNP194<-LNP854;LNP195<-LNP858;LNP782<-LNP195;LNP854<-LNP193;LNP858<-LNP782,0.3409090909090909,0.03896103896103903,0.5643037518037518,0.012235501567398166,0.4916666666666666,0.06093073593073589,0.5876623376623377,0.10389610389610388,0.5847382431233363,0.10558930695312352,0.19738550848793068,0.23174591512513326
rna_association,4,214,False,LNP193<-LNP194;LNP194<-LNP854;LNP195<-LNP858;LNP782<-LNP195;LNP854<-LNP782;LNP858<-LNP193,0.2922077922077922,-0.00974025974025966,0.5506673881673881,-0.0014008620689655027,0.3774376417233559,-0.05329828901257477,0.5876623376623377,0.10389610389610388,0.5847382431233363,0.10558930695312352,0.19738550848793068,0.23174591512513326
rna_association,4,215,False,LNP193<-LNP194;LNP194<-LNP854;LNP195<-LNP858;LNP782<-LNP782;LNP854<-LNP193;LNP858<-LNP195,0.22402597402597396,-0.07792207792207789,0.529815071292344,-0.02225317894400969,0.32358276643990924,-0.10715316429602145,0.34090909090909094,-0.14285714285714285,0.29411764705882354,-0.18503128911138927,-0.39192475766909773,-0.35756435103189516
rna_association,4,216,False,LNP193<-LNP194;LNP194<-LNP854;LNP195<-LNP858;LNP782<-LNP782;LNP854<-LNP195;LNP858<-LNP193,0.29220779220779214,-0.009740259740259716,0.5493564733768496,-0.002711776859504078,0.4077767470624613,-0.022959183673469385,0.4837662337662338,0.0,0.4791489361702128,0.0,-0.03436040663720258,0.0
rna_association,4,217,False,LNP193<-LNP194;LNP194<-LNP858;LNP195<-LNP193;LNP782<-LNP195;LNP854<-LNP782;LNP858<-LNP854,0.26298701298701294,-0.03896103896103892,0.5399792127064854,-0.01208903752986823,0.38707482993197273,-0.043661100803957964,0.4480519480519481,-0.0357142857142857,0.4375,-0.041648936170212814,-0.1130805588384352,-0.07872015220123262
rna_association,4,218,False,LNP193<-LNP194;LNP194<-LNP858;LNP195<-LNP193;LNP782<-LNP195;LNP854<-LNP854;LNP858<-LNP782,0.3409090909090909,0.03896103896103903,0.5591089466089466,0.007040696372592969,0.4916666666666666,0.06093073593073589,0.5194805194805194,0.03571428571428564,0.5183946488294314,0.03924571265921861,0.040291148201268875,0.07465155483847145
rna_association,4,219,False,LNP193<-LNP194;LNP194<-LNP858;LNP195<-LNP193;LNP782<-LNP782;LNP854<-LNP195;LNP858<-LNP854,0.3116883116883116,0.009740259740259771,0.5550910894660894,0.0030228392297357853,0.4404761904761904,0.009740259740259716,0.4837662337662338,0.0,0.4791489361702128,0.0,-0.03436040663720258,0.0
rna_association,4,220,False,LNP193<-LNP194;LNP194<-LNP858;LNP195<-LNP193;LNP782<-LNP782;LNP854<-LNP854;LNP858<-LNP195,0.3311688311688311,0.02922077922077926,0.5612245729181213,0.009156322681767692,0.47182539682539676,0.041089466089466065,0.5876623376623377,0.10389610389610388,0.5847382431233363,0.10558930695312352,0.19738550848793068,0.23174591512513326
rna_association,4,221,False,LNP193<-LNP194;LNP194<-LNP858;LNP195<-LNP193;LNP782<-LNP854;LNP854<-LNP195;LNP858<-LNP782,0.3409090909090909,0.03896103896103903,0.5602453102453102,0.008177060008956571,0.4916666666666666,0.06093073593073589,0.6558441558441559,0.1720779220779221,0.6538461538461539,0.17469721767594104,0.40771775315010056,0.44207815978730314
rna_association,4,222,False,LNP193<-LNP194;LNP194<-LNP858;LNP195<-LNP193;LNP782<-LNP854;LNP854<-LNP782;LNP858<-LNP195,0.2824675324675324,-0.01948051948051943,0.5459473824677586,-0.006120867768594995,0.4018243661100803,-0.028911564625850372,0.5162337662337663,0.03246753246753248,0.4957983193277311,0.016649383157518294,0.03999232221113232,0.0743527288483349
rna_association,4,223,False,LNP193<-LNP194;LNP194<-LNP858;LNP195<-LNP195;LNP782<-LNP193;LNP854<-LNP782;LNP858<-LNP854,0.3214285714285714,0.019480519480519543,0.5583378427128427,0.006269592476489061,0.4503968253968253,0.0196608946608946,0.551948051948052,0.06818181818181818,0.5418181818181819,0.06266924564796905,0.1218289807746346,0.1561893874118372
rna_association,4,224,False,LNP193<-LNP194;LNP194<-LNP858;LNP195<-LNP195;LNP782<-LNP193;LNP854<-LNP854;LNP858<-LNP782,0.22402597402597396,-0.07792207792207789,0.5279367097548915,-0.024131540481462155,0.3326530612244898,-0.0980828695114409,0.4090909090909091,-0.07467532467532467,0.3333333333333333,-0.1458156028368795,-0.282038037408883,-0.24767763077168042
rna_association,4,225,False,LNP193<-LNP194;LNP194<-LNP858;LNP195<-LNP195;LNP782<-LNP782;LNP854<-LNP193;LNP858<-LNP854,0.3409090909090909,0.03896103896103903,0.5643037518037518,0.012235501567398166,0.4916666666666666,0.06093073593073589,0.5876623376623377,0.10389610389610388,0.5847382431233363,0.10558930695312352,0.19738550848793068,0.23174591512513326
rna_association,4,226,False,LNP193<-LNP194;LNP194<-LNP858;LNP195<-LNP195;LNP782<-LNP782;LNP854<-LNP854;LNP858<-LNP193,0.27272727272727265,-0.029220779220779203,0.5428005293209055,-0.009267720915448141,0.3962585034013605,-0.03447742733457021,0.4480519480519481,-0.0357142857142857,0.4375,-0.041648936170212814,-0.1130805588384352,-0.07872015220123262
rna_association,4,227,False,LNP193<-LNP194;LNP194<-LNP858;LNP195<-LNP195;LNP782<-LNP854;LNP854<-LNP193;LNP858<-LNP782,0.3214285714285714,0.019480519480519543,0.5583378427128427,0.006269592476489061,0.4503968253968253,0.0196608946608946,0.5162337662337663,0.03246753246753248,0.4957983193277311,0.016649383157518294,0.03999232221113232,0.0743527288483349
rna_association,4,228,False,LNP193<-LNP194;LNP194<-LNP858;LNP195<-LNP195;LNP782<-LNP854;LNP854<-LNP782;LNP858<-LNP193,0.30194805194805185,0.0,0.5516819985569985,-0.00038625167935513183,0.4345238095238095,0.0037878787878787845,0.5162337662337663,0.03246753246753248,0.4957983193277311,0.016649383157518294,0.03999232221113232,0.0743527288483349
rna_association,4,229,False,LNP193<-LNP194;LNP194<-LNP858;LNP195<-LNP782;LNP782<-LNP193;LNP854<-LNP195;LNP858<-LNP854,0.30194805194805185,0.0,0.5516819985569985,-0.00038625167935513183,0.4345238095238095,0.0037878787878787845,0.5162337662337663,0.03246753246753248,0.4957983193277311,0.016649383157518294,0.03999232221113232,0.0743527288483349
rna_association,4,230,False,LNP193<-LNP194;LNP194<-LNP858;LNP195<-LNP782;LNP782<-LNP193;LNP854<-LNP854;LNP858<-LNP195,0.30194805194805185,0.0,0.5516819985569985,-0.00038625167935513183,0.4345238095238095,0.0037878787878787845,0.5162337662337663,0.03246753246753248,0.4957983193277311,0.016649383157518294,0.03999232221113232,0.0743527288483349
rna_association,4,231,False,LNP193<-LNP194;LNP194<-LNP858;LNP195<-LNP782;LNP782<-LNP195;LNP854<-LNP193;LNP858<-LNP854,0.2435064935064934,-0.05844155844155846,0.532895387440842,-0.01917286279551167,0.3802721088435374,-0.05046382189239329,0.4480519480519481,-0.0357142857142857,0.4375,-0.041648936170212814,-0.1130805588384352,-0.07872015220123262
rna_association,4,232,False,LNP193<-LNP194;LNP194<-LNP858;LNP195<-LNP782;LNP782<-LNP195;LNP854<-LNP854;LNP858<-LNP193,0.3311688311688311,0.02922077922077926,0.5587895079830563,0.006721257746702625,0.47182539682539676,0.041089466089466065,0.5194805194805195,0.035714285714285754,0.5183946488294314,0.03924571265921861,0.040291148201269084,0.07465155483847166
rna_association,4,233,False,LNP193<-LNP194;LNP194<-LNP858;LNP195<-LNP782;LNP782<-LNP854;LNP854<-LNP193;LNP858<-LNP195,0.25324675324675316,-0.04870129870129869,0.5378418516349551,-0.014226398601398516,0.34863945578231287,-0.08209647495361783,0.48051948051948057,-0.00324675324675322,0.44615384615384623,-0.03299509001636658,-0.050964719143762376,-0.016604312506559797
rna_association,4,234,False,LNP193<-LNP194;LNP194<-LNP858;LNP195<-LNP782;LNP782<-LNP854;LNP854<-LNP195;LNP858<-LNP193,0.3214285714285714,0.019480519480519543,0.5559027777777777,0.0038345275414241042,0.4503968253968253,0.0196608946608946,0.551948051948052,0.06818181818181818,0.5418181818181819,0.06266924564796905,0.1218289807746346,0.1561893874118372
rna_association,4,235,False,LNP193<-LNP194;LNP194<-LNP858;LNP195<-LNP854;LNP782<-LNP193;LNP854<-LNP195;LNP858<-LNP782,0.23376623376623368,-0.06818181818181818,0.5307580263693116,-0.021310223867042066,0.3418367346938775,-0.08889919604205321,0.4772727272727273,-0.006493506493506496,0.3684210526315789,-0.11072788353863389,-0.13483997249264773,-0.10047956585544515
rna_association,4,236,False,LNP193<-LNP194;LNP194<-LNP858;LNP195<-LNP854;LNP782<-LNP193;LNP854<-LNP782;LNP858<-LNP195,0.3311688311688311,0.02922077922077926,0.5612245729181213,0.009156322681767692,0.47182539682539676,0.041089466089466065,0.551948051948052,0.06818181818181818,0.5418181818181819,0.06266924564796905,0.1218289807746346,0.1561893874118372
rna_association,4,237,False,LNP193<-LNP194;LNP194<-LNP858;LNP195<-LNP854;LNP782<-LNP195;LNP854<-LNP193;LNP858<-LNP782,0.3311688311688311,0.02922077922077926,0.5612245729181213,0.009156322681767692,0.47182539682539676,0.041089466089466065,0.5876623376623377,0.10389610389610388,0.5847382431233363,0.10558930695312352,0.19738550848793068,0.23174591512513326
rna_association,4,238,False,LNP193<-LNP194;LNP194<-LNP858;LNP195<-LNP854;LNP782<-LNP195;LNP854<-LNP782;LNP858<-LNP193,0.30194805194805185,0.0,0.5520682502363536,0.0,0.4307359307359307,0.0,0.5194805194805195,0.035714285714285754,0.5183946488294314,0.03924571265921861,0.040291148201269084,0.07465155483847166
rna_association,4,239,False,LNP193<-LNP194;LNP194<-LNP858;LNP195<-LNP854;LNP782<-LNP782;LNP854<-LNP193;LNP858<-LNP195,0.3409090909090909,0.03896103896103903,0.5643037518037518,0.012235501567398166,0.4916666666666666,0.06093073593073589,0.6558441558441559,0.1720779220779221,0.6538461538461539,0.17469721767594104,0.40771775315010056,0.44207815978730314
rna_association,4,240,False,LNP193<-LNP194;LNP194<-LNP858;LNP195<-LNP854;LNP782<-LNP782;LNP854<-LNP195;LNP858<-LNP193,0.29220779220779214,-0.009740259740259716,0.5486591593272627,-0.003409090909090917,0.4247835497835497,-0.005952380952380987,0.4480519480519481,-0.0357142857142857,0.4375,-0.041648936170212814,-0.1130805588384352,-0.07872015220123262
rna_association,4,241,False,LNP193<-LNP195;LNP194<-LNP193;LNP195<-LNP194;LNP782<-LNP782;LNP854<-LNP854;LNP858<-LNP858,0.22402597402597396,-0.07792207792207789,0.529815071292344,-0.02225317894400969,0.32358276643990924,-0.10715316429602145,0.34090909090909094,-0.14285714285714285,0.29411764705882354,-0.18503128911138927,-0.39192475766909773,-0.35756435103189516
rna_association,4,242,False,LNP193<-LNP195;LNP194<-LNP193;LNP195<-LNP194;LNP782<-LNP782;LNP854<-LNP858;LNP858<-LNP854,0.3409090909090909,0.03896103896103903,0.5643037518037518,0.012235501567398166,0.4916666666666666,0.06093073593073589,0.5876623376623377,0.10389610389610388,0.5847382431233363,0.10558930695312352,0.19738550848793068,0.23174591512513326
rna_association,4,243,False,LNP193<-LNP195;LNP194<-LNP193;LNP195<-LNP194;LNP782<-LNP854;LNP854<-LNP782;LNP858<-LNP858,0.30194805194805185,0.0,0.5516819985569985,-0.00038625167935513183,0.4345238095238095,0.0037878787878787845,0.5162337662337663,0.03246753246753248,0.4957983193277311,0.016649383157518294,0.03999232221113232,0.0743527288483349
rna_association,4,244,False,LNP193<-LNP195;LNP194<-LNP193;LNP195<-LNP194;LNP782<-LNP854;LNP854<-LNP858;LNP858<-LNP782,0.3214285714285714,0.019480519480519543,0.5583378427128427,0.006269592476489061,0.4503968253968253,0.0196608946608946,0.551948051948052,0.06818181818181818,0.5418181818181819,0.06266924564796905,0.1218289807746346,0.1561893874118372
rna_association,4,245,False,LNP193<-LNP195;LNP194<-LNP193;LNP195<-LNP194;LNP782<-LNP858;LNP854<-LNP782;LNP858<-LNP854,0.3214285714285714,0.019480519480519543,0.5583378427128427,0.006269592476489061,0.4503968253968253,0.0196608946608946,0.551948051948052,0.06818181818181818,0.5418181818181819,0.06266924564796905,0.1218289807746346,0.1561893874118372
rna_association,4,246,False,LNP193<-LNP195;LNP194<-LNP193;LNP195<-LNP194;LNP782<-LNP858;LNP854<-LNP854;LNP858<-LNP782,0.1753246753246753,-0.12662337662337655,0.5145928327158734,-0.037475417520480225,0.303898482469911,-0.12683744826601967,0.4318181818181818,-0.051948051948051965,0.3454545454545454,-0.1336943907156674,-0.2405228464604172,-0.2061624398232146
rna_association,4,247,False,LNP193<-LNP195;LNP194<-LNP193;LNP195<-LNP782;LNP782<-LNP194;LNP854<-LNP854;LNP858<-LNP858,0.3409090909090909,0.03896103896103903,0.5643037518037518,0.012235501567398166,0.4916666666666666,0.06093073593073589,0.6558441558441559,0.1720779220779221,0.6538461538461539,0.17469721767594104,0.40771775315010056,0.44207815978730314
rna_association,4,248,False,LNP193<-LNP195;LNP194<-LNP193;LNP195<-LNP782;LNP782<-LNP194;LNP854<-LNP858;LNP858<-LNP854,0.22402597402597396,-0.07792207792207789,0.5299068986568987,-0.02216135157945498,0.32358276643990924,-0.10715316429602145,0.41233766233766234,-0.07142857142857145,0.3930789707187223,-0.08606996545149054,-0.19738550848793068,-0.1630251018507281
rna_association,4,249,False,LNP193<-LNP195;LNP194<-LNP193;LNP195<-LNP782;LNP782<-LNP854;LNP854<-LNP194;LNP858<-LNP858,0.3409090909090909,0.03896103896103903,0.5618686868686869,0.00980043663233321,0.4916666666666666,0.06093073593073589,0.5876623376623377,0.10389610389610388,0.5847382431233363,0.10558930695312352,0.19738550848793068,0.23174591512513326
rna_association,4,250,False,LNP193<-LNP195;LNP194<-LNP193;LNP195<-LNP782;LNP782<-LNP854;LNP854<-LNP858;LNP858<-LNP194,0.24350649350649345,-0.058441558441558406,0.5349287076559803,-0.017139542580373313,0.3394557823129251,-0.09128014842300558,0.5,0.01623376623376621,0.37931034482758613,-0.09983859134262668,0.0,0.03436040663720258
rna_association,4,251,False,LNP193<-LNP195;LNP194<-LNP193;LNP195<-LNP782;LNP782<-LNP858;LNP854<-LNP194;LNP858<-LNP854,0.29220779220779214,-0.009740259740259716,0.5493564733768496,-0.002711776859504078,0.4077767470624613,-0.022959183673469385,0.5162337662337663,0.03246753246753248,0.4957983193277311,0.016649383157518294,0.03999232221113232,0.0743527288483349
rna_association,4,252,False,LNP193<-LNP195;LNP194<-LNP193;LNP195<-LNP782;LNP782<-LNP858;LNP854<-LNP854;LNP858<-LNP194,0.3214285714285714,0.019480519480519543,0.5583378427128427,0.006269592476489061,0.4503968253968253,0.0196608946608946,0.5162337662337663,0.03246753246753248,0.4957983193277311,0.016649383157518294,0.03999232221113232,0.0743527288483349
rna_association,4,253,False,LNP193<-LNP195;LNP194<-LNP193;LNP195<-LNP854;LNP782<-LNP194;LNP854<-LNP782;LNP858<-LNP858,0.3311688311688311,0.02922077922077926,0.5612245729181213,0.009156322681767692,0.47182539682539676,0.041089466089466065,0.5194805194805195,0.035714285714285754,0.5183946488294314,0.03924571265921861,0.040291148201269084,0.07465155483847166
rna_association,4,254,False,LNP193<-LNP195;LNP194<-LNP193;LNP195<-LNP854;LNP782<-LNP194;LNP854<-LNP858;LNP858<-LNP782,0.3409090909090909,0.03896103896103903,0.5643037518037518,0.012235501567398166,0.4916666666666666,0.06093073593073589,0.5876623376623377,0.10389610389610388,0.5847382431233363,0.10558930695312352,0.19738550848793068,0.23174591512513326
rna_association,4,255,False,LNP193<-LNP195;LNP194<-LNP193;LNP195<-LNP854;LNP782<-LNP782;LNP854<-LNP194;LNP858<-LNP858,0.24350649350649345,-0.058441558441558406,0.5349287076559803,-0.017139542580373313,0.3394557823129251,-0.09128014842300558,0.48051948051948057,-0.00324675324675322,0.44615384615384623,-0.03299509001636658,-0.050964719143762376,-0.016604312506559797
rna_association,4,256,False,LNP193<-LNP195;LNP194<-LNP193;LNP195<-LNP854;LNP782<-LNP782;LNP854<-LNP858;LNP858<-LNP194,0.3409090909090909,0.03896103896103903,0.5643037518037518,0.012235501567398166,0.4916666666666666,0.06093073593073589,0.6558441558441559,0.1720779220779221,0.6538461538461539,0.17469721767594104,0.40771775315010056,0.44207815978730314
rna_association,4,257,False,LNP193<-LNP195;LNP194<-LNP193;LNP195<-LNP854;LNP782<-LNP858;LNP854<-LNP194;LNP858<-LNP782,0.19480519480519476,-0.1071428571428571,0.5198174931129476,-0.03225075712340608,0.31183499040641893,-0.11890094032951176,0.4318181818181818,-0.051948051948051965,0.3454545454545454,-0.1336943907156674,-0.2405228464604172,-0.2061624398232146
rna_association,4,258,False,LNP193<-LNP195;LNP194<-LNP193;LNP195<-LNP854;LNP782<-LNP858;LNP854<-LNP782;LNP858<-LNP194,0.3311688311688311,0.02922077922077926,0.5612245729181213,0.009156322681767692,0.47182539682539676,0.041089466089466065,0.6201298701298701,0.1363636363636363,0.6067527308838134,0.12760379471360062,0.33868074965743356,0.37304115629463613
rna_association,4,259,False,LNP193<-LNP195;LNP194<-LNP193;LNP195<-LNP858;LNP782<-LNP194;LNP854<-LNP782;LNP858<-LNP854,0.22402597402597396,-0.07792207792207789,0.529815071292344,-0.02225317894400969,0.32358276643990924,-0.10715316429602145,0.34090909090909094,-0.14285714285714285,0.29411764705882354,-0.18503128911138927,-0.39192475766909773,-0.35756435103189516
rna_association,4,260,False,LNP193<-LNP195;LNP194<-LNP193;LNP195<-LNP858;LNP782<-LNP194;LNP854<-LNP854;LNP858<-LNP782,0.3409090909090909,0.03896103896103903,0.5643037518037518,0.012235501567398166,0.4916666666666666,0.06093073593073589,0.6558441558441559,0.1720779220779221,0.6538461538461539,0.17469721767594104,0.40771775315010056,0.44207815978730314
rna_association,4,261,False,LNP193<-LNP195;LNP194<-LNP193;LNP195<-LNP858;LNP782<-LNP782;LNP854<-LNP194;LNP858<-LNP854,0.2824675324675324,-0.01948051948051943,0.5459473824677586,-0.006120867768594995,0.4018243661100803,-0.028911564625850372,0.5162337662337663,0.03246753246753248,0.4957983193277311,0.016649383157518294,0.03999232221113232,0.0743527288483349
rna_association,4,262,False,LNP193<-LNP195;LNP194<-LNP193;LNP195<-LNP858;LNP782<-LNP782;LNP854<-LNP854;LNP858<-LNP194,0.3116883116883116,0.009740259740259771,0.5550910894660894,0.0030228392297357853,0.4404761904761904,0.009740259740259716,0.5162337662337663,0.03246753246753248,0.4957983193277311,0.016649383157518294,0.03999232221113232,0.0743527288483349
rna_association,4,263,False,LNP193<-LNP195;LNP194<-LNP193;LNP195<-LNP858;LNP782<-LNP854;LNP854<-LNP194;LNP858<-LNP782,0.3409090909090909,0.03896103896103903,0.5618686868686869,0.00980043663233321,0.4916666666666666,0.06093073593073589,0.6558441558441559,0.1720779220779221,0.6538461538461539,0.17469721767594104,0.40771775315010056,0.44207815978730314
rna_association,4,264,False,LNP193<-LNP195;LNP194<-LNP193;LNP195<-LNP858;LNP782<-LNP854;LNP854<-LNP782;LNP858<-LNP194,0.19480519480519476,-0.1071428571428571,0.5198174931129476,-0.03225075712340608,0.31183499040641893,-0.11890094032951176,0.5,0.01623376623376621,0.37931034482758613,-0.09983859134262668,0.0,0.03436040663720258
rna_association,4,265,False,LNP193<-LNP195;LNP194<-LNP194;LNP195<-LNP193;LNP782<-LNP782;LNP854<-LNP854;LNP858<-LNP858,0.30194805194805185,0.0,0.5520682502363536,0.0,0.4307359307359307,0.0,0.5194805194805195,0.035714285714285754,0.5183946488294314,0.03924571265921861,0.040291148201269084,0.07465155483847166
rna_association,4,266,False,LNP193<-LNP195;LNP194<-LNP194;LNP195<-LNP193;LNP782<-LNP782;LNP854<-LNP858;LNP858<-LNP854,0.25324675324675316,-0.04870129870129869,0.5378418516349551,-0.014226398601398516,0.34863945578231287,-0.08209647495361783,0.3798701298701299,-0.10389610389610388,0.37777777777777777,-0.10137115839243505,-0.24384888118172945,-0.20948847454452688
rna_association,4,267,False,LNP193<-LNP195;LNP194<-LNP194;LNP195<-LNP193;LNP782<-LNP854;LNP854<-LNP782;LNP858<-LNP858,0.3214285714285714,0.019480519480519543,0.5583378427128427,0.006269592476489061,0.4503968253968253,0.0196608946608946,0.5876623376623377,0.10389610389610388,0.5847382431233363,0.10558930695312352,0.19738550848793068,0.23174591512513326
rna_association,4,268,False,LNP193<-LNP195;LNP194<-LNP194;LNP195<-LNP193;LNP782<-LNP854;LNP854<-LNP858;LNP858<-LNP782,0.3409090909090909,0.03896103896103903,0.5643037518037518,0.012235501567398166,0.4916666666666666,0.06093073593073589,0.5876623376623377,0.10389610389610388,0.5847382431233363,0.10558930695312352,0.19738550848793068,0.23174591512513326
rna_association,4,269,False,LNP193<-LNP195;LNP194<-LNP194;LNP195<-LNP193;LNP782<-LNP858;LNP854<-LNP782;LNP858<-LNP854,0.25324675324675316,-0.04870129870129869,0.5377500242704004,-0.014318225965953224,0.34863945578231287,-0.08209647495361783,0.3798701298701299,-0.10389610389610388,0.37777777777777777,-0.10137115839243505,-0.24384888118172945,-0.20948847454452688
rna_association,4,270,False,LNP193<-LNP195;LNP194<-LNP194;LNP195<-LNP193;LNP782<-LNP858;LNP854<-LNP854;LNP858<-LNP782,0.3214285714285714,0.019480519480519543,0.5583378427128427,0.006269592476489061,0.4503968253968253,0.0196608946608946,0.5194805194805195,0.035714285714285754,0.5183946488294314,0.03924571265921861,0.040291148201269084,0.07465155483847166
rna_association,4,271,False,LNP193<-LNP195;LNP194<-LNP194;LNP195<-LNP782;LNP782<-LNP193;LNP854<-LNP854;LNP858<-LNP858,0.3409090909090909,0.03896103896103903,0.5643037518037518,0.012235501567398166,0.4916666666666666,0.06093073593073589,0.5876623376623377,0.10389610389610388,0.5847382431233363,0.10558930695312352,0.19738550848793068,0.23174591512513326
rna_association,4,272,False,LNP193<-LNP195;LNP194<-LNP194;LNP195<-LNP782;LNP782<-LNP193;LNP854<-LNP858;LNP858<-LNP854,0.23376623376623373,-0.06818181818181812,0.5320149547422275,-0.020053295494126155,0.3345107273678702,-0.09622520336806051,0.4090909090909091,-0.07467532467532467,0.3333333333333333,-0.1458156028368795,-0.282038037408883,-0.24767763077168042
rna_association,4,273,False,LNP193<-LNP195;LNP194<-LNP194;LNP195<-LNP782;LNP782<-LNP854;LNP854<-LNP193;LNP858<-LNP858,0.3409090909090909,0.03896103896103903,0.5643037518037518,0.012235501567398166,0.4916666666666666,0.06093073593073589,0.5876623376623377,0.10389610389610388,0.5847382431233363,0.10558930695312352,0.19738550848793068,0.23174591512513326
rna_association,4,274,False,LNP193<-LNP195;LNP194<-LNP194;LNP195<-LNP782;LNP782<-LNP854;LNP854<-LNP858;LNP858<-LNP193,0.3214285714285714,0.019480519480519543,0.5583378427128427,0.006269592476489061,0.4503968253968253,0.0196608946608946,0.5876623376623377,0.10389610389610388,0.5847382431233363,0.10558930695312352,0.19738550848793068,0.23174591512513326
rna_association,4,275,False,LNP193<-LNP195;LNP194<-LNP194;LNP195<-LNP782;LNP782<-LNP858;LNP854<-LNP193;LNP858<-LNP854,0.25324675324675316,-0.04870129870129869,0.5378418516349551,-0.014226398601398516,0.34863945578231287,-0.08209647495361783,0.4480519480519481,-0.0357142857142857,0.4375,-0.041648936170212814,-0.1130805588384352,-0.07872015220123262
rna_association,4,276,False,LNP193<-LNP195;LNP194<-LNP194;LNP195<-LNP782;LNP782<-LNP858;LNP854<-LNP854;LNP858<-LNP193,0.3116883116883116,0.009740259740259771,0.5550910894660894,0.0030228392297357853,0.4404761904761904,0.009740259740259716,0.5194805194805195,0.035714285714285754,0.5183946488294314,0.03924571265921861,0.040291148201269084,0.07465155483847166
rna_association,4,277,False,LNP193<-LNP195;LNP194<-LNP194;LNP195<-LNP854;LNP782<-LNP193;LNP854<-LNP782;LNP858<-LNP858,0.3409090909090909,0.03896103896103903,0.5643037518037518,0.012235501567398166,0.4916666666666666,0.06093073593073589,0.5194805194805195,0.035714285714285754,0.5183946488294314,0.03924571265921861,0.040291148201269084,0.07465155483847166
rna_association,4,278,False,LNP193<-LNP195;LNP194<-LNP194;LNP195<-LNP854;LNP782<-LNP193;LNP854<-LNP858;LNP858<-LNP782,0.3409090909090909,0.03896103896103903,0.5643037518037518,0.012235501567398166,0.4916666666666666,0.06093073593073589,0.5876623376623377,0.10389610389610388,0.5847382431233363,0.10558930695312352,0.19738550848793068,0.23174591512513326
rna_association,4,279,False,LNP193<-LNP195;LNP194<-LNP194;LNP195<-LNP854;LNP782<-LNP782;LNP854<-LNP193;LNP858<-LNP858,0.3214285714285714,0.019480519480519543,0.5583378427128427,0.006269592476489061,0.4503968253968253,0.0196608946608946,0.5876623376623377,0.10389610389610388,0.5847382431233363,0.10558930695312352,0.19738550848793068,0.23174591512513326
rna_association,4,280,False,LNP193<-LNP195;LNP194<-LNP194;LNP195<-LNP854;LNP782<-LNP782;LNP854<-LNP858;LNP858<-LNP193,0.3311688311688311,0.02922077922077926,0.5612245729181213,0.009156322681767692,0.47182539682539676,0.041089466089466065,0.5194805194805195,0.035714285714285754,0.5183946488294314,0.03924571265921861,0.040291148201269084,0.07465155483847166
rna_association,4,281,False,LNP193<-LNP195;LNP194<-LNP194;LNP195<-LNP854;LNP782<-LNP858;LNP854<-LNP193;LNP858<-LNP782,0.3311688311688311,0.02922077922077926,0.5612245729181213,0.009156322681767692,0.47182539682539676,0.041089466089466065,0.5876623376623377,0.10389610389610388,0.5847382431233363,0.10558930695312352,0.19738550848793068,0.23174591512513326
rna_association,4,282,False,LNP193<-LNP195;LNP194<-LNP194;LNP195<-LNP854;LNP782<-LNP858;LNP854<-LNP782;LNP858<-LNP193,0.3214285714285714,0.019480519480519543,0.5583378427128427,0.006269592476489061,0.4503968253968253,0.0196608946608946,0.5194805194805195,0.035714285714285754,0.5183946488294314,0.03924571265921861,0.040291148201269084,0.07465155483847166
rna_association,4,283,False,LNP193<-LNP195;LNP194<-LNP194;LNP195<-LNP858;LNP782<-LNP193;LNP854<-LNP782;LNP858<-LNP854,0.19480519480519481,-0.10714285714285704,0.521556134565539,-0.030512115670814688,0.3107012035583464,-0.12003472717758429,0.34090909090909094,-0.14285714285714285,0.29411764705882354,-0.18503128911138927,-0.39192475766909773,-0.35756435103189516
rna_association,4,284,False,LNP193<-LNP195;LNP194<-LNP194;LNP195<-LNP858;LNP782<-LNP193;LNP854<-LNP854;LNP858<-LNP782,0.3409090909090909,0.03896103896103903,0.5643037518037518,0.012235501567398166,0.4916666666666666,0.06093073593073589,0.5876623376623377,0.10389610389610388,0.5847382431233363,0.10558930695312352,0.19738550848793068,0.23174591512513326
rna_association,4,285,False,LNP193<-LNP195;LNP194<-LNP194;LNP195<-LNP858;LNP782<-LNP782;LNP854<-LNP193;LNP858<-LNP854,0.23376623376623373,-0.06818181818181812,0.5320149547422275,-0.020053295494126155,0.3345107273678702,-0.09622520336806051,0.3798701298701299,-0.10389610389610388,0.37777777777777777,-0.10137115839243505,-0.24384888118172945,-0.20948847454452688
rna_association,4,286,False,LNP193<-LNP195;LNP194<-LNP194;LNP195<-LNP858;LNP782<-LNP782;LNP854<-LNP854;LNP858<-LNP193,0.30194805194805185,0.0,0.5520682502363536,0.0,0.4307359307359307,0.0,0.5194805194805195,0.035714285714285754,0.5183946488294314,0.03924571265921861,0.040291148201269084,0.07465155483847166
rna_association,4,287,False,LNP193<-LNP195;LNP194<-LNP194;LNP195<-LNP858;LNP782<-LNP854;LNP854<-LNP193;LNP858<-LNP782,0.3409090909090909,0.03896103896103903,0.5643037518037518,0.012235501567398166,0.4916666666666666,0.06093073593073589,0.6558441558441559,0.1720779220779221,0.6538461538461539,0.17469721767594104,0.40771775315010056,0.44207815978730314
rna_association,4,288,False,LNP193<-LNP195;LNP194<-LNP194;LNP195<-LNP858;LNP782<-LNP854;LNP854<-LNP782;LNP858<-LNP193,0.3116883116883117,0.009740259740259827,0.5556260658533386,0.003557815616984983,0.4274376417233559,-0.0032982890125747844,0.5876623376623377,0.10389610389610388,0.5847382431233363,0.10558930695312352,0.19738550848793068,0.23174591512513326
rna_association,4,289,False,LNP193<-LNP195;LNP194<-LNP782;LNP195<-LNP193;LNP782<-LNP194;LNP854<-LNP854;LNP858<-LNP858,0.30194805194805185,0.0,0.5471771284271284,-0.004891121809225241,0.4307359307359307,0.0,0.3831168831168831,-0.10064935064935071,0.3812500000000001,-0.09789893617021272,-0.22792115291927598,-0.1935607462820734
rna_association,4,290,False,LNP193<-LNP195;LNP194<-LNP782;LNP195<-LNP193;LNP782<-LNP194;LNP854<-LNP858;LNP858<-LNP854,0.30194805194805185,0.0,0.5496331853012887,-0.0024350649350649567,0.4307359307359307,0.0,0.4837662337662338,0.0,0.4791489361702128,0.0,-0.03436040663720258,0.0
rna_association,4,291,False,LNP193<-LNP195;LNP194<-LNP782;LNP195<-LNP193;LNP782<-LNP854;LNP854<-LNP194;LNP858<-LNP858,0.29220779220779214,-0.009740259740259716,0.5437680375180375,-0.008300212718316158,0.4247835497835497,-0.005952380952380987,0.41558441558441556,-0.06818181818181823,0.4155844155844156,-0.0635645205857972,-0.1688311688311691,-0.13447076219396653
rna_association,4,292,False,LNP193<-LNP195;LNP194<-LNP782;LNP195<-LNP193;LNP782<-LNP854;LNP854<-LNP858;LNP858<-LNP194,0.3116883116883116,0.009740259740259771,0.5526560245310245,0.0005877742946708286,0.4404761904761904,0.009740259740259716,0.5162337662337663,0.03246753246753248,0.4957983193277311,0.016649383157518294,0.03999232221113232,0.0743527288483349
rna_association,4,293,False,LNP193<-LNP195;LNP194<-LNP782;LNP195<-LNP193;LNP782<-LNP858;LNP854<-LNP194;LNP858<-LNP854,0.3116883116883116,0.009740259740259771,0.5550910894660894,0.0030228392297357853,0.4404761904761904,0.009740259740259716,0.551948051948052,0.06818181818181818,0.5418181818181819,0.06266924564796905,0.1218289807746346,0.1561893874118372
rna_association,4,294,False,LNP193<-LNP195;LNP194<-LNP782;LNP195<-LNP193;LNP782<-LNP858;LNP854<-LNP854;LNP858<-LNP194,0.3311688311688311,0.02922077922077926,0.5612245729181213,0.009156322681767692,0.47182539682539676,0.041089466089466065,0.5876623376623377,0.10389610389610388,0.5847382431233363,0.10558930695312352,0.19738550848793068,0.23174591512513326
rna_association,4,295,False,LNP193<-LNP195;LNP194<-LNP782;LNP195<-LNP194;LNP782<-LNP193;LNP854<-LNP854;LNP858<-LNP858,0.25324675324675316,-0.04870129870129869,0.5378418516349551,-0.014226398601398516,0.34863945578231287,-0.08209647495361783,0.5162337662337663,0.03246753246753248,0.4957983193277311,0.016649383157518294,0.03999232221113232,0.0743527288483349
rna_association,4,296,False,LNP193<-LNP195;LNP194<-LNP782;LNP195<-LNP194;LNP782<-LNP193;LNP854<-LNP858;LNP858<-LNP854,0.3214285714285714,0.019480519480519543,0.5583378427128427,0.006269592476489061,0.4503968253968253,0.0196608946608946,0.551948051948052,0.06818181818181818,0.5418181818181819,0.06266924564796905,0.1218289807746346,0.1561893874118372
rna_association,4,297,False,LNP193<-LNP195;LNP194<-LNP782;LNP195<-LNP194;LNP782<-LNP854;LNP854<-LNP193;LNP858<-LNP858,0.30194805194805185,0.0,0.5516819985569985,-0.00038625167935513183,0.4345238095238095,0.0037878787878787845,0.5162337662337663,0.03246753246753248,0.4957983193277311,0.016649383157518294,0.03999232221113232,0.0743527288483349
rna_association,4,298,False,LNP193<-LNP195;LNP194<-LNP782;LNP195<-LNP194;LNP782<-LNP854;LNP854<-LNP858;LNP858<-LNP193,0.3116883116883116,0.009740259740259771,0.5550910894660894,0.0030228392297357853,0.4404761904761904,0.009740259740259716,0.551948051948052,0.06818181818181818,0.5418181818181819,0.06266924564796905,0.1218289807746346,0.1561893874118372
rna_association,4,299,False,LNP193<-LNP195;LNP194<-LNP782;LNP195<-LNP194;LNP782<-LNP858;LNP854<-LNP193;LNP858<-LNP854,0.3214285714285714,0.019480519480519543,0.5583378427128427,0.006269592476489061,0.4503968253968253,0.0196608946608946,0.551948051948052,0.06818181818181818,0.5418181818181819,0.06266924564796905,0.1218289807746346,0.1561893874118372
rna_association,4,300,False,LNP193<-LNP195;LNP194<-LNP782;LNP195<-LNP194;LNP782<-LNP858;LNP854<-LNP854;LNP858<-LNP193,0.27272727272727265,-0.029220779220779203,0.5428005293209055,-0.009267720915448141,0.3962585034013605,-0.03447742733457021,0.5162337662337663,0.03246753246753248,0.4957983193277311,0.016649383157518294,0.03999232221113232,0.0743527288483349
rna_association,4,301,False,LNP193<-LNP195;LNP194<-LNP782;LNP195<-LNP854;LNP782<-LNP193;LNP854<-LNP194;LNP858<-LNP858,0.2629870129870129,-0.038961038961038974,0.5388635572021151,-0.013204693034238546,0.395021645021645,-0.0357142857142857,0.5162337662337663,0.03246753246753248,0.4957983193277311,0.016649383157518294,0.03999232221113232,0.0743527288483349
rna_association,4,302,False,LNP193<-LNP195;LNP194<-LNP782;LNP195<-LNP854;LNP782<-LNP193;LNP854<-LNP858;LNP858<-LNP194,0.3409090909090909,0.03896103896103903,0.5643037518037518,0.012235501567398166,0.4916666666666666,0.06093073593073589,0.6201298701298701,0.1363636363636363,0.6067527308838134,0.12760379471360062,0.33868074965743356,0.37304115629463613
rna_association,4,303,False,LNP193<-LNP195;LNP194<-LNP782;LNP195<-LNP854;LNP782<-LNP194;LNP854<-LNP193;LNP858<-LNP858,0.3409090909090909,0.03896103896103903,0.5643037518037518,0.012235501567398166,0.4916666666666666,0.06093073593073589,0.5194805194805195,0.035714285714285754,0.5183946488294314,0.03924571265921861,0.040291148201269084,0.07465155483847166
rna_association,4,304,False,LNP193<-LNP195;LNP194<-LNP782;LNP195<-LNP854;LNP782<-LNP194;LNP854<-LNP858;LNP858<-LNP193,0.3116883116883116,0.009740259740259771,0.5550910894660894,0.0030228392297357853,0.4404761904761904,0.009740259740259716,0.5194805194805195,0.035714285714285754,0.5183946488294314,0.03924571265921861,0.040291148201269084,0.07465155483847166
rna_association,4,305,False,LNP193<-LNP195;LNP194<-LNP782;LNP195<-LNP854;LNP782<-LNP858;LNP854<-LNP193;LNP858<-LNP194,0.3409090909090909,0.03896103896103903,0.5643037518037518,0.012235501567398166,0.4916666666666666,0.06093073593073589,0.6558441558441559,0.1720779220779221,0.6538461538461539,0.17469721767594104,0.40771775315010056,0.44207815978730314
rna_association,4,306,False,LNP193<-LNP195;LNP194<-LNP782;LNP195<-LNP854;LNP782<-LNP858;LNP854<-LNP194;LNP858<-LNP193,0.2824675324675324,-0.01948051948051943,0.5459473824677586,-0.006120867768594995,0.4018243661100803,-0.028911564625850372,0.5162337662337663,0.03246753246753248,0.4957983193277311,0.016649383157518294,0.03999232221113232,0.0743527288483349
rna_association,4,307,False,LNP193<-LNP195;LNP194<-LNP782;LNP195<-LNP858;LNP782<-LNP193;LNP854<-LNP194;LNP858<-LNP854,0.2824675324675324,-0.01948051948051943,0.5459473824677586,-0.006120867768594995,0.4018243661100803,-0.028911564625850372,0.5162337662337663,0.03246753246753248,0.4957983193277311,0.016649383157518294,0.03999232221113232,0.0743527288483349
rna_association,4,308,False,LNP193<-LNP195;LNP194<-LNP782;LNP195<-LNP858;LNP782<-LNP193;LNP854<-LNP854;LNP858<-LNP194,0.3116883116883116,0.009740259740259771,0.5550910894660894,0.0030228392297357853,0.4404761904761904,0.009740259740259716,0.5162337662337663,0.03246753246753248,0.4957983193277311,0.016649383157518294,0.03999232221113232,0.0743527288483349
rna_association,4,309,False,LNP193<-LNP195;LNP194<-LNP782;LNP195<-LNP858;LNP782<-LNP194;LNP854<-LNP193;LNP858<-LNP854,0.2727272727272726,-0.02922077922077926,0.5392264867366954,-0.012841763499658265,0.4179808286951144,-0.012755102040816313,0.4480519480519481,-0.0357142857142857,0.4375,-0.041648936170212814,-0.1130805588384352,-0.07872015220123262
rna_association,4,310,False,LNP193<-LNP195;LNP194<-LNP782;LNP195<-LNP858;LNP782<-LNP194;LNP854<-LNP854;LNP858<-LNP193,0.30194805194805185,0.0,0.5471771284271284,-0.004891121809225241,0.4307359307359307,0.0,0.3831168831168831,-0.10064935064935071,0.3812500000000001,-0.09789893617021272,-0.22792115291927598,-0.1935607462820734
rna_association,4,311,False,LNP193<-LNP195;LNP194<-LNP782;LNP195<-LNP858;LNP782<-LNP854;LNP854<-LNP193;LNP858<-LNP194,0.25324675324675316,-0.04870129870129869,0.5351445489376523,-0.016923701298701355,0.35023706452277875,-0.08049886621315194,0.48051948051948057,-0.00324675324675322,0.44615384615384623,-0.03299509001636658,-0.050964719143762376,-0.016604312506559797
rna_association,4,312,False,LNP193<-LNP195;LNP194<-LNP782;LNP195<-LNP858;LNP782<-LNP854;LNP854<-LNP194;LNP858<-LNP193,0.28246753246753237,-0.019480519480519487,0.541740216201423,-0.010328034034930655,0.41921768707482987,-0.011518243661100824,0.37987012987012986,-0.10389610389610393,0.37777777777777777,-0.10137115839243505,-0.2438488811817297,-0.20948847454452713
rna_association,4,313,False,LNP193<-LNP195;LNP194<-LNP854;LNP195<-LNP193;LNP782<-LNP194;LNP854<-LNP782;LNP858<-LNP858,0.3214285714285714,0.019480519480519543,0.5583378427128427,0.006269592476489061,0.4480158730158729,0.01727994227994223,0.5876623376623377,0.10389610389610388,0.5847382431233363,0.10558930695312352,0.19738550848793068,0.23174591512513326
rna_association,4,314,False,LNP193<-LNP195;LNP194<-LNP854;LNP195<-LNP193;LNP782<-LNP194;LNP854<-LNP858;LNP858<-LNP782,0.3409090909090909,0.03896103896103903,0.5643037518037518,0.012235501567398166,0.4916666666666666,0.06093073593073589,0.5876623376623377,0.10389610389610388,0.5847382431233363,0.10558930695312352,0.19738550848793068,0.23174591512513326
rna_association,4,315,False,LNP193<-LNP195;LNP194<-LNP854;LNP195<-LNP193;LNP782<-LNP782;LNP854<-LNP194;LNP858<-LNP858,0.262987012987013,-0.03896103896103886,0.5414846517119244,-0.01058359852442925,0.35097402597402594,-0.07976190476190476,0.4480519480519481,-0.0357142857142857,0.4375,-0.041648936170212814,-0.1130805588384352,-0.07872015220123262
rna_association,4,316,False,LNP193<-LNP195;LNP194<-LNP854;LNP195<-LNP193;LNP782<-LNP782;LNP854<-LNP858;LNP858<-LNP194,0.2532467532467532,-0.048701298701298634,0.5380755608028335,-0.013992689433520167,0.345021645021645,-0.08571428571428569,0.4090909090909091,-0.07467532467532467,0.3333333333333333,-0.1458156028368795,-0.282038037408883,-0.24767763077168042
rna_association,4,317,False,LNP193<-LNP195;LNP194<-LNP854;LNP195<-LNP193;LNP782<-LNP858;LNP854<-LNP194;LNP858<-LNP782,0.30194805194805185,0.0,0.5520682502363536,0.0,0.4307359307359307,0.0,0.4480519480519481,-0.0357142857142857,0.4375,-0.041648936170212814,-0.1130805588384352,-0.07872015220123262
rna_association,4,318,False,LNP193<-LNP195;LNP194<-LNP854;LNP195<-LNP193;LNP782<-LNP858;LNP854<-LNP782;LNP858<-LNP194,0.2532467532467532,-0.048701298701298634,0.5380755608028335,-0.013992689433520167,0.345021645021645,-0.08571428571428569,0.4090909090909091,-0.07467532467532467,0.3333333333333333,-0.1458156028368795,-0.282038037408883,-0.24767763077168042
rna_association,4,319,False,LNP193<-LNP195;LNP194<-LNP854;LNP195<-LNP194;LNP782<-LNP193;LNP854<-LNP782;LNP858<-LNP858,0.30194805194805185,0.0,0.5520682502363536,0.0,0.4307359307359307,0.0,0.4837662337662338,0.0,0.4791489361702128,0.0,-0.03436040663720258,0.0
rna_association,4,320,False,LNP193<-LNP195;LNP194<-LNP854;LNP195<-LNP194;LNP782<-LNP193;LNP854<-LNP858;LNP858<-LNP782,0.3311688311688311,0.02922077922077926,0.5612245729181213,0.009156322681767692,0.47182539682539676,0.041089466089466065,0.551948051948052,0.06818181818181818,0.5418181818181819,0.06266924564796905,0.1218289807746346,0.1561893874118372
rna_association,4,321,False,LNP193<-LNP195;LNP194<-LNP854;LNP195<-LNP194;LNP782<-LNP782;LNP854<-LNP193;LNP858<-LNP858,0.25324675324675316,-0.04870129870129869,0.5378418516349551,-0.014226398601398516,0.34863945578231287,-0.08209647495361783,0.5162337662337663,0.03246753246753248,0.4957983193277311,0.016649383157518294,0.03999232221113232,0.0743527288483349
rna_association,4,322,False,LNP193<-LNP195;LNP194<-LNP854;LNP195<-LNP194;LNP782<-LNP782;LNP854<-LNP858;LNP858<-LNP193,0.3116883116883116,0.009740259740259771,0.5550910894660894,0.0030228392297357853,0.4404761904761904,0.009740259740259716,0.551948051948052,0.06818181818181818,0.5418181818181819,0.06266924564796905,0.1218289807746346,0.1561893874118372
rna_association,4,323,False,LNP193<-LNP195;LNP194<-LNP854;LNP195<-LNP194;LNP782<-LNP858;LNP854<-LNP193;LNP858<-LNP782,0.30194805194805185,0.0,0.5516819985569985,-0.00038625167935513183,0.4345238095238095,0.0037878787878787845,0.5162337662337663,0.03246753246753248,0.4957983193277311,0.016649383157518294,0.03999232221113232,0.0743527288483349
rna_association,4,324,False,LNP193<-LNP195;LNP194<-LNP854;LNP195<-LNP194;LNP782<-LNP858;LNP854<-LNP782;LNP858<-LNP193,0.30194805194805185,0.0,0.5516819985569985,-0.00038625167935513183,0.4345238095238095,0.0037878787878787845,0.551948051948052,0.06818181818181818,0.5418181818181819,0.06266924564796905,0.1218289807746346,0.1561893874118372
rna_association,4,325,False,LNP193<-LNP195;LNP194<-LNP854;LNP195<-LNP782;LNP782<-LNP193;LNP854<-LNP194;LNP858<-LNP858,0.3116883116883116,0.009740259740259771,0.5550910894660894,0.0030228392297357853,0.4404761904761904,0.009740259740259716,0.4837662337662338,0.0,0.4791489361702128,0.0,-0.03436040663720258,0.0
rna_association,4,326,False,LNP193<-LNP195;LNP194<-LNP854;LNP195<-LNP782;LNP782<-LNP193;LNP854<-LNP858;LNP858<-LNP194,0.22402597402597396,-0.07792207792207789,0.529694547876366,-0.02237370235998759,0.32358276643990924,-0.10715316429602145,0.4318181818181818,-0.051948051948051965,0.3454545454545454,-0.1336943907156674,-0.2405228464604172,-0.2061624398232146
rna_association,4,327,False,LNP193<-LNP195;LNP194<-LNP854;LNP195<-LNP782;LNP782<-LNP194;LNP854<-LNP193;LNP858<-LNP858,0.3409090909090909,0.03896103896103903,0.5643037518037518,0.012235501567398166,0.4916666666666666,0.06093073593073589,0.5876623376623377,0.10389610389610388,0.5847382431233363,0.10558930695312352,0.19738550848793068,0.23174591512513326
rna_association,4,328,False,LNP193<-LNP195;LNP194<-LNP854;LNP195<-LNP782;LNP782<-LNP194;LNP854<-LNP858;LNP858<-LNP193,0.3214285714285714,0.019480519480519543,0.5583378427128427,0.006269592476489061,0.4503968253968253,0.0196608946608946,0.5876623376623377,0.10389610389610388,0.5847382431233363,0.10558930695312352,0.19738550848793068,0.23174591512513326
rna_association,4,329,False,LNP193<-LNP195;LNP194<-LNP854;LNP195<-LNP782;LNP782<-LNP858;LNP854<-LNP193;LNP858<-LNP194,0.262987012987013,-0.03896103896103886,0.5414846517119244,-0.01058359852442925,0.35097402597402594,-0.07976190476190476,0.48051948051948057,-0.00324675324675322,0.44615384615384623,-0.03299509001636658,-0.050964719143762376,-0.016604312506559797
rna_association,4,330,False,LNP193<-LNP195;LNP194<-LNP854;LNP195<-LNP782;LNP782<-LNP858;LNP854<-LNP194;LNP858<-LNP193,0.29220779220779214,-0.009740259740259716,0.5493564733768496,-0.002711776859504078,0.4077767470624613,-0.022959183673469385,0.4480519480519481,-0.0357142857142857,0.4375,-0.041648936170212814,-0.1130805588384352,-0.07872015220123262
rna_association,4,331,False,LNP193<-LNP195;LNP194<-LNP854;LNP195<-LNP858;LNP782<-LNP193;LNP854<-LNP194;LNP858<-LNP782,0.3214285714285714,0.019480519480519543,0.5583378427128427,0.006269592476489061,0.4503968253968253,0.0196608946608946,0.551948051948052,0.06818181818181818,0.5418181818181819,0.06266924564796905,0.1218289807746346,0.1561893874118372
rna_association,4,332,False,LNP193<-LNP195;LNP194<-LNP854;LNP195<-LNP858;LNP782<-LNP193;LNP854<-LNP782;LNP858<-LNP194,0.21428571428571425,-0.08766233766233761,0.5267807949626132,-0.025287455273740433,0.3186377114948543,-0.11209821924107638,0.4318181818181818,-0.051948051948051965,0.3454545454545454,-0.1336943907156674,-0.2405228464604172,-0.2061624398232146
rna_association,4,333,False,LNP193<-LNP195;LNP194<-LNP854;LNP195<-LNP858;LNP782<-LNP194;LNP854<-LNP193;LNP858<-LNP782,0.3409090909090909,0.03896103896103903,0.5643037518037518,0.012235501567398166,0.4916666666666666,0.06093073593073589,0.5876623376623377,0.10389610389610388,0.5847382431233363,0.10558930695312352,0.19738550848793068,0.23174591512513326
rna_association,4,334,False,LNP193<-LNP195;LNP194<-LNP854;LNP195<-LNP858;LNP782<-LNP194;LNP854<-LNP782;LNP858<-LNP193,0.2922077922077922,-0.00974025974025966,0.5505755608028335,-0.0014926894335201002,0.3774376417233559,-0.05329828901257477,0.5876623376623377,0.10389610389610388,0.5847382431233363,0.10558930695312352,0.19738550848793068,0.23174591512513326
rna_association,4,335,False,LNP193<-LNP195;LNP194<-LNP854;LNP195<-LNP858;LNP782<-LNP782;LNP854<-LNP193;LNP858<-LNP194,0.22402597402597396,-0.07792207792207789,0.529815071292344,-0.02225317894400969,0.32358276643990924,-0.10715316429602145,0.4090909090909091,-0.07467532467532467,0.3333333333333333,-0.1458156028368795,-0.282038037408883,-0.24767763077168042
rna_association,4,336,False,LNP193<-LNP195;LNP194<-LNP854;LNP195<-LNP858;LNP782<-LNP782;LNP854<-LNP194;LNP858<-LNP193,0.2727272727272727,-0.029220779220779147,0.5443977956908992,-0.007670454545454453,0.3601576994434137,-0.070578231292517,0.4480519480519481,-0.0357142857142857,0.4375,-0.041648936170212814,-0.1130805588384352,-0.07872015220123262
rna_association,4,337,False,LNP193<-LNP195;LNP194<-LNP858;LNP195<-LNP193;LNP782<-LNP194;LNP854<-LNP782;LNP858<-LNP854,0.2824675324675324,-0.01948051948051943,0.5465351567624295,-0.005533093473924167,0.39859307359307355,-0.03214285714285714,0.4480519480519481,-0.0357142857142857,0.4375,-0.041648936170212814,-0.1130805588384352,-0.07872015220123262
rna_association,4,338,False,LNP193<-LNP195;LNP194<-LNP858;LNP195<-LNP193;LNP782<-LNP194;LNP854<-LNP854;LNP858<-LNP782,0.3409090909090909,0.03896103896103903,0.5591089466089466,0.007040696372592969,0.4916666666666666,0.06093073593073589,0.5194805194805194,0.03571428571428564,0.5183946488294314,0.03924571265921861,0.040291148201268875,0.07465155483847145
rna_association,4,339,False,LNP193<-LNP195;LNP194<-LNP858;LNP195<-LNP193;LNP782<-LNP782;LNP854<-LNP194;LNP858<-LNP854,0.30194805194805185,0.0,0.5516819985569985,-0.00038625167935513183,0.4345238095238095,0.0037878787878787845,0.551948051948052,0.06818181818181818,0.5418181818181819,0.06266924564796905,0.1218289807746346,0.1561893874118372
rna_association,4,340,False,LNP193<-LNP195;LNP194<-LNP858;LNP195<-LNP193;LNP782<-LNP782;LNP854<-LNP854;LNP858<-LNP194,0.3311688311688311,0.02922077922077926,0.5612245729181213,0.009156322681767692,0.47182539682539676,0.041089466089466065,0.551948051948052,0.06818181818181818,0.5418181818181819,0.06266924564796905,0.1218289807746346,0.1561893874118372
rna_association,4,341,False,LNP193<-LNP195;LNP194<-LNP858;LNP195<-LNP193;LNP782<-LNP854;LNP854<-LNP194;LNP858<-LNP782,0.3409090909090909,0.03896103896103903,0.5602453102453102,0.008177060008956571,0.4916666666666666,0.06093073593073589,0.6201298701298701,0.1363636363636363,0.6067527308838134,0.12760379471360062,0.33868074965743356,0.37304115629463613
rna_association,4,342,False,LNP193<-LNP195;LNP194<-LNP858;LNP195<-LNP193;LNP782<-LNP854;LNP854<-LNP782;LNP858<-LNP194,0.29220779220779214,-0.009740259740259716,0.5493564733768496,-0.002711776859504078,0.4077767470624613,-0.022959183673469385,0.48051948051948057,-0.00324675324675322,0.44615384615384623,-0.03299509001636658,-0.050964719143762376,-0.016604312506559797
rna_association,4,343,False,LNP193<-LNP195;LNP194<-LNP858;LNP195<-LNP194;LNP782<-LNP193;LNP854<-LNP782;LNP858<-LNP854,0.3214285714285714,0.019480519480519543,0.5583378427128427,0.006269592476489061,0.4503968253968253,0.0196608946608946,0.551948051948052,0.06818181818181818,0.5418181818181819,0.06266924564796905,0.1218289807746346,0.1561893874118372
rna_association,4,344,False,LNP193<-LNP195;LNP194<-LNP858;LNP195<-LNP194;LNP782<-LNP193;LNP854<-LNP854;LNP858<-LNP782,0.21428571428571425,-0.08766233766233761,0.5250229568411386,-0.027045293395214998,0.3277080062794348,-0.10302792445649589,0.4090909090909091,-0.07467532467532467,0.3333333333333333,-0.1458156028368795,-0.282038037408883,-0.24767763077168042
rna_association,4,345,False,LNP193<-LNP195;LNP194<-LNP858;LNP195<-LNP194;LNP782<-LNP782;LNP854<-LNP193;LNP858<-LNP854,0.3311688311688311,0.02922077922077926,0.5612245729181213,0.009156322681767692,0.47182539682539676,0.041089466089466065,0.5876623376623377,0.10389610389610388,0.5847382431233363,0.10558930695312352,0.19738550848793068,0.23174591512513326
rna_association,4,346,False,LNP193<-LNP195;LNP194<-LNP858;LNP195<-LNP194;LNP782<-LNP782;LNP854<-LNP854;LNP858<-LNP193,0.27272727272727265,-0.029220779220779203,0.5428005293209055,-0.009267720915448141,0.3962585034013605,-0.03447742733457021,0.4480519480519481,-0.0357142857142857,0.4375,-0.041648936170212814,-0.1130805588384352,-0.07872015220123262
rna_association,4,347,False,LNP193<-LNP195;LNP194<-LNP858;LNP195<-LNP194;LNP782<-LNP854;LNP854<-LNP193;LNP858<-LNP782,0.3214285714285714,0.019480519480519543,0.5583378427128427,0.006269592476489061,0.4503968253968253,0.0196608946608946,0.5162337662337663,0.03246753246753248,0.4957983193277311,0.016649383157518294,0.03999232221113232,0.0743527288483349
rna_association,4,348,False,LNP193<-LNP195;LNP194<-LNP858;LNP195<-LNP194;LNP782<-LNP854;LNP854<-LNP782;LNP858<-LNP193,0.30194805194805185,0.0,0.5516819985569985,-0.00038625167935513183,0.4345238095238095,0.0037878787878787845,0.5162337662337663,0.03246753246753248,0.4957983193277311,0.016649383157518294,0.03999232221113232,0.0743527288483349
rna_association,4,349,False,LNP193<-LNP195;LNP194<-LNP858;LNP195<-LNP782;LNP782<-LNP193;LNP854<-LNP194;LNP858<-LNP854,0.2824675324675324,-0.01948051948051943,0.5459473824677586,-0.006120867768594995,0.4018243661100803,-0.028911564625850372,0.5162337662337663,0.03246753246753248,0.4957983193277311,0.016649383157518294,0.03999232221113232,0.0743527288483349
rna_association,4,350,False,LNP193<-LNP195;LNP194<-LNP858;LNP195<-LNP782;LNP782<-LNP193;LNP854<-LNP854;LNP858<-LNP194,0.3116883116883116,0.009740259740259771,0.5550910894660894,0.0030228392297357853,0.4404761904761904,0.009740259740259716,0.5162337662337663,0.03246753246753248,0.4957983193277311,0.016649383157518294,0.03999232221113232,0.0743527288483349
rna_association,4,351,False,LNP193<-LNP195;LNP194<-LNP858;LNP195<-LNP782;LNP782<-LNP194;LNP854<-LNP193;LNP858<-LNP854,0.2629870129870129,-0.038961038961038974,0.5388635572021151,-0.013204693034238546,0.395021645021645,-0.0357142857142857,0.4480519480519481,-0.0357142857142857,0.4375,-0.041648936170212814,-0.1130805588384352,-0.07872015220123262
rna_association,4,352,False,LNP193<-LNP195;LNP194<-LNP858;LNP195<-LNP782;LNP782<-LNP194;LNP854<-LNP854;LNP858<-LNP193,0.3409090909090909,0.03896103896103903,0.5602453102453102,0.008177060008956571,0.4916666666666666,0.06093073593073589,0.3831168831168831,-0.10064935064935071,0.3812500000000001,-0.09789893617021272,-0.22792115291927598,-0.1935607462820734
rna_association,4,353,False,LNP193<-LNP195;LNP194<-LNP858;LNP195<-LNP782;LNP782<-LNP854;LNP854<-LNP193;LNP858<-LNP194,0.29220779220779214,-0.009740259740259716,0.5493564733768496,-0.002711776859504078,0.4077767470624613,-0.022959183673469385,0.48051948051948057,-0.00324675324675322,0.44615384615384623,-0.03299509001636658,-0.050964719143762376,-0.016604312506559797
rna_association,4,354,False,LNP193<-LNP195;LNP194<-LNP858;LNP195<-LNP782;LNP782<-LNP854;LNP854<-LNP194;LNP858<-LNP193,0.3214285714285714,0.019480519480519543,0.5559027777777777,0.0038345275414241042,0.4503968253968253,0.0196608946608946,0.5162337662337663,0.03246753246753248,0.4957983193277311,0.016649383157518294,0.03999232221113232,0.0743527288483349
rna_association,4,355,False,LNP193<-LNP195;LNP194<-LNP858;LNP195<-LNP854;LNP782<-LNP193;LNP854<-LNP194;LNP858<-LNP782,0.20454545454545445,-0.09740259740259741,0.5213770419304016,-0.030691208305952067,0.32653061224489793,-0.10420531849103276,0.5,0.01623376623376621,0.37931034482758613,-0.09983859134262668,0.0,0.03436040663720258
rna_association,4,356,False,LNP193<-LNP195;LNP194<-LNP858;LNP195<-LNP854;LNP782<-LNP193;LNP854<-LNP782;LNP858<-LNP194,0.3311688311688311,0.02922077922077926,0.5612245729181213,0.009156322681767692,0.47182539682539676,0.041089466089466065,0.6201298701298701,0.1363636363636363,0.6067527308838134,0.12760379471360062,0.33868074965743356,0.37304115629463613
rna_association,4,357,False,LNP193<-LNP195;LNP194<-LNP858;LNP195<-LNP854;LNP782<-LNP194;LNP854<-LNP193;LNP858<-LNP782,0.3409090909090909,0.03896103896103903,0.5643037518037518,0.012235501567398166,0.4916666666666666,0.06093073593073589,0.5876623376623377,0.10389610389610388,0.5847382431233363,0.10558930695312352,0.19738550848793068,0.23174591512513326
rna_association,4,358,False,LNP193<-LNP195;LNP194<-LNP858;LNP195<-LNP854;LNP782<-LNP194;LNP854<-LNP782;LNP858<-LNP193,0.3116883116883116,0.009740259740259771,0.5550910894660894,0.0030228392297357853,0.4404761904761904,0.009740259740259716,0.5194805194805195,0.035714285714285754,0.5183946488294314,0.03924571265921861,0.040291148201269084,0.07465155483847166
rna_association,4,359,False,LNP193<-LNP195;LNP194<-LNP858;LNP195<-LNP854;LNP782<-LNP782;LNP854<-LNP193;LNP858<-LNP194,0.3409090909090909,0.03896103896103903,0.5618686868686869,0.00980043663233321,0.4916666666666666,0.06093073593073589,0.6558441558441559,0.1720779220779221,0.6538461538461539,0.17469721767594104,0.40771775315010056,0.44207815978730314
rna_association,4,360,False,LNP193<-LNP195;LNP194<-LNP858;LNP195<-LNP854;LNP782<-LNP782;LNP854<-LNP194;LNP858<-LNP193,0.26298701298701294,-0.03896103896103892,0.5399792127064854,-0.01208903752986823,0.38707482993197273,-0.043661100803957964,0.4480519480519481,-0.0357142857142857,0.4375,-0.041648936170212814,-0.1130805588384352,-0.07872015220123262
rna_association,4,361,False,LNP193<-LNP782;LNP194<-LNP193;LNP195<-LNP194;LNP782<-LNP195;LNP854<-LNP854;LNP858<-LNP858,0.24350649350649345,-0.058441558441558406,0.5349287076559803,-0.017139542580373313,0.3394557823129251,-0.09128014842300558,0.41233766233766234,-0.07142857142857145,0.3930789707187223,-0.08606996545149054,-0.19738550848793068,-0.1630251018507281
rna_association,4,362,False,LNP193<-LNP782;LNP194<-LNP193;LNP195<-LNP194;LNP782<-LNP195;LNP854<-LNP858;LNP858<-LNP854,0.3116883116883116,0.009740259740259771,0.5550910894660894,0.0030228392297357853,0.4404761904761904,0.009740259740259716,0.5194805194805195,0.035714285714285754,0.5183946488294314,0.03924571265921861,0.040291148201269084,0.07465155483847166
rna_association,4,363,False,LNP193<-LNP782;LNP194<-LNP193;LNP195<-LNP194;LNP782<-LNP854;LNP854<-LNP195;LNP858<-LNP858,0.19480519480519481,-0.10714285714285704,0.521556134565539,-0.030512115670814688,0.3107012035583464,-0.12003472717758429,0.4318181818181818,-0.051948051948051965,0.3454545454545454,-0.1336943907156674,-0.2405228464604172,-0.2061624398232146
rna_association,4,364,False,LNP193<-LNP782;LNP194<-LNP193;LNP195<-LNP194;LNP782<-LNP854;LNP854<-LNP858;LNP858<-LNP195,0.3214285714285714,0.019480519480519543,0.5583378427128427,0.006269592476489061,0.4503968253968253,0.0196608946608946,0.5876623376623377,0.10389610389610388,0.5847382431233363,0.10558930695312352,0.19738550848793068,0.23174591512513326
rna_association,4,365,False,LNP193<-LNP782;LNP194<-LNP193;LNP195<-LNP194;LNP782<-LNP858;LNP854<-LNP195;LNP858<-LNP854,0.3214285714285714,0.019480519480519543,0.5583378427128427,0.006269592476489061,0.4503968253968253,0.0196608946608946,0.551948051948052,0.06818181818181818,0.5418181818181819,0.06266924564796905,0.1218289807746346,0.1561893874118372
rna_association,4,366,False,LNP193<-LNP782;LNP194<-LNP193;LNP195<-LNP194;LNP782<-LNP858;LNP854<-LNP854;LNP858<-LNP195,0.3409090909090909,0.03896103896103903,0.5643037518037518,0.012235501567398166,0.4916666666666666,0.06093073593073589,0.6558441558441559,0.1720779220779221,0.6538461538461539,0.17469721767594104,0.40771775315010056,0.44207815978730314
rna_association,4,367,False,LNP193<-LNP782;LNP194<-LNP193;LNP195<-LNP195;LNP782<-LNP194;LNP854<-LNP854;LNP858<-LNP858,0.24350649350649345,-0.058441558441558406,0.5349287076559803,-0.017139542580373313,0.3394557823129251,-0.09128014842300558,0.41233766233766234,-0.07142857142857145,0.3930789707187223,-0.08606996545149054,-0.19738550848793068,-0.1630251018507281
rna_association,4,368,False,LNP193<-LNP782;LNP194<-LNP193;LNP195<-LNP195;LNP782<-LNP194;LNP854<-LNP858;LNP858<-LNP854,0.3214285714285714,0.019480519480519543,0.5583378427128427,0.006269592476489061,0.4503968253968253,0.0196608946608946,0.5194805194805195,0.035714285714285754,0.5183946488294314,0.03924571265921861,0.040291148201269084,0.07465155483847166
rna_association,4,369,False,LNP193<-LNP782;LNP194<-LNP193;LNP195<-LNP195;LNP782<-LNP854;LNP854<-LNP194;LNP858<-LNP858,0.19480519480519481,-0.10714285714285704,0.5213935895754078,-0.03067466066094582,0.3107012035583464,-0.12003472717758429,0.4318181818181818,-0.051948051948051965,0.3454545454545454,-0.1336943907156674,-0.2405228464604172,-0.2061624398232146
rna_association,4,370,False,LNP193<-LNP782;LNP194<-LNP193;LNP195<-LNP195;LNP782<-LNP854;LNP854<-LNP858;LNP858<-LNP194,0.3311688311688311,0.02922077922077926,0.5612245729181213,0.009156322681767692,0.47182539682539676,0.041089466089466065,0.5876623376623377,0.10389610389610388,0.5847382431233363,0.10558930695312352,0.19738550848793068,0.23174591512513326
rna_association,4,371,False,LNP193<-LNP782;LNP194<-LNP193;LNP195<-LNP195;LNP782<-LNP858;LNP854<-LNP194;LNP858<-LNP854,0.3214285714285714,0.019480519480519543,0.5583378427128427,0.006269592476489061,0.4503968253968253,0.0196608946608946,0.5162337662337663,0.03246753246753248,0.4957983193277311,0.016649383157518294,0.03999232221113232,0.0743527288483349
rna_association,4,372,False,LNP193<-LNP782;LNP194<-LNP193;LNP195<-LNP195;LNP782<-LNP858;LNP854<-LNP854;LNP858<-LNP194,0.3409090909090909,0.03896103896103903,0.5643037518037518,0.012235501567398166,0.4916666666666666,0.06093073593073589,0.6558441558441559,0.1720779220779221,0.6538461538461539,0.17469721767594104,0.40771775315010056,0.44207815978730314
rna_association,4,373,False,LNP193<-LNP782;LNP194<-LNP193;LNP195<-LNP854;LNP782<-LNP194;LNP854<-LNP195;LNP858<-LNP858,0.26298701298701294,-0.03896103896103892,0.5409887047818083,-0.01107954545454537,0.3542053184910327,-0.07653061224489799,0.5162337662337663,0.03246753246753248,0.4957983193277311,0.016649383157518294,0.03999232221113232,0.0743527288483349
rna_association,4,374,False,LNP193<-LNP782;LNP194<-LNP193;LNP195<-LNP854;LNP782<-LNP194;LNP854<-LNP858;LNP858<-LNP195,0.2727272727272727,-0.029220779220779147,0.5443977956908992,-0.007670454545454453,0.3601576994434137,-0.070578231292517,0.4480519480519481,-0.0357142857142857,0.4375,-0.041648936170212814,-0.1130805588384352,-0.07872015220123262
rna_association,4,375,False,LNP193<-LNP782;LNP194<-LNP193;LNP195<-LNP854;LNP782<-LNP195;LNP854<-LNP194;LNP858<-LNP858,0.24350649350649345,-0.058441558441558406,0.5349287076559803,-0.017139542580373313,0.3394557823129251,-0.09128014842300558,0.48051948051948057,-0.00324675324675322,0.44615384615384623,-0.03299509001636658,-0.050964719143762376,-0.016604312506559797
rna_association,4,376,False,LNP193<-LNP782;LNP194<-LNP193;LNP195<-LNP854;LNP782<-LNP195;LNP854<-LNP858;LNP858<-LNP194,0.2435064935064935,-0.05844155844155835,0.5362504919323101,-0.015817758304043528,0.33510101010101007,-0.09563492063492063,0.34090909090909094,-0.14285714285714285,0.29411764705882354,-0.18503128911138927,-0.39192475766909773,-0.35756435103189516
rna_association,4,377,False,LNP193<-LNP782;LNP194<-LNP193;LNP195<-LNP854;LNP782<-LNP858;LNP854<-LNP194;LNP858<-LNP195,0.3311688311688311,0.02922077922077926,0.5612245729181213,0.009156322681767692,0.4694444444444444,0.03870851370851369,0.5876623376623377,0.10389610389610388,0.5847382431233363,0.10558930695312352,0.19738550848793068,0.23174591512513326
rna_association,4,378,False,LNP193<-LNP782;LNP194<-LNP193;LNP195<-LNP854;LNP782<-LNP858;LNP854<-LNP195;LNP858<-LNP194,0.3409090909090909,0.03896103896103903,0.5643037518037518,0.012235501567398166,0.4892857142857142,0.05854978354978352,0.5876623376623377,0.10389610389610388,0.5847382431233363,0.10558930695312352,0.19738550848793068,0.23174591512513326
rna_association,4,379,False,LNP193<-LNP782;LNP194<-LNP193;LNP195<-LNP858;LNP782<-LNP194;LNP854<-LNP195;LNP858<-LNP854,0.3214285714285714,0.019480519480519543,0.5583378427128427,0.006269592476489061,0.4503968253968253,0.0196608946608946,0.551948051948052,0.06818181818181818,0.5418181818181819,0.06266924564796905,0.1218289807746346,0.1561893874118372
rna_association,4,380,False,LNP193<-LNP782;LNP194<-LNP193;LNP195<-LNP858;LNP782<-LNP194;LNP854<-LNP854;LNP858<-LNP195,0.25324675324675316,-0.04870129870129869,0.5378418516349551,-0.014226398601398516,0.34863945578231287,-0.08209647495361783,0.4480519480519481,-0.0357142857142857,0.4375,-0.041648936170212814,-0.1130805588384352,-0.07872015220123262
rna_association,4,381,False,LNP193<-LNP782;LNP194<-LNP193;LNP195<-LNP858;LNP782<-LNP195;LNP854<-LNP194;LNP858<-LNP854,0.30194805194805185,0.0,0.5516819985569985,-0.00038625167935513183,0.4345238095238095,0.0037878787878787845,0.5162337662337663,0.03246753246753248,0.4957983193277311,0.016649383157518294,0.03999232221113232,0.0743527288483349
rna_association,4,382,False,LNP193<-LNP782;LNP194<-LNP193;LNP195<-LNP858;LNP782<-LNP195;LNP854<-LNP854;LNP858<-LNP194,0.22402597402597396,-0.07792207792207789,0.529815071292344,-0.02225317894400969,0.32358276643990924,-0.10715316429602145,0.4318181818181818,-0.051948051948051965,0.3454545454545454,-0.1336943907156674,-0.2405228464604172,-0.2061624398232146
rna_association,4,383,False,LNP193<-LNP782;LNP194<-LNP193;LNP195<-LNP858;LNP782<-LNP854;LNP854<-LNP194;LNP858<-LNP195,0.29220779220779214,-0.009740259740259716,0.5486591593272627,-0.003409090909090917,0.4247835497835497,-0.005952380952380987,0.4480519480519481,-0.0357142857142857,0.4375,-0.041648936170212814,-0.1130805588384352,-0.07872015220123262
rna_association,4,384,False,LNP193<-LNP782;LNP194<-LNP193;LNP195<-LNP858;LNP782<-LNP854;LNP854<-LNP195;LNP858<-LNP194,0.3311688311688311,0.02922077922077926,0.5612245729181213,0.009156322681767692,0.47182539682539676,0.041089466089466065,0.551948051948052,0.06818181818181818,0.5418181818181819,0.06266924564796905,0.1218289807746346,0.1561893874118372
rna_association,4,385,False,LNP193<-LNP782;LNP194<-LNP194;LNP195<-LNP193;LNP782<-LNP195;LNP854<-LNP854;LNP858<-LNP858,0.3409090909090909,0.03896103896103903,0.5643037518037518,0.012235501567398166,0.4916666666666666,0.06093073593073589,0.5876623376623377,0.10389610389610388,0.5847382431233363,0.10558930695312352,0.19738550848793068,0.23174591512513326
rna_association,4,386,False,LNP193<-LNP782;LNP194<-LNP194;LNP195<-LNP193;LNP782<-LNP195;LNP854<-LNP858;LNP858<-LNP854,0.29220779220779214,-0.009740259740259716,0.5486591593272627,-0.003409090909090917,0.4247835497835497,-0.005952380952380987,0.4480519480519481,-0.0357142857142857,0.4375,-0.041648936170212814,-0.1130805588384352,-0.07872015220123262
rna_association,4,387,False,LNP193<-LNP782;LNP194<-LNP194;LNP195<-LNP193;LNP782<-LNP854;LNP854<-LNP195;LNP858<-LNP858,0.3311688311688311,0.02922077922077926,0.5587895079830563,0.006721257746702625,0.47182539682539676,0.041089466089466065,0.5876623376623377,0.10389610389610388,0.5847382431233363,0.10558930695312352,0.19738550848793068,0.23174591512513326
rna_association,4,388,False,LNP193<-LNP782;LNP194<-LNP194;LNP195<-LNP193;LNP782<-LNP854;LNP854<-LNP858;LNP858<-LNP195,0.2824675324675324,-0.01948051948051943,0.5431260658533386,-0.008942184383015084,0.40759637188208614,-0.023139558853844555,0.5162337662337663,0.03246753246753248,0.4957983193277311,0.016649383157518294,0.03999232221113232,0.0743527288483349
rna_association,4,389,False,LNP193<-LNP782;LNP194<-LNP194;LNP195<-LNP193;LNP782<-LNP858;LNP854<-LNP195;LNP858<-LNP854,0.3116883116883116,0.009740259740259771,0.5550910894660894,0.0030228392297357853,0.4404761904761904,0.009740259740259716,0.4837662337662338,0.0,0.4791489361702128,0.0,-0.03436040663720258,0.0
rna_association,4,390,False,LNP193<-LNP782;LNP194<-LNP194;LNP195<-LNP193;LNP782<-LNP858;LNP854<-LNP854;LNP858<-LNP195,0.3311688311688311,0.02922077922077926,0.5571661313596796,0.005097881123325987,0.47182539682539676,0.041089466089466065,0.5876623376623377,0.10389610389610388,0.5847382431233363,0.10558930695312352,0.19738550848793068,0.23174591512513326
rna_association,4,391,False,LNP193<-LNP782;LNP194<-LNP194;LNP195<-LNP195;LNP782<-LNP193;LNP854<-LNP854;LNP858<-LNP858,0.25324675324675316,-0.04870129870129869,0.5378418516349551,-0.014226398601398516,0.34863945578231287,-0.08209647495361783,0.5162337662337663,0.03246753246753248,0.4957983193277311,0.016649383157518294,0.03999232221113232,0.0743527288483349
rna_association,4,392,False,LNP193<-LNP782;LNP194<-LNP194;LNP195<-LNP195;LNP782<-LNP193;LNP854<-LNP858;LNP858<-LNP854,0.3311688311688311,0.02922077922077926,0.5587895079830563,0.006721257746702625,0.47182539682539676,0.041089466089466065,0.5876623376623377,0.10389610389610388,0.5847382431233363,0.10558930695312352,0.19738550848793068,0.23174591512513326
rna_association,4,393,False,LNP193<-LNP782;LNP194<-LNP194;LNP195<-LNP195;LNP782<-LNP854;LNP854<-LNP193;LNP858<-LNP858,0.3116883116883116,0.009740259740259771,0.5550910894660894,0.0030228392297357853,0.4404761904761904,0.009740259740259716,0.5162337662337663,0.03246753246753248,0.4957983193277311,0.016649383157518294,0.03999232221113232,0.0743527288483349
rna_association,4,394,False,LNP193<-LNP782;LNP194<-LNP194;LNP195<-LNP195;LNP782<-LNP854;LNP854<-LNP858;LNP858<-LNP193,0.3116883116883116,0.009740259740259771,0.5550910894660894,0.0030228392297357853,0.4404761904761904,0.009740259740259716,0.551948051948052,0.06818181818181818,0.5418181818181819,0.06266924564796905,0.1218289807746346,0.1561893874118372
rna_association,4,395,False,LNP193<-LNP782;LNP194<-LNP194;LNP195<-LNP195;LNP782<-LNP858;LNP854<-LNP193;LNP858<-LNP854,0.3311688311688311,0.02922077922077926,0.5587895079830563,0.006721257746702625,0.47182539682539676,0.041089466089466065,0.551948051948052,0.06818181818181818,0.5418181818181819,0.06266924564796905,0.1218289807746346,0.1561893874118372
rna_association,4,396,False,LNP193<-LNP782;LNP194<-LNP194;LNP195<-LNP195;LNP782<-LNP858;LNP854<-LNP854;LNP858<-LNP193,0.25324675324675316,-0.04870129870129869,0.535716704055262,-0.016351546181091692,0.3894557823129251,-0.04128014842300559,0.4480519480519481,-0.0357142857142857,0.4375,-0.041648936170212814,-0.1130805588384352,-0.07872015220123262
rna_association,4,397,False,LNP193<-LNP782;LNP194<-LNP194;LNP195<-LNP854;LNP782<-LNP193;LNP854<-LNP195;LNP858<-LNP858,0.3116883116883116,0.009740259740259771,0.5550910894660894,0.0030228392297357853,0.4404761904761904,0.009740259740259716,0.5162337662337663,0.03246753246753248,0.4957983193277311,0.016649383157518294,0.03999232221113232,0.0743527288483349
rna_association,4,398,False,LNP193<-LNP782;LNP194<-LNP194;LNP195<-LNP854;LNP782<-LNP193;LNP854<-LNP858;LNP858<-LNP195,0.3116883116883116,0.009740259740259771,0.5495414979285946,-0.002526752307759006,0.45595238095238094,0.025216450216450248,0.41558441558441556,-0.06818181818181823,0.4155844155844156,-0.0635645205857972,-0.1688311688311691,-0.13447076219396653
rna_association,4,399,False,LNP193<-LNP782;LNP194<-LNP194;LNP195<-LNP854;LNP782<-LNP195;LNP854<-LNP193;LNP858<-LNP858,0.3409090909090909,0.03896103896103903,0.5643037518037518,0.012235501567398166,0.4916666666666666,0.06093073593073589,0.5876623376623377,0.10389610389610388,0.5847382431233363,0.10558930695312352,0.19738550848793068,0.23174591512513326
rna_association,4,400,False,LNP193<-LNP782;LNP194<-LNP194;LNP195<-LNP854;LNP782<-LNP195;LNP854<-LNP858;LNP858<-LNP193,0.30194805194805185,0.0,0.5520682502363536,0.0,0.4307359307359307,0.0,0.4512987012987013,-0.03246753246753248,0.4514835605453088,-0.02766537562490401,-0.0963142660661773,-0.06195385942897472
rna_association,4,401,False,LNP193<-LNP782;LNP194<-LNP194;LNP195<-LNP854;LNP782<-LNP858;LNP854<-LNP193;LNP858<-LNP195,0.32142857142857134,0.019480519480519487,0.5529505888376856,0.0008823386013319112,0.4619047619047619,0.03116883116883118,0.4512987012987013,-0.03246753246753248,0.4514835605453088,-0.02766537562490401,-0.09631426606617752,-0.06195385942897494
rna_association,4,402,False,LNP193<-LNP782;LNP194<-LNP194;LNP195<-LNP854;LNP782<-LNP858;LNP854<-LNP195;LNP858<-LNP193,0.29220779220779214,-0.009740259740259716,0.5486591593272627,-0.003409090909090917,0.4247835497835497,-0.005952380952380987,0.4480519480519481,-0.0357142857142857,0.4375,-0.041648936170212814,-0.1130805588384352,-0.07872015220123262
rna_association,4,403,False,LNP193<-LNP782;LNP194<-LNP194;LNP195<-LNP858;LNP782<-LNP193;LNP854<-LNP195;LNP858<-LNP854,0.3116883116883116,0.009740259740259771,0.5550910894660894,0.0030228392297357853,0.4404761904761904,0.009740259740259716,0.5162337662337663,0.03246753246753248,0.4957983193277311,0.016649383157518294,0.03999232221113232,0.0743527288483349
rna_association,4,404,False,LNP193<-LNP782;LNP194<-LNP194;LNP195<-LNP858;LNP782<-LNP193;LNP854<-LNP854;LNP858<-LNP195,0.3116883116883116,0.009740259740259771,0.5550910894660894,0.0030228392297357853,0.4404761904761904,0.009740259740259716,0.5162337662337663,0.03246753246753248,0.4957983193277311,0.016649383157518294,0.03999232221113232,0.0743527288483349
rna_association,4,405,False,LNP193<-LNP782;LNP194<-LNP194;LNP195<-LNP858;LNP782<-LNP195;LNP854<-LNP193;LNP858<-LNP854,0.27272727272727265,-0.029220779220779203,0.5428005293209055,-0.009267720915448141,0.3962585034013605,-0.03447742733457021,0.4480519480519481,-0.0357142857142857,0.4375,-0.041648936170212814,-0.1130805588384352,-0.07872015220123262
rna_association,4,406,False,LNP193<-LNP782;LNP194<-LNP194;LNP195<-LNP858;LNP782<-LNP195;LNP854<-LNP854;LNP858<-LNP193,0.3116883116883116,0.009740259740259771,0.5550910894660894,0.0030228392297357853,0.4404761904761904,0.009740259740259716,0.4837662337662338,0.0,0.4791489361702128,0.0,-0.03436040663720258,0.0
rna_association,4,407,False,LNP193<-LNP782;LNP194<-LNP194;LNP195<-LNP858;LNP782<-LNP854;LNP854<-LNP193;LNP858<-LNP195,0.23376623376623368,-0.06818181818181818,0.5307580263693116,-0.021310223867042066,0.3418367346938775,-0.08889919604205321,0.48051948051948057,-0.00324675324675322,0.44615384615384623,-0.03299509001636658,-0.050964719143762376,-0.016604312506559797
rna_association,4,408,False,LNP193<-LNP782;LNP194<-LNP194;LNP195<-LNP858;LNP782<-LNP854;LNP854<-LNP195;LNP858<-LNP193,0.3214285714285714,0.019480519480519543,0.5583378427128427,0.006269592476489061,0.4503968253968253,0.0196608946608946,0.551948051948052,0.06818181818181818,0.5418181818181819,0.06266924564796905,0.1218289807746346,0.1561893874118372
rna_association,4,409,False,LNP193<-LNP782;LNP194<-LNP195;LNP195<-LNP193;LNP782<-LNP194;LNP854<-LNP854;LNP858<-LNP858,0.3409090909090909,0.03896103896103903,0.5618686868686869,0.00980043663233321,0.4916666666666666,0.06093073593073589,0.5194805194805195,0.035714285714285754,0.5183946488294314,0.03924571265921861,0.040291148201269084,0.07465155483847166
rna_association,4,410,False,LNP193<-LNP782;LNP194<-LNP195;LNP195<-LNP193;LNP782<-LNP194;LNP854<-LNP858;LNP858<-LNP854,0.30194805194805185,0.0,0.5520682502363536,0.0,0.4307359307359307,0.0,0.4837662337662338,0.0,0.4791489361702128,0.0,-0.03436040663720258,0.0
rna_association,4,411,False,LNP193<-LNP782;LNP194<-LNP195;LNP195<-LNP193;LNP782<-LNP854;LNP854<-LNP194;LNP858<-LNP858,0.3311688311688311,0.02922077922077926,0.5587895079830563,0.006721257746702625,0.47182539682539676,0.041089466089466065,0.551948051948052,0.06818181818181818,0.5418181818181819,0.06266924564796905,0.1218289807746346,0.1561893874118372
rna_association,4,412,False,LNP193<-LNP782;LNP194<-LNP195;LNP195<-LNP193;LNP782<-LNP854;LNP854<-LNP858;LNP858<-LNP194,0.30194805194805185,0.0,0.5499442476715204,-0.0021240025648332495,0.417517006802721,-0.01321892393320967,0.5162337662337663,0.03246753246753248,0.4957983193277311,0.016649383157518294,0.03999232221113232,0.0743527288483349
rna_association,4,413,False,LNP193<-LNP782;LNP194<-LNP195;LNP195<-LNP193;LNP782<-LNP858;LNP854<-LNP194;LNP858<-LNP854,0.30194805194805185,0.0,0.5516819985569985,-0.00038625167935513183,0.4345238095238095,0.0037878787878787845,0.551948051948052,0.06818181818181818,0.5418181818181819,0.06266924564796905,0.1218289807746346,0.1561893874118372
rna_association,4,414,False,LNP193<-LNP782;LNP194<-LNP195;LNP195<-LNP193;LNP782<-LNP858;LNP854<-LNP854;LNP858<-LNP194,0.3311688311688311,0.02922077922077926,0.5587895079830563,0.006721257746702625,0.47182539682539676,0.041089466089466065,0.5876623376623377,0.10389610389610388,0.5847382431233363,0.10558930695312352,0.19738550848793068,0.23174591512513326
rna_association,4,415,False,LNP193<-LNP782;LNP194<-LNP195;LNP195<-LNP194;LNP782<-LNP193;LNP854<-LNP854;LNP858<-LNP858,0.25324675324675316,-0.04870129870129869,0.5378418516349551,-0.014226398601398516,0.34863945578231287,-0.08209647495361783,0.5162337662337663,0.03246753246753248,0.4957983193277311,0.016649383157518294,0.03999232221113232,0.0743527288483349
rna_association,4,416,False,LNP193<-LNP782;LNP194<-LNP195;LNP195<-LNP194;LNP782<-LNP193;LNP854<-LNP858;LNP858<-LNP854,0.3311688311688311,0.02922077922077926,0.5612245729181213,0.009156322681767692,0.47182539682539676,0.041089466089466065,0.551948051948052,0.06818181818181818,0.5418181818181819,0.06266924564796905,0.1218289807746346,0.1561893874118372
rna_association,4,417,False,LNP193<-LNP782;LNP194<-LNP195;LNP195<-LNP194;LNP782<-LNP854;LNP854<-LNP193;LNP858<-LNP858,0.3116883116883116,0.009740259740259771,0.5550910894660894,0.0030228392297357853,0.4404761904761904,0.009740259740259716,0.5162337662337663,0.03246753246753248,0.4957983193277311,0.016649383157518294,0.03999232221113232,0.0743527288483349
rna_association,4,418,False,LNP193<-LNP782;LNP194<-LNP195;LNP195<-LNP194;LNP782<-LNP854;LNP854<-LNP858;LNP858<-LNP193,0.3116883116883116,0.009740259740259771,0.5550910894660894,0.0030228392297357853,0.4404761904761904,0.009740259740259716,0.551948051948052,0.06818181818181818,0.5418181818181819,0.06266924564796905,0.1218289807746346,0.1561893874118372
rna_association,4,419,False,LNP193<-LNP782;LNP194<-LNP195;LNP195<-LNP194;LNP782<-LNP858;LNP854<-LNP193;LNP858<-LNP854,0.3311688311688311,0.02922077922077926,0.5587895079830563,0.006721257746702625,0.47182539682539676,0.041089466089466065,0.551948051948052,0.06818181818181818,0.5418181818181819,0.06266924564796905,0.1218289807746346,0.1561893874118372
rna_association,4,420,False,LNP193<-LNP782;LNP194<-LNP195;LNP195<-LNP194;LNP782<-LNP858;LNP854<-LNP854;LNP858<-LNP193,0.27272727272727265,-0.029220779220779203,0.5428005293209055,-0.009267720915448141,0.3962585034013605,-0.03447742733457021,0.4480519480519481,-0.0357142857142857,0.4375,-0.041648936170212814,-0.1130805588384352,-0.07872015220123262
rna_association,4,421,False,LNP193<-LNP782;LNP194<-LNP195;LNP195<-LNP854;LNP782<-LNP193;LNP854<-LNP194;LNP858<-LNP858,0.2824675324675324,-0.01948051948051943,0.5459473824677586,-0.006120867768594995,0.4018243661100803,-0.028911564625850372,0.5162337662337663,0.03246753246753248,0.4957983193277311,0.016649383157518294,0.03999232221113232,0.0743527288483349
rna_association,4,422,False,LNP193<-LNP782;LNP194<-LNP195;LNP195<-LNP854;LNP782<-LNP193;LNP854<-LNP858;LNP858<-LNP194,0.3409090909090909,0.03896103896103903,0.5602453102453102,0.008177060008956571,0.4916666666666666,0.06093073593073589,0.6201298701298701,0.1363636363636363,0.6067527308838134,0.12760379471360062,0.33868074965743356,0.37304115629463613
rna_association,4,423,False,LNP193<-LNP782;LNP194<-LNP195;LNP195<-LNP854;LNP782<-LNP194;LNP854<-LNP193;LNP858<-LNP858,0.3409090909090909,0.03896103896103903,0.5643037518037518,0.012235501567398166,0.4916666666666666,0.06093073593073589,0.5194805194805195,0.035714285714285754,0.5183946488294314,0.03924571265921861,0.040291148201269084,0.07465155483847166
rna_association,4,424,False,LNP193<-LNP782;LNP194<-LNP195;LNP195<-LNP854;LNP782<-LNP194;LNP854<-LNP858;LNP858<-LNP193,0.3116883116883116,0.009740259740259771,0.5550910894660894,0.0030228392297357853,0.4404761904761904,0.009740259740259716,0.5194805194805195,0.035714285714285754,0.5183946488294314,0.03924571265921861,0.040291148201269084,0.07465155483847166
rna_association,4,425,False,LNP193<-LNP782;LNP194<-LNP195;LNP195<-LNP854;LNP782<-LNP858;LNP854<-LNP193;LNP858<-LNP194,0.3409090909090909,0.03896103896103903,0.5591089466089466,0.007040696372592969,0.4916666666666666,0.06093073593073589,0.5194805194805194,0.03571428571428564,0.5183946488294314,0.03924571265921861,0.040291148201268875,0.07465155483847145
rna_association,4,426,False,LNP193<-LNP782;LNP194<-LNP195;LNP195<-LNP854;LNP782<-LNP858;LNP854<-LNP194;LNP858<-LNP193,0.2824675324675324,-0.01948051948051943,0.5459473824677586,-0.006120867768594995,0.4018243661100803,-0.028911564625850372,0.4480519480519481,-0.0357142857142857,0.4375,-0.041648936170212814,-0.1130805588384352,-0.07872015220123262
rna_association,4,427,False,LNP193<-LNP782;LNP194<-LNP195;LNP195<-LNP858;LNP782<-LNP193;LNP854<-LNP194;LNP858<-LNP854,0.2824675324675324,-0.01948051948051943,0.5459473824677586,-0.006120867768594995,0.4018243661100803,-0.028911564625850372,0.5162337662337663,0.03246753246753248,0.4957983193277311,0.016649383157518294,0.03999232221113232,0.0743527288483349
rna_association,4,428,False,LNP193<-LNP782;LNP194<-LNP195;LNP195<-LNP858;LNP782<-LNP193;LNP854<-LNP854;LNP858<-LNP194,0.3116883116883116,0.009740259740259771,0.5550910894660894,0.0030228392297357853,0.4404761904761904,0.009740259740259716,0.5162337662337663,0.03246753246753248,0.4957983193277311,0.016649383157518294,0.03999232221113232,0.0743527288483349
rna_association,4,429,False,LNP193<-LNP782;LNP194<-LNP195;LNP195<-LNP858;LNP782<-LNP194;LNP854<-LNP193;LNP858<-LNP854,0.29220779220779214,-0.009740259740259716,0.5486591593272627,-0.003409090909090917,0.4247835497835497,-0.005952380952380987,0.4480519480519481,-0.0357142857142857,0.4375,-0.041648936170212814,-0.1130805588384352,-0.07872015220123262
rna_association,4,430,False,LNP193<-LNP782;LNP194<-LNP195;LNP195<-LNP858;LNP782<-LNP194;LNP854<-LNP854;LNP858<-LNP193,0.3409090909090909,0.03896103896103903,0.5643037518037518,0.012235501567398166,0.4916666666666666,0.06093073593073589,0.5194805194805195,0.035714285714285754,0.5183946488294314,0.03924571265921861,0.040291148201269084,0.07465155483847166
rna_association,4,431,False,LNP193<-LNP782;LNP194<-LNP195;LNP195<-LNP858;LNP782<-LNP854;LNP854<-LNP193;LNP858<-LNP194,0.2727272727272727,-0.029220779220779147,0.5443977956908992,-0.007670454545454453,0.3601576994434137,-0.070578231292517,0.48051948051948057,-0.00324675324675322,0.44615384615384623,-0.03299509001636658,-0.050964719143762376,-0.016604312506559797
rna_association,4,432,False,LNP193<-LNP782;LNP194<-LNP195;LNP195<-LNP858;LNP782<-LNP854;LNP854<-LNP194;LNP858<-LNP193,0.3214285714285714,0.019480519480519543,0.5583378427128427,0.006269592476489061,0.4503968253968253,0.0196608946608946,0.5162337662337663,0.03246753246753248,0.4957983193277311,0.016649383157518294,0.03999232221113232,0.0743527288483349
rna_association,4,433,False,LNP193<-LNP782;LNP194<-LNP854;LNP195<-LNP193;LNP782<-LNP194;LNP854<-LNP195;LNP858<-LNP858,0.3409090909090909,0.03896103896103903,0.5643037518037518,0.012235501567398166,0.4916666666666666,0.06093073593073589,0.5876623376623377,0.10389610389610388,0.5847382431233363,0.10558930695312352,0.19738550848793068,0.23174591512513326
rna_association,4,434,False,LNP193<-LNP782;LNP194<-LNP854;LNP195<-LNP193;LNP782<-LNP194;LNP854<-LNP858;LNP858<-LNP195,0.2532467532467532,-0.048701298701298634,0.5380755608028335,-0.013992689433520167,0.345021645021645,-0.08571428571428569,0.4480519480519481,-0.0357142857142857,0.4375,-0.041648936170212814,-0.1130805588384352,-0.07872015220123262
rna_association,4,435,False,LNP193<-LNP782;LNP194<-LNP854;LNP195<-LNP193;LNP782<-LNP195;LNP854<-LNP194;LNP858<-LNP858,0.3214285714285714,0.019480519480519543,0.5583378427128427,0.006269592476489061,0.4503968253968253,0.0196608946608946,0.551948051948052,0.06818181818181818,0.5418181818181819,0.06266924564796905,0.1218289807746346,0.1561893874118372
rna_association,4,436,False,LNP193<-LNP782;LNP194<-LNP854;LNP195<-LNP193;LNP782<-LNP195;LNP854<-LNP858;LNP858<-LNP194,0.20454545454545447,-0.09740259740259738,0.5226107226107226,-0.02945752762563103,0.31678004535147386,-0.11395588538445683,0.4318181818181818,-0.051948051948051965,0.3454545454545454,-0.1336943907156674,-0.2405228464604172,-0.2061624398232146
rna_association,4,437,False,LNP193<-LNP782;LNP194<-LNP854;LNP195<-LNP193;LNP782<-LNP858;LNP854<-LNP194;LNP858<-LNP195,0.3214285714285714,0.019480519480519543,0.5583378427128427,0.006269592476489061,0.4480158730158729,0.01727994227994223,0.5194805194805195,0.035714285714285754,0.5183946488294314,0.03924571265921861,0.040291148201269084,0.07465155483847166
rna_association,4,438,False,LNP193<-LNP782;LNP194<-LNP854;LNP195<-LNP193;LNP782<-LNP858;LNP854<-LNP195;LNP858<-LNP194,0.3409090909090909,0.03896103896103903,0.5643037518037518,0.012235501567398166,0.4892857142857142,0.05854978354978352,0.6558441558441559,0.1720779220779221,0.6538461538461539,0.17469721767594104,0.40771775315010056,0.44207815978730314
rna_association,4,439,False,LNP193<-LNP782;LNP194<-LNP854;LNP195<-LNP194;LNP782<-LNP193;LNP854<-LNP195;LNP858<-LNP858,0.21428571428571425,-0.08766233766233761,0.5269013183785911,-0.02516693185776253,0.3186377114948543,-0.11209821924107638,0.4318181818181818,-0.051948051948051965,0.3454545454545454,-0.1336943907156674,-0.2405228464604172,-0.2061624398232146
rna_association,4,440,False,LNP193<-LNP782;LNP194<-LNP854;LNP195<-LNP194;LNP782<-LNP193;LNP854<-LNP858;LNP858<-LNP195,0.3409090909090909,0.03896103896103903,0.5618686868686869,0.00980043663233321,0.4916666666666666,0.06093073593073589,0.6558441558441559,0.1720779220779221,0.6538461538461539,0.17469721767594104,0.40771775315010056,0.44207815978730314
rna_association,4,441,False,LNP193<-LNP782;LNP194<-LNP854;LNP195<-LNP194;LNP782<-LNP195;LNP854<-LNP193;LNP858<-LNP858,0.3116883116883116,0.009740259740259771,0.5550910894660894,0.0030228392297357853,0.4404761904761904,0.009740259740259716,0.5162337662337663,0.03246753246753248,0.4957983193277311,0.016649383157518294,0.03999232221113232,0.0743527288483349
rna_association,4,442,False,LNP193<-LNP782;LNP194<-LNP854;LNP195<-LNP194;LNP782<-LNP195;LNP854<-LNP858;LNP858<-LNP193,0.3116883116883116,0.009740259740259771,0.5550910894660894,0.0030228392297357853,0.4404761904761904,0.009740259740259716,0.4837662337662338,0.0,0.4791489361702128,0.0,-0.03436040663720258,0.0
rna_association,4,443,False,LNP193<-LNP782;LNP194<-LNP854;LNP195<-LNP194;LNP782<-LNP858;LNP854<-LNP193;LNP858<-LNP195,0.3409090909090909,0.03896103896103903,0.5643037518037518,0.012235501567398166,0.4916666666666666,0.06093073593073589,0.6558441558441559,0.1720779220779221,0.6538461538461539,0.17469721767594104,0.40771775315010056,0.44207815978730314
rna_association,4,444,False,LNP193<-LNP782;LNP194<-LNP854;LNP195<-LNP194;LNP782<-LNP858;LNP854<-LNP195;LNP858<-LNP193,0.24350649350649345,-0.058441558441558406,0.5349287076559803,-0.017139542580373313,0.3394557823129251,-0.09128014842300558,0.4090909090909091,-0.07467532467532467,0.3333333333333333,-0.1458156028368795,-0.282038037408883,-0.24767763077168042
rna_association,4,445,False,LNP193<-LNP782;LNP194<-LNP854;LNP195<-LNP195;LNP782<-LNP193;LNP854<-LNP194;LNP858<-LNP858,0.1753246753246753,-0.12662337662337655,0.5145928327158734,-0.037475417520480225,0.303898482469911,-0.12683744826601967,0.4318181818181818,-0.051948051948051965,0.3454545454545454,-0.1336943907156674,-0.2405228464604172,-0.2061624398232146
rna_association,4,446,False,LNP193<-LNP782;LNP194<-LNP854;LNP195<-LNP195;LNP782<-LNP193;LNP854<-LNP858;LNP858<-LNP194,0.3409090909090909,0.03896103896103903,0.5618686868686869,0.00980043663233321,0.4916666666666666,0.06093073593073589,0.6558441558441559,0.1720779220779221,0.6538461538461539,0.17469721767594104,0.40771775315010056,0.44207815978730314
rna_association,4,447,False,LNP193<-LNP782;LNP194<-LNP854;LNP195<-LNP195;LNP782<-LNP194;LNP854<-LNP193;LNP858<-LNP858,0.3214285714285714,0.019480519480519543,0.5583378427128427,0.006269592476489061,0.4503968253968253,0.0196608946608946,0.551948051948052,0.06818181818181818,0.5418181818181819,0.06266924564796905,0.1218289807746346,0.1561893874118372
rna_association,4,448,False,LNP193<-LNP782;LNP194<-LNP854;LNP195<-LNP195;LNP782<-LNP194;LNP854<-LNP858;LNP858<-LNP193,0.3214285714285714,0.019480519480519543,0.5583378427128427,0.006269592476489061,0.4503968253968253,0.0196608946608946,0.5194805194805195,0.035714285714285754,0.5183946488294314,0.03924571265921861,0.040291148201269084,0.07465155483847166
rna_association,4,449,False,LNP193<-LNP782;LNP194<-LNP854;LNP195<-LNP195;LNP782<-LNP858;LNP854<-LNP193;LNP858<-LNP194,0.3409090909090909,0.03896103896103903,0.5618686868686869,0.00980043663233321,0.4916666666666666,0.06093073593073589,0.6558441558441559,0.1720779220779221,0.6538461538461539,0.17469721767594104,0.40771775315010056,0.44207815978730314
rna_association,4,450,False,LNP193<-LNP782;LNP194<-LNP854;LNP195<-LNP195;LNP782<-LNP858;LNP854<-LNP194;LNP858<-LNP193,0.22402597402597396,-0.07792207792207789,0.529815071292344,-0.02225317894400969,0.32358276643990924,-0.10715316429602145,0.4090909090909091,-0.07467532467532467,0.3333333333333333,-0.1458156028368795,-0.282038037408883,-0.24767763077168042
rna_association,4,451,False,LNP193<-LNP782;LNP194<-LNP854;LNP195<-LNP858;LNP782<-LNP193;LNP854<-LNP194;LNP858<-LNP195,0.29220779220779214,-0.009740259740259716,0.5486591593272627,-0.003409090909090917,0.4247835497835497,-0.005952380952380987,0.4480519480519481,-0.0357142857142857,0.4375,-0.041648936170212814,-0.1130805588384352,-0.07872015220123262
rna_association,4,452,False,LNP193<-LNP782;LNP194<-LNP854;LNP195<-LNP858;LNP782<-LNP193;LNP854<-LNP195;LNP858<-LNP194,0.3311688311688311,0.02922077922077926,0.5612245729181213,0.009156322681767692,0.47182539682539676,0.041089466089466065,0.551948051948052,0.06818181818181818,0.5418181818181819,0.06266924564796905,0.1218289807746346,0.1561893874118372
rna_association,4,453,False,LNP193<-LNP782;LNP194<-LNP854;LNP195<-LNP858;LNP782<-LNP194;LNP854<-LNP193;LNP858<-LNP195,0.22402597402597396,-0.07792207792207789,0.529815071292344,-0.02225317894400969,0.32358276643990924,-0.10715316429602145,0.34090909090909094,-0.14285714285714285,0.29411764705882354,-0.18503128911138927,-0.39192475766909773,-0.35756435103189516
rna_association,4,454,False,LNP193<-LNP782;LNP194<-LNP854;LNP195<-LNP858;LNP782<-LNP194;LNP854<-LNP195;LNP858<-LNP193,0.3311688311688311,0.02922077922077926,0.5612245729181213,0.009156322681767692,0.47182539682539676,0.041089466089466065,0.5876623376623377,0.10389610389610388,0.5847382431233363,0.10558930695312352,0.19738550848793068,0.23174591512513326
rna_association,4,455,False,LNP193<-LNP782;LNP194<-LNP854;LNP195<-LNP858;LNP782<-LNP195;LNP854<-LNP193;LNP858<-LNP194,0.15584415584415579,-0.14610389610389607,0.5080044688399601,-0.04406378139639355,0.29777603349031917,-0.13295989724561152,0.4318181818181818,-0.051948051948051965,0.3454545454545454,-0.1336943907156674,-0.2405228464604172,-0.2061624398232146
rna_association,4,456,False,LNP193<-LNP782;LNP194<-LNP854;LNP195<-LNP858;LNP782<-LNP195;LNP854<-LNP194;LNP858<-LNP193,0.3214285714285714,0.019480519480519543,0.5583378427128427,0.006269592476489061,0.4503968253968253,0.0196608946608946,0.5162337662337663,0.03246753246753248,0.4957983193277311,0.016649383157518294,0.03999232221113232,0.0743527288483349
rna_association,4,457,False,LNP193<-LNP782;LNP194<-LNP858;LNP195<-LNP193;LNP782<-LNP194;LNP854<-LNP195;LNP858<-LNP854,0.3311688311688311,0.02922077922077926,0.5612245729181213,0.009156322681767692,0.47182539682539676,0.041089466089466065,0.5194805194805195,0.035714285714285754,0.5183946488294314,0.03924571265921861,0.040291148201269084,0.07465155483847166
rna_association,4,458,False,LNP193<-LNP782;LNP194<-LNP858;LNP195<-LNP193;LNP782<-LNP194;LNP854<-LNP854;LNP858<-LNP195,0.3116883116883116,0.009740259740259771,0.5550910894660894,0.0030228392297357853,0.4404761904761904,0.009740259740259716,0.5194805194805195,0.035714285714285754,0.5183946488294314,0.03924571265921861,0.040291148201269084,0.07465155483847166
rna_association,4,459,False,LNP193<-LNP782;LNP194<-LNP858;LNP195<-LNP193;LNP782<-LNP195;LNP854<-LNP194;LNP858<-LNP854,0.3116883116883116,0.009740259740259771,0.5550910894660894,0.0030228392297357853,0.4404761904761904,0.009740259740259716,0.551948051948052,0.06818181818181818,0.5418181818181819,0.06266924564796905,0.1218289807746346,0.1561893874118372
rna_association,4,460,False,LNP193<-LNP782;LNP194<-LNP858;LNP195<-LNP193;LNP782<-LNP195;LNP854<-LNP854;LNP858<-LNP194,0.2727272727272727,-0.029220779220779147,0.5443977956908992,-0.007670454545454453,0.3601576994434137,-0.070578231292517,0.5162337662337663,0.03246753246753248,0.4957983193277311,0.016649383157518294,0.03999232221113232,0.0743527288483349
rna_association,4,461,False,LNP193<-LNP782;LNP194<-LNP858;LNP195<-LNP193;LNP782<-LNP854;LNP854<-LNP194;LNP858<-LNP195,0.3214285714285714,0.019480519480519543,0.5583378427128427,0.006269592476489061,0.4503968253968253,0.0196608946608946,0.5194805194805195,0.035714285714285754,0.5183946488294314,0.03924571265921861,0.040291148201269084,0.07465155483847166
rna_association,4,462,False,LNP193<-LNP782;LNP194<-LNP858;LNP195<-LNP193;LNP782<-LNP854;LNP854<-LNP195;LNP858<-LNP194,0.3409090909090909,0.03896103896103903,0.5643037518037518,0.012235501567398166,0.4916666666666666,0.06093073593073589,0.6558441558441559,0.1720779220779221,0.6538461538461539,0.17469721767594104,0.40771775315010056,0.44207815978730314
rna_association,4,463,False,LNP193<-LNP782;LNP194<-LNP858;LNP195<-LNP194;LNP782<-LNP193;LNP854<-LNP195;LNP858<-LNP854,0.3214285714285714,0.019480519480519543,0.5583378427128427,0.006269592476489061,0.4503968253968253,0.0196608946608946,0.551948051948052,0.06818181818181818,0.5418181818181819,0.06266924564796905,0.1218289807746346,0.1561893874118372
rna_association,4,464,False,LNP193<-LNP782;LNP194<-LNP858;LNP195<-LNP194;LNP782<-LNP193;LNP854<-LNP854;LNP858<-LNP195,0.3409090909090909,0.03896103896103903,0.5643037518037518,0.012235501567398166,0.4916666666666666,0.06093073593073589,0.6558441558441559,0.1720779220779221,0.6538461538461539,0.17469721767594104,0.40771775315010056,0.44207815978730314
rna_association,4,465,False,LNP193<-LNP782;LNP194<-LNP858;LNP195<-LNP194;LNP782<-LNP195;LNP854<-LNP193;LNP858<-LNP854,0.3116883116883116,0.009740259740259771,0.5550910894660894,0.0030228392297357853,0.4404761904761904,0.009740259740259716,0.5194805194805195,0.035714285714285754,0.5183946488294314,0.03924571265921861,0.040291148201269084,0.07465155483847166
rna_association,4,466,False,LNP193<-LNP782;LNP194<-LNP858;LNP195<-LNP194;LNP782<-LNP195;LNP854<-LNP854;LNP858<-LNP193,0.25324675324675316,-0.04870129870129869,0.5378418516349551,-0.014226398601398516,0.34863945578231287,-0.08209647495361783,0.4480519480519481,-0.0357142857142857,0.4375,-0.041648936170212814,-0.1130805588384352,-0.07872015220123262
rna_association,4,467,False,LNP193<-LNP782;LNP194<-LNP858;LNP195<-LNP194;LNP782<-LNP854;LNP854<-LNP193;LNP858<-LNP195,0.3311688311688311,0.02922077922077926,0.5612245729181213,0.009156322681767692,0.47182539682539676,0.041089466089466065,0.5876623376623377,0.10389610389610388,0.5847382431233363,0.10558930695312352,0.19738550848793068,0.23174591512513326
rna_association,4,468,False,LNP193<-LNP782;LNP194<-LNP858;LNP195<-LNP194;LNP782<-LNP854;LNP854<-LNP195;LNP858<-LNP193,0.21428571428571425,-0.08766233766233761,0.5269013183785911,-0.02516693185776253,0.3186377114948543,-0.11209821924107638,0.34090909090909094,-0.14285714285714285,0.29411764705882354,-0.18503128911138927,-0.39192475766909773,-0.35756435103189516
rna_association,4,469,False,LNP193<-LNP782;LNP194<-LNP858;LNP195<-LNP195;LNP782<-LNP193;LNP854<-LNP194;LNP858<-LNP854,0.3214285714285714,0.019480519480519543,0.5583378427128427,0.006269592476489061,0.4503968253968253,0.0196608946608946,0.551948051948052,0.06818181818181818,0.5418181818181819,0.06266924564796905,0.1218289807746346,0.1561893874118372
rna_association,4,470,False,LNP193<-LNP782;LNP194<-LNP858;LNP195<-LNP195;LNP782<-LNP193;LNP854<-LNP854;LNP858<-LNP194,0.3409090909090909,0.03896103896103903,0.5643037518037518,0.012235501567398166,0.4916666666666666,0.06093073593073589,0.6558441558441559,0.1720779220779221,0.6538461538461539,0.17469721767594104,0.40771775315010056,0.44207815978730314
rna_association,4,471,False,LNP193<-LNP782;LNP194<-LNP858;LNP195<-LNP195;LNP782<-LNP194;LNP854<-LNP193;LNP858<-LNP854,0.3214285714285714,0.019480519480519543,0.5583378427128427,0.006269592476489061,0.4503968253968253,0.0196608946608946,0.5194805194805195,0.035714285714285754,0.5183946488294314,0.03924571265921861,0.040291148201269084,0.07465155483847166
rna_association,4,472,False,LNP193<-LNP782;LNP194<-LNP858;LNP195<-LNP195;LNP782<-LNP194;LNP854<-LNP854;LNP858<-LNP193,0.25324675324675316,-0.04870129870129869,0.5378418516349551,-0.014226398601398516,0.34863945578231287,-0.08209647495361783,0.4480519480519481,-0.0357142857142857,0.4375,-0.041648936170212814,-0.1130805588384352,-0.07872015220123262
rna_association,4,473,False,LNP193<-LNP782;LNP194<-LNP858;LNP195<-LNP195;LNP782<-LNP854;LNP854<-LNP193;LNP858<-LNP194,0.3409090909090909,0.03896103896103903,0.5643037518037518,0.012235501567398166,0.4916666666666666,0.06093073593073589,0.5876623376623377,0.10389610389610388,0.5847382431233363,0.10558930695312352,0.19738550848793068,0.23174591512513326
rna_association,4,474,False,LNP193<-LNP782;LNP194<-LNP858;LNP195<-LNP195;LNP782<-LNP854;LNP854<-LNP194;LNP858<-LNP193,0.19480519480519481,-0.10714285714285704,0.521556134565539,-0.030512115670814688,0.3107012035583464,-0.12003472717758429,0.34090909090909094,-0.14285714285714285,0.29411764705882354,-0.18503128911138927,-0.39192475766909773,-0.35756435103189516
rna_association,4,475,False,LNP193<-LNP782;LNP194<-LNP858;LNP195<-LNP854;LNP782<-LNP193;LNP854<-LNP194;LNP858<-LNP195,0.3311688311688311,0.02922077922077926,0.5612245729181213,0.009156322681767692,0.4694444444444444,0.03870851370851369,0.5876623376623377,0.10389610389610388,0.5847382431233363,0.10558930695312352,0.19738550848793068,0.23174591512513326
rna_association,4,476,False,LNP193<-LNP782;LNP194<-LNP858;LNP195<-LNP854;LNP782<-LNP193;LNP854<-LNP195;LNP858<-LNP194,0.3409090909090909,0.03896103896103903,0.5643037518037518,0.012235501567398166,0.4916666666666666,0.06093073593073589,0.5876623376623377,0.10389610389610388,0.5847382431233363,0.10558930695312352,0.19738550848793068,0.23174591512513326
rna_association,4,477,False,LNP193<-LNP782;LNP194<-LNP858;LNP195<-LNP854;LNP782<-LNP194;LNP854<-LNP193;LNP858<-LNP195,0.30194805194805185,0.0,0.5520682502363536,0.0,0.4307359307359307,0.0,0.5194805194805195,0.035714285714285754,0.5183946488294314,0.03924571265921861,0.040291148201269084,0.07465155483847166
rna_association,4,478,False,LNP193<-LNP782;LNP194<-LNP858;LNP195<-LNP854;LNP782<-LNP194;LNP854<-LNP195;LNP858<-LNP193,0.27272727272727265,-0.029220779220779203,0.5428005293209055,-0.009267720915448141,0.3962585034013605,-0.03447742733457021,0.3798701298701299,-0.10389610389610388,0.37777777777777777,-0.10137115839243505,-0.24384888118172945,-0.20948847454452688
rna_association,4,479,False,LNP193<-LNP782;LNP194<-LNP858;LNP195<-LNP854;LNP782<-LNP195;LNP854<-LNP193;LNP858<-LNP194,0.2727272727272727,-0.029220779220779147,0.5443977956908992,-0.007670454545454453,0.3601576994434137,-0.070578231292517,0.4480519480519481,-0.0357142857142857,0.4375,-0.041648936170212814,-0.1130805588384352,-0.07872015220123262
rna_association,4,480,False,LNP193<-LNP782;LNP194<-LNP858;LNP195<-LNP854;LNP782<-LNP195;LNP854<-LNP194;LNP858<-LNP193,0.25324675324675316,-0.04870129870129869,0.5377500242704004,-0.014318225965953224,0.34863945578231287,-0.08209647495361783,0.4480519480519481,-0.0357142857142857,0.4375,-0.041648936170212814,-0.1130805588384352,-0.07872015220123262
rna_association,4,481,False,LNP193<-LNP854;LNP194<-LNP193;LNP195<-LNP194;LNP782<-LNP195;LNP854<-LNP782;LNP858<-LNP858,0.30194805194805185,0.0,0.5520682502363536,0.0,0.4307359307359307,0.0,0.4837662337662338,0.0,0.4791489361702128,0.0,-0.03436040663720258,0.0
rna_association,4,482,False,LNP193<-LNP854;LNP194<-LNP193;LNP195<-LNP194;LNP782<-LNP195;LNP854<-LNP858;LNP858<-LNP782,0.3311688311688311,0.02922077922077926,0.5612245729181213,0.009156322681767692,0.47182539682539676,0.041089466089466065,0.551948051948052,0.06818181818181818,0.5418181818181819,0.06266924564796905,0.1218289807746346,0.1561893874118372
rna_association,4,483,False,LNP193<-LNP854;LNP194<-LNP193;LNP195<-LNP194;LNP782<-LNP782;LNP854<-LNP195;LNP858<-LNP858,0.1753246753246753,-0.12662337662337655,0.5143097643097643,-0.03775848592658937,0.303898482469911,-0.12683744826601967,0.4318181818181818,-0.051948051948051965,0.3454545454545454,-0.1336943907156674,-0.2405228464604172,-0.2061624398232146
rna_association,4,484,False,LNP193<-LNP854;LNP194<-LNP193;LNP195<-LNP194;LNP782<-LNP782;LNP854<-LNP858;LNP858<-LNP195,0.3409090909090909,0.03896103896103903,0.5643037518037518,0.012235501567398166,0.4916666666666666,0.06093073593073589,0.6558441558441559,0.1720779220779221,0.6538461538461539,0.17469721767594104,0.40771775315010056,0.44207815978730314
rna_association,4,485,False,LNP193<-LNP854;LNP194<-LNP193;LNP195<-LNP194;LNP782<-LNP858;LNP854<-LNP195;LNP858<-LNP782,0.15584415584415579,-0.14610389610389607,0.507841923849829,-0.044226326386524684,0.29777603349031917,-0.13295989724561152,0.5,0.01623376623376621,0.37931034482758613,-0.09983859134262668,0.0,0.03436040663720258
rna_association,4,486,False,LNP193<-LNP854;LNP194<-LNP193;LNP195<-LNP194;LNP782<-LNP858;LNP854<-LNP782;LNP858<-LNP195,0.3409090909090909,0.03896103896103903,0.5643037518037518,0.012235501567398166,0.4916666666666666,0.06093073593073589,0.6558441558441559,0.1720779220779221,0.6538461538461539,0.17469721767594104,0.40771775315010056,0.44207815978730314
rna_association,4,487,False,LNP193<-LNP854;LNP194<-LNP193;LNP195<-LNP195;LNP782<-LNP194;LNP854<-LNP782;LNP858<-LNP858,0.3116883116883116,0.009740259740259771,0.5550910894660894,0.0030228392297357853,0.4404761904761904,0.009740259740259716,0.4837662337662338,0.0,0.4791489361702128,0.0,-0.03436040663720258,0.0
rna_association,4,488,False,LNP193<-LNP854;LNP194<-LNP193;LNP195<-LNP195;LNP782<-LNP194;LNP854<-LNP858;LNP858<-LNP782,0.3311688311688311,0.02922077922077926,0.5612245729181213,0.009156322681767692,0.47182539682539676,0.041089466089466065,0.5876623376623377,0.10389610389610388,0.5847382431233363,0.10558930695312352,0.19738550848793068,0.23174591512513326
rna_association,4,489,False,LNP193<-LNP854;LNP194<-LNP193;LNP195<-LNP195;LNP782<-LNP782;LNP854<-LNP194;LNP858<-LNP858,0.1753246753246753,-0.12662337662337655,0.5143097643097643,-0.03775848592658937,0.303898482469911,-0.12683744826601967,0.4318181818181818,-0.051948051948051965,0.3454545454545454,-0.1336943907156674,-0.2405228464604172,-0.2061624398232146
rna_association,4,490,False,LNP193<-LNP854;LNP194<-LNP193;LNP195<-LNP195;LNP782<-LNP782;LNP854<-LNP858;LNP858<-LNP194,0.3409090909090909,0.03896103896103903,0.5643037518037518,0.012235501567398166,0.4916666666666666,0.06093073593073589,0.6558441558441559,0.1720779220779221,0.6538461538461539,0.17469721767594104,0.40771775315010056,0.44207815978730314
rna_association,4,491,False,LNP193<-LNP854;LNP194<-LNP193;LNP195<-LNP195;LNP782<-LNP858;LNP854<-LNP194;LNP858<-LNP782,0.15584415584415579,-0.14610389610389607,0.507841923849829,-0.044226326386524684,0.29777603349031917,-0.13295989724561152,0.5,0.01623376623376621,0.37931034482758613,-0.09983859134262668,0.0,0.03436040663720258
rna_association,4,492,False,LNP193<-LNP854;LNP194<-LNP193;LNP195<-LNP195;LNP782<-LNP858;LNP854<-LNP782;LNP858<-LNP194,0.3409090909090909,0.03896103896103903,0.5643037518037518,0.012235501567398166,0.4916666666666666,0.06093073593073589,0.6558441558441559,0.1720779220779221,0.6538461538461539,0.17469721767594104,0.40771775315010056,0.44207815978730314
rna_association,4,493,False,LNP193<-LNP854;LNP194<-LNP193;LNP195<-LNP782;LNP782<-LNP194;LNP854<-LNP195;LNP858<-LNP858,0.3409090909090909,0.03896103896103903,0.5618686868686869,0.00980043663233321,0.4916666666666666,0.06093073593073589,0.6558441558441559,0.1720779220779221,0.6538461538461539,0.17469721767594104,0.40771775315010056,0.44207815978730314
rna_association,4,494,False,LNP193<-LNP854;LNP194<-LNP193;LNP195<-LNP782;LNP782<-LNP194;LNP854<-LNP858;LNP858<-LNP195,0.1753246753246753,-0.12662337662337655,0.5144723092998954,-0.03759594093645824,0.303898482469911,-0.12683744826601967,0.4318181818181818,-0.051948051948051965,0.3454545454545454,-0.1336943907156674,-0.2405228464604172,-0.2061624398232146
rna_association,4,495,False,LNP193<-LNP854;LNP194<-LNP193;LNP195<-LNP782;LNP782<-LNP195;LNP854<-LNP194;LNP858<-LNP858,0.3409090909090909,0.03896103896103903,0.5618686868686869,0.00980043663233321,0.4916666666666666,0.06093073593073589,0.6558441558441559,0.1720779220779221,0.6538461538461539,0.17469721767594104,0.40771775315010056,0.44207815978730314
rna_association,4,496,False,LNP193<-LNP854;LNP194<-LNP193;LNP195<-LNP782;LNP782<-LNP195;LNP854<-LNP858;LNP858<-LNP194,0.13636363636363635,-0.1655844155844155,0.5019130700948883,-0.05015518014146536,0.29257071249552447,-0.13816521824040623,0.4318181818181818,-0.051948051948051965,0.3454545454545454,-0.1336943907156674,-0.2405228464604172,-0.2061624398232146
rna_association,4,497,False,LNP193<-LNP854;LNP194<-LNP193;LNP195<-LNP782;LNP782<-LNP858;LNP854<-LNP194;LNP858<-LNP195,0.30194805194805185,0.0,0.5520682502363536,0.0,0.42835497835497827,-0.002380952380952428,0.4480519480519481,-0.0357142857142857,0.4375,-0.041648936170212814,-0.1130805588384352,-0.07872015220123262
rna_association,4,498,False,LNP193<-LNP854;LNP194<-LNP193;LNP195<-LNP782;LNP782<-LNP858;LNP854<-LNP195;LNP858<-LNP194,0.3409090909090909,0.03896103896103903,0.5643037518037518,0.012235501567398166,0.4916666666666666,0.06093073593073589,0.6201298701298701,0.1363636363636363,0.6067527308838134,0.12760379471360062,0.33868074965743356,0.37304115629463613
rna_association,4,499,False,LNP193<-LNP854;LNP194<-LNP193;LNP195<-LNP858;LNP782<-LNP194;LNP854<-LNP195;LNP858<-LNP782,0.3409090909090909,0.03896103896103903,0.5643037518037518,0.012235501567398166,0.4916666666666666,0.06093073593073589,0.6558441558441559,0.1720779220779221,0.6538461538461539,0.17469721767594104,0.40771775315010056,0.44207815978730314
rna_association,4,500,False,LNP193<-LNP854;LNP194<-LNP193;LNP195<-LNP858;LNP782<-LNP194;LNP854<-LNP782;LNP858<-LNP195,0.15584415584415579,-0.14610389610389607,0.507841923849829,-0.044226326386524684,0.29777603349031917,-0.13295989724561152,0.4318181818181818,-0.051948051948051965,0.3454545454545454,-0.1336943907156674,-0.2405228464604172,-0.2061624398232146
rna_association,4,501,False,LNP193<-LNP854;LNP194<-LNP193;LNP195<-LNP858;LNP782<-LNP195;LNP854<-LNP194;LNP858<-LNP782,0.3409090909090909,0.03896103896103903,0.5643037518037518,0.012235501567398166,0.4916666666666666,0.06093073593073589,0.6558441558441559,0.1720779220779221,0.6538461538461539,0.17469721767594104,0.40771775315010056,0.44207815978730314
rna_association,4,502,False,LNP193<-LNP854;LNP194<-LNP193;LNP195<-LNP858;LNP782<-LNP195;LNP854<-LNP782;LNP858<-LNP194,0.09740259740259741,-0.20454545454545445,0.4914235596053778,-0.06064469063097583,0.28463420455901656,-0.14610172617691414,0.4318181818181818,-0.051948051948051965,0.3454545454545454,-0.1336943907156674,-0.2405228464604172,-0.2061624398232146
rna_association,4,503,False,LNP193<-LNP854;LNP194<-LNP193;LNP195<-LNP858;LNP782<-LNP782;LNP854<-LNP194;LNP858<-LNP195,0.29220779220779214,-0.009740259740259716,0.5486591593272627,-0.003409090909090917,0.42240259740259734,-0.00833333333333336,0.4480519480519481,-0.0357142857142857,0.4375,-0.041648936170212814,-0.1130805588384352,-0.07872015220123262
rna_association,4,504,False,LNP193<-LNP854;LNP194<-LNP193;LNP195<-LNP858;LNP782<-LNP782;LNP854<-LNP195;LNP858<-LNP194,0.3311688311688311,0.02922077922077926,0.5612245729181213,0.009156322681767692,0.47182539682539676,0.041089466089466065,0.6201298701298701,0.1363636363636363,0.6067527308838134,0.12760379471360062,0.33868074965743356,0.37304115629463613
rna_association,4,505,False,LNP193<-LNP854;LNP194<-LNP194;LNP195<-LNP193;LNP782<-LNP195;LNP854<-LNP782;LNP858<-LNP858,0.3214285714285714,0.019480519480519543,0.5583378427128427,0.006269592476489061,0.4480158730158729,0.01727994227994223,0.5876623376623377,0.10389610389610388,0.5847382431233363,0.10558930695312352,0.19738550848793068,0.23174591512513326
rna_association,4,506,False,LNP193<-LNP854;LNP194<-LNP194;LNP195<-LNP193;LNP782<-LNP195;LNP854<-LNP858;LNP858<-LNP782,0.3409090909090909,0.03896103896103903,0.5643037518037518,0.012235501567398166,0.4916666666666666,0.06093073593073589,0.5876623376623377,0.10389610389610388,0.5847382431233363,0.10558930695312352,0.19738550848793068,0.23174591512513326
rna_association,4,507,False,LNP193<-LNP854;LNP194<-LNP194;LNP195<-LNP193;LNP782<-LNP782;LNP854<-LNP195;LNP858<-LNP858,0.262987012987013,-0.03896103896103886,0.5414846517119244,-0.01058359852442925,0.35097402597402594,-0.07976190476190476,0.4480519480519481,-0.0357142857142857,0.4375,-0.041648936170212814,-0.1130805588384352,-0.07872015220123262
rna_association,4,508,False,LNP193<-LNP854;LNP194<-LNP194;LNP195<-LNP193;LNP782<-LNP782;LNP854<-LNP858;LNP858<-LNP195,0.24350649350649345,-0.058441558441558406,0.5349287076559803,-0.017139542580373313,0.3394557823129251,-0.09128014842300558,0.4480519480519481,-0.0357142857142857,0.4375,-0.041648936170212814,-0.1130805588384352,-0.07872015220123262
rna_association,4,509,False,LNP193<-LNP854;LNP194<-LNP194;LNP195<-LNP193;LNP782<-LNP858;LNP854<-LNP195;LNP858<-LNP782,0.3116883116883116,0.009740259740259771,0.5550910894660894,0.0030228392297357853,0.4404761904761904,0.009740259740259716,0.4837662337662338,0.0,0.4791489361702128,0.0,-0.03436040663720258,0.0
rna_association,4,510,False,LNP193<-LNP854;LNP194<-LNP194;LNP195<-LNP193;LNP782<-LNP858;LNP854<-LNP782;LNP858<-LNP195,0.24350649350649345,-0.058441558441558406,0.5349287076559803,-0.017139542580373313,0.3394557823129251,-0.09128014842300558,0.48051948051948057,-0.00324675324675322,0.44615384615384623,-0.03299509001636658,-0.050964719143762376,-0.016604312506559797
rna_association,4,511,False,LNP193<-LNP854;LNP194<-LNP194;LNP195<-LNP195;LNP782<-LNP193;LNP854<-LNP782;LNP858<-LNP858,0.3116883116883116,0.009740259740259771,0.5550910894660894,0.0030228392297357853,0.4404761904761904,0.009740259740259716,0.551948051948052,0.06818181818181818,0.5418181818181819,0.06266924564796905,0.1218289807746346,0.1561893874118372
rna_association,4,512,False,LNP193<-LNP854;LNP194<-LNP194;LNP195<-LNP195;LNP782<-LNP193;LNP854<-LNP858;LNP858<-LNP782,0.3311688311688311,0.02922077922077926,0.5612245729181213,0.009156322681767692,0.47182539682539676,0.041089466089466065,0.551948051948052,0.06818181818181818,0.5418181818181819,0.06266924564796905,0.1218289807746346,0.1561893874118372
rna_association,4,513,False,LNP193<-LNP854;LNP194<-LNP194;LNP195<-LNP195;LNP782<-LNP782;LNP854<-LNP193;LNP858<-LNP858,0.25324675324675316,-0.04870129870129869,0.5378418516349551,-0.014226398601398516,0.34863945578231287,-0.08209647495361783,0.5162337662337663,0.03246753246753248,0.4957983193277311,0.016649383157518294,0.03999232221113232,0.0743527288483349
rna_association,4,514,False,LNP193<-LNP854;LNP194<-LNP194;LNP195<-LNP195;LNP782<-LNP782;LNP854<-LNP858;LNP858<-LNP193,0.3116883116883116,0.009740259740259771,0.5550910894660894,0.0030228392297357853,0.4404761904761904,0.009740259740259716,0.551948051948052,0.06818181818181818,0.5418181818181819,0.06266924564796905,0.1218289807746346,0.1561893874118372
rna_association,4,515,False,LNP193<-LNP854;LNP194<-LNP194;LNP195<-LNP195;LNP782<-LNP858;LNP854<-LNP193;LNP858<-LNP782,0.30194805194805185,0.0,0.5516819985569985,-0.00038625167935513183,0.4345238095238095,0.0037878787878787845,0.5162337662337663,0.03246753246753248,0.4957983193277311,0.016649383157518294,0.03999232221113232,0.0743527288483349
rna_association,4,516,False,LNP193<-LNP854;LNP194<-LNP194;LNP195<-LNP195;LNP782<-LNP858;LNP854<-LNP782;LNP858<-LNP193,0.30194805194805185,0.0,0.5516819985569985,-0.00038625167935513183,0.4345238095238095,0.0037878787878787845,0.551948051948052,0.06818181818181818,0.5418181818181819,0.06266924564796905,0.1218289807746346,0.1561893874118372
rna_association,4,517,False,LNP193<-LNP854;LNP194<-LNP194;LNP195<-LNP782;LNP782<-LNP193;LNP854<-LNP195;LNP858<-LNP858,0.3214285714285714,0.019480519480519543,0.5583378427128427,0.006269592476489061,0.4503968253968253,0.0196608946608946,0.5194805194805195,0.035714285714285754,0.5183946488294314,0.03924571265921861,0.040291148201269084,0.07465155483847166
rna_association,4,518,False,LNP193<-LNP854;LNP194<-LNP194;LNP195<-LNP782;LNP782<-LNP193;LNP854<-LNP858;LNP858<-LNP195,0.1753246753246753,-0.12662337662337655,0.5144723092998954,-0.03759594093645824,0.303898482469911,-0.12683744826601967,0.4318181818181818,-0.051948051948051965,0.3454545454545454,-0.1336943907156674,-0.2405228464604172,-0.2061624398232146
rna_association,4,519,False,LNP193<-LNP854;LNP194<-LNP194;LNP195<-LNP782;LNP782<-LNP195;LNP854<-LNP193;LNP858<-LNP858,0.3409090909090909,0.03896103896103903,0.5643037518037518,0.012235501567398166,0.4916666666666666,0.06093073593073589,0.5876623376623377,0.10389610389610388,0.5847382431233363,0.10558930695312352,0.19738550848793068,0.23174591512513326
rna_association,4,520,False,LNP193<-LNP854;LNP194<-LNP194;LNP195<-LNP782;LNP782<-LNP195;LNP854<-LNP858;LNP858<-LNP193,0.3214285714285714,0.019480519480519543,0.5583378427128427,0.006269592476489061,0.4503968253968253,0.0196608946608946,0.5876623376623377,0.10389610389610388,0.5847382431233363,0.10558930695312352,0.19738550848793068,0.23174591512513326
rna_association,4,521,False,LNP193<-LNP854;LNP194<-LNP194;LNP195<-LNP782;LNP782<-LNP858;LNP854<-LNP193;LNP858<-LNP195,0.24350649350649345,-0.058441558441558406,0.5349287076559803,-0.017139542580373313,0.3394557823129251,-0.09128014842300558,0.48051948051948057,-0.00324675324675322,0.44615384615384623,-0.03299509001636658,-0.050964719143762376,-0.016604312506559797
rna_association,4,522,False,LNP193<-LNP854;LNP194<-LNP194;LNP195<-LNP782;LNP782<-LNP858;LNP854<-LNP195;LNP858<-LNP193,0.30194805194805185,0.0,0.5520682502363536,0.0,0.4307359307359307,0.0,0.4837662337662338,0.0,0.4791489361702128,0.0,-0.03436040663720258,0.0
rna_association,4,523,False,LNP193<-LNP854;LNP194<-LNP194;LNP195<-LNP858;LNP782<-LNP193;LNP854<-LNP195;LNP858<-LNP782,0.3311688311688311,0.02922077922077926,0.5612245729181213,0.009156322681767692,0.47182539682539676,0.041089466089466065,0.5876623376623377,0.10389610389610388,0.5847382431233363,0.10558930695312352,0.19738550848793068,0.23174591512513326
rna_association,4,524,False,LNP193<-LNP854;LNP194<-LNP194;LNP195<-LNP858;LNP782<-LNP193;LNP854<-LNP782;LNP858<-LNP195,0.1753246753246753,-0.12662337662337655,0.5144723092998954,-0.03759594093645824,0.303898482469911,-0.12683744826601967,0.4318181818181818,-0.051948051948051965,0.3454545454545454,-0.1336943907156674,-0.2405228464604172,-0.2061624398232146
rna_association,4,525,False,LNP193<-LNP854;LNP194<-LNP194;LNP195<-LNP858;LNP782<-LNP195;LNP854<-LNP193;LNP858<-LNP782,0.3409090909090909,0.03896103896103903,0.5643037518037518,0.012235501567398166,0.4916666666666666,0.06093073593073589,0.5876623376623377,0.10389610389610388,0.5847382431233363,0.10558930695312352,0.19738550848793068,0.23174591512513326
rna_association,4,526,False,LNP193<-LNP854;LNP194<-LNP194;LNP195<-LNP858;LNP782<-LNP195;LNP854<-LNP782;LNP858<-LNP193,0.2922077922077922,-0.00974025974025966,0.5506673881673881,-0.0014008620689655027,0.3774376417233559,-0.05329828901257477,0.5876623376623377,0.10389610389610388,0.5847382431233363,0.10558930695312352,0.19738550848793068,0.23174591512513326
rna_association,4,527,False,LNP193<-LNP854;LNP194<-LNP194;LNP195<-LNP858;LNP782<-LNP782;LNP854<-LNP193;LNP858<-LNP195,0.22402597402597396,-0.07792207792207789,0.529815071292344,-0.02225317894400969,0.32358276643990924,-0.10715316429602145,0.34090909090909094,-0.14285714285714285,0.29411764705882354,-0.18503128911138927,-0.39192475766909773,-0.35756435103189516
rna_association,4,528,False,LNP193<-LNP854;LNP194<-LNP194;LNP195<-LNP858;LNP782<-LNP782;LNP854<-LNP195;LNP858<-LNP193,0.29220779220779214,-0.009740259740259716,0.5493564733768496,-0.002711776859504078,0.4077767470624613,-0.022959183673469385,0.4837662337662338,0.0,0.4791489361702128,0.0,-0.03436040663720258,0.0
rna_association,4,529,False,LNP193<-LNP854;LNP194<-LNP195;LNP195<-LNP193;LNP782<-LNP194;LNP854<-LNP782;LNP858<-LNP858,0.3214285714285714,0.019480519480519543,0.5583378427128427,0.006269592476489061,0.4480158730158729,0.01727994227994223,0.5876623376623377,0.10389610389610388,0.5847382431233363,0.10558930695312352,0.19738550848793068,0.23174591512513326
rna_association,4,530,False,LNP193<-LNP854;LNP194<-LNP195;LNP195<-LNP193;LNP782<-LNP194;LNP854<-LNP858;LNP858<-LNP782,0.3409090909090909,0.03896103896103903,0.5643037518037518,0.012235501567398166,0.4916666666666666,0.06093073593073589,0.5876623376623377,0.10389610389610388,0.5847382431233363,0.10558930695312352,0.19738550848793068,0.23174591512513326
rna_association,4,531,False,LNP193<-LNP854;LNP194<-LNP195;LNP195<-LNP193;LNP782<-LNP782;LNP854<-LNP194;LNP858<-LNP858,0.262987012987013,-0.03896103896103886,0.5414846517119244,-0.01058359852442925,0.35097402597402594,-0.07976190476190476,0.4480519480519481,-0.0357142857142857,0.4375,-0.041648936170212814,-0.1130805588384352,-0.07872015220123262
rna_association,4,532,False,LNP193<-LNP854;LNP194<-LNP195;LNP195<-LNP193;LNP782<-LNP782;LNP854<-LNP858;LNP858<-LNP194,0.2532467532467532,-0.048701298701298634,0.5380755608028335,-0.013992689433520167,0.345021645021645,-0.08571428571428569,0.4090909090909091,-0.07467532467532467,0.3333333333333333,-0.1458156028368795,-0.282038037408883,-0.24767763077168042
rna_association,4,533,False,LNP193<-LNP854;LNP194<-LNP195;LNP195<-LNP193;LNP782<-LNP858;LNP854<-LNP194;LNP858<-LNP782,0.30194805194805185,0.0,0.5520682502363536,0.0,0.4307359307359307,0.0,0.4480519480519481,-0.0357142857142857,0.4375,-0.041648936170212814,-0.1130805588384352,-0.07872015220123262
rna_association,4,534,False,LNP193<-LNP854;LNP194<-LNP195;LNP195<-LNP193;LNP782<-LNP858;LNP854<-LNP782;LNP858<-LNP194,0.2532467532467532,-0.048701298701298634,0.5380755608028335,-0.013992689433520167,0.345021645021645,-0.08571428571428569,0.4090909090909091,-0.07467532467532467,0.3333333333333333,-0.1458156028368795,-0.282038037408883,-0.24767763077168042
rna_association,4,535,False,LNP193<-LNP854;LNP194<-LNP195;LNP195<-LNP194;LNP782<-LNP193;LNP854<-LNP782;LNP858<-LNP858,0.30194805194805185,0.0,0.5520682502363536,0.0,0.4307359307359307,0.0,0.4837662337662338,0.0,0.4791489361702128,0.0,-0.03436040663720258,0.0
rna_association,4,536,False,LNP193<-LNP854;LNP194<-LNP195;LNP195<-LNP194;LNP782<-LNP193;LNP854<-LNP858;LNP858<-LNP782,0.3311688311688311,0.02922077922077926,0.5612245729181213,0.009156322681767692,0.47182539682539676,0.041089466089466065,0.551948051948052,0.06818181818181818,0.5418181818181819,0.06266924564796905,0.1218289807746346,0.1561893874118372
rna_association,4,537,False,LNP193<-LNP854;LNP194<-LNP195;LNP195<-LNP194;LNP782<-LNP782;LNP854<-LNP193;LNP858<-LNP858,0.25324675324675316,-0.04870129870129869,0.5378418516349551,-0.014226398601398516,0.34863945578231287,-0.08209647495361783,0.5162337662337663,0.03246753246753248,0.4957983193277311,0.016649383157518294,0.03999232221113232,0.0743527288483349
rna_association,4,538,False,LNP193<-LNP854;LNP194<-LNP195;LNP195<-LNP194;LNP782<-LNP782;LNP854<-LNP858;LNP858<-LNP193,0.3116883116883116,0.009740259740259771,0.5550910894660894,0.0030228392297357853,0.4404761904761904,0.009740259740259716,0.551948051948052,0.06818181818181818,0.5418181818181819,0.06266924564796905,0.1218289807746346,0.1561893874118372
rna_association,4,539,False,LNP193<-LNP854;LNP194<-LNP195;LNP195<-LNP194;LNP782<-LNP858;LNP854<-LNP193;LNP858<-LNP782,0.30194805194805185,0.0,0.5516819985569985,-0.00038625167935513183,0.4345238095238095,0.0037878787878787845,0.5162337662337663,0.03246753246753248,0.4957983193277311,0.016649383157518294,0.03999232221113232,0.0743527288483349
rna_association,4,540,False,LNP193<-LNP854;LNP194<-LNP195;LNP195<-LNP194;LNP782<-LNP858;LNP854<-LNP782;LNP858<-LNP193,0.30194805194805185,0.0,0.5516819985569985,-0.00038625167935513183,0.4345238095238095,0.0037878787878787845,0.551948051948052,0.06818181818181818,0.5418181818181819,0.06266924564796905,0.1218289807746346,0.1561893874118372
rna_association,4,541,False,LNP193<-LNP854;LNP194<-LNP195;LNP195<-LNP782;LNP782<-LNP193;LNP854<-LNP194;LNP858<-LNP858,0.3116883116883116,0.009740259740259771,0.5550910894660894,0.0030228392297357853,0.4404761904761904,0.009740259740259716,0.4837662337662338,0.0,0.4791489361702128,0.0,-0.03436040663720258,0.0
rna_association,4,542,False,LNP193<-LNP854;LNP194<-LNP195;LNP195<-LNP782;LNP782<-LNP193;LNP854<-LNP858;LNP858<-LNP194,0.22402597402597396,-0.07792207792207789,0.529694547876366,-0.02237370235998759,0.32358276643990924,-0.10715316429602145,0.4318181818181818,-0.051948051948051965,0.3454545454545454,-0.1336943907156674,-0.2405228464604172,-0.2061624398232146
rna_association,4,543,False,LNP193<-LNP854;LNP194<-LNP195;LNP195<-LNP782;LNP782<-LNP194;LNP854<-LNP193;LNP858<-LNP858,0.3409090909090909,0.03896103896103903,0.5643037518037518,0.012235501567398166,0.4916666666666666,0.06093073593073589,0.5876623376623377,0.10389610389610388,0.5847382431233363,0.10558930695312352,0.19738550848793068,0.23174591512513326
rna_association,4,544,False,LNP193<-LNP854;LNP194<-LNP195;LNP195<-LNP782;LNP782<-LNP194;LNP854<-LNP858;LNP858<-LNP193,0.3214285714285714,0.019480519480519543,0.5583378427128427,0.006269592476489061,0.4503968253968253,0.0196608946608946,0.5876623376623377,0.10389610389610388,0.5847382431233363,0.10558930695312352,0.19738550848793068,0.23174591512513326
rna_association,4,545,False,LNP193<-LNP854;LNP194<-LNP195;LNP195<-LNP782;LNP782<-LNP858;LNP854<-LNP193;LNP858<-LNP194,0.262987012987013,-0.03896103896103886,0.5414846517119244,-0.01058359852442925,0.35097402597402594,-0.07976190476190476,0.48051948051948057,-0.00324675324675322,0.44615384615384623,-0.03299509001636658,-0.050964719143762376,-0.016604312506559797
rna_association,4,546,False,LNP193<-LNP854;LNP194<-LNP195;LNP195<-LNP782;LNP782<-LNP858;LNP854<-LNP194;LNP858<-LNP193,0.29220779220779214,-0.009740259740259716,0.5493564733768496,-0.002711776859504078,0.4077767470624613,-0.022959183673469385,0.4480519480519481,-0.0357142857142857,0.4375,-0.041648936170212814,-0.1130805588384352,-0.07872015220123262
rna_association,4,547,False,LNP193<-LNP854;LNP194<-LNP195;LNP195<-LNP858;LNP782<-LNP193;LNP854<-LNP194;LNP858<-LNP782,0.3214285714285714,0.019480519480519543,0.5583378427128427,0.006269592476489061,0.4503968253968253,0.0196608946608946,0.551948051948052,0.06818181818181818,0.5418181818181819,0.06266924564796905,0.1218289807746346,0.1561893874118372
rna_association,4,548,False,LNP193<-LNP854;LNP194<-LNP195;LNP195<-LNP858;LNP782<-LNP193;LNP854<-LNP782;LNP858<-LNP194,0.19480519480519476,-0.1071428571428571,0.5196969696969697,-0.032371280539383984,0.31183499040641893,-0.11890094032951176,0.4318181818181818,-0.051948051948051965,0.3454545454545454,-0.1336943907156674,-0.2405228464604172,-0.2061624398232146
rna_association,4,549,False,LNP193<-LNP854;LNP194<-LNP195;LNP195<-LNP858;LNP782<-LNP194;LNP854<-LNP193;LNP858<-LNP782,0.3409090909090909,0.03896103896103903,0.5643037518037518,0.012235501567398166,0.4916666666666666,0.06093073593073589,0.6558441558441559,0.1720779220779221,0.6538461538461539,0.17469721767594104,0.40771775315010056,0.44207815978730314
rna_association,4,550,False,LNP193<-LNP854;LNP194<-LNP195;LNP195<-LNP858;LNP782<-LNP194;LNP854<-LNP782;LNP858<-LNP193,0.2922077922077922,-0.00974025974025966,0.5505755608028335,-0.0014926894335201002,0.3774376417233559,-0.05329828901257477,0.5876623376623377,0.10389610389610388,0.5847382431233363,0.10558930695312352,0.19738550848793068,0.23174591512513326
rna_association,4,551,False,LNP193<-LNP854;LNP194<-LNP195;LNP195<-LNP858;LNP782<-LNP782;LNP854<-LNP193;LNP858<-LNP194,0.22402597402597396,-0.07792207792207789,0.529815071292344,-0.02225317894400969,0.32358276643990924,-0.10715316429602145,0.4090909090909091,-0.07467532467532467,0.3333333333333333,-0.1458156028368795,-0.282038037408883,-0.24767763077168042
rna_association,4,552,False,LNP193<-LNP854;LNP194<-LNP195;LNP195<-LNP858;LNP782<-LNP782;LNP854<-LNP194;LNP858<-LNP193,0.2727272727272727,-0.029220779220779147,0.5443977956908992,-0.007670454545454453,0.3601576994434137,-0.070578231292517,0.4480519480519481,-0.0357142857142857,0.4375,-0.041648936170212814,-0.1130805588384352,-0.07872015220123262
rna_association,4,553,False,LNP193<-LNP854;LNP194<-LNP782;LNP195<-LNP193;LNP782<-LNP194;LNP854<-LNP195;LNP858<-LNP858,0.30194805194805185,0.0,0.5471771284271284,-0.004891121809225241,0.4307359307359307,0.0,0.4512987012987013,-0.03246753246753248,0.4514835605453088,-0.02766537562490401,-0.09631426606617752,-0.06195385942897494
rna_association,4,554,False,LNP193<-LNP854;LNP194<-LNP782;LNP195<-LNP193;LNP782<-LNP194;LNP854<-LNP858;LNP858<-LNP195,0.2532467532467532,-0.048701298701298634,0.5380755608028335,-0.013992689433520167,0.345021645021645,-0.08571428571428569,0.4480519480519481,-0.0357142857142857,0.4375,-0.041648936170212814,-0.1130805588384352,-0.07872015220123262
rna_association,4,555,False,LNP193<-LNP854;LNP194<-LNP782;LNP195<-LNP193;LNP782<-LNP195;LNP854<-LNP194;LNP858<-LNP858,0.30194805194805185,0.0,0.5477858946608947,-0.004282355575458974,0.4345238095238095,0.0037878787878787845,0.41558441558441556,-0.06818181818181823,0.4155844155844156,-0.0635645205857972,-0.1688311688311691,-0.13447076219396653
rna_association,4,556,False,LNP193<-LNP854;LNP194<-LNP782;LNP195<-LNP193;LNP782<-LNP195;LNP854<-LNP858;LNP858<-LNP194,0.16558441558441553,-0.13636363636363633,0.5080578512396694,-0.04401039899668424,0.30262188208616775,-0.12811404864976295,0.4318181818181818,-0.051948051948051965,0.3454545454545454,-0.1336943907156674,-0.2405228464604172,-0.2061624398232146
rna_association,4,557,False,LNP193<-LNP854;LNP194<-LNP782;LNP195<-LNP193;LNP782<-LNP858;LNP854<-LNP194;LNP858<-LNP195,0.3214285714285714,0.019480519480519543,0.5583378427128427,0.006269592476489061,0.4480158730158729,0.01727994227994223,0.5194805194805195,0.035714285714285754,0.5183946488294314,0.03924571265921861,0.040291148201269084,0.07465155483847166
rna_association,4,558,False,LNP193<-LNP854;LNP194<-LNP782;LNP195<-LNP193;LNP782<-LNP858;LNP854<-LNP195;LNP858<-LNP194,0.3409090909090909,0.03896103896103903,0.5643037518037518,0.012235501567398166,0.4892857142857142,0.05854978354978352,0.6558441558441559,0.1720779220779221,0.6538461538461539,0.17469721767594104,0.40771775315010056,0.44207815978730314
rna_association,4,559,False,LNP193<-LNP854;LNP194<-LNP782;LNP195<-LNP194;LNP782<-LNP193;LNP854<-LNP195;LNP858<-LNP858,0.21428571428571425,-0.08766233766233761,0.5269013183785911,-0.02516693185776253,0.3186377114948543,-0.11209821924107638,0.4318181818181818,-0.051948051948051965,0.3454545454545454,-0.1336943907156674,-0.2405228464604172,-0.2061624398232146
rna_association,4,560,False,LNP193<-LNP854;LNP194<-LNP782;LNP195<-LNP194;LNP782<-LNP193;LNP854<-LNP858;LNP858<-LNP195,0.3409090909090909,0.03896103896103903,0.5643037518037518,0.012235501567398166,0.4916666666666666,0.06093073593073589,0.6558441558441559,0.1720779220779221,0.6538461538461539,0.17469721767594104,0.40771775315010056,0.44207815978730314
rna_association,4,561,False,LNP193<-LNP854;LNP194<-LNP782;LNP195<-LNP194;LNP782<-LNP195;LNP854<-LNP193;LNP858<-LNP858,0.3116883116883116,0.009740259740259771,0.5550910894660894,0.0030228392297357853,0.4404761904761904,0.009740259740259716,0.5162337662337663,0.03246753246753248,0.4957983193277311,0.016649383157518294,0.03999232221113232,0.0743527288483349
rna_association,4,562,False,LNP193<-LNP854;LNP194<-LNP782;LNP195<-LNP194;LNP782<-LNP195;LNP854<-LNP858;LNP858<-LNP193,0.3116883116883116,0.009740259740259771,0.5550910894660894,0.0030228392297357853,0.4404761904761904,0.009740259740259716,0.4837662337662338,0.0,0.4791489361702128,0.0,-0.03436040663720258,0.0
rna_association,4,563,False,LNP193<-LNP854;LNP194<-LNP782;LNP195<-LNP194;LNP782<-LNP858;LNP854<-LNP193;LNP858<-LNP195,0.3409090909090909,0.03896103896103903,0.5643037518037518,0.012235501567398166,0.4916666666666666,0.06093073593073589,0.6558441558441559,0.1720779220779221,0.6538461538461539,0.17469721767594104,0.40771775315010056,0.44207815978730314
rna_association,4,564,False,LNP193<-LNP854;LNP194<-LNP782;LNP195<-LNP194;LNP782<-LNP858;LNP854<-LNP195;LNP858<-LNP193,0.24350649350649345,-0.058441558441558406,0.5349287076559803,-0.017139542580373313,0.3394557823129251,-0.09128014842300558,0.4090909090909091,-0.07467532467532467,0.3333333333333333,-0.1458156028368795,-0.282038037408883,-0.24767763077168042
rna_association,4,565,False,LNP193<-LNP854;LNP194<-LNP782;LNP195<-LNP195;LNP782<-LNP193;LNP854<-LNP194;LNP858<-LNP858,0.1753246753246753,-0.12662337662337655,0.5145928327158734,-0.037475417520480225,0.303898482469911,-0.12683744826601967,0.4318181818181818,-0.051948051948051965,0.3454545454545454,-0.1336943907156674,-0.2405228464604172,-0.2061624398232146
rna_association,4,566,False,LNP193<-LNP854;LNP194<-LNP782;LNP195<-LNP195;LNP782<-LNP193;LNP854<-LNP858;LNP858<-LNP194,0.3409090909090909,0.03896103896103903,0.5643037518037518,0.012235501567398166,0.4916666666666666,0.06093073593073589,0.6558441558441559,0.1720779220779221,0.6538461538461539,0.17469721767594104,0.40771775315010056,0.44207815978730314
rna_association,4,567,False,LNP193<-LNP854;LNP194<-LNP782;LNP195<-LNP195;LNP782<-LNP194;LNP854<-LNP193;LNP858<-LNP858,0.3214285714285714,0.019480519480519543,0.5583378427128427,0.006269592476489061,0.4503968253968253,0.0196608946608946,0.551948051948052,0.06818181818181818,0.5418181818181819,0.06266924564796905,0.1218289807746346,0.1561893874118372
rna_association,4,568,False,LNP193<-LNP854;LNP194<-LNP782;LNP195<-LNP195;LNP782<-LNP194;LNP854<-LNP858;LNP858<-LNP193,0.3214285714285714,0.019480519480519543,0.5583378427128427,0.006269592476489061,0.4503968253968253,0.0196608946608946,0.5194805194805195,0.035714285714285754,0.5183946488294314,0.03924571265921861,0.040291148201269084,0.07465155483847166
rna_association,4,569,False,LNP193<-LNP854;LNP194<-LNP782;LNP195<-LNP195;LNP782<-LNP858;LNP854<-LNP193;LNP858<-LNP194,0.3409090909090909,0.03896103896103903,0.5643037518037518,0.012235501567398166,0.4916666666666666,0.06093073593073589,0.6558441558441559,0.1720779220779221,0.6538461538461539,0.17469721767594104,0.40771775315010056,0.44207815978730314
rna_association,4,570,False,LNP193<-LNP854;LNP194<-LNP782;LNP195<-LNP195;LNP782<-LNP858;LNP854<-LNP194;LNP858<-LNP193,0.22402597402597396,-0.07792207792207789,0.529815071292344,-0.02225317894400969,0.32358276643990924,-0.10715316429602145,0.4090909090909091,-0.07467532467532467,0.3333333333333333,-0.1458156028368795,-0.282038037408883,-0.24767763077168042
rna_association,4,571,False,LNP193<-LNP854;LNP194<-LNP782;LNP195<-LNP858;LNP782<-LNP193;LNP854<-LNP194;LNP858<-LNP195,0.29220779220779214,-0.009740259740259716,0.5486591593272627,-0.003409090909090917,0.4247835497835497,-0.005952380952380987,0.4480519480519481,-0.0357142857142857,0.4375,-0.041648936170212814,-0.1130805588384352,-0.07872015220123262
rna_association,4,572,False,LNP193<-LNP854;LNP194<-LNP782;LNP195<-LNP858;LNP782<-LNP193;LNP854<-LNP195;LNP858<-LNP194,0.3311688311688311,0.02922077922077926,0.5612245729181213,0.009156322681767692,0.47182539682539676,0.041089466089466065,0.551948051948052,0.06818181818181818,0.5418181818181819,0.06266924564796905,0.1218289807746346,0.1561893874118372
rna_association,4,573,False,LNP193<-LNP854;LNP194<-LNP782;LNP195<-LNP858;LNP782<-LNP194;LNP854<-LNP193;LNP858<-LNP195,0.20454545454545447,-0.09740259740259738,0.5227312460267005,-0.029337004209653128,0.3167800453514739,-0.11395588538445678,0.34090909090909094,-0.14285714285714285,0.29411764705882354,-0.18503128911138927,-0.39192475766909773,-0.35756435103189516
rna_association,4,574,False,LNP193<-LNP854;LNP194<-LNP782;LNP195<-LNP858;LNP782<-LNP194;LNP854<-LNP195;LNP858<-LNP193,0.3116883116883116,0.009740259740259771,0.5495414979285946,-0.002526752307759006,0.45595238095238094,0.025216450216450248,0.4512987012987013,-0.03246753246753248,0.4514835605453088,-0.02766537562490401,-0.09631426606617752,-0.06195385942897494
rna_association,4,575,False,LNP193<-LNP854;LNP194<-LNP782;LNP195<-LNP858;LNP782<-LNP195;LNP854<-LNP193;LNP858<-LNP194,0.09740259740259741,-0.20454545454545445,0.49158610459550894,-0.0604821456408447,0.28463420455901656,-0.14610172617691414,0.4318181818181818,-0.051948051948051965,0.3454545454545454,-0.1336943907156674,-0.2405228464604172,-0.2061624398232146
rna_association,4,576,False,LNP193<-LNP854;LNP194<-LNP782;LNP195<-LNP858;LNP782<-LNP195;LNP854<-LNP194;LNP858<-LNP193,0.30194805194805185,0.0,0.5477858946608947,-0.004282355575458974,0.4345238095238095,0.0037878787878787845,0.5162337662337663,0.03246753246753248,0.4957983193277311,0.016649383157518294,0.03999232221113232,0.0743527288483349
rna_association,4,577,False,LNP193<-LNP854;LNP194<-LNP858;LNP195<-LNP193;LNP782<-LNP194;LNP854<-LNP195;LNP858<-LNP782,0.3409090909090909,0.03896103896103903,0.5602453102453102,0.008177060008956571,0.4916666666666666,0.06093073593073589,0.6558441558441559,0.1720779220779221,0.6538461538461539,0.17469721767594104,0.40771775315010056,0.44207815978730314
rna_association,4,578,False,LNP193<-LNP854;LNP194<-LNP858;LNP195<-LNP193;LNP782<-LNP194;LNP854<-LNP782;LNP858<-LNP195,0.22402597402597396,-0.07792207792207789,0.529815071292344,-0.02225317894400969,0.32358276643990924,-0.10715316429602145,0.41233766233766234,-0.07142857142857145,0.3930789707187223,-0.08606996545149054,-0.19738550848793068,-0.1630251018507281
rna_association,4,579,False,LNP193<-LNP854;LNP194<-LNP858;LNP195<-LNP193;LNP782<-LNP195;LNP854<-LNP194;LNP858<-LNP782,0.3409090909090909,0.03896103896103903,0.5602453102453102,0.008177060008956571,0.4916666666666666,0.06093073593073589,0.6201298701298701,0.1363636363636363,0.6067527308838134,0.12760379471360062,0.33868074965743356,0.37304115629463613
rna_association,4,580,False,LNP193<-LNP854;LNP194<-LNP858;LNP195<-LNP193;LNP782<-LNP195;LNP854<-LNP782;LNP858<-LNP194,0.17532467532467524,-0.1266233766233766,0.5132291292370343,-0.0388391209993193,0.30571254142682713,-0.12502338930910356,0.4318181818181818,-0.051948051948051965,0.3454545454545454,-0.1336943907156674,-0.2405228464604172,-0.2061624398232146
rna_association,4,581,False,LNP193<-LNP854;LNP194<-LNP858;LNP195<-LNP193;LNP782<-LNP782;LNP854<-LNP194;LNP858<-LNP195,0.3116883116883116,0.009740259740259771,0.5550910894660894,0.0030228392297357853,0.43809523809523804,0.007359307359307343,0.5194805194805195,0.035714285714285754,0.5183946488294314,0.03924571265921861,0.040291148201269084,0.07465155483847166
rna_association,4,582,False,LNP193<-LNP854;LNP194<-LNP858;LNP195<-LNP193;LNP782<-LNP782;LNP854<-LNP195;LNP858<-LNP194,0.3409090909090909,0.03896103896103903,0.5643037518037518,0.012235501567398166,0.4892857142857142,0.05854978354978352,0.5876623376623377,0.10389610389610388,0.5847382431233363,0.10558930695312352,0.19738550848793068,0.23174591512513326
rna_association,4,583,False,LNP193<-LNP854;LNP194<-LNP858;LNP195<-LNP194;LNP782<-LNP193;LNP854<-LNP195;LNP858<-LNP782,0.19480519480519481,-0.10714285714285704,0.521676657981517,-0.030391592254836675,0.3107012035583464,-0.12003472717758429,0.5,0.01623376623376621,0.37931034482758613,-0.09983859134262668,0.0,0.03436040663720258
rna_association,4,584,False,LNP193<-LNP854;LNP194<-LNP858;LNP195<-LNP194;LNP782<-LNP193;LNP854<-LNP782;LNP858<-LNP195,0.3409090909090909,0.03896103896103903,0.5643037518037518,0.012235501567398166,0.4916666666666666,0.06093073593073589,0.6558441558441559,0.1720779220779221,0.6538461538461539,0.17469721767594104,0.40771775315010056,0.44207815978730314
rna_association,4,585,False,LNP193<-LNP854;LNP194<-LNP858;LNP195<-LNP194;LNP782<-LNP195;LNP854<-LNP193;LNP858<-LNP782,0.3214285714285714,0.019480519480519543,0.5583378427128427,0.006269592476489061,0.4503968253968253,0.0196608946608946,0.5162337662337663,0.03246753246753248,0.4957983193277311,0.016649383157518294,0.03999232221113232,0.0743527288483349
rna_association,4,586,False,LNP193<-LNP854;LNP194<-LNP858;LNP195<-LNP194;LNP782<-LNP195;LNP854<-LNP782;LNP858<-LNP193,0.30194805194805185,0.0,0.5516819985569985,-0.00038625167935513183,0.4345238095238095,0.0037878787878787845,0.4837662337662338,0.0,0.4791489361702128,0.0,-0.03436040663720258,0.0
rna_association,4,587,False,LNP193<-LNP854;LNP194<-LNP858;LNP195<-LNP194;LNP782<-LNP782;LNP854<-LNP193;LNP858<-LNP195,0.3409090909090909,0.03896103896103903,0.5643037518037518,0.012235501567398166,0.4916666666666666,0.06093073593073589,0.6558441558441559,0.1720779220779221,0.6538461538461539,0.17469721767594104,0.40771775315010056,0.44207815978730314
rna_association,4,588,False,LNP193<-LNP854;LNP194<-LNP858;LNP195<-LNP194;LNP782<-LNP782;LNP854<-LNP195;LNP858<-LNP193,0.24350649350649345,-0.058441558441558406,0.5349287076559803,-0.017139542580373313,0.3394557823129251,-0.09128014842300558,0.41233766233766234,-0.07142857142857145,0.3930789707187223,-0.08606996545149054,-0.19738550848793068,-0.1630251018507281
rna_association,4,589,False,LNP193<-LNP854;LNP194<-LNP858;LNP195<-LNP195;LNP782<-LNP193;LNP854<-LNP194;LNP858<-LNP782,0.1753246753246753,-0.12662337662337655,0.5144723092998954,-0.03759594093645824,0.303898482469911,-0.12683744826601967,0.5,0.01623376623376621,0.37931034482758613,-0.09983859134262668,0.0,0.03436040663720258
rna_association,4,590,False,LNP193<-LNP854;LNP194<-LNP858;LNP195<-LNP195;LNP782<-LNP193;LNP854<-LNP782;LNP858<-LNP194,0.3409090909090909,0.03896103896103903,0.5643037518037518,0.012235501567398166,0.4916666666666666,0.06093073593073589,0.6558441558441559,0.1720779220779221,0.6538461538461539,0.17469721767594104,0.40771775315010056,0.44207815978730314
rna_association,4,591,False,LNP193<-LNP854;LNP194<-LNP858;LNP195<-LNP195;LNP782<-LNP194;LNP854<-LNP193;LNP858<-LNP782,0.3214285714285714,0.019480519480519543,0.5583378427128427,0.006269592476489061,0.4503968253968253,0.0196608946608946,0.551948051948052,0.06818181818181818,0.5418181818181819,0.06266924564796905,0.1218289807746346,0.1561893874118372
rna_association,4,592,False,LNP193<-LNP854;LNP194<-LNP858;LNP195<-LNP195;LNP782<-LNP194;LNP854<-LNP782;LNP858<-LNP193,0.3116883116883116,0.009740259740259771,0.5550910894660894,0.0030228392297357853,0.4404761904761904,0.009740259740259716,0.551948051948052,0.06818181818181818,0.5418181818181819,0.06266924564796905,0.1218289807746346,0.1561893874118372
rna_association,4,593,False,LNP193<-LNP854;LNP194<-LNP858;LNP195<-LNP195;LNP782<-LNP782;LNP854<-LNP193;LNP858<-LNP194,0.3409090909090909,0.03896103896103903,0.5643037518037518,0.012235501567398166,0.4916666666666666,0.06093073593073589,0.6558441558441559,0.1720779220779221,0.6538461538461539,0.17469721767594104,0.40771775315010056,0.44207815978730314
rna_association,4,594,False,LNP193<-LNP854;LNP194<-LNP858;LNP195<-LNP195;LNP782<-LNP782;LNP854<-LNP194;LNP858<-LNP193,0.22402597402597396,-0.07792207792207789,0.529815071292344,-0.02225317894400969,0.32358276643990924,-0.10715316429602145,0.41233766233766234,-0.07142857142857145,0.3930789707187223,-0.08606996545149054,-0.19738550848793068,-0.1630251018507281
rna_association,4,595,False,LNP193<-LNP854;LNP194<-LNP858;LNP195<-LNP782;LNP782<-LNP193;LNP854<-LNP194;LNP858<-LNP195,0.29220779220779214,-0.009740259740259716,0.5486591593272627,-0.003409090909090917,0.42240259740259734,-0.00833333333333336,0.4480519480519481,-0.0357142857142857,0.4375,-0.041648936170212814,-0.1130805588384352,-0.07872015220123262
rna_association,4,596,False,LNP193<-LNP854;LNP194<-LNP858;LNP195<-LNP782;LNP782<-LNP193;LNP854<-LNP195;LNP858<-LNP194,0.3311688311688311,0.02922077922077926,0.5612245729181213,0.009156322681767692,0.47182539682539676,0.041089466089466065,0.551948051948052,0.06818181818181818,0.5418181818181819,0.06266924564796905,0.1218289807746346,0.1561893874118372
rna_association,4,597,False,LNP193<-LNP854;LNP194<-LNP858;LNP195<-LNP782;LNP782<-LNP194;LNP854<-LNP193;LNP858<-LNP195,0.22402597402597396,-0.07792207792207789,0.529815071292344,-0.02225317894400969,0.32358276643990924,-0.10715316429602145,0.34090909090909094,-0.14285714285714285,0.29411764705882354,-0.18503128911138927,-0.39192475766909773,-0.35756435103189516
rna_association,4,598,False,LNP193<-LNP854;LNP194<-LNP858;LNP195<-LNP782;LNP782<-LNP194;LNP854<-LNP195;LNP858<-LNP193,0.3311688311688311,0.02922077922077926,0.5587895079830563,0.006721257746702625,0.47182539682539676,0.041089466089466065,0.5876623376623377,0.10389610389610388,0.5847382431233363,0.10558930695312352,0.19738550848793068,0.23174591512513326
rna_association,4,599,False,LNP193<-LNP854;LNP194<-LNP858;LNP195<-LNP782;LNP782<-LNP195;LNP854<-LNP193;LNP858<-LNP194,0.17532467532467524,-0.1266233766233766,0.5132291292370343,-0.0388391209993193,0.30571254142682713,-0.12502338930910356,0.4318181818181818,-0.051948051948051965,0.3454545454545454,-0.1336943907156674,-0.2405228464604172,-0.2061624398232146
rna_association,4,600,False,LNP193<-LNP854;LNP194<-LNP858;LNP195<-LNP782;LNP782<-LNP195;LNP854<-LNP194;LNP858<-LNP193,0.3214285714285714,0.019480519480519543,0.5583378427128427,0.006269592476489061,0.4503968253968253,0.0196608946608946,0.5162337662337663,0.03246753246753248,0.4957983193277311,0.016649383157518294,0.03999232221113232,0.0743527288483349
rna_association,4,601,False,LNP193<-LNP858;LNP194<-LNP193;LNP195<-LNP194;LNP782<-LNP195;LNP854<-LNP782;LNP858<-LNP854,0.29220779220779214,-0.009740259740259716,0.5493564733768496,-0.002711776859504078,0.4077767470624613,-0.022959183673469385,0.4837662337662338,0.0,0.4791489361702128,0.0,-0.03436040663720258,0.0
rna_association,4,602,False,LNP193<-LNP858;LNP194<-LNP193;LNP195<-LNP194;LNP782<-LNP195;LNP854<-LNP854;LNP858<-LNP782,0.19480519480519481,-0.10714285714285704,0.521676657981517,-0.030391592254836675,0.3107012035583464,-0.12003472717758429,0.4318181818181818,-0.051948051948051965,0.3454545454545454,-0.1336943907156674,-0.2405228464604172,-0.2061624398232146
rna_association,4,603,False,LNP193<-LNP858;LNP194<-LNP193;LNP195<-LNP194;LNP782<-LNP782;LNP854<-LNP195;LNP858<-LNP854,0.3214285714285714,0.019480519480519543,0.5583378427128427,0.006269592476489061,0.4503968253968253,0.0196608946608946,0.5876623376623377,0.10389610389610388,0.5847382431233363,0.10558930695312352,0.19738550848793068,0.23174591512513326
rna_association,4,604,False,LNP193<-LNP858;LNP194<-LNP193;LNP195<-LNP194;LNP782<-LNP782;LNP854<-LNP854;LNP858<-LNP195,0.3409090909090909,0.03896103896103903,0.5643037518037518,0.012235501567398166,0.4916666666666666,0.06093073593073589,0.6558441558441559,0.1720779220779221,0.6538461538461539,0.17469721767594104,0.40771775315010056,0.44207815978730314
rna_association,4,605,False,LNP193<-LNP858;LNP194<-LNP193;LNP195<-LNP194;LNP782<-LNP854;LNP854<-LNP195;LNP858<-LNP782,0.19480519480519481,-0.10714285714285704,0.5213935895754078,-0.03067466066094582,0.3107012035583464,-0.12003472717758429,0.4318181818181818,-0.051948051948051965,0.3454545454545454,-0.1336943907156674,-0.2405228464604172,-0.2061624398232146
rna_association,4,606,False,LNP193<-LNP858;LNP194<-LNP193;LNP195<-LNP194;LNP782<-LNP854;LNP854<-LNP782;LNP858<-LNP195,0.3214285714285714,0.019480519480519543,0.5583378427128427,0.006269592476489061,0.4503968253968253,0.0196608946608946,0.5876623376623377,0.10389610389610388,0.5847382431233363,0.10558930695312352,0.19738550848793068,0.23174591512513326
rna_association,4,607,False,LNP193<-LNP858;LNP194<-LNP193;LNP195<-LNP195;LNP782<-LNP194;LNP854<-LNP782;LNP858<-LNP854,0.3116883116883116,0.009740259740259771,0.5550910894660894,0.0030228392297357853,0.4404761904761904,0.009740259740259716,0.5194805194805195,0.035714285714285754,0.5183946488294314,0.03924571265921861,0.040291148201269084,0.07465155483847166
rna_association,4,608,False,LNP193<-LNP858;LNP194<-LNP193;LNP195<-LNP195;LNP782<-LNP194;LNP854<-LNP854;LNP858<-LNP782,0.19480519480519481,-0.10714285714285704,0.521556134565539,-0.030512115670814688,0.3107012035583464,-0.12003472717758429,0.4318181818181818,-0.051948051948051965,0.3454545454545454,-0.1336943907156674,-0.2405228464604172,-0.2061624398232146
rna_association,4,609,False,LNP193<-LNP858;LNP194<-LNP193;LNP195<-LNP195;LNP782<-LNP782;LNP854<-LNP194;LNP858<-LNP854,0.3214285714285714,0.019480519480519543,0.5583378427128427,0.006269592476489061,0.4503968253968253,0.0196608946608946,0.551948051948052,0.06818181818181818,0.5418181818181819,0.06266924564796905,0.1218289807746346,0.1561893874118372
rna_association,4,610,False,LNP193<-LNP858;LNP194<-LNP193;LNP195<-LNP195;LNP782<-LNP782;LNP854<-LNP854;LNP858<-LNP194,0.3409090909090909,0.03896103896103903,0.5643037518037518,0.012235501567398166,0.4916666666666666,0.06093073593073589,0.6558441558441559,0.1720779220779221,0.6538461538461539,0.17469721767594104,0.40771775315010056,0.44207815978730314
rna_association,4,611,False,LNP193<-LNP858;LNP194<-LNP193;LNP195<-LNP195;LNP782<-LNP854;LNP854<-LNP194;LNP858<-LNP782,0.1753246753246753,-0.12662337662337655,0.5143097643097643,-0.03775848592658937,0.303898482469911,-0.12683744826601967,0.4318181818181818,-0.051948051948051965,0.3454545454545454,-0.1336943907156674,-0.2405228464604172,-0.2061624398232146
rna_association,4,612,False,LNP193<-LNP858;LNP194<-LNP193;LNP195<-LNP195;LNP782<-LNP854;LNP854<-LNP782;LNP858<-LNP194,0.3311688311688311,0.02922077922077926,0.5587895079830563,0.006721257746702625,0.47182539682539676,0.041089466089466065,0.5876623376623377,0.10389610389610388,0.5847382431233363,0.10558930695312352,0.19738550848793068,0.23174591512513326
rna_association,4,613,False,LNP193<-LNP858;LNP194<-LNP193;LNP195<-LNP782;LNP782<-LNP194;LNP854<-LNP195;LNP858<-LNP854,0.3116883116883116,0.009740259740259771,0.5550910894660894,0.0030228392297357853,0.4404761904761904,0.009740259740259716,0.551948051948052,0.06818181818181818,0.5418181818181819,0.06266924564796905,0.1218289807746346,0.1561893874118372
rna_association,4,614,False,LNP193<-LNP858;LNP194<-LNP193;LNP195<-LNP782;LNP782<-LNP194;LNP854<-LNP854;LNP858<-LNP195,0.25324675324675316,-0.04870129870129869,0.5378418516349551,-0.014226398601398516,0.34863945578231287,-0.08209647495361783,0.4480519480519481,-0.0357142857142857,0.4375,-0.041648936170212814,-0.1130805588384352,-0.07872015220123262
rna_association,4,615,False,LNP193<-LNP858;LNP194<-LNP193;LNP195<-LNP782;LNP782<-LNP195;LNP854<-LNP194;LNP858<-LNP854,0.29220779220779214,-0.009740259740259716,0.5489702216974944,-0.00309802853885921,0.4115646258503401,-0.0191713048855906,0.5162337662337663,0.03246753246753248,0.4957983193277311,0.016649383157518294,0.03999232221113232,0.0743527288483349
rna_association,4,616,False,LNP193<-LNP858;LNP194<-LNP193;LNP195<-LNP782;LNP782<-LNP195;LNP854<-LNP854;LNP858<-LNP194,0.22402597402597396,-0.07792207792207789,0.529815071292344,-0.02225317894400969,0.32358276643990924,-0.10715316429602145,0.4090909090909091,-0.07467532467532467,0.3333333333333333,-0.1458156028368795,-0.282038037408883,-0.24767763077168042
rna_association,4,617,False,LNP193<-LNP858;LNP194<-LNP193;LNP195<-LNP782;LNP782<-LNP854;LNP854<-LNP194;LNP858<-LNP195,0.29220779220779214,-0.009740259740259716,0.5486591593272627,-0.003409090909090917,0.42240259740259734,-0.00833333333333336,0.4480519480519481,-0.0357142857142857,0.4375,-0.041648936170212814,-0.1130805588384352,-0.07872015220123262
rna_association,4,618,False,LNP193<-LNP858;LNP194<-LNP193;LNP195<-LNP782;LNP782<-LNP854;LNP854<-LNP195;LNP858<-LNP194,0.3311688311688311,0.02922077922077926,0.5612245729181213,0.009156322681767692,0.47182539682539676,0.041089466089466065,0.5876623376623377,0.10389610389610388,0.5847382431233363,0.10558930695312352,0.19738550848793068,0.23174591512513326
rna_association,4,619,False,LNP193<-LNP858;LNP194<-LNP193;LNP195<-LNP854;LNP782<-LNP194;LNP854<-LNP195;LNP858<-LNP782,0.19480519480519481,-0.10714285714285704,0.521556134565539,-0.030512115670814688,0.3107012035583464,-0.12003472717758429,0.4318181818181818,-0.051948051948051965,0.3454545454545454,-0.1336943907156674,-0.2405228464604172,-0.2061624398232146
rna_association,4,620,False,LNP193<-LNP858;LNP194<-LNP193;LNP195<-LNP854;LNP782<-LNP194;LNP854<-LNP782;LNP858<-LNP195,0.262987012987013,-0.03896103896103886,0.5415764790764791,-0.010491771159874541,0.35097402597402594,-0.07976190476190476,0.4480519480519481,-0.0357142857142857,0.4375,-0.041648936170212814,-0.1130805588384352,-0.07872015220123262
rna_association,4,621,False,LNP193<-LNP858;LNP194<-LNP193;LNP195<-LNP854;LNP782<-LNP195;LNP854<-LNP194;LNP858<-LNP782,0.19480519480519481,-0.10714285714285704,0.521556134565539,-0.030512115670814688,0.3107012035583464,-0.12003472717758429,0.4318181818181818,-0.051948051948051965,0.3454545454545454,-0.1336943907156674,-0.2405228464604172,-0.2061624398232146
rna_association,4,622,False,LNP193<-LNP858;LNP194<-LNP193;LNP195<-LNP854;LNP782<-LNP195;LNP854<-LNP782;LNP858<-LNP194,0.2435064935064935,-0.05844155844155835,0.5362504919323101,-0.015817758304043528,0.33510101010101007,-0.09563492063492063,0.34090909090909094,-0.14285714285714285,0.29411764705882354,-0.18503128911138927,-0.39192475766909773,-0.35756435103189516
rna_association,4,623,False,LNP193<-LNP858;LNP194<-LNP193;LNP195<-LNP854;LNP782<-LNP782;LNP854<-LNP194;LNP858<-LNP195,0.3214285714285714,0.019480519480519543,0.5583378427128427,0.006269592476489061,0.4480158730158729,0.01727994227994223,0.5876623376623377,0.10389610389610388,0.5847382431233363,0.10558930695312352,0.19738550848793068,0.23174591512513326
rna_association,4,624,False,LNP193<-LNP858;LNP194<-LNP193;LNP195<-LNP854;LNP782<-LNP782;LNP854<-LNP195;LNP858<-LNP194,0.3409090909090909,0.03896103896103903,0.5643037518037518,0.012235501567398166,0.4892857142857142,0.05854978354978352,0.5876623376623377,0.10389610389610388,0.5847382431233363,0.10558930695312352,0.19738550848793068,0.23174591512513326
rna_association,4,625,False,LNP193<-LNP858;LNP194<-LNP194;LNP195<-LNP193;LNP782<-LNP195;LNP854<-LNP782;LNP858<-LNP854,0.26298701298701294,-0.03896103896103892,0.5399792127064854,-0.01208903752986823,0.38707482993197273,-0.043661100803957964,0.4480519480519481,-0.0357142857142857,0.4375,-0.041648936170212814,-0.1130805588384352,-0.07872015220123262
rna_association,4,626,False,LNP193<-LNP858;LNP194<-LNP194;LNP195<-LNP193;LNP782<-LNP195;LNP854<-LNP854;LNP858<-LNP782,0.3409090909090909,0.03896103896103903,0.5643037518037518,0.012235501567398166,0.4916666666666666,0.06093073593073589,0.5876623376623377,0.10389610389610388,0.5847382431233363,0.10558930695312352,0.19738550848793068,0.23174591512513326
rna_association,4,627,False,LNP193<-LNP858;LNP194<-LNP194;LNP195<-LNP193;LNP782<-LNP782;LNP854<-LNP195;LNP858<-LNP854,0.3116883116883116,0.009740259740259771,0.5550910894660894,0.0030228392297357853,0.4404761904761904,0.009740259740259716,0.4837662337662338,0.0,0.4791489361702128,0.0,-0.03436040663720258,0.0
rna_association,4,628,False,LNP193<-LNP858;LNP194<-LNP194;LNP195<-LNP193;LNP782<-LNP782;LNP854<-LNP854;LNP858<-LNP195,0.3311688311688311,0.02922077922077926,0.5571661313596796,0.005097881123325987,0.47182539682539676,0.041089466089466065,0.4512987012987013,-0.03246753246753248,0.4514835605453088,-0.02766537562490401,-0.09631426606617752,-0.06195385942897494
rna_association,4,629,False,LNP193<-LNP858;LNP194<-LNP194;LNP195<-LNP193;LNP782<-LNP854;LNP854<-LNP195;LNP858<-LNP782,0.3409090909090909,0.03896103896103903,0.5643037518037518,0.012235501567398166,0.4916666666666666,0.06093073593073589,0.6558441558441559,0.1720779220779221,0.6538461538461539,0.17469721767594104,0.40771775315010056,0.44207815978730314
rna_association,4,630,False,LNP193<-LNP858;LNP194<-LNP194;LNP195<-LNP193;LNP782<-LNP854;LNP854<-LNP782;LNP858<-LNP195,0.2435064935064934,-0.05844155844155846,0.5286640897327181,-0.023404160503635585,0.38585434173669464,-0.044881588999236055,0.5162337662337663,0.03246753246753248,0.4957983193277311,0.016649383157518294,0.03999232221113232,0.0743527288483349
rna_association,4,631,False,LNP193<-LNP858;LNP194<-LNP194;LNP195<-LNP195;LNP782<-LNP193;LNP854<-LNP782;LNP858<-LNP854,0.3214285714285714,0.019480519480519543,0.5559027777777777,0.0038345275414241042,0.4503968253968253,0.0196608946608946,0.551948051948052,0.06818181818181818,0.5418181818181819,0.06266924564796905,0.1218289807746346,0.1561893874118372
rna_association,4,632,False,LNP193<-LNP858;LNP194<-LNP194;LNP195<-LNP195;LNP782<-LNP193;LNP854<-LNP854;LNP858<-LNP782,0.19480519480519473,-0.10714285714285712,0.5185551163812033,-0.03351313385515031,0.321585557299843,-0.10915037343608769,0.4090909090909091,-0.07467532467532467,0.3333333333333333,-0.1458156028368795,-0.282038037408883,-0.24767763077168042
rna_association,4,633,False,LNP193<-LNP858;LNP194<-LNP194;LNP195<-LNP195;LNP782<-LNP782;LNP854<-LNP193;LNP858<-LNP854,0.32142857142857134,0.019480519480519487,0.5529505888376856,0.0008823386013319112,0.4619047619047619,0.03116883116883118,0.4512987012987013,-0.03246753246753248,0.4514835605453088,-0.02766537562490401,-0.09631426606617752,-0.06195385942897494
rna_association,4,634,False,LNP193<-LNP858;LNP194<-LNP194;LNP195<-LNP195;LNP782<-LNP782;LNP854<-LNP854;LNP858<-LNP193,0.25324675324675316,-0.04870129870129869,0.535716704055262,-0.016351546181091692,0.3894557823129251,-0.04128014842300559,0.4480519480519481,-0.0357142857142857,0.4375,-0.041648936170212814,-0.1130805588384352,-0.07872015220123262
rna_association,4,635,False,LNP193<-LNP858;LNP194<-LNP194;LNP195<-LNP195;LNP782<-LNP854;LNP854<-LNP193;LNP858<-LNP782,0.3214285714285714,0.019480519480519543,0.5583378427128427,0.006269592476489061,0.4503968253968253,0.0196608946608946,0.5162337662337663,0.03246753246753248,0.4957983193277311,0.016649383157518294,0.03999232221113232,0.0743527288483349
rna_association,4,636,False,LNP193<-LNP858;LNP194<-LNP194;LNP195<-LNP195;LNP782<-LNP854;LNP854<-LNP782;LNP858<-LNP193,0.30194805194805185,0.0,0.5516819985569985,-0.00038625167935513183,0.4345238095238095,0.0037878787878787845,0.5162337662337663,0.03246753246753248,0.4957983193277311,0.016649383157518294,0.03999232221113232,0.0743527288483349
rna_association,4,637,False,LNP193<-LNP858;LNP194<-LNP194;LNP195<-LNP782;LNP782<-LNP193;LNP854<-LNP195;LNP858<-LNP854,0.30194805194805185,0.0,0.5516819985569985,-0.00038625167935513183,0.4345238095238095,0.0037878787878787845,0.5162337662337663,0.03246753246753248,0.4957983193277311,0.016649383157518294,0.03999232221113232,0.0743527288483349
rna_association,4,638,False,LNP193<-LNP858;LNP194<-LNP194;LNP195<-LNP782;LNP782<-LNP193;LNP854<-LNP854;LNP858<-LNP195,0.30194805194805185,0.0,0.5516819985569985,-0.00038625167935513183,0.4345238095238095,0.0037878787878787845,0.5162337662337663,0.03246753246753248,0.4957983193277311,0.016649383157518294,0.03999232221113232,0.0743527288483349
rna_association,4,639,False,LNP193<-LNP858;LNP194<-LNP194;LNP195<-LNP782;LNP782<-LNP195;LNP854<-LNP193;LNP858<-LNP854,0.26298701298701294,-0.03896103896103892,0.5399792127064854,-0.01208903752986823,0.38707482993197273,-0.043661100803957964,0.4480519480519481,-0.0357142857142857,0.4375,-0.041648936170212814,-0.1130805588384352,-0.07872015220123262
rna_association,4,640,False,LNP193<-LNP858;LNP194<-LNP194;LNP195<-LNP782;LNP782<-LNP195;LNP854<-LNP854;LNP858<-LNP193,0.3214285714285714,0.019480519480519543,0.5583378427128427,0.006269592476489061,0.4503968253968253,0.0196608946608946,0.5876623376623377,0.10389610389610388,0.5847382431233363,0.10558930695312352,0.19738550848793068,0.23174591512513326
rna_association,4,641,False,LNP193<-LNP858;LNP194<-LNP194;LNP195<-LNP782;LNP782<-LNP854;LNP854<-LNP193;LNP858<-LNP195,0.2142857142857142,-0.08766233766233766,0.5220326608257643,-0.03003558941058937,0.33571428571428563,-0.09502164502164506,0.48051948051948057,-0.00324675324675322,0.44615384615384623,-0.03299509001636658,-0.050964719143762376,-0.016604312506559797
rna_association,4,642,False,LNP193<-LNP858;LNP194<-LNP194;LNP195<-LNP782;LNP782<-LNP854;LNP854<-LNP195;LNP858<-LNP193,0.3214285714285714,0.019480519480519543,0.5583378427128427,0.006269592476489061,0.4503968253968253,0.0196608946608946,0.551948051948052,0.06818181818181818,0.5418181818181819,0.06266924564796905,0.1218289807746346,0.1561893874118372
rna_association,4,643,False,LNP193<-LNP858;LNP194<-LNP194;LNP195<-LNP854;LNP782<-LNP193;LNP854<-LNP195;LNP858<-LNP782,0.23376623376623368,-0.06818181818181818,0.5307580263693116,-0.021310223867042066,0.3418367346938775,-0.08889919604205321,0.4772727272727273,-0.006493506493506496,0.3684210526315789,-0.11072788353863389,-0.13483997249264773,-0.10047956585544515
rna_association,4,644,False,LNP193<-LNP858;LNP194<-LNP194;LNP195<-LNP854;LNP782<-LNP193;LNP854<-LNP782;LNP858<-LNP195,0.29220779220779214,-0.009740259740259716,0.5437680375180375,-0.008300212718316158,0.4247835497835497,-0.005952380952380987,0.41558441558441556,-0.06818181818181823,0.4155844155844156,-0.0635645205857972,-0.1688311688311691,-0.13447076219396653
rna_association,4,645,False,LNP193<-LNP858;LNP194<-LNP194;LNP195<-LNP854;LNP782<-LNP195;LNP854<-LNP193;LNP858<-LNP782,0.3311688311688311,0.02922077922077926,0.5612245729181213,0.009156322681767692,0.47182539682539676,0.041089466089466065,0.5876623376623377,0.10389610389610388,0.5847382431233363,0.10558930695312352,0.19738550848793068,0.23174591512513326
rna_association,4,646,False,LNP193<-LNP858;LNP194<-LNP194;LNP195<-LNP854;LNP782<-LNP195;LNP854<-LNP782;LNP858<-LNP193,0.29220779220779214,-0.009740259740259716,0.5486591593272627,-0.003409090909090917,0.4247835497835497,-0.005952380952380987,0.4512987012987013,-0.03246753246753248,0.4514835605453088,-0.02766537562490401,-0.0963142660661773,-0.06195385942897472
rna_association,4,647,False,LNP193<-LNP858;LNP194<-LNP194;LNP195<-LNP854;LNP782<-LNP782;LNP854<-LNP193;LNP858<-LNP195,0.30194805194805185,0.0,0.5471771284271284,-0.004891121809225241,0.4307359307359307,0.0,0.5194805194805194,0.03571428571428564,0.5183946488294314,0.03924571265921861,0.040291148201268875,0.07465155483847145
rna_association,4,648,False,LNP193<-LNP858;LNP194<-LNP194;LNP195<-LNP854;LNP782<-LNP782;LNP854<-LNP195;LNP858<-LNP193,0.29220779220779214,-0.009740259740259716,0.5486591593272627,-0.003409090909090917,0.4247835497835497,-0.005952380952380987,0.4480519480519481,-0.0357142857142857,0.4375,-0.041648936170212814,-0.1130805588384352,-0.07872015220123262
rna_association,4,649,False,LNP193<-LNP858;LNP194<-LNP195;LNP195<-LNP193;LNP782<-LNP194;LNP854<-LNP782;LNP858<-LNP854,0.29220779220779214,-0.009740259740259716,0.5486591593272627,-0.003409090909090917,0.4247835497835497,-0.005952380952380987,0.4480519480519481,-0.0357142857142857,0.4375,-0.041648936170212814,-0.1130805588384352,-0.07872015220123262
rna_association,4,650,False,LNP193<-LNP858;LNP194<-LNP195;LNP195<-LNP193;LNP782<-LNP194;LNP854<-LNP854;LNP858<-LNP782,0.3409090909090909,0.03896103896103903,0.5643037518037518,0.012235501567398166,0.4916666666666666,0.06093073593073589,0.6558441558441559,0.1720779220779221,0.6538461538461539,0.17469721767594104,0.40771775315010056,0.44207815978730314
rna_association,4,651,False,LNP193<-LNP858;LNP194<-LNP195;LNP195<-LNP193;LNP782<-LNP782;LNP854<-LNP194;LNP858<-LNP854,0.30194805194805185,0.0,0.5516819985569985,-0.00038625167935513183,0.4345238095238095,0.0037878787878787845,0.551948051948052,0.06818181818181818,0.5418181818181819,0.06266924564796905,0.1218289807746346,0.1561893874118372
rna_association,4,652,False,LNP193<-LNP858;LNP194<-LNP195;LNP195<-LNP193;LNP782<-LNP782;LNP854<-LNP854;LNP858<-LNP194,0.3311688311688311,0.02922077922077926,0.5587895079830563,0.006721257746702625,0.47182539682539676,0.041089466089466065,0.5876623376623377,0.10389610389610388,0.5847382431233363,0.10558930695312352,0.19738550848793068,0.23174591512513326
rna_association,4,653,False,LNP193<-LNP858;LNP194<-LNP195;LNP195<-LNP193;LNP782<-LNP854;LNP854<-LNP194;LNP858<-LNP782,0.3409090909090909,0.03896103896103903,0.5643037518037518,0.012235501567398166,0.4916666666666666,0.06093073593073589,0.6201298701298701,0.1363636363636363,0.6067527308838134,0.12760379471360062,0.33868074965743356,0.37304115629463613
rna_association,4,654,False,LNP193<-LNP858;LNP194<-LNP195;LNP195<-LNP193;LNP782<-LNP854;LNP854<-LNP782;LNP858<-LNP194,0.29220779220779214,-0.009740259740259716,0.5469214084417846,-0.005146841794569035,0.4077767470624613,-0.022959183673469385,0.48051948051948057,-0.00324675324675322,0.44615384615384623,-0.03299509001636658,-0.050964719143762376,-0.016604312506559797
rna_association,4,655,False,LNP193<-LNP858;LNP194<-LNP195;LNP195<-LNP194;LNP782<-LNP193;LNP854<-LNP782;LNP858<-LNP854,0.3214285714285714,0.019480519480519543,0.5559027777777777,0.0038345275414241042,0.4503968253968253,0.0196608946608946,0.551948051948052,0.06818181818181818,0.5418181818181819,0.06266924564796905,0.1218289807746346,0.1561893874118372
rna_association,4,656,False,LNP193<-LNP858;LNP194<-LNP195;LNP195<-LNP194;LNP782<-LNP193;LNP854<-LNP854;LNP858<-LNP782,0.21428571428571425,-0.08766233766233761,0.5250229568411386,-0.027045293395214998,0.3277080062794348,-0.10302792445649589,0.4090909090909091,-0.07467532467532467,0.3333333333333333,-0.1458156028368795,-0.282038037408883,-0.24767763077168042
rna_association,4,657,False,LNP193<-LNP858;LNP194<-LNP195;LNP195<-LNP194;LNP782<-LNP782;LNP854<-LNP193;LNP858<-LNP854,0.3409090909090909,0.03896103896103903,0.5618686868686869,0.00980043663233321,0.4916666666666666,0.06093073593073589,0.5876623376623377,0.10389610389610388,0.5847382431233363,0.10558930695312352,0.19738550848793068,0.23174591512513326
rna_association,4,658,False,LNP193<-LNP858;LNP194<-LNP195;LNP195<-LNP194;LNP782<-LNP782;LNP854<-LNP854;LNP858<-LNP193,0.27272727272727265,-0.029220779220779203,0.5428005293209055,-0.009267720915448141,0.3962585034013605,-0.03447742733457021,0.4480519480519481,-0.0357142857142857,0.4375,-0.041648936170212814,-0.1130805588384352,-0.07872015220123262
rna_association,4,659,False,LNP193<-LNP858;LNP194<-LNP195;LNP195<-LNP194;LNP782<-LNP854;LNP854<-LNP193;LNP858<-LNP782,0.3214285714285714,0.019480519480519543,0.5583378427128427,0.006269592476489061,0.4503968253968253,0.0196608946608946,0.5162337662337663,0.03246753246753248,0.4957983193277311,0.016649383157518294,0.03999232221113232,0.0743527288483349
rna_association,4,660,False,LNP193<-LNP858;LNP194<-LNP195;LNP195<-LNP194;LNP782<-LNP854;LNP854<-LNP782;LNP858<-LNP193,0.29220779220779214,-0.009740259740259716,0.5486591593272627,-0.003409090909090917,0.4247835497835497,-0.005952380952380987,0.5162337662337663,0.03246753246753248,0.4957983193277311,0.016649383157518294,0.03999232221113232,0.0743527288483349
rna_association,4,661,False,LNP193<-LNP858;LNP194<-LNP195;LNP195<-LNP782;LNP782<-LNP193;LNP854<-LNP194;LNP858<-LNP854,0.2824675324675324,-0.01948051948051943,0.5459473824677586,-0.006120867768594995,0.4018243661100803,-0.028911564625850372,0.5162337662337663,0.03246753246753248,0.4957983193277311,0.016649383157518294,0.03999232221113232,0.0743527288483349
rna_association,4,662,False,LNP193<-LNP858;LNP194<-LNP195;LNP195<-LNP782;LNP782<-LNP193;LNP854<-LNP854;LNP858<-LNP194,0.3116883116883116,0.009740259740259771,0.5550910894660894,0.0030228392297357853,0.4404761904761904,0.009740259740259716,0.5162337662337663,0.03246753246753248,0.4957983193277311,0.016649383157518294,0.03999232221113232,0.0743527288483349
rna_association,4,663,False,LNP193<-LNP858;LNP194<-LNP195;LNP195<-LNP782;LNP782<-LNP194;LNP854<-LNP193;LNP858<-LNP854,0.2824675324675324,-0.01948051948051943,0.5459473824677586,-0.006120867768594995,0.4018243661100803,-0.028911564625850372,0.4480519480519481,-0.0357142857142857,0.4375,-0.041648936170212814,-0.1130805588384352,-0.07872015220123262
rna_association,4,664,False,LNP193<-LNP858;LNP194<-LNP195;LNP195<-LNP782;LNP782<-LNP194;LNP854<-LNP854;LNP858<-LNP193,0.3311688311688311,0.02922077922077926,0.5612245729181213,0.009156322681767692,0.47182539682539676,0.041089466089466065,0.5194805194805195,0.035714285714285754,0.5183946488294314,0.03924571265921861,0.040291148201269084,0.07465155483847166
rna_association,4,665,False,LNP193<-LNP858;LNP194<-LNP195;LNP195<-LNP782;LNP782<-LNP854;LNP854<-LNP193;LNP858<-LNP194,0.29220779220779214,-0.009740259740259716,0.5493564733768496,-0.002711776859504078,0.4077767470624613,-0.022959183673469385,0.48051948051948057,-0.00324675324675322,0.44615384615384623,-0.03299509001636658,-0.050964719143762376,-0.016604312506559797
rna_association,4,666,False,LNP193<-LNP858;LNP194<-LNP195;LNP195<-LNP782;LNP782<-LNP854;LNP854<-LNP194;LNP858<-LNP193,0.3214285714285714,0.019480519480519543,0.5583378427128427,0.006269592476489061,0.4503968253968253,0.0196608946608946,0.5162337662337663,0.03246753246753248,0.4957983193277311,0.016649383157518294,0.03999232221113232,0.0743527288483349
rna_association,4,667,False,LNP193<-LNP858;LNP194<-LNP195;LNP195<-LNP854;LNP782<-LNP193;LNP854<-LNP194;LNP858<-LNP782,0.22402597402597396,-0.07792207792207789,0.5278448823903369,-0.024223367846016752,0.3326530612244898,-0.0980828695114409,0.5,0.01623376623376621,0.37931034482758613,-0.09983859134262668,0.0,0.03436040663720258
rna_association,4,668,False,LNP193<-LNP858;LNP194<-LNP195;LNP195<-LNP854;LNP782<-LNP193;LNP854<-LNP782;LNP858<-LNP194,0.3311688311688311,0.02922077922077926,0.5571661313596796,0.005097881123325987,0.47182539682539676,0.041089466089466065,0.6201298701298701,0.1363636363636363,0.6067527308838134,0.12760379471360062,0.33868074965743356,0.37304115629463613
rna_association,4,669,False,LNP193<-LNP858;LNP194<-LNP195;LNP195<-LNP854;LNP782<-LNP194;LNP854<-LNP193;LNP858<-LNP782,0.3409090909090909,0.03896103896103903,0.5643037518037518,0.012235501567398166,0.4916666666666666,0.06093073593073589,0.5876623376623377,0.10389610389610388,0.5847382431233363,0.10558930695312352,0.19738550848793068,0.23174591512513326
rna_association,4,670,False,LNP193<-LNP858;LNP194<-LNP195;LNP195<-LNP854;LNP782<-LNP194;LNP854<-LNP782;LNP858<-LNP193,0.3116883116883116,0.009740259740259771,0.5550910894660894,0.0030228392297357853,0.4404761904761904,0.009740259740259716,0.5194805194805195,0.035714285714285754,0.5183946488294314,0.03924571265921861,0.040291148201269084,0.07465155483847166
rna_association,4,671,False,LNP193<-LNP858;LNP194<-LNP195;LNP195<-LNP854;LNP782<-LNP782;LNP854<-LNP193;LNP858<-LNP194,0.3409090909090909,0.03896103896103903,0.5591089466089466,0.007040696372592969,0.4916666666666666,0.06093073593073589,0.5194805194805194,0.03571428571428564,0.5183946488294314,0.03924571265921861,0.040291148201268875,0.07465155483847145
rna_association,4,672,False,LNP193<-LNP858;LNP194<-LNP195;LNP195<-LNP854;LNP782<-LNP782;LNP854<-LNP194;LNP858<-LNP193,0.26298701298701294,-0.03896103896103892,0.5399792127064854,-0.01208903752986823,0.38707482993197273,-0.043661100803957964,0.4480519480519481,-0.0357142857142857,0.4375,-0.041648936170212814,-0.1130805588384352,-0.07872015220123262
rna_association,4,673,False,LNP193<-LNP858;LNP194<-LNP782;LNP195<-LNP193;LNP782<-LNP194;LNP854<-LNP195;LNP858<-LNP854,0.3311688311688311,0.02922077922077926,0.5612245729181213,0.009156322681767692,0.47182539682539676,0.041089466089466065,0.5194805194805195,0.035714285714285754,0.5183946488294314,0.03924571265921861,0.040291148201269084,0.07465155483847166
rna_association,4,674,False,LNP193<-LNP858;LNP194<-LNP782;LNP195<-LNP193;LNP782<-LNP194;LNP854<-LNP854;LNP858<-LNP195,0.3116883116883116,0.009740259740259771,0.5550910894660894,0.0030228392297357853,0.4404761904761904,0.009740259740259716,0.5194805194805195,0.035714285714285754,0.5183946488294314,0.03924571265921861,0.040291148201269084,0.07465155483847166
rna_association,4,675,False,LNP193<-LNP858;LNP194<-LNP782;LNP195<-LNP193;LNP782<-LNP195;LNP854<-LNP194;LNP858<-LNP854,0.3116883116883116,0.009740259740259771,0.5550910894660894,0.0030228392297357853,0.4404761904761904,0.009740259740259716,0.551948051948052,0.06818181818181818,0.5418181818181819,0.06266924564796905,0.1218289807746346,0.1561893874118372
rna_association,4,676,False,LNP193<-LNP858;LNP194<-LNP782;LNP195<-LNP193;LNP782<-LNP195;LNP854<-LNP854;LNP858<-LNP194,0.2727272727272727,-0.029220779220779147,0.5443977956908992,-0.007670454545454453,0.3601576994434137,-0.070578231292517,0.5162337662337663,0.03246753246753248,0.4957983193277311,0.016649383157518294,0.03999232221113232,0.0743527288483349
rna_association,4,677,False,LNP193<-LNP858;LNP194<-LNP782;LNP195<-LNP193;LNP782<-LNP854;LNP854<-LNP194;LNP858<-LNP195,0.3214285714285714,0.019480519480519543,0.5583378427128427,0.006269592476489061,0.4503968253968253,0.0196608946608946,0.5194805194805195,0.035714285714285754,0.5183946488294314,0.03924571265921861,0.040291148201269084,0.07465155483847166
rna_association,4,678,False,LNP193<-LNP858;LNP194<-LNP782;LNP195<-LNP193;LNP782<-LNP854;LNP854<-LNP195;LNP858<-LNP194,0.3409090909090909,0.03896103896103903,0.5643037518037518,0.012235501567398166,0.4916666666666666,0.06093073593073589,0.6558441558441559,0.1720779220779221,0.6538461538461539,0.17469721767594104,0.40771775315010056,0.44207815978730314
rna_association,4,679,False,LNP193<-LNP858;LNP194<-LNP782;LNP195<-LNP194;LNP782<-LNP193;LNP854<-LNP195;LNP858<-LNP854,0.3214285714285714,0.019480519480519543,0.5583378427128427,0.006269592476489061,0.4503968253968253,0.0196608946608946,0.551948051948052,0.06818181818181818,0.5418181818181819,0.06266924564796905,0.1218289807746346,0.1561893874118372
rna_association,4,680,False,LNP193<-LNP858;LNP194<-LNP782;LNP195<-LNP194;LNP782<-LNP193;LNP854<-LNP854;LNP858<-LNP195,0.3409090909090909,0.03896103896103903,0.5643037518037518,0.012235501567398166,0.4916666666666666,0.06093073593073589,0.6558441558441559,0.1720779220779221,0.6538461538461539,0.17469721767594104,0.40771775315010056,0.44207815978730314
rna_association,4,681,False,LNP193<-LNP858;LNP194<-LNP782;LNP195<-LNP194;LNP782<-LNP195;LNP854<-LNP193;LNP858<-LNP854,0.3116883116883116,0.009740259740259771,0.5550910894660894,0.0030228392297357853,0.4404761904761904,0.009740259740259716,0.5194805194805195,0.035714285714285754,0.5183946488294314,0.03924571265921861,0.040291148201269084,0.07465155483847166
rna_association,4,682,False,LNP193<-LNP858;LNP194<-LNP782;LNP195<-LNP194;LNP782<-LNP195;LNP854<-LNP854;LNP858<-LNP193,0.25324675324675316,-0.04870129870129869,0.5378418516349551,-0.014226398601398516,0.34863945578231287,-0.08209647495361783,0.4480519480519481,-0.0357142857142857,0.4375,-0.041648936170212814,-0.1130805588384352,-0.07872015220123262
rna_association,4,683,False,LNP193<-LNP858;LNP194<-LNP782;LNP195<-LNP194;LNP782<-LNP854;LNP854<-LNP193;LNP858<-LNP195,0.3311688311688311,0.02922077922077926,0.5612245729181213,0.009156322681767692,0.47182539682539676,0.041089466089466065,0.5876623376623377,0.10389610389610388,0.5847382431233363,0.10558930695312352,0.19738550848793068,0.23174591512513326
rna_association,4,684,False,LNP193<-LNP858;LNP194<-LNP782;LNP195<-LNP194;LNP782<-LNP854;LNP854<-LNP195;LNP858<-LNP193,0.21428571428571425,-0.08766233766233761,0.5269013183785911,-0.02516693185776253,0.3186377114948543,-0.11209821924107638,0.34090909090909094,-0.14285714285714285,0.29411764705882354,-0.18503128911138927,-0.39192475766909773,-0.35756435103189516
rna_association,4,685,False,LNP193<-LNP858;LNP194<-LNP782;LNP195<-LNP195;LNP782<-LNP193;LNP854<-LNP194;LNP858<-LNP854,0.3214285714285714,0.019480519480519543,0.5583378427128427,0.006269592476489061,0.4503968253968253,0.0196608946608946,0.551948051948052,0.06818181818181818,0.5418181818181819,0.06266924564796905,0.1218289807746346,0.1561893874118372
rna_association,4,686,False,LNP193<-LNP858;LNP194<-LNP782;LNP195<-LNP195;LNP782<-LNP193;LNP854<-LNP854;LNP858<-LNP194,0.3409090909090909,0.03896103896103903,0.5643037518037518,0.012235501567398166,0.4916666666666666,0.06093073593073589,0.6558441558441559,0.1720779220779221,0.6538461538461539,0.17469721767594104,0.40771775315010056,0.44207815978730314
rna_association,4,687,False,LNP193<-LNP858;LNP194<-LNP782;LNP195<-LNP195;LNP782<-LNP194;LNP854<-LNP193;LNP858<-LNP854,0.3214285714285714,0.019480519480519543,0.5583378427128427,0.006269592476489061,0.4503968253968253,0.0196608946608946,0.5194805194805195,0.035714285714285754,0.5183946488294314,0.03924571265921861,0.040291148201269084,0.07465155483847166
rna_association,4,688,False,LNP193<-LNP858;LNP194<-LNP782;LNP195<-LNP195;LNP782<-LNP194;LNP854<-LNP854;LNP858<-LNP193,0.25324675324675316,-0.04870129870129869,0.5378418516349551,-0.014226398601398516,0.34863945578231287,-0.08209647495361783,0.4480519480519481,-0.0357142857142857,0.4375,-0.041648936170212814,-0.1130805588384352,-0.07872015220123262
rna_association,4,689,False,LNP193<-LNP858;LNP194<-LNP782;LNP195<-LNP195;LNP782<-LNP854;LNP854<-LNP193;LNP858<-LNP194,0.3409090909090909,0.03896103896103903,0.5643037518037518,0.012235501567398166,0.4916666666666666,0.06093073593073589,0.5876623376623377,0.10389610389610388,0.5847382431233363,0.10558930695312352,0.19738550848793068,0.23174591512513326
rna_association,4,690,False,LNP193<-LNP858;LNP194<-LNP782;LNP195<-LNP195;LNP782<-LNP854;LNP854<-LNP194;LNP858<-LNP193,0.19480519480519481,-0.10714285714285704,0.521556134565539,-0.030512115670814688,0.3107012035583464,-0.12003472717758429,0.34090909090909094,-0.14285714285714285,0.29411764705882354,-0.18503128911138927,-0.39192475766909773,-0.35756435103189516
rna_association,4,691,False,LNP193<-LNP858;LNP194<-LNP782;LNP195<-LNP854;LNP782<-LNP193;LNP854<-LNP194;LNP858<-LNP195,0.3311688311688311,0.02922077922077926,0.5612245729181213,0.009156322681767692,0.4694444444444444,0.03870851370851369,0.5876623376623377,0.10389610389610388,0.5847382431233363,0.10558930695312352,0.19738550848793068,0.23174591512513326
rna_association,4,692,False,LNP193<-LNP858;LNP194<-LNP782;LNP195<-LNP854;LNP782<-LNP193;LNP854<-LNP195;LNP858<-LNP194,0.3409090909090909,0.03896103896103903,0.5643037518037518,0.012235501567398166,0.4916666666666666,0.06093073593073589,0.5876623376623377,0.10389610389610388,0.5847382431233363,0.10558930695312352,0.19738550848793068,0.23174591512513326
rna_association,4,693,False,LNP193<-LNP858;LNP194<-LNP782;LNP195<-LNP854;LNP782<-LNP194;LNP854<-LNP193;LNP858<-LNP195,0.30194805194805185,0.0,0.5520682502363536,0.0,0.4307359307359307,0.0,0.5194805194805195,0.035714285714285754,0.5183946488294314,0.03924571265921861,0.040291148201269084,0.07465155483847166
rna_association,4,694,False,LNP193<-LNP858;LNP194<-LNP782;LNP195<-LNP854;LNP782<-LNP194;LNP854<-LNP195;LNP858<-LNP193,0.27272727272727265,-0.029220779220779203,0.5428005293209055,-0.009267720915448141,0.3962585034013605,-0.03447742733457021,0.3798701298701299,-0.10389610389610388,0.37777777777777777,-0.10137115839243505,-0.24384888118172945,-0.20948847454452688
rna_association,4,695,False,LNP193<-LNP858;LNP194<-LNP782;LNP195<-LNP854;LNP782<-LNP195;LNP854<-LNP193;LNP858<-LNP194,0.2727272727272727,-0.029220779220779147,0.5443977956908992,-0.007670454545454453,0.3601576994434137,-0.070578231292517,0.4480519480519481,-0.0357142857142857,0.4375,-0.041648936170212814,-0.1130805588384352,-0.07872015220123262
rna_association,4,696,False,LNP193<-LNP858;LNP194<-LNP782;LNP195<-LNP854;LNP782<-LNP195;LNP854<-LNP194;LNP858<-LNP193,0.25324675324675316,-0.04870129870129869,0.5377500242704004,-0.014318225965953224,0.34863945578231287,-0.08209647495361783,0.4480519480519481,-0.0357142857142857,0.4375,-0.041648936170212814,-0.1130805588384352,-0.07872015220123262
rna_association,4,697,False,LNP193<-LNP858;LNP194<-LNP854;LNP195<-LNP193;LNP782<-LNP194;LNP854<-LNP195;LNP858<-LNP782,0.3409090909090909,0.03896103896103903,0.5643037518037518,0.012235501567398166,0.4916666666666666,0.06093073593073589,0.6558441558441559,0.1720779220779221,0.6538461538461539,0.17469721767594104,0.40771775315010056,0.44207815978730314
rna_association,4,698,False,LNP193<-LNP858;LNP194<-LNP854;LNP195<-LNP193;LNP782<-LNP194;LNP854<-LNP782;LNP858<-LNP195,0.22402597402597396,-0.07792207792207789,0.529815071292344,-0.02225317894400969,0.32358276643990924,-0.10715316429602145,0.41233766233766234,-0.07142857142857145,0.3930789707187223,-0.08606996545149054,-0.19738550848793068,-0.1630251018507281
rna_association,4,699,False,LNP193<-LNP858;LNP194<-LNP854;LNP195<-LNP193;LNP782<-LNP195;LNP854<-LNP194;LNP858<-LNP782,0.3409090909090909,0.03896103896103903,0.5643037518037518,0.012235501567398166,0.4916666666666666,0.06093073593073589,0.6201298701298701,0.1363636363636363,0.6067527308838134,0.12760379471360062,0.33868074965743356,0.37304115629463613
rna_association,4,700,False,LNP193<-LNP858;LNP194<-LNP854;LNP195<-LNP193;LNP782<-LNP195;LNP854<-LNP782;LNP858<-LNP194,0.17532467532467524,-0.1266233766233766,0.5132291292370343,-0.0388391209993193,0.30571254142682713,-0.12502338930910356,0.4318181818181818,-0.051948051948051965,0.3454545454545454,-0.1336943907156674,-0.2405228464604172,-0.2061624398232146
rna_association,4,701,False,LNP193<-LNP858;LNP194<-LNP854;LNP195<-LNP193;LNP782<-LNP782;LNP854<-LNP194;LNP858<-LNP195,0.3116883116883116,0.009740259740259771,0.5550910894660894,0.0030228392297357853,0.43809523809523804,0.007359307359307343,0.5194805194805195,0.035714285714285754,0.5183946488294314,0.03924571265921861,0.040291148201269084,0.07465155483847166
rna_association,4,702,False,LNP193<-LNP858;LNP194<-LNP854;LNP195<-LNP193;LNP782<-LNP782;LNP854<-LNP195;LNP858<-LNP194,0.3409090909090909,0.03896103896103903,0.5643037518037518,0.012235501567398166,0.4892857142857142,0.05854978354978352,0.5876623376623377,0.10389610389610388,0.5847382431233363,0.10558930695312352,0.19738550848793068,0.23174591512513326
rna_association,4,703,False,LNP193<-LNP858;LNP194<-LNP854;LNP195<-LNP194;LNP782<-LNP193;LNP854<-LNP195;LNP858<-LNP782,0.1753246753246753,-0.12662337662337655,0.5144723092998954,-0.03759594093645824,0.303898482469911,-0.12683744826601967,0.5,0.01623376623376621,0.37931034482758613,-0.09983859134262668,0.0,0.03436040663720258
rna_association,4,704,False,LNP193<-LNP858;LNP194<-LNP854;LNP195<-LNP194;LNP782<-LNP193;LNP854<-LNP782;LNP858<-LNP195,0.3409090909090909,0.03896103896103903,0.5618686868686869,0.00980043663233321,0.4916666666666666,0.06093073593073589,0.6558441558441559,0.1720779220779221,0.6538461538461539,0.17469721767594104,0.40771775315010056,0.44207815978730314
rna_association,4,705,False,LNP193<-LNP858;LNP194<-LNP854;LNP195<-LNP194;LNP782<-LNP195;LNP854<-LNP193;LNP858<-LNP782,0.3214285714285714,0.019480519480519543,0.5583378427128427,0.006269592476489061,0.4503968253968253,0.0196608946608946,0.5162337662337663,0.03246753246753248,0.4957983193277311,0.016649383157518294,0.03999232221113232,0.0743527288483349
rna_association,4,706,False,LNP193<-LNP858;LNP194<-LNP854;LNP195<-LNP194;LNP782<-LNP195;LNP854<-LNP782;LNP858<-LNP193,0.3116883116883116,0.009740259740259771,0.5550910894660894,0.0030228392297357853,0.4404761904761904,0.009740259740259716,0.4837662337662338,0.0,0.4791489361702128,0.0,-0.03436040663720258,0.0
rna_association,4,707,False,LNP193<-LNP858;LNP194<-LNP854;LNP195<-LNP194;LNP782<-LNP782;LNP854<-LNP193;LNP858<-LNP195,0.3409090909090909,0.03896103896103903,0.5643037518037518,0.012235501567398166,0.4916666666666666,0.06093073593073589,0.6558441558441559,0.1720779220779221,0.6538461538461539,0.17469721767594104,0.40771775315010056,0.44207815978730314
rna_association,4,708,False,LNP193<-LNP858;LNP194<-LNP854;LNP195<-LNP194;LNP782<-LNP782;LNP854<-LNP195;LNP858<-LNP193,0.24350649350649345,-0.058441558441558406,0.5349287076559803,-0.017139542580373313,0.3394557823129251,-0.09128014842300558,0.41233766233766234,-0.07142857142857145,0.3930789707187223,-0.08606996545149054,-0.19738550848793068,-0.1630251018507281
rna_association,4,709,False,LNP193<-LNP858;LNP194<-LNP854;LNP195<-LNP195;LNP782<-LNP193;LNP854<-LNP194;LNP858<-LNP782,0.15584415584415579,-0.14610389610389607,0.5080044688399601,-0.04406378139639355,0.29777603349031917,-0.13295989724561152,0.5,0.01623376623376621,0.37931034482758613,-0.09983859134262668,0.0,0.03436040663720258
rna_association,4,710,False,LNP193<-LNP858;LNP194<-LNP854;LNP195<-LNP195;LNP782<-LNP193;LNP854<-LNP782;LNP858<-LNP194,0.3409090909090909,0.03896103896103903,0.5618686868686869,0.00980043663233321,0.4916666666666666,0.06093073593073589,0.6558441558441559,0.1720779220779221,0.6538461538461539,0.17469721767594104,0.40771775315010056,0.44207815978730314
rna_association,4,711,False,LNP193<-LNP858;LNP194<-LNP854;LNP195<-LNP195;LNP782<-LNP194;LNP854<-LNP193;LNP858<-LNP782,0.3214285714285714,0.019480519480519543,0.5583378427128427,0.006269592476489061,0.4503968253968253,0.0196608946608946,0.551948051948052,0.06818181818181818,0.5418181818181819,0.06266924564796905,0.1218289807746346,0.1561893874118372
rna_association,4,712,False,LNP193<-LNP858;LNP194<-LNP854;LNP195<-LNP195;LNP782<-LNP194;LNP854<-LNP782;LNP858<-LNP193,0.3116883116883116,0.009740259740259771,0.5550910894660894,0.0030228392297357853,0.4404761904761904,0.009740259740259716,0.551948051948052,0.06818181818181818,0.5418181818181819,0.06266924564796905,0.1218289807746346,0.1561893874118372
rna_association,4,713,False,LNP193<-LNP858;LNP194<-LNP854;LNP195<-LNP195;LNP782<-LNP782;LNP854<-LNP193;LNP858<-LNP194,0.3409090909090909,0.03896103896103903,0.5602453102453102,0.008177060008956571,0.4916666666666666,0.06093073593073589,0.6558441558441559,0.1720779220779221,0.6538461538461539,0.17469721767594104,0.40771775315010056,0.44207815978730314
rna_association,4,714,False,LNP193<-LNP858;LNP194<-LNP854;LNP195<-LNP195;LNP782<-LNP782;LNP854<-LNP194;LNP858<-LNP193,0.22402597402597396,-0.07792207792207789,0.529815071292344,-0.02225317894400969,0.32358276643990924,-0.10715316429602145,0.41233766233766234,-0.07142857142857145,0.3930789707187223,-0.08606996545149054,-0.19738550848793068,-0.1630251018507281
rna_association,4,715,False,LNP193<-LNP858;LNP194<-LNP854;LNP195<-LNP782;LNP782<-LNP193;LNP854<-LNP194;LNP858<-LNP195,0.29220779220779214,-0.009740259740259716,0.5486591593272627,-0.003409090909090917,0.42240259740259734,-0.00833333333333336,0.4480519480519481,-0.0357142857142857,0.4375,-0.041648936170212814,-0.1130805588384352,-0.07872015220123262
rna_association,4,716,False,LNP193<-LNP858;LNP194<-LNP854;LNP195<-LNP782;LNP782<-LNP193;LNP854<-LNP195;LNP858<-LNP194,0.3311688311688311,0.02922077922077926,0.5612245729181213,0.009156322681767692,0.47182539682539676,0.041089466089466065,0.551948051948052,0.06818181818181818,0.5418181818181819,0.06266924564796905,0.1218289807746346,0.1561893874118372
rna_association,4,717,False,LNP193<-LNP858;LNP194<-LNP854;LNP195<-LNP782;LNP782<-LNP194;LNP854<-LNP193;LNP858<-LNP195,0.22402597402597396,-0.07792207792207789,0.529815071292344,-0.02225317894400969,0.32358276643990924,-0.10715316429602145,0.34090909090909094,-0.14285714285714285,0.29411764705882354,-0.18503128911138927,-0.39192475766909773,-0.35756435103189516
rna_association,4,718,False,LNP193<-LNP858;LNP194<-LNP854;LNP195<-LNP782;LNP782<-LNP194;LNP854<-LNP195;LNP858<-LNP193,0.3311688311688311,0.02922077922077926,0.5612245729181213,0.009156322681767692,0.47182539682539676,0.041089466089466065,0.5876623376623377,0.10389610389610388,0.5847382431233363,0.10558930695312352,0.19738550848793068,0.23174591512513326
rna_association,4,719,False,LNP193<-LNP858;LNP194<-LNP854;LNP195<-LNP782;LNP782<-LNP195;LNP854<-LNP193;LNP858<-LNP194,0.19480519480519476,-0.1071428571428571,0.5196969696969697,-0.032371280539383984,0.31183499040641893,-0.11890094032951176,0.4318181818181818,-0.051948051948051965,0.3454545454545454,-0.1336943907156674,-0.2405228464604172,-0.2061624398232146
rna_association,4,720,False,LNP193<-LNP858;LNP194<-LNP854;LNP195<-LNP782;LNP782<-LNP195;LNP854<-LNP194;LNP858<-LNP193,0.3214285714285714,0.019480519480519543,0.5583378427128427,0.006269592476489061,0.4503968253968253,0.0196608946608946,0.5162337662337663,0.03246753246753248,0.4957983193277311,0.016649383157518294,0.03999232221113232,0.0743527288483349
water_penetration,1,1,True,LNP193<-LNP193;LNP194<-LNP194;LNP195<-LNP195;LNP782<-LNP782;LNP854<-LNP854;LNP858<-LNP858,0.3214285714285714,0.019480519480519543,0.5583378427128427,0.006269592476489061,0.4503968253968253,0.0196608946608946,0.551948051948052,0.06818181818181818,0.5418181818181819,0.06266924564796905,0.1218289807746346,0.1561893874118372
water_penetration,1,2,False,LNP193<-LNP193;LNP194<-LNP194;LNP195<-LNP195;LNP782<-LNP782;LNP854<-LNP858;LNP858<-LNP854,0.22402597402597396,-0.07792207792207789,0.529694547876366,-0.02237370235998759,0.32358276643990924,-0.10715316429602145,0.4480519480519481,-0.0357142857142857,0.4375,-0.041648936170212814,-0.1130805588384352,-0.07872015220123262
water_penetration,1,3,False,LNP193<-LNP193;LNP194<-LNP194;LNP195<-LNP195;LNP782<-LNP854;LNP854<-LNP782;LNP858<-LNP858,0.3214285714285714,0.019480519480519543,0.5583378427128427,0.006269592476489061,0.4503968253968253,0.0196608946608946,0.551948051948052,0.06818181818181818,0.5418181818181819,0.06266924564796905,0.1218289807746346,0.1561893874118372
water_penetration,1,4,False,LNP193<-LNP193;LNP194<-LNP194;LNP195<-LNP195;LNP782<-LNP854;LNP854<-LNP858;LNP858<-LNP782,0.22402597402597396,-0.07792207792207789,0.529694547876366,-0.02237370235998759,0.32358276643990924,-0.10715316429602145,0.4480519480519481,-0.0357142857142857,0.4375,-0.041648936170212814,-0.1130805588384352,-0.07872015220123262
water_penetration,1,5,False,LNP193<-LNP193;LNP194<-LNP194;LNP195<-LNP195;LNP782<-LNP858;LNP854<-LNP782;LNP858<-LNP854,0.2824675324675324,-0.01948051948051943,0.5459473824677586,-0.006120867768594995,0.4018243661100803,-0.028911564625850372,0.4837662337662338,0.0,0.4791489361702128,0.0,-0.03436040663720258,0.0
water_penetration,1,6,False,LNP193<-LNP193;LNP194<-LNP194;LNP195<-LNP195;LNP782<-LNP858;LNP854<-LNP854;LNP858<-LNP782,0.2824675324675324,-0.01948051948051943,0.5459473824677586,-0.006120867768594995,0.4018243661100803,-0.028911564625850372,0.4837662337662338,0.0,0.4791489361702128,0.0,-0.03436040663720258,0.0
water_penetration,1,7,False,LNP193<-LNP193;LNP194<-LNP194;LNP195<-LNP782;LNP782<-LNP195;LNP854<-LNP854;LNP858<-LNP858,0.24350649350649345,-0.058441558441558406,0.5349287076559803,-0.017139542580373313,0.3394557823129251,-0.09128014842300558,0.4480519480519481,-0.0357142857142857,0.4375,-0.041648936170212814,-0.1130805588384352,-0.07872015220123262
water_penetration,1,8,False,LNP193<-LNP193;LNP194<-LNP194;LNP195<-LNP782;LNP782<-LNP195;LNP854<-LNP858;LNP858<-LNP854,0.29220779220779214,-0.009740259740259716,0.5486591593272627,-0.003409090909090917,0.4247835497835497,-0.005952380952380987,0.4837662337662338,0.0,0.4791489361702128,0.0,-0.03436040663720258,0.0
water_penetration,1,9,False,LNP193<-LNP193;LNP194<-LNP194;LNP195<-LNP782;LNP782<-LNP854;LNP854<-LNP195;LNP858<-LNP858,0.3116883116883116,0.009740259740259771,0.5550910894660894,0.0030228392297357853,0.4404761904761904,0.009740259740259716,0.5194805194805195,0.035714285714285754,0.5183946488294314,0.03924571265921861,0.040291148201269084,0.07465155483847166
water_penetration,1,10,False,LNP193<-LNP193;LNP194<-LNP194;LNP195<-LNP782;LNP782<-LNP854;LNP854<-LNP858;LNP858<-LNP195,0.2727272727272727,-0.029220779220779147,0.5443059683263445,-0.007762281910009161,0.3601576994434137,-0.070578231292517,0.4837662337662338,0.0,0.4791489361702128,0.0,-0.03436040663720258,0.0
water_penetration,1,11,False,LNP193<-LNP193;LNP194<-LNP194;LNP195<-LNP782;LNP782<-LNP858;LNP854<-LNP195;LNP858<-LNP854,0.30194805194805185,0.0,0.5520682502363536,0.0,0.4307359307359307,0.0,0.4837662337662338,0.0,0.4791489361702128,0.0,-0.03436040663720258,0.0
water_penetration,1,12,False,LNP193<-LNP193;LNP194<-LNP194;LNP195<-LNP782;LNP782<-LNP858;LNP854<-LNP854;LNP858<-LNP195,0.26298701298701294,-0.03896103896103892,0.5399792127064854,-0.01208903752986823,0.38707482993197273,-0.043661100803957964,0.4155844155844156,-0.06818181818181818,0.4155844155844156,-0.0635645205857972,-0.16883116883116886,-0.13447076219396628
water_penetration,1,13,False,LNP193<-LNP193;LNP194<-LNP194;LNP195<-LNP854;LNP782<-LNP195;LNP854<-LNP782;LNP858<-LNP858,0.24350649350649345,-0.058441558441558406,0.5349287076559803,-0.017139542580373313,0.3394557823129251,-0.09128014842300558,0.4480519480519481,-0.0357142857142857,0.4375,-0.041648936170212814,-0.1130805588384352,-0.07872015220123262
water_penetration,1,14,False,LNP193<-LNP193;LNP194<-LNP194;LNP195<-LNP854;LNP782<-LNP195;LNP854<-LNP858;LNP858<-LNP782,0.29220779220779214,-0.009740259740259716,0.5486591593272627,-0.003409090909090917,0.4247835497835497,-0.005952380952380987,0.4837662337662338,0.0,0.4791489361702128,0.0,-0.03436040663720258,0.0
water_penetration,1,15,False,LNP193<-LNP193;LNP194<-LNP194;LNP195<-LNP854;LNP782<-LNP782;LNP854<-LNP195;LNP858<-LNP858,0.3116883116883116,0.009740259740259771,0.5550910894660894,0.0030228392297357853,0.4404761904761904,0.009740259740259716,0.5194805194805195,0.035714285714285754,0.5183946488294314,0.03924571265921861,0.040291148201269084,0.07465155483847166
water_penetration,1,16,False,LNP193<-LNP193;LNP194<-LNP194;LNP195<-LNP854;LNP782<-LNP782;LNP854<-LNP858;LNP858<-LNP195,0.2727272727272727,-0.029220779220779147,0.5443059683263445,-0.007762281910009161,0.3601576994434137,-0.070578231292517,0.4837662337662338,0.0,0.4791489361702128,0.0,-0.03436040663720258,0.0
water_penetration,1,17,False,LNP193<-LNP193;LNP194<-LNP194;LNP195<-LNP854;LNP782<-LNP858;LNP854<-LNP195;LNP858<-LNP782,0.30194805194805185,0.0,0.5520682502363536,0.0,0.4307359307359307,0.0,0.4837662337662338,0.0,0.4791489361702128,0.0,-0.03436040663720258,0.0
water_penetration,1,18,False,LNP193<-LNP193;LNP194<-LNP194;LNP195<-LNP854;LNP782<-LNP858;LNP854<-LNP782;LNP858<-LNP195,0.26298701298701294,-0.03896103896103892,0.5399792127064854,-0.01208903752986823,0.38707482993197273,-0.043661100803957964,0.4155844155844156,-0.06818181818181818,0.4155844155844156,-0.0635645205857972,-0.16883116883116886,-0.13447076219396628
water_penetration,1,19,False,LNP193<-LNP193;LNP194<-LNP194;LNP195<-LNP858;LNP782<-LNP195;LNP854<-LNP782;LNP858<-LNP854,0.2727272727272727,-0.029220779220779147,0.5431260658533386,-0.008942184383015084,0.3926406926406926,-0.03809523809523807,0.4837662337662338,0.0,0.4791489361702128,0.0,-0.03436040663720258,0.0
water_penetration,1,20,False,LNP193<-LNP193;LNP194<-LNP194;LNP195<-LNP858;LNP782<-LNP195;LNP854<-LNP854;LNP858<-LNP782,0.2727272727272727,-0.029220779220779147,0.5431260658533386,-0.008942184383015084,0.3926406926406926,-0.03809523809523807,0.4837662337662338,0.0,0.4791489361702128,0.0,-0.03436040663720258,0.0
water_penetration,1,21,False,LNP193<-LNP193;LNP194<-LNP194;LNP195<-LNP858;LNP782<-LNP782;LNP854<-LNP195;LNP858<-LNP854,0.22402597402597396,-0.07792207792207789,0.529694547876366,-0.02237370235998759,0.32358276643990924,-0.10715316429602145,0.4480519480519481,-0.0357142857142857,0.4375,-0.041648936170212814,-0.1130805588384352,-0.07872015220123262
water_penetration,1,22,False,LNP193<-LNP193;LNP194<-LNP194;LNP195<-LNP858;LNP782<-LNP782;LNP854<-LNP854;LNP858<-LNP195,0.3116883116883116,0.009740259740259771,0.5550910894660894,0.0030228392297357853,0.4404761904761904,0.009740259740259716,0.551948051948052,0.06818181818181818,0.5418181818181819,0.06266924564796905,0.1218289807746346,0.1561893874118372
water_penetration,1,23,False,LNP193<-LNP193;LNP194<-LNP194;LNP195<-LNP858;LNP782<-LNP854;LNP854<-LNP195;LNP858<-LNP782,0.22402597402597396,-0.07792207792207789,0.529694547876366,-0.02237370235998759,0.32358276643990924,-0.10715316429602145,0.4480519480519481,-0.0357142857142857,0.4375,-0.041648936170212814,-0.1130805588384352,-0.07872015220123262
water_penetration,1,24,False,LNP193<-LNP193;LNP194<-LNP194;LNP195<-LNP858;LNP782<-LNP854;LNP854<-LNP782;LNP858<-LNP195,0.3116883116883116,0.009740259740259771,0.5550910894660894,0.0030228392297357853,0.4404761904761904,0.009740259740259716,0.551948051948052,0.06818181818181818,0.5418181818181819,0.06266924564796905,0.1218289807746346,0.1561893874118372
water_penetration,1,25,False,LNP193<-LNP193;LNP194<-LNP195;LNP195<-LNP194;LNP782<-LNP782;LNP854<-LNP854;LNP858<-LNP858,0.30194805194805185,0.0,0.5520682502363536,0.0,0.4307359307359307,0.0,0.4837662337662338,0.0,0.4791489361702128,0.0,-0.03436040663720258,0.0
water_penetration,1,26,False,LNP193<-LNP193;LNP194<-LNP195;LNP195<-LNP194;LNP782<-LNP782;LNP854<-LNP858;LNP858<-LNP854,0.29220779220779214,-0.009740259740259716,0.5486591593272627,-0.003409090909090917,0.4247835497835497,-0.005952380952380987,0.4837662337662338,0.0,0.4791489361702128,0.0,-0.03436040663720258,0.0
water_penetration,1,27,False,LNP193<-LNP193;LNP194<-LNP195;LNP195<-LNP194;LNP782<-LNP854;LNP854<-LNP782;LNP858<-LNP858,0.30194805194805185,0.0,0.5520682502363536,0.0,0.4307359307359307,0.0,0.4837662337662338,0.0,0.4791489361702128,0.0,-0.03436040663720258,0.0
water_penetration,1,28,False,LNP193<-LNP193;LNP194<-LNP195;LNP195<-LNP194;LNP782<-LNP854;LNP854<-LNP858;LNP858<-LNP782,0.29220779220779214,-0.009740259740259716,0.5486591593272627,-0.003409090909090917,0.4247835497835497,-0.005952380952380987,0.4837662337662338,0.0,0.4791489361702128,0.0,-0.03436040663720258,0.0
water_penetration,1,29,False,LNP193<-LNP193;LNP194<-LNP195;LNP195<-LNP194;LNP782<-LNP858;LNP854<-LNP782;LNP858<-LNP854,0.30194805194805185,0.0,0.5520682502363536,0.0,0.4307359307359307,0.0,0.5194805194805195,0.035714285714285754,0.5183946488294314,0.03924571265921861,0.040291148201269084,0.07465155483847166
water_penetration,1,30,False,LNP193<-LNP193;LNP194<-LNP195;LNP195<-LNP194;LNP782<-LNP858;LNP854<-LNP854;LNP858<-LNP782,0.30194805194805185,0.0,0.5520682502363536,0.0,0.4307359307359307,0.0,0.5194805194805195,0.035714285714285754,0.5183946488294314,0.03924571265921861,0.040291148201269084,0.07465155483847166
water_penetration,1,31,False,LNP193<-LNP193;LNP194<-LNP195;LNP195<-LNP782;LNP782<-LNP194;LNP854<-LNP854;LNP858<-LNP858,0.29220779220779214,-0.009740259740259716,0.5486591593272627,-0.003409090909090917,0.4247835497835497,-0.005952380952380987,0.4837662337662338,0.0,0.4791489361702128,0.0,-0.03436040663720258,0.0
water_penetration,1,32,False,LNP193<-LNP193;LNP194<-LNP195;LNP195<-LNP782;LNP782<-LNP194;LNP854<-LNP858;LNP858<-LNP854,0.29220779220779214,-0.009740259740259716,0.5486591593272627,-0.003409090909090917,0.4247835497835497,-0.005952380952380987,0.4837662337662338,0.0,0.4791489361702128,0.0,-0.03436040663720258,0.0
water_penetration,1,33,False,LNP193<-LNP193;LNP194<-LNP195;LNP195<-LNP782;LNP782<-LNP854;LNP854<-LNP194;LNP858<-LNP858,0.30194805194805185,0.0,0.5520682502363536,0.0,0.4307359307359307,0.0,0.4837662337662338,0.0,0.4791489361702128,0.0,-0.03436040663720258,0.0
water_penetration,1,34,False,LNP193<-LNP193;LNP194<-LNP195;LNP195<-LNP782;LNP782<-LNP854;LNP854<-LNP858;LNP858<-LNP194,0.29220779220779214,-0.009740259740259716,0.5486591593272627,-0.003409090909090917,0.4247835497835497,-0.005952380952380987,0.4837662337662338,0.0,0.4791489361702128,0.0,-0.03436040663720258,0.0
water_penetration,1,35,False,LNP193<-LNP193;LNP194<-LNP195;LNP195<-LNP782;LNP782<-LNP858;LNP854<-LNP194;LNP858<-LNP854,0.30194805194805185,0.0,0.5520682502363536,0.0,0.4307359307359307,0.0,0.5194805194805195,0.035714285714285754,0.5183946488294314,0.03924571265921861,0.040291148201269084,0.07465155483847166
water_penetration,1,36,False,LNP193<-LNP193;LNP194<-LNP195;LNP195<-LNP782;LNP782<-LNP858;LNP854<-LNP854;LNP858<-LNP194,0.30194805194805185,0.0,0.5520682502363536,0.0,0.4307359307359307,0.0,0.5194805194805195,0.035714285714285754,0.5183946488294314,0.03924571265921861,0.040291148201269084,0.07465155483847166
water_penetration,1,37,False,LNP193<-LNP193;LNP194<-LNP195;LNP195<-LNP854;LNP782<-LNP194;LNP854<-LNP782;LNP858<-LNP858,0.29220779220779214,-0.009740259740259716,0.5486591593272627,-0.003409090909090917,0.4247835497835497,-0.005952380952380987,0.4837662337662338,0.0,0.4791489361702128,0.0,-0.03436040663720258,0.0
water_penetration,1,38,False,LNP193<-LNP193;LNP194<-LNP195;LNP195<-LNP854;LNP782<-LNP194;LNP854<-LNP858;LNP858<-LNP782,0.29220779220779214,-0.009740259740259716,0.5486591593272627,-0.003409090909090917,0.4247835497835497,-0.005952380952380987,0.4837662337662338,0.0,0.4791489361702128,0.0,-0.03436040663720258,0.0
water_penetration,1,39,False,LNP193<-LNP193;LNP194<-LNP195;LNP195<-LNP854;LNP782<-LNP782;LNP854<-LNP194;LNP858<-LNP858,0.30194805194805185,0.0,0.5520682502363536,0.0,0.4307359307359307,0.0,0.4837662337662338,0.0,0.4791489361702128,0.0,-0.03436040663720258,0.0
water_penetration,1,40,False,LNP193<-LNP193;LNP194<-LNP195;LNP195<-LNP854;LNP782<-LNP782;LNP854<-LNP858;LNP858<-LNP194,0.29220779220779214,-0.009740259740259716,0.5486591593272627,-0.003409090909090917,0.4247835497835497,-0.005952380952380987,0.4837662337662338,0.0,0.4791489361702128,0.0,-0.03436040663720258,0.0
water_penetration,1,41,False,LNP193<-LNP193;LNP194<-LNP195;LNP195<-LNP854;LNP782<-LNP858;LNP854<-LNP194;LNP858<-LNP782,0.30194805194805185,0.0,0.5520682502363536,0.0,0.4307359307359307,0.0,0.5194805194805195,0.035714285714285754,0.5183946488294314,0.03924571265921861,0.040291148201269084,0.07465155483847166
water_penetration,1,42,False,LNP193<-LNP193;LNP194<-LNP195;LNP195<-LNP854;LNP782<-LNP858;LNP854<-LNP782;LNP858<-LNP194,0.30194805194805185,0.0,0.5520682502363536,0.0,0.4307359307359307,0.0,0.5194805194805195,0.035714285714285754,0.5183946488294314,0.03924571265921861,0.040291148201269084,0.07465155483847166
water_penetration,1,43,False,LNP193<-LNP193;LNP194<-LNP195;LNP195<-LNP858;LNP782<-LNP194;LNP854<-LNP782;LNP858<-LNP854,0.2824675324675324,-0.01948051948051943,0.5459473824677586,-0.006120867768594995,0.4018243661100803,-0.028911564625850372,0.4837662337662338,0.0,0.4791489361702128,0.0,-0.03436040663720258,0.0
water_penetration,1,44,False,LNP193<-LNP193;LNP194<-LNP195;LNP195<-LNP858;LNP782<-LNP194;LNP854<-LNP854;LNP858<-LNP782,0.29220779220779214,-0.009740259740259716,0.5486591593272627,-0.003409090909090917,0.4247835497835497,-0.005952380952380987,0.4837662337662338,0.0,0.4791489361702128,0.0,-0.03436040663720258,0.0
water_penetration,1,45,False,LNP193<-LNP193;LNP194<-LNP195;LNP195<-LNP858;LNP782<-LNP782;LNP854<-LNP194;LNP858<-LNP854,0.2727272727272727,-0.029220779220779147,0.5431260658533386,-0.008942184383015084,0.3926406926406926,-0.03809523809523807,0.4837662337662338,0.0,0.4791489361702128,0.0,-0.03436040663720258,0.0
water_penetration,1,46,False,LNP193<-LNP193;LNP194<-LNP195;LNP195<-LNP858;LNP782<-LNP782;LNP854<-LNP854;LNP858<-LNP194,0.29220779220779214,-0.009740259740259716,0.5486591593272627,-0.003409090909090917,0.4247835497835497,-0.005952380952380987,0.4837662337662338,0.0,0.4791489361702128,0.0,-0.03436040663720258,0.0
water_penetration,1,47,False,LNP193<-LNP193;LNP194<-LNP195;LNP195<-LNP858;LNP782<-LNP854;LNP854<-LNP194;LNP858<-LNP782,0.2727272727272727,-0.029220779220779147,0.5431260658533386,-0.008942184383015084,0.3926406926406926,-0.03809523809523807,0.4837662337662338,0.0,0.4791489361702128,0.0,-0.03436040663720258,0.0
water_penetration,1,48,False,LNP193<-LNP193;LNP194<-LNP195;LNP195<-LNP858;LNP782<-LNP854;LNP854<-LNP782;LNP858<-LNP194,0.29220779220779214,-0.009740259740259716,0.5486591593272627,-0.003409090909090917,0.4247835497835497,-0.005952380952380987,0.4837662337662338,0.0,0.4791489361702128,0.0,-0.03436040663720258,0.0
water_penetration,1,49,False,LNP193<-LNP193;LNP194<-LNP782;LNP195<-LNP194;LNP782<-LNP195;LNP854<-LNP854;LNP858<-LNP858,0.25324675324675316,-0.04870129870129869,0.5378418516349551,-0.014226398601398516,0.34863945578231287,-0.08209647495361783,0.4480519480519481,-0.0357142857142857,0.4375,-0.041648936170212814,-0.1130805588384352,-0.07872015220123262
water_penetration,1,50,False,LNP193<-LNP193;LNP194<-LNP782;LNP195<-LNP194;LNP782<-LNP195;LNP854<-LNP858;LNP858<-LNP854,0.29220779220779214,-0.009740259740259716,0.5486591593272627,-0.003409090909090917,0.4247835497835497,-0.005952380952380987,0.4837662337662338,0.0,0.4791489361702128,0.0,-0.03436040663720258,0.0
water_penetration,1,51,False,LNP193<-LNP193;LNP194<-LNP782;LNP195<-LNP194;LNP782<-LNP854;LNP854<-LNP195;LNP858<-LNP858,0.3116883116883116,0.009740259740259771,0.5550910894660894,0.0030228392297357853,0.4404761904761904,0.009740259740259716,0.5194805194805195,0.035714285714285754,0.5183946488294314,0.03924571265921861,0.040291148201269084,0.07465155483847166
water_penetration,1,52,False,LNP193<-LNP193;LNP194<-LNP782;LNP195<-LNP194;LNP782<-LNP854;LNP854<-LNP858;LNP858<-LNP195,0.2727272727272727,-0.029220779220779147,0.5443059683263445,-0.007762281910009161,0.35777674706246126,-0.07295918367346943,0.4837662337662338,0.0,0.4791489361702128,0.0,-0.03436040663720258,0.0
water_penetration,1,53,False,LNP193<-LNP193;LNP194<-LNP782;LNP195<-LNP194;LNP782<-LNP858;LNP854<-LNP195;LNP858<-LNP854,0.29220779220779214,-0.009740259740259716,0.5486591593272627,-0.003409090909090917,0.4247835497835497,-0.005952380952380987,0.4837662337662338,0.0,0.4791489361702128,0.0,-0.03436040663720258,0.0
water_penetration,1,54,False,LNP193<-LNP193;LNP194<-LNP782;LNP195<-LNP194;LNP782<-LNP858;LNP854<-LNP854;LNP858<-LNP195,0.27272727272727265,-0.029220779220779203,0.5428005293209055,-0.009267720915448141,0.3962585034013605,-0.03447742733457021,0.4155844155844156,-0.06818181818181818,0.4155844155844156,-0.0635645205857972,-0.16883116883116886,-0.13447076219396628
water_penetration,1,55,False,LNP193<-LNP193;LNP194<-LNP782;LNP195<-LNP195;LNP782<-LNP194;LNP854<-LNP854;LNP858<-LNP858,0.3214285714285714,0.019480519480519543,0.5583378427128427,0.006269592476489061,0.4503968253968253,0.0196608946608946,0.551948051948052,0.06818181818181818,0.5418181818181819,0.06266924564796905,0.1218289807746346,0.1561893874118372
water_penetration,1,56,False,LNP193<-LNP193;LNP194<-LNP782;LNP195<-LNP195;LNP782<-LNP194;LNP854<-LNP858;LNP858<-LNP854,0.22402597402597396,-0.07792207792207789,0.529694547876366,-0.02237370235998759,0.32358276643990924,-0.10715316429602145,0.4480519480519481,-0.0357142857142857,0.4375,-0.041648936170212814,-0.1130805588384352,-0.07872015220123262
water_penetration,1,57,False,LNP193<-LNP193;LNP194<-LNP782;LNP195<-LNP195;LNP782<-LNP854;LNP854<-LNP194;LNP858<-LNP858,0.3311688311688311,0.02922077922077926,0.5612245729181213,0.009156322681767692,0.47182539682539676,0.041089466089466065,0.5876623376623377,0.10389610389610388,0.5847382431233363,0.10558930695312352,0.19738550848793068,0.23174591512513326
water_penetration,1,58,False,LNP193<-LNP193;LNP194<-LNP782;LNP195<-LNP195;LNP782<-LNP854;LNP854<-LNP858;LNP858<-LNP194,0.24350649350649345,-0.058441558441558406,0.5349287076559803,-0.017139542580373313,0.3394557823129251,-0.09128014842300558,0.4480519480519481,-0.0357142857142857,0.4375,-0.041648936170212814,-0.1130805588384352,-0.07872015220123262
water_penetration,1,59,False,LNP193<-LNP193;LNP194<-LNP782;LNP195<-LNP195;LNP782<-LNP858;LNP854<-LNP194;LNP858<-LNP854,0.2727272727272727,-0.029220779220779147,0.5431260658533386,-0.008942184383015084,0.3926406926406926,-0.03809523809523807,0.4837662337662338,0.0,0.4791489361702128,0.0,-0.03436040663720258,0.0
water_penetration,1,60,False,LNP193<-LNP193;LNP194<-LNP782;LNP195<-LNP195;LNP782<-LNP858;LNP854<-LNP854;LNP858<-LNP194,0.2824675324675324,-0.01948051948051943,0.5459473824677586,-0.006120867768594995,0.4018243661100803,-0.028911564625850372,0.4837662337662338,0.0,0.4791489361702128,0.0,-0.03436040663720258,0.0
water_penetration,1,61,False,LNP193<-LNP193;LNP194<-LNP782;LNP195<-LNP854;LNP782<-LNP194;LNP854<-LNP195;LNP858<-LNP858,0.3116883116883116,0.009740259740259771,0.5550910894660894,0.0030228392297357853,0.4404761904761904,0.009740259740259716,0.5194805194805195,0.035714285714285754,0.5183946488294314,0.03924571265921861,0.040291148201269084,0.07465155483847166
water_penetration,1,62,False,LNP193<-LNP193;LNP194<-LNP782;LNP195<-LNP854;LNP782<-LNP194;LNP854<-LNP858;LNP858<-LNP195,0.2727272727272727,-0.029220779220779147,0.5443059683263445,-0.007762281910009161,0.3601576994434137,-0.070578231292517,0.4837662337662338,0.0,0.4791489361702128,0.0,-0.03436040663720258,0.0
water_penetration,1,63,False,LNP193<-LNP193;LNP194<-LNP782;LNP195<-LNP854;LNP782<-LNP195;LNP854<-LNP194;LNP858<-LNP858,0.26298701298701294,-0.03896103896103892,0.5399792127064854,-0.01208903752986823,0.38707482993197273,-0.043661100803957964,0.4480519480519481,-0.0357142857142857,0.4375,-0.041648936170212814,-0.1130805588384352,-0.07872015220123262
water_penetration,1,64,False,LNP193<-LNP193;LNP194<-LNP782;LNP195<-LNP854;LNP782<-LNP195;LNP854<-LNP858;LNP858<-LNP194,0.29220779220779214,-0.009740259740259716,0.5486591593272627,-0.003409090909090917,0.4247835497835497,-0.005952380952380987,0.4837662337662338,0.0,0.4791489361702128,0.0,-0.03436040663720258,0.0
water_penetration,1,65,False,LNP193<-LNP193;LNP194<-LNP782;LNP195<-LNP854;LNP782<-LNP858;LNP854<-LNP194;LNP858<-LNP195,0.2824675324675324,-0.01948051948051943,0.5459473824677586,-0.006120867768594995,0.4018243661100803,-0.028911564625850372,0.4155844155844156,-0.06818181818181818,0.4155844155844156,-0.0635645205857972,-0.16883116883116886,-0.13447076219396628
water_penetration,1,66,False,LNP193<-LNP193;LNP194<-LNP782;LNP195<-LNP854;LNP782<-LNP858;LNP854<-LNP195;LNP858<-LNP194,0.30194805194805185,0.0,0.5520682502363536,0.0,0.4307359307359307,0.0,0.4837662337662338,0.0,0.4791489361702128,0.0,-0.03436040663720258,0.0
water_penetration,1,67,False,LNP193<-LNP193;LNP194<-LNP782;LNP195<-LNP858;LNP782<-LNP194;LNP854<-LNP195;LNP858<-LNP854,0.22402597402597396,-0.07792207792207789,0.529694547876366,-0.02237370235998759,0.32358276643990924,-0.10715316429602145,0.4480519480519481,-0.0357142857142857,0.4375,-0.041648936170212814,-0.1130805588384352,-0.07872015220123262
water_penetration,1,68,False,LNP193<-LNP193;LNP194<-LNP782;LNP195<-LNP858;LNP782<-LNP194;LNP854<-LNP854;LNP858<-LNP195,0.3116883116883116,0.009740259740259771,0.5550910894660894,0.0030228392297357853,0.4404761904761904,0.009740259740259716,0.551948051948052,0.06818181818181818,0.5418181818181819,0.06266924564796905,0.1218289807746346,0.1561893874118372
water_penetration,1,69,False,LNP193<-LNP193;LNP194<-LNP782;LNP195<-LNP858;LNP782<-LNP195;LNP854<-LNP194;LNP858<-LNP854,0.2727272727272727,-0.029220779220779147,0.5431260658533386,-0.008942184383015084,0.3926406926406926,-0.03809523809523807,0.4837662337662338,0.0,0.4791489361702128,0.0,-0.03436040663720258,0.0
water_penetration,1,70,False,LNP193<-LNP193;LNP194<-LNP782;LNP195<-LNP858;LNP782<-LNP195;LNP854<-LNP854;LNP858<-LNP194,0.2824675324675324,-0.01948051948051943,0.5459473824677586,-0.006120867768594995,0.4018243661100803,-0.028911564625850372,0.4837662337662338,0.0,0.4791489361702128,0.0,-0.03436040663720258,0.0
water_penetration,1,71,False,LNP193<-LNP193;LNP194<-LNP782;LNP195<-LNP858;LNP782<-LNP854;LNP854<-LNP194;LNP858<-LNP195,0.3116883116883116,0.009740259740259771,0.5550910894660894,0.0030228392297357853,0.4404761904761904,0.009740259740259716,0.4837662337662338,0.0,0.4791489361702128,0.0,-0.03436040663720258,0.0
water_penetration,1,72,False,LNP193<-LNP193;LNP194<-LNP782;LNP195<-LNP858;LNP782<-LNP854;LNP854<-LNP195;LNP858<-LNP194,0.24350649350649345,-0.058441558441558406,0.5349287076559803,-0.017139542580373313,0.3394557823129251,-0.09128014842300558,0.4480519480519481,-0.0357142857142857,0.4375,-0.041648936170212814,-0.1130805588384352,-0.07872015220123262
water_penetration,1,73,False,LNP193<-LNP193;LNP194<-LNP854;LNP195<-LNP194;LNP782<-LNP195;LNP854<-LNP782;LNP858<-LNP858,0.25324675324675316,-0.04870129870129869,0.5378418516349551,-0.014226398601398516,0.34863945578231287,-0.08209647495361783,0.4480519480519481,-0.0357142857142857,0.4375,-0.041648936170212814,-0.1130805588384352,-0.07872015220123262
water_penetration,1,74,False,LNP193<-LNP193;LNP194<-LNP854;LNP195<-LNP194;LNP782<-LNP195;LNP854<-LNP858;LNP858<-LNP782,0.29220779220779214,-0.009740259740259716,0.5486591593272627,-0.003409090909090917,0.4247835497835497,-0.005952380952380987,0.4837662337662338,0.0,0.4791489361702128,0.0,-0.03436040663720258,0.0
water_penetration,1,75,False,LNP193<-LNP193;LNP194<-LNP854;LNP195<-LNP194;LNP782<-LNP782;LNP854<-LNP195;LNP858<-LNP858,0.3116883116883116,0.009740259740259771,0.5550910894660894,0.0030228392297357853,0.4404761904761904,0.009740259740259716,0.5194805194805195,0.035714285714285754,0.5183946488294314,0.03924571265921861,0.040291148201269084,0.07465155483847166
water_penetration,1,76,False,LNP193<-LNP193;LNP194<-LNP854;LNP195<-LNP194;LNP782<-LNP782;LNP854<-LNP858;LNP858<-LNP195,0.2727272727272727,-0.029220779220779147,0.5443059683263445,-0.007762281910009161,0.35777674706246126,-0.07295918367346943,0.4837662337662338,0.0,0.4791489361702128,0.0,-0.03436040663720258,0.0
water_penetration,1,77,False,LNP193<-LNP193;LNP194<-LNP854;LNP195<-LNP194;LNP782<-LNP858;LNP854<-LNP195;LNP858<-LNP782,0.29220779220779214,-0.009740259740259716,0.5486591593272627,-0.003409090909090917,0.4247835497835497,-0.005952380952380987,0.4837662337662338,0.0,0.4791489361702128,0.0,-0.03436040663720258,0.0
water_penetration,1,78,False,LNP193<-LNP193;LNP194<-LNP854;LNP195<-LNP194;LNP782<-LNP858;LNP854<-LNP782;LNP858<-LNP195,0.27272727272727265,-0.029220779220779203,0.5428005293209055,-0.009267720915448141,0.3962585034013605,-0.03447742733457021,0.4155844155844156,-0.06818181818181818,0.4155844155844156,-0.0635645205857972,-0.16883116883116886,-0.13447076219396628
water_penetration,1,79,False,LNP193<-LNP193;LNP194<-LNP854;LNP195<-LNP195;LNP782<-LNP194;LNP854<-LNP782;LNP858<-LNP858,0.3214285714285714,0.019480519480519543,0.5583378427128427,0.006269592476489061,0.4503968253968253,0.0196608946608946,0.551948051948052,0.06818181818181818,0.5418181818181819,0.06266924564796905,0.1218289807746346,0.1561893874118372
water_penetration,1,80,False,LNP193<-LNP193;LNP194<-LNP854;LNP195<-LNP195;LNP782<-LNP194;LNP854<-LNP858;LNP858<-LNP782,0.22402597402597396,-0.07792207792207789,0.529694547876366,-0.02237370235998759,0.32358276643990924,-0.10715316429602145,0.4480519480519481,-0.0357142857142857,0.4375,-0.041648936170212814,-0.1130805588384352,-0.07872015220123262
water_penetration,1,81,False,LNP193<-LNP193;LNP194<-LNP854;LNP195<-LNP195;LNP782<-LNP782;LNP854<-LNP194;LNP858<-LNP858,0.3311688311688311,0.02922077922077926,0.5612245729181213,0.009156322681767692,0.47182539682539676,0.041089466089466065,0.5876623376623377,0.10389610389610388,0.5847382431233363,0.10558930695312352,0.19738550848793068,0.23174591512513326
water_penetration,1,82,False,LNP193<-LNP193;LNP194<-LNP854;LNP195<-LNP195;LNP782<-LNP782;LNP854<-LNP858;LNP858<-LNP194,0.24350649350649345,-0.058441558441558406,0.5349287076559803,-0.017139542580373313,0.3394557823129251,-0.09128014842300558,0.4480519480519481,-0.0357142857142857,0.4375,-0.041648936170212814,-0.1130805588384352,-0.07872015220123262
water_penetration,1,83,False,LNP193<-LNP193;LNP194<-LNP854;LNP195<-LNP195;LNP782<-LNP858;LNP854<-LNP194;LNP858<-LNP782,0.2727272727272727,-0.029220779220779147,0.5431260658533386,-0.008942184383015084,0.3926406926406926,-0.03809523809523807,0.4837662337662338,0.0,0.4791489361702128,0.0,-0.03436040663720258,0.0
water_penetration,1,84,False,LNP193<-LNP193;LNP194<-LNP854;LNP195<-LNP195;LNP782<-LNP858;LNP854<-LNP782;LNP858<-LNP194,0.2824675324675324,-0.01948051948051943,0.5459473824677586,-0.006120867768594995,0.4018243661100803,-0.028911564625850372,0.4837662337662338,0.0,0.4791489361702128,0.0,-0.03436040663720258,0.0
water_penetration,1,85,False,LNP193<-LNP193;LNP194<-LNP854;LNP195<-LNP782;LNP782<-LNP194;LNP854<-LNP195;LNP858<-LNP858,0.3116883116883116,0.009740259740259771,0.5550910894660894,0.0030228392297357853,0.4404761904761904,0.009740259740259716,0.5194805194805195,0.035714285714285754,0.5183946488294314,0.03924571265921861,0.040291148201269084,0.07465155483847166
water_penetration,1,86,False,LNP193<-LNP193;LNP194<-LNP854;LNP195<-LNP782;LNP782<-LNP194;LNP854<-LNP858;LNP858<-LNP195,0.2727272727272727,-0.029220779220779147,0.5443059683263445,-0.007762281910009161,0.3601576994434137,-0.070578231292517,0.4837662337662338,0.0,0.4791489361702128,0.0,-0.03436040663720258,0.0
water_penetration,1,87,False,LNP193<-LNP193;LNP194<-LNP854;LNP195<-LNP782;LNP782<-LNP195;LNP854<-LNP194;LNP858<-LNP858,0.26298701298701294,-0.03896103896103892,0.5399792127064854,-0.01208903752986823,0.38707482993197273,-0.043661100803957964,0.4480519480519481,-0.0357142857142857,0.4375,-0.041648936170212814,-0.1130805588384352,-0.07872015220123262
water_penetration,1,88,False,LNP193<-LNP193;LNP194<-LNP854;LNP195<-LNP782;LNP782<-LNP195;LNP854<-LNP858;LNP858<-LNP194,0.29220779220779214,-0.009740259740259716,0.5486591593272627,-0.003409090909090917,0.4247835497835497,-0.005952380952380987,0.4837662337662338,0.0,0.4791489361702128,0.0,-0.03436040663720258,0.0
water_penetration,1,89,False,LNP193<-LNP193;LNP194<-LNP854;LNP195<-LNP782;LNP782<-LNP858;LNP854<-LNP194;LNP858<-LNP195,0.2824675324675324,-0.01948051948051943,0.5459473824677586,-0.006120867768594995,0.4018243661100803,-0.028911564625850372,0.4155844155844156,-0.06818181818181818,0.4155844155844156,-0.0635645205857972,-0.16883116883116886,-0.13447076219396628
water_penetration,1,90,False,LNP193<-LNP193;LNP194<-LNP854;LNP195<-LNP782;LNP782<-LNP858;LNP854<-LNP195;LNP858<-LNP194,0.30194805194805185,0.0,0.5520682502363536,0.0,0.4307359307359307,0.0,0.4837662337662338,0.0,0.4791489361702128,0.0,-0.03436040663720258,0.0
water_penetration,1,91,False,LNP193<-LNP193;LNP194<-LNP854;LNP195<-LNP858;LNP782<-LNP194;LNP854<-LNP195;LNP858<-LNP782,0.22402597402597396,-0.07792207792207789,0.529694547876366,-0.02237370235998759,0.32358276643990924,-0.10715316429602145,0.4480519480519481,-0.0357142857142857,0.4375,-0.041648936170212814,-0.1130805588384352,-0.07872015220123262
water_penetration,1,92,False,LNP193<-LNP193;LNP194<-LNP854;LNP195<-LNP858;LNP782<-LNP194;LNP854<-LNP782;LNP858<-LNP195,0.3116883116883116,0.009740259740259771,0.5550910894660894,0.0030228392297357853,0.4404761904761904,0.009740259740259716,0.551948051948052,0.06818181818181818,0.5418181818181819,0.06266924564796905,0.1218289807746346,0.1561893874118372
water_penetration,1,93,False,LNP193<-LNP193;LNP194<-LNP854;LNP195<-LNP858;LNP782<-LNP195;LNP854<-LNP194;LNP858<-LNP782,0.2727272727272727,-0.029220779220779147,0.5431260658533386,-0.008942184383015084,0.3926406926406926,-0.03809523809523807,0.4837662337662338,0.0,0.4791489361702128,0.0,-0.03436040663720258,0.0
water_penetration,1,94,False,LNP193<-LNP193;LNP194<-LNP854;LNP195<-LNP858;LNP782<-LNP195;LNP854<-LNP782;LNP858<-LNP194,0.2824675324675324,-0.01948051948051943,0.5459473824677586,-0.006120867768594995,0.4018243661100803,-0.028911564625850372,0.4837662337662338,0.0,0.4791489361702128,0.0,-0.03436040663720258,0.0
water_penetration,1,95,False,LNP193<-LNP193;LNP194<-LNP854;LNP195<-LNP858;LNP782<-LNP782;LNP854<-LNP194;LNP858<-LNP195,0.3116883116883116,0.009740259740259771,0.5550910894660894,0.0030228392297357853,0.4404761904761904,0.009740259740259716,0.4837662337662338,0.0,0.4791489361702128,0.0,-0.03436040663720258,0.0
water_penetration,1,96,False,LNP193<-LNP193;LNP194<-LNP854;LNP195<-LNP858;LNP782<-LNP782;LNP854<-LNP195;LNP858<-LNP194,0.24350649350649345,-0.058441558441558406,0.5349287076559803,-0.017139542580373313,0.3394557823129251,-0.09128014842300558,0.4480519480519481,-0.0357142857142857,0.4375,-0.041648936170212814,-0.1130805588384352,-0.07872015220123262
water_penetration,1,97,False,LNP193<-LNP193;LNP194<-LNP858;LNP195<-LNP194;LNP782<-LNP195;LNP854<-LNP782;LNP858<-LNP854,0.30194805194805185,0.0,0.5520682502363536,0.0,0.4307359307359307,0.0,0.5194805194805195,0.035714285714285754,0.5183946488294314,0.03924571265921861,0.040291148201269084,0.07465155483847166
water_penetration,1,98,False,LNP193<-LNP193;LNP194<-LNP858;LNP195<-LNP194;LNP782<-LNP195;LNP854<-LNP854;LNP858<-LNP782,0.30194805194805185,0.0,0.5520682502363536,0.0,0.4307359307359307,0.0,0.5194805194805195,0.035714285714285754,0.5183946488294314,0.03924571265921861,0.040291148201269084,0.07465155483847166
water_penetration,1,99,False,LNP193<-LNP193;LNP194<-LNP858;LNP195<-LNP194;LNP782<-LNP782;LNP854<-LNP195;LNP858<-LNP854,0.29220779220779214,-0.009740259740259716,0.5486591593272627,-0.003409090909090917,0.4247835497835497,-0.005952380952380987,0.4837662337662338,0.0,0.4791489361702128,0.0,-0.03436040663720258,0.0
water_penetration,1,100,False,LNP193<-LNP193;LNP194<-LNP858;LNP195<-LNP194;LNP782<-LNP782;LNP854<-LNP854;LNP858<-LNP195,0.30194805194805185,0.0,0.5520682502363536,0.0,0.4307359307359307,0.0,0.4837662337662338,0.0,0.4791489361702128,0.0,-0.03436040663720258,0.0
water_penetration,1,101,False,LNP193<-LNP193;LNP194<-LNP858;LNP195<-LNP194;LNP782<-LNP854;LNP854<-LNP195;LNP858<-LNP782,0.29220779220779214,-0.009740259740259716,0.5486591593272627,-0.003409090909090917,0.4247835497835497,-0.005952380952380987,0.4837662337662338,0.0,0.4791489361702128,0.0,-0.03436040663720258,0.0
water_penetration,1,102,False,LNP193<-LNP193;LNP194<-LNP858;LNP195<-LNP194;LNP782<-LNP854;LNP854<-LNP782;LNP858<-LNP195,0.29220779220779214,-0.009740259740259716,0.5486591593272627,-0.003409090909090917,0.4247835497835497,-0.005952380952380987,0.4837662337662338,0.0,0.4791489361702128,0.0,-0.03436040663720258,0.0
water_penetration,1,103,False,LNP193<-LNP193;LNP194<-LNP858;LNP195<-LNP195;LNP782<-LNP194;LNP854<-LNP782;LNP858<-LNP854,0.2824675324675324,-0.01948051948051943,0.5459473824677586,-0.006120867768594995,0.4018243661100803,-0.028911564625850372,0.4837662337662338,0.0,0.4791489361702128,0.0,-0.03436040663720258,0.0
water_penetration,1,104,False,LNP193<-LNP193;LNP194<-LNP858;LNP195<-LNP195;LNP782<-LNP194;LNP854<-LNP854;LNP858<-LNP782,0.29220779220779214,-0.009740259740259716,0.5486591593272627,-0.003409090909090917,0.4247835497835497,-0.005952380952380987,0.4837662337662338,0.0,0.4791489361702128,0.0,-0.03436040663720258,0.0
water_penetration,1,105,False,LNP193<-LNP193;LNP194<-LNP858;LNP195<-LNP195;LNP782<-LNP782;LNP854<-LNP194;LNP858<-LNP854,0.2727272727272727,-0.029220779220779147,0.5431260658533386,-0.008942184383015084,0.3926406926406926,-0.03809523809523807,0.4837662337662338,0.0,0.4791489361702128,0.0,-0.03436040663720258,0.0
water_penetration,1,106,False,LNP193<-LNP193;LNP194<-LNP858;LNP195<-LNP195;LNP782<-LNP782;LNP854<-LNP854;LNP858<-LNP194,0.29220779220779214,-0.009740259740259716,0.5486591593272627,-0.003409090909090917,0.4247835497835497,-0.005952380952380987,0.4837662337662338,0.0,0.4791489361702128,0.0,-0.03436040663720258,0.0
water_penetration,1,107,False,LNP193<-LNP193;LNP194<-LNP858;LNP195<-LNP195;LNP782<-LNP854;LNP854<-LNP194;LNP858<-LNP782,0.2727272727272727,-0.029220779220779147,0.5431260658533386,-0.008942184383015084,0.3926406926406926,-0.03809523809523807,0.4837662337662338,0.0,0.4791489361702128,0.0,-0.03436040663720258,0.0
water_penetration,1,108,False,LNP193<-LNP193;LNP194<-LNP858;LNP195<-LNP195;LNP782<-LNP854;LNP854<-LNP782;LNP858<-LNP194,0.29220779220779214,-0.009740259740259716,0.5486591593272627,-0.003409090909090917,0.4247835497835497,-0.005952380952380987,0.4837662337662338,0.0,0.4791489361702128,0.0,-0.03436040663720258,0.0
water_penetration,1,109,False,LNP193<-LNP193;LNP194<-LNP858;LNP195<-LNP782;LNP782<-LNP194;LNP854<-LNP195;LNP858<-LNP854,0.30194805194805185,0.0,0.5520682502363536,0.0,0.4307359307359307,0.0,0.4837662337662338,0.0,0.4791489361702128,0.0,-0.03436040663720258,0.0
water_penetration,1,110,False,LNP193<-LNP193;LNP194<-LNP858;LNP195<-LNP782;LNP782<-LNP194;LNP854<-LNP854;LNP858<-LNP195,0.29220779220779214,-0.009740259740259716,0.5486591593272627,-0.003409090909090917,0.4247835497835497,-0.005952380952380987,0.4837662337662338,0.0,0.4791489361702128,0.0,-0.03436040663720258,0.0
water_penetration,1,111,False,LNP193<-LNP193;LNP194<-LNP858;LNP195<-LNP782;LNP782<-LNP195;LNP854<-LNP194;LNP858<-LNP854,0.30194805194805185,0.0,0.5520682502363536,0.0,0.4307359307359307,0.0,0.5194805194805195,0.035714285714285754,0.5183946488294314,0.03924571265921861,0.040291148201269084,0.07465155483847166
water_penetration,1,112,False,LNP193<-LNP193;LNP194<-LNP858;LNP195<-LNP782;LNP782<-LNP195;LNP854<-LNP854;LNP858<-LNP194,0.30194805194805185,0.0,0.5520682502363536,0.0,0.4307359307359307,0.0,0.5194805194805195,0.035714285714285754,0.5183946488294314,0.03924571265921861,0.040291148201269084,0.07465155483847166
water_penetration,1,113,False,LNP193<-LNP193;LNP194<-LNP858;LNP195<-LNP782;LNP782<-LNP854;LNP854<-LNP194;LNP858<-LNP195,0.30194805194805185,0.0,0.5520682502363536,0.0,0.4307359307359307,0.0,0.4837662337662338,0.0,0.4791489361702128,0.0,-0.03436040663720258,0.0
water_penetration,1,114,False,LNP193<-LNP193;LNP194<-LNP858;LNP195<-LNP782;LNP782<-LNP854;LNP854<-LNP195;LNP858<-LNP194,0.30194805194805185,0.0,0.5520682502363536,0.0,0.4307359307359307,0.0,0.4837662337662338,0.0,0.4791489361702128,0.0,-0.03436040663720258,0.0
water_penetration,1,115,False,LNP193<-LNP193;LNP194<-LNP858;LNP195<-LNP854;LNP782<-LNP194;LNP854<-LNP195;LNP858<-LNP782,0.30194805194805185,0.0,0.5520682502363536,0.0,0.4307359307359307,0.0,0.4837662337662338,0.0,0.4791489361702128,0.0,-0.03436040663720258,0.0
water_penetration,1,116,False,LNP193<-LNP193;LNP194<-LNP858;LNP195<-LNP854;LNP782<-LNP194;LNP854<-LNP782;LNP858<-LNP195,0.29220779220779214,-0.009740259740259716,0.5486591593272627,-0.003409090909090917,0.4247835497835497,-0.005952380952380987,0.4837662337662338,0.0,0.4791489361702128,0.0,-0.03436040663720258,0.0
water_penetration,1,117,False,LNP193<-LNP193;LNP194<-LNP858;LNP195<-LNP854;LNP782<-LNP195;LNP854<-LNP194;LNP858<-LNP782,0.30194805194805185,0.0,0.5520682502363536,0.0,0.4307359307359307,0.0,0.5194805194805195,0.035714285714285754,0.5183946488294314,0.03924571265921861,0.040291148201269084,0.07465155483847166
water_penetration,1,118,False,LNP193<-LNP193;LNP194<-LNP858;LNP195<-LNP854;LNP782<-LNP195;LNP854<-LNP782;LNP858<-LNP194,0.30194805194805185,0.0,0.5520682502363536,0.0,0.4307359307359307,0.0,0.5194805194805195,0.035714285714285754,0.5183946488294314,0.03924571265921861,0.040291148201269084,0.07465155483847166
water_penetration,1,119,False,LNP193<-LNP193;LNP194<-LNP858;LNP195<-LNP854;LNP782<-LNP782;LNP854<-LNP194;LNP858<-LNP195,0.30194805194805185,0.0,0.5520682502363536,0.0,0.4307359307359307,0.0,0.4837662337662338,0.0,0.4791489361702128,0.0,-0.03436040663720258,0.0
water_penetration,1,120,False,LNP193<-LNP193;LNP194<-LNP858;LNP195<-LNP854;LNP782<-LNP782;LNP854<-LNP195;LNP858<-LNP194,0.30194805194805185,0.0,0.5520682502363536,0.0,0.4307359307359307,0.0,0.4837662337662338,0.0,0.4791489361702128,0.0,-0.03436040663720258,0.0
water_penetration,1,121,False,LNP193<-LNP194;LNP194<-LNP193;LNP195<-LNP195;LNP782<-LNP782;LNP854<-LNP854;LNP858<-LNP858,0.3214285714285714,0.019480519480519543,0.5583378427128427,0.006269592476489061,0.4503968253968253,0.0196608946608946,0.551948051948052,0.06818181818181818,0.5418181818181819,0.06266924564796905,0.1218289807746346,0.1561893874118372
water_penetration,1,122,False,LNP193<-LNP194;LNP194<-LNP193;LNP195<-LNP195;LNP782<-LNP782;LNP854<-LNP858;LNP858<-LNP854,0.22402597402597396,-0.07792207792207789,0.529694547876366,-0.02237370235998759,0.32358276643990924,-0.10715316429602145,0.4480519480519481,-0.0357142857142857,0.4375,-0.041648936170212814,-0.1130805588384352,-0.07872015220123262
water_penetration,1,123,False,LNP193<-LNP194;LNP194<-LNP193;LNP195<-LNP195;LNP782<-LNP854;LNP854<-LNP782;LNP858<-LNP858,0.3214285714285714,0.019480519480519543,0.5583378427128427,0.006269592476489061,0.4503968253968253,0.0196608946608946,0.551948051948052,0.06818181818181818,0.5418181818181819,0.06266924564796905,0.1218289807746346,0.1561893874118372
water_penetration,1,124,False,LNP193<-LNP194;LNP194<-LNP193;LNP195<-LNP195;LNP782<-LNP854;LNP854<-LNP858;LNP858<-LNP782,0.22402597402597396,-0.07792207792207789,0.529694547876366,-0.02237370235998759,0.32358276643990924,-0.10715316429602145,0.4480519480519481,-0.0357142857142857,0.4375,-0.041648936170212814,-0.1130805588384352,-0.07872015220123262
water_penetration,1,125,False,LNP193<-LNP194;LNP194<-LNP193;LNP195<-LNP195;LNP782<-LNP858;LNP854<-LNP782;LNP858<-LNP854,0.2824675324675324,-0.01948051948051943,0.5459473824677586,-0.006120867768594995,0.4018243661100803,-0.028911564625850372,0.4837662337662338,0.0,0.4791489361702128,0.0,-0.03436040663720258,0.0
water_penetration,1,126,False,LNP193<-LNP194;LNP194<-LNP193;LNP195<-LNP195;LNP782<-LNP858;LNP854<-LNP854;LNP858<-LNP782,0.2824675324675324,-0.01948051948051943,0.5459473824677586,-0.006120867768594995,0.4018243661100803,-0.028911564625850372,0.4837662337662338,0.0,0.4791489361702128,0.0,-0.03436040663720258,0.0
water_penetration,1,127,False,LNP193<-LNP194;LNP194<-LNP193;LNP195<-LNP782;LNP782<-LNP195;LNP854<-LNP854;LNP858<-LNP858,0.24350649350649345,-0.058441558441558406,0.5349287076559803,-0.017139542580373313,0.3394557823129251,-0.09128014842300558,0.4480519480519481,-0.0357142857142857,0.4375,-0.041648936170212814,-0.1130805588384352,-0.07872015220123262
water_penetration,1,128,False,LNP193<-LNP194;LNP194<-LNP193;LNP195<-LNP782;LNP782<-LNP195;LNP854<-LNP858;LNP858<-LNP854,0.29220779220779214,-0.009740259740259716,0.5486591593272627,-0.003409090909090917,0.4247835497835497,-0.005952380952380987,0.4837662337662338,0.0,0.4791489361702128,0.0,-0.03436040663720258,0.0
water_penetration,1,129,False,LNP193<-LNP194;LNP194<-LNP193;LNP195<-LNP782;LNP782<-LNP854;LNP854<-LNP195;LNP858<-LNP858,0.3116883116883116,0.009740259740259771,0.5550910894660894,0.0030228392297357853,0.4404761904761904,0.009740259740259716,0.5194805194805195,0.035714285714285754,0.5183946488294314,0.03924571265921861,0.040291148201269084,0.07465155483847166
water_penetration,1,130,False,LNP193<-LNP194;LNP194<-LNP193;LNP195<-LNP782;LNP782<-LNP854;LNP854<-LNP858;LNP858<-LNP195,0.2727272727272727,-0.029220779220779147,0.5443059683263445,-0.007762281910009161,0.3601576994434137,-0.070578231292517,0.4837662337662338,0.0,0.4791489361702128,0.0,-0.03436040663720258,0.0
water_penetration,1,131,False,LNP193<-LNP194;LNP194<-LNP193;LNP195<-LNP782;LNP782<-LNP858;LNP854<-LNP195;LNP858<-LNP854,0.30194805194805185,0.0,0.5520682502363536,0.0,0.4307359307359307,0.0,0.4837662337662338,0.0,0.4791489361702128,0.0,-0.03436040663720258,0.0
water_penetration,1,132,False,LNP193<-LNP194;LNP194<-LNP193;LNP195<-LNP782;LNP782<-LNP858;LNP854<-LNP854;LNP858<-LNP195,0.26298701298701294,-0.03896103896103892,0.5399792127064854,-0.01208903752986823,0.38707482993197273,-0.043661100803957964,0.4155844155844156,-0.06818181818181818,0.4155844155844156,-0.0635645205857972,-0.16883116883116886,-0.13447076219396628
water_penetration,1,133,False,LNP193<-LNP194;LNP194<-LNP193;LNP195<-LNP854;LNP782<-LNP195;LNP854<-LNP782;LNP858<-LNP858,0.24350649350649345,-0.058441558441558406,0.5349287076559803,-0.017139542580373313,0.3394557823129251,-0.09128014842300558,0.4480519480519481,-0.0357142857142857,0.4375,-0.041648936170212814,-0.1130805588384352,-0.07872015220123262
water_penetration,1,134,False,LNP193<-LNP194;LNP194<-LNP193;LNP195<-LNP854;LNP782<-LNP195;LNP854<-LNP858;LNP858<-LNP782,0.29220779220779214,-0.009740259740259716,0.5486591593272627,-0.003409090909090917,0.4247835497835497,-0.005952380952380987,0.4837662337662338,0.0,0.4791489361702128,0.0,-0.03436040663720258,0.0
water_penetration,1,135,False,LNP193<-LNP194;LNP194<-LNP193;LNP195<-LNP854;LNP782<-LNP782;LNP854<-LNP195;LNP858<-LNP858,0.3116883116883116,0.009740259740259771,0.5550910894660894,0.0030228392297357853,0.4404761904761904,0.009740259740259716,0.5194805194805195,0.035714285714285754,0.5183946488294314,0.03924571265921861,0.040291148201269084,0.07465155483847166
water_penetration,1,136,False,LNP193<-LNP194;LNP194<-LNP193;LNP195<-LNP854;LNP782<-LNP782;LNP854<-LNP858;LNP858<-LNP195,0.2727272727272727,-0.029220779220779147,0.5443059683263445,-0.007762281910009161,0.3601576994434137,-0.070578231292517,0.4837662337662338,0.0,0.4791489361702128,0.0,-0.03436040663720258,0.0
water_penetration,1,137,False,LNP193<-LNP194;LNP194<-LNP193;LNP195<-LNP854;LNP782<-LNP858;LNP854<-LNP195;LNP858<-LNP782,0.30194805194805185,0.0,0.5520682502363536,0.0,0.4307359307359307,0.0,0.4837662337662338,0.0,0.4791489361702128,0.0,-0.03436040663720258,0.0
water_penetration,1,138,False,LNP193<-LNP194;LNP194<-LNP193;LNP195<-LNP854;LNP782<-LNP858;LNP854<-LNP782;LNP858<-LNP195,0.26298701298701294,-0.03896103896103892,0.5399792127064854,-0.01208903752986823,0.38707482993197273,-0.043661100803957964,0.4155844155844156,-0.06818181818181818,0.4155844155844156,-0.0635645205857972,-0.16883116883116886,-0.13447076219396628
water_penetration,1,139,False,LNP193<-LNP194;LNP194<-LNP193;LNP195<-LNP858;LNP782<-LNP195;LNP854<-LNP782;LNP858<-LNP854,0.2727272727272727,-0.029220779220779147,0.5431260658533386,-0.008942184383015084,0.3926406926406926,-0.03809523809523807,0.4837662337662338,0.0,0.4791489361702128,0.0,-0.03436040663720258,0.0
water_penetration,1,140,False,LNP193<-LNP194;LNP194<-LNP193;LNP195<-LNP858;LNP782<-LNP195;LNP854<-LNP854;LNP858<-LNP782,0.2727272727272727,-0.029220779220779147,0.5431260658533386,-0.008942184383015084,0.3926406926406926,-0.03809523809523807,0.4837662337662338,0.0,0.4791489361702128,0.0,-0.03436040663720258,0.0
water_penetration,1,141,False,LNP193<-LNP194;LNP194<-LNP193;LNP195<-LNP858;LNP782<-LNP782;LNP854<-LNP195;LNP858<-LNP854,0.22402597402597396,-0.07792207792207789,0.529694547876366,-0.02237370235998759,0.32358276643990924,-0.10715316429602145,0.4480519480519481,-0.0357142857142857,0.4375,-0.041648936170212814,-0.1130805588384352,-0.07872015220123262
water_penetration,1,142,False,LNP193<-LNP194;LNP194<-LNP193;LNP195<-LNP858;LNP782<-LNP782;LNP854<-LNP854;LNP858<-LNP195,0.3116883116883116,0.009740259740259771,0.5550910894660894,0.0030228392297357853,0.4404761904761904,0.009740259740259716,0.551948051948052,0.06818181818181818,0.5418181818181819,0.06266924564796905,0.1218289807746346,0.1561893874118372
water_penetration,1,143,False,LNP193<-LNP194;LNP194<-LNP193;LNP195<-LNP858;LNP782<-LNP854;LNP854<-LNP195;LNP858<-LNP782,0.22402597402597396,-0.07792207792207789,0.529694547876366,-0.02237370235998759,0.32358276643990924,-0.10715316429602145,0.4480519480519481,-0.0357142857142857,0.4375,-0.041648936170212814,-0.1130805588384352,-0.07872015220123262
water_penetration,1,144,False,LNP193<-LNP194;LNP194<-LNP193;LNP195<-LNP858;LNP782<-LNP854;LNP854<-LNP782;LNP858<-LNP195,0.3116883116883116,0.009740259740259771,0.5550910894660894,0.0030228392297357853,0.4404761904761904,0.009740259740259716,0.551948051948052,0.06818181818181818,0.5418181818181819,0.06266924564796905,0.1218289807746346,0.1561893874118372
water_penetration,1,145,False,LNP193<-LNP194;LNP194<-LNP195;LNP195<-LNP193;LNP782<-LNP782;LNP854<-LNP854;LNP858<-LNP858,0.29220779220779214,-0.009740259740259716,0.5486591593272627,-0.003409090909090917,0.4247835497835497,-0.005952380952380987,0.4837662337662338,0.0,0.4791489361702128,0.0,-0.03436040663720258,0.0
water_penetration,1,146,False,LNP193<-LNP194;LNP194<-LNP195;LNP195<-LNP193;LNP782<-LNP782;LNP854<-LNP858;LNP858<-LNP854,0.29220779220779214,-0.009740259740259716,0.5486591593272627,-0.003409090909090917,0.4247835497835497,-0.005952380952380987,0.4837662337662338,0.0,0.4791489361702128,0.0,-0.03436040663720258,0.0
water_penetration,1,147,False,LNP193<-LNP194;LNP194<-LNP195;LNP195<-LNP193;LNP782<-LNP854;LNP854<-LNP782;LNP858<-LNP858,0.29220779220779214,-0.009740259740259716,0.5486591593272627,-0.003409090909090917,0.4247835497835497,-0.005952380952380987,0.4837662337662338,0.0,0.4791489361702128,0.0,-0.03436040663720258,0.0
water_penetration,1,148,False,LNP193<-LNP194;LNP194<-LNP195;LNP195<-LNP193;LNP782<-LNP854;LNP854<-LNP858;LNP858<-LNP782,0.29220779220779214,-0.009740259740259716,0.5486591593272627,-0.003409090909090917,0.4247835497835497,-0.005952380952380987,0.4837662337662338,0.0,0.4791489361702128,0.0,-0.03436040663720258,0.0
water_penetration,1,149,False,LNP193<-LNP194;LNP194<-LNP195;LNP195<-LNP193;LNP782<-LNP858;LNP854<-LNP782;LNP858<-LNP854,0.30194805194805185,0.0,0.5520682502363536,0.0,0.4307359307359307,0.0,0.5194805194805195,0.035714285714285754,0.5183946488294314,0.03924571265921861,0.040291148201269084,0.07465155483847166
water_penetration,1,150,False,LNP193<-LNP194;LNP194<-LNP195;LNP195<-LNP193;LNP782<-LNP858;LNP854<-LNP854;LNP858<-LNP782,0.30194805194805185,0.0,0.5520682502363536,0.0,0.4307359307359307,0.0,0.5194805194805195,0.035714285714285754,0.5183946488294314,0.03924571265921861,0.040291148201269084,0.07465155483847166
water_penetration,1,151,False,LNP193<-LNP194;LNP194<-LNP195;LNP195<-LNP782;LNP782<-LNP193;LNP854<-LNP854;LNP858<-LNP858,0.29220779220779214,-0.009740259740259716,0.5486591593272627,-0.003409090909090917,0.4247835497835497,-0.005952380952380987,0.4837662337662338,0.0,0.4791489361702128,0.0,-0.03436040663720258,0.0
water_penetration,1,152,False,LNP193<-LNP194;LNP194<-LNP195;LNP195<-LNP782;LNP782<-LNP193;LNP854<-LNP858;LNP858<-LNP854,0.29220779220779214,-0.009740259740259716,0.5486591593272627,-0.003409090909090917,0.4247835497835497,-0.005952380952380987,0.4837662337662338,0.0,0.4791489361702128,0.0,-0.03436040663720258,0.0
water_penetration,1,153,False,LNP193<-LNP194;LNP194<-LNP195;LNP195<-LNP782;LNP782<-LNP854;LNP854<-LNP193;LNP858<-LNP858,0.29220779220779214,-0.009740259740259716,0.5486591593272627,-0.003409090909090917,0.4247835497835497,-0.005952380952380987,0.4837662337662338,0.0,0.4791489361702128,0.0,-0.03436040663720258,0.0
water_penetration,1,154,False,LNP193<-LNP194;LNP194<-LNP195;LNP195<-LNP782;LNP782<-LNP854;LNP854<-LNP858;LNP858<-LNP193,0.29220779220779214,-0.009740259740259716,0.5486591593272627,-0.003409090909090917,0.4247835497835497,-0.005952380952380987,0.4837662337662338,0.0,0.4791489361702128,0.0,-0.03436040663720258,0.0
water_penetration,1,155,False,LNP193<-LNP194;LNP194<-LNP195;LNP195<-LNP782;LNP782<-LNP858;LNP854<-LNP193;LNP858<-LNP854,0.30194805194805185,0.0,0.5520682502363536,0.0,0.4307359307359307,0.0,0.5194805194805195,0.035714285714285754,0.5183946488294314,0.03924571265921861,0.040291148201269084,0.07465155483847166
water_penetration,1,156,False,LNP193<-LNP194;LNP194<-LNP195;LNP195<-LNP782;LNP782<-LNP858;LNP854<-LNP854;LNP858<-LNP193,0.30194805194805185,0.0,0.5520682502363536,0.0,0.4307359307359307,0.0,0.5194805194805195,0.035714285714285754,0.5183946488294314,0.03924571265921861,0.040291148201269084,0.07465155483847166
water_penetration,1,157,False,LNP193<-LNP194;LNP194<-LNP195;LNP195<-LNP854;LNP782<-LNP193;LNP854<-LNP782;LNP858<-LNP858,0.29220779220779214,-0.009740259740259716,0.5486591593272627,-0.003409090909090917,0.4247835497835497,-0.005952380952380987,0.4837662337662338,0.0,0.4791489361702128,0.0,-0.03436040663720258,0.0
water_penetration,1,158,False,LNP193<-LNP194;LNP194<-LNP195;LNP195<-LNP854;LNP782<-LNP193;LNP854<-LNP858;LNP858<-LNP782,0.29220779220779214,-0.009740259740259716,0.5486591593272627,-0.003409090909090917,0.4247835497835497,-0.005952380952380987,0.4837662337662338,0.0,0.4791489361702128,0.0,-0.03436040663720258,0.0
water_penetration,1,159,False,LNP193<-LNP194;LNP194<-LNP195;LNP195<-LNP854;LNP782<-LNP782;LNP854<-LNP193;LNP858<-LNP858,0.29220779220779214,-0.009740259740259716,0.5486591593272627,-0.003409090909090917,0.4247835497835497,-0.005952380952380987,0.4837662337662338,0.0,0.4791489361702128,0.0,-0.03436040663720258,0.0
water_penetration,1,160,False,LNP193<-LNP194;LNP194<-LNP195;LNP195<-LNP854;LNP782<-LNP782;LNP854<-LNP858;LNP858<-LNP193,0.29220779220779214,-0.009740259740259716,0.5486591593272627,-0.003409090909090917,0.4247835497835497,-0.005952380952380987,0.4837662337662338,0.0,0.4791489361702128,0.0,-0.03436040663720258,0.0
water_penetration,1,161,False,LNP193<-LNP194;LNP194<-LNP195;LNP195<-LNP854;LNP782<-LNP858;LNP854<-LNP193;LNP858<-LNP782,0.30194805194805185,0.0,0.5520682502363536,0.0,0.4307359307359307,0.0,0.5194805194805195,0.035714285714285754,0.5183946488294314,0.03924571265921861,0.040291148201269084,0.07465155483847166
water_penetration,1,162,False,LNP193<-LNP194;LNP194<-LNP195;LNP195<-LNP854;LNP782<-LNP858;LNP854<-LNP782;LNP858<-LNP193,0.30194805194805185,0.0,0.5520682502363536,0.0,0.4307359307359307,0.0,0.5194805194805195,0.035714285714285754,0.5183946488294314,0.03924571265921861,0.040291148201269084,0.07465155483847166
water_penetration,1,163,False,LNP193<-LNP194;LNP194<-LNP195;LNP195<-LNP858;LNP782<-LNP193;LNP854<-LNP782;LNP858<-LNP854,0.2824675324675324,-0.01948051948051943,0.5459473824677586,-0.006120867768594995,0.4018243661100803,-0.028911564625850372,0.4837662337662338,0.0,0.4791489361702128,0.0,-0.03436040663720258,0.0
water_penetration,1,164,False,LNP193<-LNP194;LNP194<-LNP195;LNP195<-LNP858;LNP782<-LNP193;LNP854<-LNP854;LNP858<-LNP782,0.2824675324675324,-0.01948051948051943,0.5459473824677586,-0.006120867768594995,0.4018243661100803,-0.028911564625850372,0.4837662337662338,0.0,0.4791489361702128,0.0,-0.03436040663720258,0.0
water_penetration,1,165,False,LNP193<-LNP194;LNP194<-LNP195;LNP195<-LNP858;LNP782<-LNP782;LNP854<-LNP193;LNP858<-LNP854,0.2824675324675324,-0.01948051948051943,0.5459473824677586,-0.006120867768594995,0.4018243661100803,-0.028911564625850372,0.4837662337662338,0.0,0.4791489361702128,0.0,-0.03436040663720258,0.0
water_penetration,1,166,False,LNP193<-LNP194;LNP194<-LNP195;LNP195<-LNP858;LNP782<-LNP782;LNP854<-LNP854;LNP858<-LNP193,0.2824675324675324,-0.01948051948051943,0.5459473824677586,-0.006120867768594995,0.4018243661100803,-0.028911564625850372,0.4837662337662338,0.0,0.4791489361702128,0.0,-0.03436040663720258,0.0
water_penetration,1,167,False,LNP193<-LNP194;LNP194<-LNP195;LNP195<-LNP858;LNP782<-LNP854;LNP854<-LNP193;LNP858<-LNP782,0.2824675324675324,-0.01948051948051943,0.5459473824677586,-0.006120867768594995,0.4018243661100803,-0.028911564625850372,0.4837662337662338,0.0,0.4791489361702128,0.0,-0.03436040663720258,0.0
water_penetration,1,168,False,LNP193<-LNP194;LNP194<-LNP195;LNP195<-LNP858;LNP782<-LNP854;LNP854<-LNP782;LNP858<-LNP193,0.2824675324675324,-0.01948051948051943,0.5459473824677586,-0.006120867768594995,0.4018243661100803,-0.028911564625850372,0.4837662337662338,0.0,0.4791489361702128,0.0,-0.03436040663720258,0.0
water_penetration,1,169,False,LNP193<-LNP194;LNP194<-LNP782;LNP195<-LNP193;LNP782<-LNP195;LNP854<-LNP854;LNP858<-LNP858,0.24350649350649345,-0.058441558441558406,0.5349287076559803,-0.017139542580373313,0.3394557823129251,-0.09128014842300558,0.4480519480519481,-0.0357142857142857,0.4375,-0.041648936170212814,-0.1130805588384352,-0.07872015220123262
water_penetration,1,170,False,LNP193<-LNP194;LNP194<-LNP782;LNP195<-LNP193;LNP782<-LNP195;LNP854<-LNP858;LNP858<-LNP854,0.29220779220779214,-0.009740259740259716,0.5486591593272627,-0.003409090909090917,0.4247835497835497,-0.005952380952380987,0.4837662337662338,0.0,0.4791489361702128,0.0,-0.03436040663720258,0.0
water_penetration,1,171,False,LNP193<-LNP194;LNP194<-LNP782;LNP195<-LNP193;LNP782<-LNP854;LNP854<-LNP195;LNP858<-LNP858,0.3116883116883116,0.009740259740259771,0.5550910894660894,0.0030228392297357853,0.4404761904761904,0.009740259740259716,0.5194805194805195,0.035714285714285754,0.5183946488294314,0.03924571265921861,0.040291148201269084,0.07465155483847166
water_penetration,1,172,False,LNP193<-LNP194;LNP194<-LNP782;LNP195<-LNP193;LNP782<-LNP854;LNP854<-LNP858;LNP858<-LNP195,0.2727272727272727,-0.029220779220779147,0.5443059683263445,-0.007762281910009161,0.3601576994434137,-0.070578231292517,0.4837662337662338,0.0,0.4791489361702128,0.0,-0.03436040663720258,0.0
water_penetration,1,173,False,LNP193<-LNP194;LNP194<-LNP782;LNP195<-LNP193;LNP782<-LNP858;LNP854<-LNP195;LNP858<-LNP854,0.30194805194805185,0.0,0.5520682502363536,0.0,0.4307359307359307,0.0,0.4837662337662338,0.0,0.4791489361702128,0.0,-0.03436040663720258,0.0
water_penetration,1,174,False,LNP193<-LNP194;LNP194<-LNP782;LNP195<-LNP193;LNP782<-LNP858;LNP854<-LNP854;LNP858<-LNP195,0.26298701298701294,-0.03896103896103892,0.5399792127064854,-0.01208903752986823,0.38707482993197273,-0.043661100803957964,0.4155844155844156,-0.06818181818181818,0.4155844155844156,-0.0635645205857972,-0.16883116883116886,-0.13447076219396628
water_penetration,1,175,False,LNP193<-LNP194;LNP194<-LNP782;LNP195<-LNP195;LNP782<-LNP193;LNP854<-LNP854;LNP858<-LNP858,0.3214285714285714,0.019480519480519543,0.5583378427128427,0.006269592476489061,0.4503968253968253,0.0196608946608946,0.551948051948052,0.06818181818181818,0.5418181818181819,0.06266924564796905,0.1218289807746346,0.1561893874118372
water_penetration,1,176,False,LNP193<-LNP194;LNP194<-LNP782;LNP195<-LNP195;LNP782<-LNP193;LNP854<-LNP858;LNP858<-LNP854,0.22402597402597396,-0.07792207792207789,0.529694547876366,-0.02237370235998759,0.32358276643990924,-0.10715316429602145,0.4480519480519481,-0.0357142857142857,0.4375,-0.041648936170212814,-0.1130805588384352,-0.07872015220123262
water_penetration,1,177,False,LNP193<-LNP194;LNP194<-LNP782;LNP195<-LNP195;LNP782<-LNP854;LNP854<-LNP193;LNP858<-LNP858,0.3214285714285714,0.019480519480519543,0.5583378427128427,0.006269592476489061,0.4503968253968253,0.0196608946608946,0.551948051948052,0.06818181818181818,0.5418181818181819,0.06266924564796905,0.1218289807746346,0.1561893874118372
water_penetration,1,178,False,LNP193<-LNP194;LNP194<-LNP782;LNP195<-LNP195;LNP782<-LNP854;LNP854<-LNP858;LNP858<-LNP193,0.22402597402597396,-0.07792207792207789,0.529694547876366,-0.02237370235998759,0.32358276643990924,-0.10715316429602145,0.4480519480519481,-0.0357142857142857,0.4375,-0.041648936170212814,-0.1130805588384352,-0.07872015220123262
water_penetration,1,179,False,LNP193<-LNP194;LNP194<-LNP782;LNP195<-LNP195;LNP782<-LNP858;LNP854<-LNP193;LNP858<-LNP854,0.2824675324675324,-0.01948051948051943,0.5459473824677586,-0.006120867768594995,0.4018243661100803,-0.028911564625850372,0.4837662337662338,0.0,0.4791489361702128,0.0,-0.03436040663720258,0.0
water_penetration,1,180,False,LNP193<-LNP194;LNP194<-LNP782;LNP195<-LNP195;LNP782<-LNP858;LNP854<-LNP854;LNP858<-LNP193,0.2824675324675324,-0.01948051948051943,0.5459473824677586,-0.006120867768594995,0.4018243661100803,-0.028911564625850372,0.4837662337662338,0.0,0.4791489361702128,0.0,-0.03436040663720258,0.0
water_penetration,1,181,False,LNP193<-LNP194;LNP194<-LNP782;LNP195<-LNP854;LNP782<-LNP193;LNP854<-LNP195;LNP858<-LNP858,0.3116883116883116,0.009740259740259771,0.5550910894660894,0.0030228392297357853,0.4404761904761904,0.009740259740259716,0.5194805194805195,0.035714285714285754,0.5183946488294314,0.03924571265921861,0.040291148201269084,0.07465155483847166
water_penetration,1,182,False,LNP193<-LNP194;LNP194<-LNP782;LNP195<-LNP854;LNP782<-LNP193;LNP854<-LNP858;LNP858<-LNP195,0.2727272727272727,-0.029220779220779147,0.5443059683263445,-0.007762281910009161,0.3601576994434137,-0.070578231292517,0.4837662337662338,0.0,0.4791489361702128,0.0,-0.03436040663720258,0.0
water_penetration,1,183,False,LNP193<-LNP194;LNP194<-LNP782;LNP195<-LNP854;LNP782<-LNP195;LNP854<-LNP193;LNP858<-LNP858,0.24350649350649345,-0.058441558441558406,0.5349287076559803,-0.017139542580373313,0.3394557823129251,-0.09128014842300558,0.4480519480519481,-0.0357142857142857,0.4375,-0.041648936170212814,-0.1130805588384352,-0.07872015220123262
water_penetration,1,184,False,LNP193<-LNP194;LNP194<-LNP782;LNP195<-LNP854;LNP782<-LNP195;LNP854<-LNP858;LNP858<-LNP193,0.29220779220779214,-0.009740259740259716,0.5486591593272627,-0.003409090909090917,0.4247835497835497,-0.005952380952380987,0.4837662337662338,0.0,0.4791489361702128,0.0,-0.03436040663720258,0.0
water_penetration,1,185,False,LNP193<-LNP194;LNP194<-LNP782;LNP195<-LNP854;LNP782<-LNP858;LNP854<-LNP193;LNP858<-LNP195,0.26298701298701294,-0.03896103896103892,0.5399792127064854,-0.01208903752986823,0.38707482993197273,-0.043661100803957964,0.4155844155844156,-0.06818181818181818,0.4155844155844156,-0.0635645205857972,-0.16883116883116886,-0.13447076219396628
water_penetration,1,186,False,LNP193<-LNP194;LNP194<-LNP782;LNP195<-LNP854;LNP782<-LNP858;LNP854<-LNP195;LNP858<-LNP193,0.30194805194805185,0.0,0.5520682502363536,0.0,0.4307359307359307,0.0,0.4837662337662338,0.0,0.4791489361702128,0.0,-0.03436040663720258,0.0
water_penetration,1,187,False,LNP193<-LNP194;LNP194<-LNP782;LNP195<-LNP858;LNP782<-LNP193;LNP854<-LNP195;LNP858<-LNP854,0.22402597402597396,-0.07792207792207789,0.529694547876366,-0.02237370235998759,0.32358276643990924,-0.10715316429602145,0.4480519480519481,-0.0357142857142857,0.4375,-0.041648936170212814,-0.1130805588384352,-0.07872015220123262
water_penetration,1,188,False,LNP193<-LNP194;LNP194<-LNP782;LNP195<-LNP858;LNP782<-LNP193;LNP854<-LNP854;LNP858<-LNP195,0.3116883116883116,0.009740259740259771,0.5550910894660894,0.0030228392297357853,0.4404761904761904,0.009740259740259716,0.551948051948052,0.06818181818181818,0.5418181818181819,0.06266924564796905,0.1218289807746346,0.1561893874118372
water_penetration,1,189,False,LNP193<-LNP194;LNP194<-LNP782;LNP195<-LNP858;LNP782<-LNP195;LNP854<-LNP193;LNP858<-LNP854,0.2727272727272727,-0.029220779220779147,0.5431260658533386,-0.008942184383015084,0.3926406926406926,-0.03809523809523807,0.4837662337662338,0.0,0.4791489361702128,0.0,-0.03436040663720258,0.0
water_penetration,1,190,False,LNP193<-LNP194;LNP194<-LNP782;LNP195<-LNP858;LNP782<-LNP195;LNP854<-LNP854;LNP858<-LNP193,0.2727272727272727,-0.029220779220779147,0.5431260658533386,-0.008942184383015084,0.3926406926406926,-0.03809523809523807,0.4837662337662338,0.0,0.4791489361702128,0.0,-0.03436040663720258,0.0
water_penetration,1,191,False,LNP193<-LNP194;LNP194<-LNP782;LNP195<-LNP858;LNP782<-LNP854;LNP854<-LNP193;LNP858<-LNP195,0.3116883116883116,0.009740259740259771,0.5550910894660894,0.0030228392297357853,0.4404761904761904,0.009740259740259716,0.551948051948052,0.06818181818181818,0.5418181818181819,0.06266924564796905,0.1218289807746346,0.1561893874118372
water_penetration,1,192,False,LNP193<-LNP194;LNP194<-LNP782;LNP195<-LNP858;LNP782<-LNP854;LNP854<-LNP195;LNP858<-LNP193,0.22402597402597396,-0.07792207792207789,0.529694547876366,-0.02237370235998759,0.32358276643990924,-0.10715316429602145,0.4480519480519481,-0.0357142857142857,0.4375,-0.041648936170212814,-0.1130805588384352,-0.07872015220123262
water_penetration,1,193,False,LNP193<-LNP194;LNP194<-LNP854;LNP195<-LNP193;LNP782<-LNP195;LNP854<-LNP782;LNP858<-LNP858,0.24350649350649345,-0.058441558441558406,0.5349287076559803,-0.017139542580373313,0.3394557823129251,-0.09128014842300558,0.4480519480519481,-0.0357142857142857,0.4375,-0.041648936170212814,-0.1130805588384352,-0.07872015220123262
water_penetration,1,194,False,LNP193<-LNP194;LNP194<-LNP854;LNP195<-LNP193;LNP782<-LNP195;LNP854<-LNP858;LNP858<-LNP782,0.29220779220779214,-0.009740259740259716,0.5486591593272627,-0.003409090909090917,0.4247835497835497,-0.005952380952380987,0.4837662337662338,0.0,0.4791489361702128,0.0,-0.03436040663720258,0.0
water_penetration,1,195,False,LNP193<-LNP194;LNP194<-LNP854;LNP195<-LNP193;LNP782<-LNP782;LNP854<-LNP195;LNP858<-LNP858,0.3116883116883116,0.009740259740259771,0.5550910894660894,0.0030228392297357853,0.4404761904761904,0.009740259740259716,0.5194805194805195,0.035714285714285754,0.5183946488294314,0.03924571265921861,0.040291148201269084,0.07465155483847166
water_penetration,1,196,False,LNP193<-LNP194;LNP194<-LNP854;LNP195<-LNP193;LNP782<-LNP782;LNP854<-LNP858;LNP858<-LNP195,0.2727272727272727,-0.029220779220779147,0.5443059683263445,-0.007762281910009161,0.3601576994434137,-0.070578231292517,0.4837662337662338,0.0,0.4791489361702128,0.0,-0.03436040663720258,0.0
water_penetration,1,197,False,LNP193<-LNP194;LNP194<-LNP854;LNP195<-LNP193;LNP782<-LNP858;LNP854<-LNP195;LNP858<-LNP782,0.30194805194805185,0.0,0.5520682502363536,0.0,0.4307359307359307,0.0,0.4837662337662338,0.0,0.4791489361702128,0.0,-0.03436040663720258,0.0
water_penetration,1,198,False,LNP193<-LNP194;LNP194<-LNP854;LNP195<-LNP193;LNP782<-LNP858;LNP854<-LNP782;LNP858<-LNP195,0.26298701298701294,-0.03896103896103892,0.5399792127064854,-0.01208903752986823,0.38707482993197273,-0.043661100803957964,0.4155844155844156,-0.06818181818181818,0.4155844155844156,-0.0635645205857972,-0.16883116883116886,-0.13447076219396628
water_penetration,1,199,False,LNP193<-LNP194;LNP194<-LNP854;LNP195<-LNP195;LNP782<-LNP193;LNP854<-LNP782;LNP858<-LNP858,0.3214285714285714,0.019480519480519543,0.5583378427128427,0.006269592476489061,0.4503968253968253,0.0196608946608946,0.551948051948052,0.06818181818181818,0.5418181818181819,0.06266924564796905,0.1218289807746346,0.1561893874118372
water_penetration,1,200,False,LNP193<-LNP194;LNP194<-LNP854;LNP195<-LNP195;LNP782<-LNP193;LNP854<-LNP858;LNP858<-LNP782,0.22402597402597396,-0.07792207792207789,0.529694547876366,-0.02237370235998759,0.32358276643990924,-0.10715316429602145,0.4480519480519481,-0.0357142857142857,0.4375,-0.041648936170212814,-0.1130805588384352,-0.07872015220123262
water_penetration,1,201,False,LNP193<-LNP194;LNP194<-LNP854;LNP195<-LNP195;LNP782<-LNP782;LNP854<-LNP193;LNP858<-LNP858,0.3214285714285714,0.019480519480519543,0.5583378427128427,0.006269592476489061,0.4503968253968253,0.0196608946608946,0.551948051948052,0.06818181818181818,0.5418181818181819,0.06266924564796905,0.1218289807746346,0.1561893874118372
water_penetration,1,202,False,LNP193<-LNP194;LNP194<-LNP854;LNP195<-LNP195;LNP782<-LNP782;LNP854<-LNP858;LNP858<-LNP193,0.22402597402597396,-0.07792207792207789,0.529694547876366,-0.02237370235998759,0.32358276643990924,-0.10715316429602145,0.4480519480519481,-0.0357142857142857,0.4375,-0.041648936170212814,-0.1130805588384352,-0.07872015220123262
water_penetration,1,203,False,LNP193<-LNP194;LNP194<-LNP854;LNP195<-LNP195;LNP782<-LNP858;LNP854<-LNP193;LNP858<-LNP782,0.2824675324675324,-0.01948051948051943,0.5459473824677586,-0.006120867768594995,0.4018243661100803,-0.028911564625850372,0.4837662337662338,0.0,0.4791489361702128,0.0,-0.03436040663720258,0.0
water_penetration,1,204,False,LNP193<-LNP194;LNP194<-LNP854;LNP195<-LNP195;LNP782<-LNP858;LNP854<-LNP782;LNP858<-LNP193,0.2824675324675324,-0.01948051948051943,0.5459473824677586,-0.006120867768594995,0.4018243661100803,-0.028911564625850372,0.4837662337662338,0.0,0.4791489361702128,0.0,-0.03436040663720258,0.0
water_penetration,1,205,False,LNP193<-LNP194;LNP194<-LNP854;LNP195<-LNP782;LNP782<-LNP193;LNP854<-LNP195;LNP858<-LNP858,0.3116883116883116,0.009740259740259771,0.5550910894660894,0.0030228392297357853,0.4404761904761904,0.009740259740259716,0.5194805194805195,0.035714285714285754,0.5183946488294314,0.03924571265921861,0.040291148201269084,0.07465155483847166
water_penetration,1,206,False,LNP193<-LNP194;LNP194<-LNP854;LNP195<-LNP782;LNP782<-LNP193;LNP854<-LNP858;LNP858<-LNP195,0.2727272727272727,-0.029220779220779147,0.5443059683263445,-0.007762281910009161,0.3601576994434137,-0.070578231292517,0.4837662337662338,0.0,0.4791489361702128,0.0,-0.03436040663720258,0.0
water_penetration,1,207,False,LNP193<-LNP194;LNP194<-LNP854;LNP195<-LNP782;LNP782<-LNP195;LNP854<-LNP193;LNP858<-LNP858,0.24350649350649345,-0.058441558441558406,0.5349287076559803,-0.017139542580373313,0.3394557823129251,-0.09128014842300558,0.4480519480519481,-0.0357142857142857,0.4375,-0.041648936170212814,-0.1130805588384352,-0.07872015220123262
water_penetration,1,208,False,LNP193<-LNP194;LNP194<-LNP854;LNP195<-LNP782;LNP782<-LNP195;LNP854<-LNP858;LNP858<-LNP193,0.29220779220779214,-0.009740259740259716,0.5486591593272627,-0.003409090909090917,0.4247835497835497,-0.005952380952380987,0.4837662337662338,0.0,0.4791489361702128,0.0,-0.03436040663720258,0.0
water_penetration,1,209,False,LNP193<-LNP194;LNP194<-LNP854;LNP195<-LNP782;LNP782<-LNP858;LNP854<-LNP193;LNP858<-LNP195,0.26298701298701294,-0.03896103896103892,0.5399792127064854,-0.01208903752986823,0.38707482993197273,-0.043661100803957964,0.4155844155844156,-0.06818181818181818,0.4155844155844156,-0.0635645205857972,-0.16883116883116886,-0.13447076219396628
water_penetration,1,210,False,LNP193<-LNP194;LNP194<-LNP854;LNP195<-LNP782;LNP782<-LNP858;LNP854<-LNP195;LNP858<-LNP193,0.30194805194805185,0.0,0.5520682502363536,0.0,0.4307359307359307,0.0,0.4837662337662338,0.0,0.4791489361702128,0.0,-0.03436040663720258,0.0
water_penetration,1,211,False,LNP193<-LNP194;LNP194<-LNP854;LNP195<-LNP858;LNP782<-LNP193;LNP854<-LNP195;LNP858<-LNP782,0.22402597402597396,-0.07792207792207789,0.529694547876366,-0.02237370235998759,0.32358276643990924,-0.10715316429602145,0.4480519480519481,-0.0357142857142857,0.4375,-0.041648936170212814,-0.1130805588384352,-0.07872015220123262
water_penetration,1,212,False,LNP193<-LNP194;LNP194<-LNP854;LNP195<-LNP858;LNP782<-LNP193;LNP854<-LNP782;LNP858<-LNP195,0.3116883116883116,0.009740259740259771,0.5550910894660894,0.0030228392297357853,0.4404761904761904,0.009740259740259716,0.551948051948052,0.06818181818181818,0.5418181818181819,0.06266924564796905,0.1218289807746346,0.1561893874118372
water_penetration,1,213,False,LNP193<-LNP194;LNP194<-LNP854;LNP195<-LNP858;LNP782<-LNP195;LNP854<-LNP193;LNP858<-LNP782,0.2727272727272727,-0.029220779220779147,0.5431260658533386,-0.008942184383015084,0.3926406926406926,-0.03809523809523807,0.4837662337662338,0.0,0.4791489361702128,0.0,-0.03436040663720258,0.0
water_penetration,1,214,False,LNP193<-LNP194;LNP194<-LNP854;LNP195<-LNP858;LNP782<-LNP195;LNP854<-LNP782;LNP858<-LNP193,0.2727272727272727,-0.029220779220779147,0.5431260658533386,-0.008942184383015084,0.3926406926406926,-0.03809523809523807,0.4837662337662338,0.0,0.4791489361702128,0.0,-0.03436040663720258,0.0
water_penetration,1,215,False,LNP193<-LNP194;LNP194<-LNP854;LNP195<-LNP858;LNP782<-LNP782;LNP854<-LNP193;LNP858<-LNP195,0.3116883116883116,0.009740259740259771,0.5550910894660894,0.0030228392297357853,0.4404761904761904,0.009740259740259716,0.551948051948052,0.06818181818181818,0.5418181818181819,0.06266924564796905,0.1218289807746346,0.1561893874118372
water_penetration,1,216,False,LNP193<-LNP194;LNP194<-LNP854;LNP195<-LNP858;LNP782<-LNP782;LNP854<-LNP195;LNP858<-LNP193,0.22402597402597396,-0.07792207792207789,0.529694547876366,-0.02237370235998759,0.32358276643990924,-0.10715316429602145,0.4480519480519481,-0.0357142857142857,0.4375,-0.041648936170212814,-0.1130805588384352,-0.07872015220123262
water_penetration,1,217,False,LNP193<-LNP194;LNP194<-LNP858;LNP195<-LNP193;LNP782<-LNP195;LNP854<-LNP782;LNP858<-LNP854,0.30194805194805185,0.0,0.5520682502363536,0.0,0.4307359307359307,0.0,0.5194805194805195,0.035714285714285754,0.5183946488294314,0.03924571265921861,0.040291148201269084,0.07465155483847166
water_penetration,1,218,False,LNP193<-LNP194;LNP194<-LNP858;LNP195<-LNP193;LNP782<-LNP195;LNP854<-LNP854;LNP858<-LNP782,0.30194805194805185,0.0,0.5520682502363536,0.0,0.4307359307359307,0.0,0.5194805194805195,0.035714285714285754,0.5183946488294314,0.03924571265921861,0.040291148201269084,0.07465155483847166
water_penetration,1,219,False,LNP193<-LNP194;LNP194<-LNP858;LNP195<-LNP193;LNP782<-LNP782;LNP854<-LNP195;LNP858<-LNP854,0.29220779220779214,-0.009740259740259716,0.5486591593272627,-0.003409090909090917,0.4247835497835497,-0.005952380952380987,0.4837662337662338,0.0,0.4791489361702128,0.0,-0.03436040663720258,0.0
water_penetration,1,220,False,LNP193<-LNP194;LNP194<-LNP858;LNP195<-LNP193;LNP782<-LNP782;LNP854<-LNP854;LNP858<-LNP195,0.29220779220779214,-0.009740259740259716,0.5486591593272627,-0.003409090909090917,0.4247835497835497,-0.005952380952380987,0.4837662337662338,0.0,0.4791489361702128,0.0,-0.03436040663720258,0.0
water_penetration,1,221,False,LNP193<-LNP194;LNP194<-LNP858;LNP195<-LNP193;LNP782<-LNP854;LNP854<-LNP195;LNP858<-LNP782,0.29220779220779214,-0.009740259740259716,0.5486591593272627,-0.003409090909090917,0.4247835497835497,-0.005952380952380987,0.4837662337662338,0.0,0.4791489361702128,0.0,-0.03436040663720258,0.0
water_penetration,1,222,False,LNP193<-LNP194;LNP194<-LNP858;LNP195<-LNP193;LNP782<-LNP854;LNP854<-LNP782;LNP858<-LNP195,0.29220779220779214,-0.009740259740259716,0.5486591593272627,-0.003409090909090917,0.4247835497835497,-0.005952380952380987,0.4837662337662338,0.0,0.4791489361702128,0.0,-0.03436040663720258,0.0
water_penetration,1,223,False,LNP193<-LNP194;LNP194<-LNP858;LNP195<-LNP195;LNP782<-LNP193;LNP854<-LNP782;LNP858<-LNP854,0.2824675324675324,-0.01948051948051943,0.5459473824677586,-0.006120867768594995,0.4018243661100803,-0.028911564625850372,0.4837662337662338,0.0,0.4791489361702128,0.0,-0.03436040663720258,0.0
water_penetration,1,224,False,LNP193<-LNP194;LNP194<-LNP858;LNP195<-LNP195;LNP782<-LNP193;LNP854<-LNP854;LNP858<-LNP782,0.2824675324675324,-0.01948051948051943,0.5459473824677586,-0.006120867768594995,0.4018243661100803,-0.028911564625850372,0.4837662337662338,0.0,0.4791489361702128,0.0,-0.03436040663720258,0.0
water_penetration,1,225,False,LNP193<-LNP194;LNP194<-LNP858;LNP195<-LNP195;LNP782<-LNP782;LNP854<-LNP193;LNP858<-LNP854,0.2824675324675324,-0.01948051948051943,0.5459473824677586,-0.006120867768594995,0.4018243661100803,-0.028911564625850372,0.4837662337662338,0.0,0.4791489361702128,0.0,-0.03436040663720258,0.0
water_penetration,1,226,False,LNP193<-LNP194;LNP194<-LNP858;LNP195<-LNP195;LNP782<-LNP782;LNP854<-LNP854;LNP858<-LNP193,0.2824675324675324,-0.01948051948051943,0.5459473824677586,-0.006120867768594995,0.4018243661100803,-0.028911564625850372,0.4837662337662338,0.0,0.4791489361702128,0.0,-0.03436040663720258,0.0
water_penetration,1,227,False,LNP193<-LNP194;LNP194<-LNP858;LNP195<-LNP195;LNP782<-LNP854;LNP854<-LNP193;LNP858<-LNP782,0.2824675324675324,-0.01948051948051943,0.5459473824677586,-0.006120867768594995,0.4018243661100803,-0.028911564625850372,0.4837662337662338,0.0,0.4791489361702128,0.0,-0.03436040663720258,0.0
water_penetration,1,228,False,LNP193<-LNP194;LNP194<-LNP858;LNP195<-LNP195;LNP782<-LNP854;LNP854<-LNP782;LNP858<-LNP193,0.2824675324675324,-0.01948051948051943,0.5459473824677586,-0.006120867768594995,0.4018243661100803,-0.028911564625850372,0.4837662337662338,0.0,0.4791489361702128,0.0,-0.03436040663720258,0.0
water_penetration,1,229,False,LNP193<-LNP194;LNP194<-LNP858;LNP195<-LNP782;LNP782<-LNP193;LNP854<-LNP195;LNP858<-LNP854,0.29220779220779214,-0.009740259740259716,0.5486591593272627,-0.003409090909090917,0.4247835497835497,-0.005952380952380987,0.4837662337662338,0.0,0.4791489361702128,0.0,-0.03436040663720258,0.0
water_penetration,1,230,False,LNP193<-LNP194;LNP194<-LNP858;LNP195<-LNP782;LNP782<-LNP193;LNP854<-LNP854;LNP858<-LNP195,0.29220779220779214,-0.009740259740259716,0.5486591593272627,-0.003409090909090917,0.4247835497835497,-0.005952380952380987,0.4837662337662338,0.0,0.4791489361702128,0.0,-0.03436040663720258,0.0
water_penetration,1,231,False,LNP193<-LNP194;LNP194<-LNP858;LNP195<-LNP782;LNP782<-LNP195;LNP854<-LNP193;LNP858<-LNP854,0.30194805194805185,0.0,0.5520682502363536,0.0,0.4307359307359307,0.0,0.5194805194805195,0.035714285714285754,0.5183946488294314,0.03924571265921861,0.040291148201269084,0.07465155483847166
water_penetration,1,232,False,LNP193<-LNP194;LNP194<-LNP858;LNP195<-LNP782;LNP782<-LNP195;LNP854<-LNP854;LNP858<-LNP193,0.30194805194805185,0.0,0.5520682502363536,0.0,0.4307359307359307,0.0,0.5194805194805195,0.035714285714285754,0.5183946488294314,0.03924571265921861,0.040291148201269084,0.07465155483847166
water_penetration,1,233,False,LNP193<-LNP194;LNP194<-LNP858;LNP195<-LNP782;LNP782<-LNP854;LNP854<-LNP193;LNP858<-LNP195,0.29220779220779214,-0.009740259740259716,0.5486591593272627,-0.003409090909090917,0.4247835497835497,-0.005952380952380987,0.4837662337662338,0.0,0.4791489361702128,0.0,-0.03436040663720258,0.0
water_penetration,1,234,False,LNP193<-LNP194;LNP194<-LNP858;LNP195<-LNP782;LNP782<-LNP854;LNP854<-LNP195;LNP858<-LNP193,0.29220779220779214,-0.009740259740259716,0.5486591593272627,-0.003409090909090917,0.4247835497835497,-0.005952380952380987,0.4837662337662338,0.0,0.4791489361702128,0.0,-0.03436040663720258,0.0
water_penetration,1,235,False,LNP193<-LNP194;LNP194<-LNP858;LNP195<-LNP854;LNP782<-LNP193;LNP854<-LNP195;LNP858<-LNP782,0.29220779220779214,-0.009740259740259716,0.5486591593272627,-0.003409090909090917,0.4247835497835497,-0.005952380952380987,0.4837662337662338,0.0,0.4791489361702128,0.0,-0.03436040663720258,0.0
water_penetration,1,236,False,LNP193<-LNP194;LNP194<-LNP858;LNP195<-LNP854;LNP782<-LNP193;LNP854<-LNP782;LNP858<-LNP195,0.29220779220779214,-0.009740259740259716,0.5486591593272627,-0.003409090909090917,0.4247835497835497,-0.005952380952380987,0.4837662337662338,0.0,0.4791489361702128,0.0,-0.03436040663720258,0.0
water_penetration,1,237,False,LNP193<-LNP194;LNP194<-LNP858;LNP195<-LNP854;LNP782<-LNP195;LNP854<-LNP193;LNP858<-LNP782,0.30194805194805185,0.0,0.5520682502363536,0.0,0.4307359307359307,0.0,0.5194805194805195,0.035714285714285754,0.5183946488294314,0.03924571265921861,0.040291148201269084,0.07465155483847166
water_penetration,1,238,False,LNP193<-LNP194;LNP194<-LNP858;LNP195<-LNP854;LNP782<-LNP195;LNP854<-LNP782;LNP858<-LNP193,0.30194805194805185,0.0,0.5520682502363536,0.0,0.4307359307359307,0.0,0.5194805194805195,0.035714285714285754,0.5183946488294314,0.03924571265921861,0.040291148201269084,0.07465155483847166
water_penetration,1,239,False,LNP193<-LNP194;LNP194<-LNP858;LNP195<-LNP854;LNP782<-LNP782;LNP854<-LNP193;LNP858<-LNP195,0.29220779220779214,-0.009740259740259716,0.5486591593272627,-0.003409090909090917,0.4247835497835497,-0.005952380952380987,0.4837662337662338,0.0,0.4791489361702128,0.0,-0.03436040663720258,0.0
water_penetration,1,240,False,LNP193<-LNP194;LNP194<-LNP858;LNP195<-LNP854;LNP782<-LNP782;LNP854<-LNP195;LNP858<-LNP193,0.29220779220779214,-0.009740259740259716,0.5486591593272627,-0.003409090909090917,0.4247835497835497,-0.005952380952380987,0.4837662337662338,0.0,0.4791489361702128,0.0,-0.03436040663720258,0.0
water_penetration,1,241,False,LNP193<-LNP195;LNP194<-LNP193;LNP195<-LNP194;LNP782<-LNP782;LNP854<-LNP854;LNP858<-LNP858,0.30194805194805185,0.0,0.5520682502363536,0.0,0.4307359307359307,0.0,0.4837662337662338,0.0,0.4791489361702128,0.0,-0.03436040663720258,0.0
water_penetration,1,242,False,LNP193<-LNP195;LNP194<-LNP193;LNP195<-LNP194;LNP782<-LNP782;LNP854<-LNP858;LNP858<-LNP854,0.29220779220779214,-0.009740259740259716,0.5486591593272627,-0.003409090909090917,0.4247835497835497,-0.005952380952380987,0.4837662337662338,0.0,0.4791489361702128,0.0,-0.03436040663720258,0.0
water_penetration,1,243,False,LNP193<-LNP195;LNP194<-LNP193;LNP195<-LNP194;LNP782<-LNP854;LNP854<-LNP782;LNP858<-LNP858,0.30194805194805185,0.0,0.5520682502363536,0.0,0.4307359307359307,0.0,0.4837662337662338,0.0,0.4791489361702128,0.0,-0.03436040663720258,0.0
water_penetration,1,244,False,LNP193<-LNP195;LNP194<-LNP193;LNP195<-LNP194;LNP782<-LNP854;LNP854<-LNP858;LNP858<-LNP782,0.29220779220779214,-0.009740259740259716,0.5486591593272627,-0.003409090909090917,0.4247835497835497,-0.005952380952380987,0.4837662337662338,0.0,0.4791489361702128,0.0,-0.03436040663720258,0.0
water_penetration,1,245,False,LNP193<-LNP195;LNP194<-LNP193;LNP195<-LNP194;LNP782<-LNP858;LNP854<-LNP782;LNP858<-LNP854,0.30194805194805185,0.0,0.5520682502363536,0.0,0.4307359307359307,0.0,0.5194805194805195,0.035714285714285754,0.5183946488294314,0.03924571265921861,0.040291148201269084,0.07465155483847166
water_penetration,1,246,False,LNP193<-LNP195;LNP194<-LNP193;LNP195<-LNP194;LNP782<-LNP858;LNP854<-LNP854;LNP858<-LNP782,0.30194805194805185,0.0,0.5520682502363536,0.0,0.4307359307359307,0.0,0.5194805194805195,0.035714285714285754,0.5183946488294314,0.03924571265921861,0.040291148201269084,0.07465155483847166
water_penetration,1,247,False,LNP193<-LNP195;LNP194<-LNP193;LNP195<-LNP782;LNP782<-LNP194;LNP854<-LNP854;LNP858<-LNP858,0.29220779220779214,-0.009740259740259716,0.5486591593272627,-0.003409090909090917,0.4247835497835497,-0.005952380952380987,0.4837662337662338,0.0,0.4791489361702128,0.0,-0.03436040663720258,0.0
water_penetration,1,248,False,LNP193<-LNP195;LNP194<-LNP193;LNP195<-LNP782;LNP782<-LNP194;LNP854<-LNP858;LNP858<-LNP854,0.29220779220779214,-0.009740259740259716,0.5486591593272627,-0.003409090909090917,0.4247835497835497,-0.005952380952380987,0.4837662337662338,0.0,0.4791489361702128,0.0,-0.03436040663720258,0.0
water_penetration,1,249,False,LNP193<-LNP195;LNP194<-LNP193;LNP195<-LNP782;LNP782<-LNP854;LNP854<-LNP194;LNP858<-LNP858,0.30194805194805185,0.0,0.5520682502363536,0.0,0.4307359307359307,0.0,0.4837662337662338,0.0,0.4791489361702128,0.0,-0.03436040663720258,0.0
water_penetration,1,250,False,LNP193<-LNP195;LNP194<-LNP193;LNP195<-LNP782;LNP782<-LNP854;LNP854<-LNP858;LNP858<-LNP194,0.29220779220779214,-0.009740259740259716,0.5486591593272627,-0.003409090909090917,0.4247835497835497,-0.005952380952380987,0.4837662337662338,0.0,0.4791489361702128,0.0,-0.03436040663720258,0.0
water_penetration,1,251,False,LNP193<-LNP195;LNP194<-LNP193;LNP195<-LNP782;LNP782<-LNP858;LNP854<-LNP194;LNP858<-LNP854,0.30194805194805185,0.0,0.5520682502363536,0.0,0.4307359307359307,0.0,0.5194805194805195,0.035714285714285754,0.5183946488294314,0.03924571265921861,0.040291148201269084,0.07465155483847166
water_penetration,1,252,False,LNP193<-LNP195;LNP194<-LNP193;LNP195<-LNP782;LNP782<-LNP858;LNP854<-LNP854;LNP858<-LNP194,0.30194805194805185,0.0,0.5520682502363536,0.0,0.4307359307359307,0.0,0.5194805194805195,0.035714285714285754,0.5183946488294314,0.03924571265921861,0.040291148201269084,0.07465155483847166
water_penetration,1,253,False,LNP193<-LNP195;LNP194<-LNP193;LNP195<-LNP854;LNP782<-LNP194;LNP854<-LNP782;LNP858<-LNP858,0.29220779220779214,-0.009740259740259716,0.5486591593272627,-0.003409090909090917,0.4247835497835497,-0.005952380952380987,0.4837662337662338,0.0,0.4791489361702128,0.0,-0.03436040663720258,0.0
water_penetration,1,254,False,LNP193<-LNP195;LNP194<-LNP193;LNP195<-LNP854;LNP782<-LNP194;LNP854<-LNP858;LNP858<-LNP782,0.29220779220779214,-0.009740259740259716,0.5486591593272627,-0.003409090909090917,0.4247835497835497,-0.005952380952380987,0.4837662337662338,0.0,0.4791489361702128,0.0,-0.03436040663720258,0.0
water_penetration,1,255,False,LNP193<-LNP195;LNP194<-LNP193;LNP195<-LNP854;LNP782<-LNP782;LNP854<-LNP194;LNP858<-LNP858,0.30194805194805185,0.0,0.5520682502363536,0.0,0.4307359307359307,0.0,0.4837662337662338,0.0,0.4791489361702128,0.0,-0.03436040663720258,0.0
water_penetration,1,256,False,LNP193<-LNP195;LNP194<-LNP193;LNP195<-LNP854;LNP782<-LNP782;LNP854<-LNP858;LNP858<-LNP194,0.29220779220779214,-0.009740259740259716,0.5486591593272627,-0.003409090909090917,0.4247835497835497,-0.005952380952380987,0.4837662337662338,0.0,0.4791489361702128,0.0,-0.03436040663720258,0.0
water_penetration,1,257,False,LNP193<-LNP195;LNP194<-LNP193;LNP195<-LNP854;LNP782<-LNP858;LNP854<-LNP194;LNP858<-LNP782,0.30194805194805185,0.0,0.5520682502363536,0.0,0.4307359307359307,0.0,0.5194805194805195,0.035714285714285754,0.5183946488294314,0.03924571265921861,0.040291148201269084,0.07465155483847166
water_penetration,1,258,False,LNP193<-LNP195;LNP194<-LNP193;LNP195<-LNP854;LNP782<-LNP858;LNP854<-LNP782;LNP858<-LNP194,0.30194805194805185,0.0,0.5520682502363536,0.0,0.4307359307359307,0.0,0.5194805194805195,0.035714285714285754,0.5183946488294314,0.03924571265921861,0.040291148201269084,0.07465155483847166
water_penetration,1,259,False,LNP193<-LNP195;LNP194<-LNP193;LNP195<-LNP858;LNP782<-LNP194;LNP854<-LNP782;LNP858<-LNP854,0.2824675324675324,-0.01948051948051943,0.5459473824677586,-0.006120867768594995,0.4018243661100803,-0.028911564625850372,0.4837662337662338,0.0,0.4791489361702128,0.0,-0.03436040663720258,0.0
water_penetration,1,260,False,LNP193<-LNP195;LNP194<-LNP193;LNP195<-LNP858;LNP782<-LNP194;LNP854<-LNP854;LNP858<-LNP782,0.29220779220779214,-0.009740259740259716,0.5486591593272627,-0.003409090909090917,0.4247835497835497,-0.005952380952380987,0.4837662337662338,0.0,0.4791489361702128,0.0,-0.03436040663720258,0.0
water_penetration,1,261,False,LNP193<-LNP195;LNP194<-LNP193;LNP195<-LNP858;LNP782<-LNP782;LNP854<-LNP194;LNP858<-LNP854,0.2727272727272727,-0.029220779220779147,0.5431260658533386,-0.008942184383015084,0.3926406926406926,-0.03809523809523807,0.4837662337662338,0.0,0.4791489361702128,0.0,-0.03436040663720258,0.0
water_penetration,1,262,False,LNP193<-LNP195;LNP194<-LNP193;LNP195<-LNP858;LNP782<-LNP782;LNP854<-LNP854;LNP858<-LNP194,0.29220779220779214,-0.009740259740259716,0.5486591593272627,-0.003409090909090917,0.4247835497835497,-0.005952380952380987,0.4837662337662338,0.0,0.4791489361702128,0.0,-0.03436040663720258,0.0
water_penetration,1,263,False,LNP193<-LNP195;LNP194<-LNP193;LNP195<-LNP858;LNP782<-LNP854;LNP854<-LNP194;LNP858<-LNP782,0.2727272727272727,-0.029220779220779147,0.5431260658533386,-0.008942184383015084,0.3926406926406926,-0.03809523809523807,0.4837662337662338,0.0,0.4791489361702128,0.0,-0.03436040663720258,0.0
water_penetration,1,264,False,LNP193<-LNP195;LNP194<-LNP193;LNP195<-LNP858;LNP782<-LNP854;LNP854<-LNP782;LNP858<-LNP194,0.29220779220779214,-0.009740259740259716,0.5486591593272627,-0.003409090909090917,0.4247835497835497,-0.005952380952380987,0.4837662337662338,0.0,0.4791489361702128,0.0,-0.03436040663720258,0.0
water_penetration,1,265,False,LNP193<-LNP195;LNP194<-LNP194;LNP195<-LNP193;LNP782<-LNP782;LNP854<-LNP854;LNP858<-LNP858,0.29220779220779214,-0.009740259740259716,0.5486591593272627,-0.003409090909090917,0.4247835497835497,-0.005952380952380987,0.4837662337662338,0.0,0.4791489361702128,0.0,-0.03436040663720258,0.0
water_penetration,1,266,False,LNP193<-LNP195;LNP194<-LNP194;LNP195<-LNP193;LNP782<-LNP782;LNP854<-LNP858;LNP858<-LNP854,0.29220779220779214,-0.009740259740259716,0.5486591593272627,-0.003409090909090917,0.4247835497835497,-0.005952380952380987,0.4837662337662338,0.0,0.4791489361702128,0.0,-0.03436040663720258,0.0
water_penetration,1,267,False,LNP193<-LNP195;LNP194<-LNP194;LNP195<-LNP193;LNP782<-LNP854;LNP854<-LNP782;LNP858<-LNP858,0.29220779220779214,-0.009740259740259716,0.5486591593272627,-0.003409090909090917,0.4247835497835497,-0.005952380952380987,0.4837662337662338,0.0,0.4791489361702128,0.0,-0.03436040663720258,0.0
water_penetration,1,268,False,LNP193<-LNP195;LNP194<-LNP194;LNP195<-LNP193;LNP782<-LNP854;LNP854<-LNP858;LNP858<-LNP782,0.29220779220779214,-0.009740259740259716,0.5486591593272627,-0.003409090909090917,0.4247835497835497,-0.005952380952380987,0.4837662337662338,0.0,0.4791489361702128,0.0,-0.03436040663720258,0.0
water_penetration,1,269,False,LNP193<-LNP195;LNP194<-LNP194;LNP195<-LNP193;LNP782<-LNP858;LNP854<-LNP782;LNP858<-LNP854,0.30194805194805185,0.0,0.5520682502363536,0.0,0.4307359307359307,0.0,0.5194805194805195,0.035714285714285754,0.5183946488294314,0.03924571265921861,0.040291148201269084,0.07465155483847166
water_penetration,1,270,False,LNP193<-LNP195;LNP194<-LNP194;LNP195<-LNP193;LNP782<-LNP858;LNP854<-LNP854;LNP858<-LNP782,0.30194805194805185,0.0,0.5520682502363536,0.0,0.4307359307359307,0.0,0.5194805194805195,0.035714285714285754,0.5183946488294314,0.03924571265921861,0.040291148201269084,0.07465155483847166
water_penetration,1,271,False,LNP193<-LNP195;LNP194<-LNP194;LNP195<-LNP782;LNP782<-LNP193;LNP854<-LNP854;LNP858<-LNP858,0.29220779220779214,-0.009740259740259716,0.5486591593272627,-0.003409090909090917,0.4247835497835497,-0.005952380952380987,0.4837662337662338,0.0,0.4791489361702128,0.0,-0.03436040663720258,0.0
water_penetration,1,272,False,LNP193<-LNP195;LNP194<-LNP194;LNP195<-LNP782;LNP782<-LNP193;LNP854<-LNP858;LNP858<-LNP854,0.29220779220779214,-0.009740259740259716,0.5486591593272627,-0.003409090909090917,0.4247835497835497,-0.005952380952380987,0.4837662337662338,0.0,0.4791489361702128,0.0,-0.03436040663720258,0.0
water_penetration,1,273,False,LNP193<-LNP195;LNP194<-LNP194;LNP195<-LNP782;LNP782<-LNP854;LNP854<-LNP193;LNP858<-LNP858,0.29220779220779214,-0.009740259740259716,0.5486591593272627,-0.003409090909090917,0.4247835497835497,-0.005952380952380987,0.4837662337662338,0.0,0.4791489361702128,0.0,-0.03436040663720258,0.0
water_penetration,1,274,False,LNP193<-LNP195;LNP194<-LNP194;LNP195<-LNP782;LNP782<-LNP854;LNP854<-LNP858;LNP858<-LNP193,0.29220779220779214,-0.009740259740259716,0.5486591593272627,-0.003409090909090917,0.4247835497835497,-0.005952380952380987,0.4837662337662338,0.0,0.4791489361702128,0.0,-0.03436040663720258,0.0
water_penetration,1,275,False,LNP193<-LNP195;LNP194<-LNP194;LNP195<-LNP782;LNP782<-LNP858;LNP854<-LNP193;LNP858<-LNP854,0.30194805194805185,0.0,0.5520682502363536,0.0,0.4307359307359307,0.0,0.5194805194805195,0.035714285714285754,0.5183946488294314,0.03924571265921861,0.040291148201269084,0.07465155483847166
water_penetration,1,276,False,LNP193<-LNP195;LNP194<-LNP194;LNP195<-LNP782;LNP782<-LNP858;LNP854<-LNP854;LNP858<-LNP193,0.30194805194805185,0.0,0.5520682502363536,0.0,0.4307359307359307,0.0,0.5194805194805195,0.035714285714285754,0.5183946488294314,0.03924571265921861,0.040291148201269084,0.07465155483847166
water_penetration,1,277,False,LNP193<-LNP195;LNP194<-LNP194;LNP195<-LNP854;LNP782<-LNP193;LNP854<-LNP782;LNP858<-LNP858,0.29220779220779214,-0.009740259740259716,0.5486591593272627,-0.003409090909090917,0.4247835497835497,-0.005952380952380987,0.4837662337662338,0.0,0.4791489361702128,0.0,-0.03436040663720258,0.0
water_penetration,1,278,False,LNP193<-LNP195;LNP194<-LNP194;LNP195<-LNP854;LNP782<-LNP193;LNP854<-LNP858;LNP858<-LNP782,0.29220779220779214,-0.009740259740259716,0.5486591593272627,-0.003409090909090917,0.4247835497835497,-0.005952380952380987,0.4837662337662338,0.0,0.4791489361702128,0.0,-0.03436040663720258,0.0
water_penetration,1,279,False,LNP193<-LNP195;LNP194<-LNP194;LNP195<-LNP854;LNP782<-LNP782;LNP854<-LNP193;LNP858<-LNP858,0.29220779220779214,-0.009740259740259716,0.5486591593272627,-0.003409090909090917,0.4247835497835497,-0.005952380952380987,0.4837662337662338,0.0,0.4791489361702128,0.0,-0.03436040663720258,0.0
water_penetration,1,280,False,LNP193<-LNP195;LNP194<-LNP194;LNP195<-LNP854;LNP782<-LNP782;LNP854<-LNP858;LNP858<-LNP193,0.29220779220779214,-0.009740259740259716,0.5486591593272627,-0.003409090909090917,0.4247835497835497,-0.005952380952380987,0.4837662337662338,0.0,0.4791489361702128,0.0,-0.03436040663720258,0.0
water_penetration,1,281,False,LNP193<-LNP195;LNP194<-LNP194;LNP195<-LNP854;LNP782<-LNP858;LNP854<-LNP193;LNP858<-LNP782,0.30194805194805185,0.0,0.5520682502363536,0.0,0.4307359307359307,0.0,0.5194805194805195,0.035714285714285754,0.5183946488294314,0.03924571265921861,0.040291148201269084,0.07465155483847166
water_penetration,1,282,False,LNP193<-LNP195;LNP194<-LNP194;LNP195<-LNP854;LNP782<-LNP858;LNP854<-LNP782;LNP858<-LNP193,0.30194805194805185,0.0,0.5520682502363536,0.0,0.4307359307359307,0.0,0.5194805194805195,0.035714285714285754,0.5183946488294314,0.03924571265921861,0.040291148201269084,0.07465155483847166
water_penetration,1,283,False,LNP193<-LNP195;LNP194<-LNP194;LNP195<-LNP858;LNP782<-LNP193;LNP854<-LNP782;LNP858<-LNP854,0.2824675324675324,-0.01948051948051943,0.5459473824677586,-0.006120867768594995,0.4018243661100803,-0.028911564625850372,0.4837662337662338,0.0,0.4791489361702128,0.0,-0.03436040663720258,0.0
water_penetration,1,284,False,LNP193<-LNP195;LNP194<-LNP194;LNP195<-LNP858;LNP782<-LNP193;LNP854<-LNP854;LNP858<-LNP782,0.2824675324675324,-0.01948051948051943,0.5459473824677586,-0.006120867768594995,0.4018243661100803,-0.028911564625850372,0.4837662337662338,0.0,0.4791489361702128,0.0,-0.03436040663720258,0.0
water_penetration,1,285,False,LNP193<-LNP195;LNP194<-LNP194;LNP195<-LNP858;LNP782<-LNP782;LNP854<-LNP193;LNP858<-LNP854,0.2824675324675324,-0.01948051948051943,0.5459473824677586,-0.006120867768594995,0.4018243661100803,-0.028911564625850372,0.4837662337662338,0.0,0.4791489361702128,0.0,-0.03436040663720258,0.0
water_penetration,1,286,False,LNP193<-LNP195;LNP194<-LNP194;LNP195<-LNP858;LNP782<-LNP782;LNP854<-LNP854;LNP858<-LNP193,0.2824675324675324,-0.01948051948051943,0.5459473824677586,-0.006120867768594995,0.4018243661100803,-0.028911564625850372,0.4837662337662338,0.0,0.4791489361702128,0.0,-0.03436040663720258,0.0
water_penetration,1,287,False,LNP193<-LNP195;LNP194<-LNP194;LNP195<-LNP858;LNP782<-LNP854;LNP854<-LNP193;LNP858<-LNP782,0.2824675324675324,-0.01948051948051943,0.5459473824677586,-0.006120867768594995,0.4018243661100803,-0.028911564625850372,0.4837662337662338,0.0,0.4791489361702128,0.0,-0.03436040663720258,0.0
water_penetration,1,288,False,LNP193<-LNP195;LNP194<-LNP194;LNP195<-LNP858;LNP782<-LNP854;LNP854<-LNP782;LNP858<-LNP193,0.2824675324675324,-0.01948051948051943,0.5459473824677586,-0.006120867768594995,0.4018243661100803,-0.028911564625850372,0.4837662337662338,0.0,0.4791489361702128,0.0,-0.03436040663720258,0.0
water_penetration,1,289,False,LNP193<-LNP195;LNP194<-LNP782;LNP195<-LNP193;LNP782<-LNP194;LNP854<-LNP854;LNP858<-LNP858,0.29220779220779214,-0.009740259740259716,0.5486591593272627,-0.003409090909090917,0.4247835497835497,-0.005952380952380987,0.4837662337662338,0.0,0.4791489361702128,0.0,-0.03436040663720258,0.0
water_penetration,1,290,False,LNP193<-LNP195;LNP194<-LNP782;LNP195<-LNP193;LNP782<-LNP194;LNP854<-LNP858;LNP858<-LNP854,0.29220779220779214,-0.009740259740259716,0.5486591593272627,-0.003409090909090917,0.4247835497835497,-0.005952380952380987,0.4837662337662338,0.0,0.4791489361702128,0.0,-0.03436040663720258,0.0
water_penetration,1,291,False,LNP193<-LNP195;LNP194<-LNP782;LNP195<-LNP193;LNP782<-LNP854;LNP854<-LNP194;LNP858<-LNP858,0.30194805194805185,0.0,0.5520682502363536,0.0,0.4307359307359307,0.0,0.4837662337662338,0.0,0.4791489361702128,0.0,-0.03436040663720258,0.0
water_penetration,1,292,False,LNP193<-LNP195;LNP194<-LNP782;LNP195<-LNP193;LNP782<-LNP854;LNP854<-LNP858;LNP858<-LNP194,0.29220779220779214,-0.009740259740259716,0.5486591593272627,-0.003409090909090917,0.4247835497835497,-0.005952380952380987,0.4837662337662338,0.0,0.4791489361702128,0.0,-0.03436040663720258,0.0
water_penetration,1,293,False,LNP193<-LNP195;LNP194<-LNP782;LNP195<-LNP193;LNP782<-LNP858;LNP854<-LNP194;LNP858<-LNP854,0.30194805194805185,0.0,0.5520682502363536,0.0,0.4307359307359307,0.0,0.5194805194805195,0.035714285714285754,0.5183946488294314,0.03924571265921861,0.040291148201269084,0.07465155483847166
water_penetration,1,294,False,LNP193<-LNP195;LNP194<-LNP782;LNP195<-LNP193;LNP782<-LNP858;LNP854<-LNP854;LNP858<-LNP194,0.30194805194805185,0.0,0.5520682502363536,0.0,0.4307359307359307,0.0,0.5194805194805195,0.035714285714285754,0.5183946488294314,0.03924571265921861,0.040291148201269084,0.07465155483847166
water_penetration,1,295,False,LNP193<-LNP195;LNP194<-LNP782;LNP195<-LNP194;LNP782<-LNP193;LNP854<-LNP854;LNP858<-LNP858,0.30194805194805185,0.0,0.5520682502363536,0.0,0.4307359307359307,0.0,0.4837662337662338,0.0,0.4791489361702128,0.0,-0.03436040663720258,0.0
water_penetration,1,296,False,LNP193<-LNP195;LNP194<-LNP782;LNP195<-LNP194;LNP782<-LNP193;LNP854<-LNP858;LNP858<-LNP854,0.29220779220779214,-0.009740259740259716,0.5486591593272627,-0.003409090909090917,0.4247835497835497,-0.005952380952380987,0.4837662337662338,0.0,0.4791489361702128,0.0,-0.03436040663720258,0.0
water_penetration,1,297,False,LNP193<-LNP195;LNP194<-LNP782;LNP195<-LNP194;LNP782<-LNP854;LNP854<-LNP193;LNP858<-LNP858,0.30194805194805185,0.0,0.5520682502363536,0.0,0.4307359307359307,0.0,0.4837662337662338,0.0,0.4791489361702128,0.0,-0.03436040663720258,0.0
water_penetration,1,298,False,LNP193<-LNP195;LNP194<-LNP782;LNP195<-LNP194;LNP782<-LNP854;LNP854<-LNP858;LNP858<-LNP193,0.29220779220779214,-0.009740259740259716,0.5486591593272627,-0.003409090909090917,0.4247835497835497,-0.005952380952380987,0.4837662337662338,0.0,0.4791489361702128,0.0,-0.03436040663720258,0.0
water_penetration,1,299,False,LNP193<-LNP195;LNP194<-LNP782;LNP195<-LNP194;LNP782<-LNP858;LNP854<-LNP193;LNP858<-LNP854,0.30194805194805185,0.0,0.5520682502363536,0.0,0.4307359307359307,0.0,0.5194805194805195,0.035714285714285754,0.5183946488294314,0.03924571265921861,0.040291148201269084,0.07465155483847166
water_penetration,1,300,False,LNP193<-LNP195;LNP194<-LNP782;LNP195<-LNP194;LNP782<-LNP858;LNP854<-LNP854;LNP858<-LNP193,0.30194805194805185,0.0,0.5520682502363536,0.0,0.4307359307359307,0.0,0.5194805194805195,0.035714285714285754,0.5183946488294314,0.03924571265921861,0.040291148201269084,0.07465155483847166
water_penetration,1,301,False,LNP193<-LNP195;LNP194<-LNP782;LNP195<-LNP854;LNP782<-LNP193;LNP854<-LNP194;LNP858<-LNP858,0.30194805194805185,0.0,0.5520682502363536,0.0,0.4307359307359307,0.0,0.4837662337662338,0.0,0.4791489361702128,0.0,-0.03436040663720258,0.0
water_penetration,1,302,False,LNP193<-LNP195;LNP194<-LNP782;LNP195<-LNP854;LNP782<-LNP193;LNP854<-LNP858;LNP858<-LNP194,0.29220779220779214,-0.009740259740259716,0.5486591593272627,-0.003409090909090917,0.4247835497835497,-0.005952380952380987,0.4837662337662338,0.0,0.4791489361702128,0.0,-0.03436040663720258,0.0
water_penetration,1,303,False,LNP193<-LNP195;LNP194<-LNP782;LNP195<-LNP854;LNP782<-LNP194;LNP854<-LNP193;LNP858<-LNP858,0.29220779220779214,-0.009740259740259716,0.5486591593272627,-0.003409090909090917,0.4247835497835497,-0.005952380952380987,0.4837662337662338,0.0,0.4791489361702128,0.0,-0.03436040663720258,0.0
water_penetration,1,304,False,LNP193<-LNP195;LNP194<-LNP782;LNP195<-LNP854;LNP782<-LNP194;LNP854<-LNP858;LNP858<-LNP193,0.29220779220779214,-0.009740259740259716,0.5486591593272627,-0.003409090909090917,0.4247835497835497,-0.005952380952380987,0.4837662337662338,0.0,0.4791489361702128,0.0,-0.03436040663720258,0.0
water_penetration,1,305,False,LNP193<-LNP195;LNP194<-LNP782;LNP195<-LNP854;LNP782<-LNP858;LNP854<-LNP193;LNP858<-LNP194,0.30194805194805185,0.0,0.5520682502363536,0.0,0.4307359307359307,0.0,0.5194805194805195,0.035714285714285754,0.5183946488294314,0.03924571265921861,0.040291148201269084,0.07465155483847166
water_penetration,1,306,False,LNP193<-LNP195;LNP194<-LNP782;LNP195<-LNP854;LNP782<-LNP858;LNP854<-LNP194;LNP858<-LNP193,0.30194805194805185,0.0,0.5520682502363536,0.0,0.4307359307359307,0.0,0.5194805194805195,0.035714285714285754,0.5183946488294314,0.03924571265921861,0.040291148201269084,0.07465155483847166
water_penetration,1,307,False,LNP193<-LNP195;LNP194<-LNP782;LNP195<-LNP858;LNP782<-LNP193;LNP854<-LNP194;LNP858<-LNP854,0.2727272727272727,-0.029220779220779147,0.5431260658533386,-0.008942184383015084,0.3926406926406926,-0.03809523809523807,0.4837662337662338,0.0,0.4791489361702128,0.0,-0.03436040663720258,0.0
water_penetration,1,308,False,LNP193<-LNP195;LNP194<-LNP782;LNP195<-LNP858;LNP782<-LNP193;LNP854<-LNP854;LNP858<-LNP194,0.29220779220779214,-0.009740259740259716,0.5486591593272627,-0.003409090909090917,0.4247835497835497,-0.005952380952380987,0.4837662337662338,0.0,0.4791489361702128,0.0,-0.03436040663720258,0.0
water_penetration,1,309,False,LNP193<-LNP195;LNP194<-LNP782;LNP195<-LNP858;LNP782<-LNP194;LNP854<-LNP193;LNP858<-LNP854,0.2824675324675324,-0.01948051948051943,0.5459473824677586,-0.006120867768594995,0.4018243661100803,-0.028911564625850372,0.4837662337662338,0.0,0.4791489361702128,0.0,-0.03436040663720258,0.0
water_penetration,1,310,False,LNP193<-LNP195;LNP194<-LNP782;LNP195<-LNP858;LNP782<-LNP194;LNP854<-LNP854;LNP858<-LNP193,0.29220779220779214,-0.009740259740259716,0.5486591593272627,-0.003409090909090917,0.4247835497835497,-0.005952380952380987,0.4837662337662338,0.0,0.4791489361702128,0.0,-0.03436040663720258,0.0
water_penetration,1,311,False,LNP193<-LNP195;LNP194<-LNP782;LNP195<-LNP858;LNP782<-LNP854;LNP854<-LNP193;LNP858<-LNP194,0.2824675324675324,-0.01948051948051943,0.5459473824677586,-0.006120867768594995,0.4018243661100803,-0.028911564625850372,0.4837662337662338,0.0,0.4791489361702128,0.0,-0.03436040663720258,0.0
water_penetration,1,312,False,LNP193<-LNP195;LNP194<-LNP782;LNP195<-LNP858;LNP782<-LNP854;LNP854<-LNP194;LNP858<-LNP193,0.2727272727272727,-0.029220779220779147,0.5431260658533386,-0.008942184383015084,0.3926406926406926,-0.03809523809523807,0.4837662337662338,0.0,0.4791489361702128,0.0,-0.03436040663720258,0.0
water_penetration,1,313,False,LNP193<-LNP195;LNP194<-LNP854;LNP195<-LNP193;LNP782<-LNP194;LNP854<-LNP782;LNP858<-LNP858,0.29220779220779214,-0.009740259740259716,0.5486591593272627,-0.003409090909090917,0.4247835497835497,-0.005952380952380987,0.4837662337662338,0.0,0.4791489361702128,0.0,-0.03436040663720258,0.0
water_penetration,1,314,False,LNP193<-LNP195;LNP194<-LNP854;LNP195<-LNP193;LNP782<-LNP194;LNP854<-LNP858;LNP858<-LNP782,0.29220779220779214,-0.009740259740259716,0.5486591593272627,-0.003409090909090917,0.4247835497835497,-0.005952380952380987,0.4837662337662338,0.0,0.4791489361702128,0.0,-0.03436040663720258,0.0
water_penetration,1,315,False,LNP193<-LNP195;LNP194<-LNP854;LNP195<-LNP193;LNP782<-LNP782;LNP854<-LNP194;LNP858<-LNP858,0.30194805194805185,0.0,0.5520682502363536,0.0,0.4307359307359307,0.0,0.4837662337662338,0.0,0.4791489361702128,0.0,-0.03436040663720258,0.0
water_penetration,1,316,False,LNP193<-LNP195;LNP194<-LNP854;LNP195<-LNP193;LNP782<-LNP782;LNP854<-LNP858;LNP858<-LNP194,0.29220779220779214,-0.009740259740259716,0.5486591593272627,-0.003409090909090917,0.4247835497835497,-0.005952380952380987,0.4837662337662338,0.0,0.4791489361702128,0.0,-0.03436040663720258,0.0
water_penetration,1,317,False,LNP193<-LNP195;LNP194<-LNP854;LNP195<-LNP193;LNP782<-LNP858;LNP854<-LNP194;LNP858<-LNP782,0.30194805194805185,0.0,0.5520682502363536,0.0,0.4307359307359307,0.0,0.5194805194805195,0.035714285714285754,0.5183946488294314,0.03924571265921861,0.040291148201269084,0.07465155483847166
water_penetration,1,318,False,LNP193<-LNP195;LNP194<-LNP854;LNP195<-LNP193;LNP782<-LNP858;LNP854<-LNP782;LNP858<-LNP194,0.30194805194805185,0.0,0.5520682502363536,0.0,0.4307359307359307,0.0,0.5194805194805195,0.035714285714285754,0.5183946488294314,0.03924571265921861,0.040291148201269084,0.07465155483847166
water_penetration,1,319,False,LNP193<-LNP195;LNP194<-LNP854;LNP195<-LNP194;LNP782<-LNP193;LNP854<-LNP782;LNP858<-LNP858,0.30194805194805185,0.0,0.5520682502363536,0.0,0.4307359307359307,0.0,0.4837662337662338,0.0,0.4791489361702128,0.0,-0.03436040663720258,0.0
water_penetration,1,320,False,LNP193<-LNP195;LNP194<-LNP854;LNP195<-LNP194;LNP782<-LNP193;LNP854<-LNP858;LNP858<-LNP782,0.29220779220779214,-0.009740259740259716,0.5486591593272627,-0.003409090909090917,0.4247835497835497,-0.005952380952380987,0.4837662337662338,0.0,0.4791489361702128,0.0,-0.03436040663720258,0.0
water_penetration,1,321,False,LNP193<-LNP195;LNP194<-LNP854;LNP195<-LNP194;LNP782<-LNP782;LNP854<-LNP193;LNP858<-LNP858,0.30194805194805185,0.0,0.5520682502363536,0.0,0.4307359307359307,0.0,0.4837662337662338,0.0,0.4791489361702128,0.0,-0.03436040663720258,0.0
water_penetration,1,322,False,LNP193<-LNP195;LNP194<-LNP854;LNP195<-LNP194;LNP782<-LNP782;LNP854<-LNP858;LNP858<-LNP193,0.29220779220779214,-0.009740259740259716,0.5486591593272627,-0.003409090909090917,0.4247835497835497,-0.005952380952380987,0.4837662337662338,0.0,0.4791489361702128,0.0,-0.03436040663720258,0.0
water_penetration,1,323,False,LNP193<-LNP195;LNP194<-LNP854;LNP195<-LNP194;LNP782<-LNP858;LNP854<-LNP193;LNP858<-LNP782,0.30194805194805185,0.0,0.5520682502363536,0.0,0.4307359307359307,0.0,0.5194805194805195,0.035714285714285754,0.5183946488294314,0.03924571265921861,0.040291148201269084,0.07465155483847166
water_penetration,1,324,False,LNP193<-LNP195;LNP194<-LNP854;LNP195<-LNP194;LNP782<-LNP858;LNP854<-LNP782;LNP858<-LNP193,0.30194805194805185,0.0,0.5520682502363536,0.0,0.4307359307359307,0.0,0.5194805194805195,0.035714285714285754,0.5183946488294314,0.03924571265921861,0.040291148201269084,0.07465155483847166
water_penetration,1,325,False,LNP193<-LNP195;LNP194<-LNP854;LNP195<-LNP782;LNP782<-LNP193;LNP854<-LNP194;LNP858<-LNP858,0.30194805194805185,0.0,0.5520682502363536,0.0,0.4307359307359307,0.0,0.4837662337662338,0.0,0.4791489361702128,0.0,-0.03436040663720258,0.0
water_penetration,1,326,False,LNP193<-LNP195;LNP194<-LNP854;LNP195<-LNP782;LNP782<-LNP193;LNP854<-LNP858;LNP858<-LNP194,0.29220779220779214,-0.009740259740259716,0.5486591593272627,-0.003409090909090917,0.4247835497835497,-0.005952380952380987,0.4837662337662338,0.0,0.4791489361702128,0.0,-0.03436040663720258,0.0
water_penetration,1,327,False,LNP193<-LNP195;LNP194<-LNP854;LNP195<-LNP782;LNP782<-LNP194;LNP854<-LNP193;LNP858<-LNP858,0.29220779220779214,-0.009740259740259716,0.5486591593272627,-0.003409090909090917,0.4247835497835497,-0.005952380952380987,0.4837662337662338,0.0,0.4791489361702128,0.0,-0.03436040663720258,0.0
water_penetration,1,328,False,LNP193<-LNP195;LNP194<-LNP854;LNP195<-LNP782;LNP782<-LNP194;LNP854<-LNP858;LNP858<-LNP193,0.29220779220779214,-0.009740259740259716,0.5486591593272627,-0.003409090909090917,0.4247835497835497,-0.005952380952380987,0.4837662337662338,0.0,0.4791489361702128,0.0,-0.03436040663720258,0.0
water_penetration,1,329,False,LNP193<-LNP195;LNP194<-LNP854;LNP195<-LNP782;LNP782<-LNP858;LNP854<-LNP193;LNP858<-LNP194,0.30194805194805185,0.0,0.5520682502363536,0.0,0.4307359307359307,0.0,0.5194805194805195,0.035714285714285754,0.5183946488294314,0.03924571265921861,0.040291148201269084,0.07465155483847166
water_penetration,1,330,False,LNP193<-LNP195;LNP194<-LNP854;LNP195<-LNP782;LNP782<-LNP858;LNP854<-LNP194;LNP858<-LNP193,0.30194805194805185,0.0,0.5520682502363536,0.0,0.4307359307359307,0.0,0.5194805194805195,0.035714285714285754,0.5183946488294314,0.03924571265921861,0.040291148201269084,0.07465155483847166
water_penetration,1,331,False,LNP193<-LNP195;LNP194<-LNP854;LNP195<-LNP858;LNP782<-LNP193;LNP854<-LNP194;LNP858<-LNP782,0.2727272727272727,-0.029220779220779147,0.5431260658533386,-0.008942184383015084,0.3926406926406926,-0.03809523809523807,0.4837662337662338,0.0,0.4791489361702128,0.0,-0.03436040663720258,0.0
water_penetration,1,332,False,LNP193<-LNP195;LNP194<-LNP854;LNP195<-LNP858;LNP782<-LNP193;LNP854<-LNP782;LNP858<-LNP194,0.29220779220779214,-0.009740259740259716,0.5486591593272627,-0.003409090909090917,0.4247835497835497,-0.005952380952380987,0.4837662337662338,0.0,0.4791489361702128,0.0,-0.03436040663720258,0.0
water_penetration,1,333,False,LNP193<-LNP195;LNP194<-LNP854;LNP195<-LNP858;LNP782<-LNP194;LNP854<-LNP193;LNP858<-LNP782,0.2824675324675324,-0.01948051948051943,0.5459473824677586,-0.006120867768594995,0.4018243661100803,-0.028911564625850372,0.4837662337662338,0.0,0.4791489361702128,0.0,-0.03436040663720258,0.0
water_penetration,1,334,False,LNP193<-LNP195;LNP194<-LNP854;LNP195<-LNP858;LNP782<-LNP194;LNP854<-LNP782;LNP858<-LNP193,0.29220779220779214,-0.009740259740259716,0.5486591593272627,-0.003409090909090917,0.4247835497835497,-0.005952380952380987,0.4837662337662338,0.0,0.4791489361702128,0.0,-0.03436040663720258,0.0
water_penetration,1,335,False,LNP193<-LNP195;LNP194<-LNP854;LNP195<-LNP858;LNP782<-LNP782;LNP854<-LNP193;LNP858<-LNP194,0.2824675324675324,-0.01948051948051943,0.5459473824677586,-0.006120867768594995,0.4018243661100803,-0.028911564625850372,0.4837662337662338,0.0,0.4791489361702128,0.0,-0.03436040663720258,0.0
water_penetration,1,336,False,LNP193<-LNP195;LNP194<-LNP854;LNP195<-LNP858;LNP782<-LNP782;LNP854<-LNP194;LNP858<-LNP193,0.2727272727272727,-0.029220779220779147,0.5431260658533386,-0.008942184383015084,0.3926406926406926,-0.03809523809523807,0.4837662337662338,0.0,0.4791489361702128,0.0,-0.03436040663720258,0.0
water_penetration,1,337,False,LNP193<-LNP195;LNP194<-LNP858;LNP195<-LNP193;LNP782<-LNP194;LNP854<-LNP782;LNP858<-LNP854,0.3181818181818181,0.016233766233766267,0.556725076394194,0.004656826157840355,0.488095238095238,0.05735930735930733,0.5194805194805195,0.035714285714285754,0.5183946488294314,0.03924571265921861,0.040291148201269084,0.07465155483847166
water_penetration,1,338,False,LNP193<-LNP195;LNP194<-LNP858;LNP195<-LNP193;LNP782<-LNP194;LNP854<-LNP854;LNP858<-LNP782,0.3181818181818181,0.016233766233766267,0.556725076394194,0.004656826157840355,0.488095238095238,0.05735930735930733,0.5194805194805195,0.035714285714285754,0.5183946488294314,0.03924571265921861,0.040291148201269084,0.07465155483847166
water_penetration,1,339,False,LNP193<-LNP195;LNP194<-LNP858;LNP195<-LNP193;LNP782<-LNP782;LNP854<-LNP194;LNP858<-LNP854,0.30844155844155835,0.006493506493506496,0.5537022371644582,0.0016339869281045694,0.4783549783549783,0.047619047619047616,0.5194805194805195,0.035714285714285754,0.5183946488294314,0.03924571265921861,0.040291148201269084,0.07465155483847166
water_penetration,1,340,False,LNP193<-LNP195;LNP194<-LNP858;LNP195<-LNP193;LNP782<-LNP782;LNP854<-LNP854;LNP858<-LNP194,0.30844155844155835,0.006493506493506496,0.5537022371644582,0.0016339869281045694,0.4783549783549783,0.047619047619047616,0.5194805194805195,0.035714285714285754,0.5183946488294314,0.03924571265921861,0.040291148201269084,0.07465155483847166
water_penetration,1,341,False,LNP193<-LNP195;LNP194<-LNP858;LNP195<-LNP193;LNP782<-LNP854;LNP854<-LNP194;LNP858<-LNP782,0.30844155844155835,0.006493506493506496,0.5537022371644582,0.0016339869281045694,0.4783549783549783,0.047619047619047616,0.5194805194805195,0.035714285714285754,0.5183946488294314,0.03924571265921861,0.040291148201269084,0.07465155483847166
water_penetration,1,342,False,LNP193<-LNP195;LNP194<-LNP858;LNP195<-LNP193;LNP782<-LNP854;LNP854<-LNP782;LNP858<-LNP194,0.30844155844155835,0.006493506493506496,0.5537022371644582,0.0016339869281045694,0.4783549783549783,0.047619047619047616,0.5194805194805195,0.035714285714285754,0.5183946488294314,0.03924571265921861,0.040291148201269084,0.07465155483847166
water_penetration,1,343,False,LNP193<-LNP195;LNP194<-LNP858;LNP195<-LNP194;LNP782<-LNP193;LNP854<-LNP782;LNP858<-LNP854,0.3181818181818181,0.016233766233766267,0.556725076394194,0.004656826157840355,0.488095238095238,0.05735930735930733,0.5194805194805195,0.035714285714285754,0.5183946488294314,0.03924571265921861,0.040291148201269084,0.07465155483847166
water_penetration,1,344,False,LNP193<-LNP195;LNP194<-LNP858;LNP195<-LNP194;LNP782<-LNP193;LNP854<-LNP854;LNP858<-LNP782,0.30844155844155835,0.006493506493506496,0.5537022371644582,0.0016339869281045694,0.4783549783549783,0.047619047619047616,0.5194805194805195,0.035714285714285754,0.5183946488294314,0.03924571265921861,0.040291148201269084,0.07465155483847166
water_penetration,1,345,False,LNP193<-LNP195;LNP194<-LNP858;LNP195<-LNP194;LNP782<-LNP782;LNP854<-LNP193;LNP858<-LNP854,0.30844155844155835,0.006493506493506496,0.5537022371644582,0.0016339869281045694,0.4783549783549783,0.047619047619047616,0.5194805194805195,0.035714285714285754,0.5183946488294314,0.03924571265921861,0.040291148201269084,0.07465155483847166
water_penetration,1,346,False,LNP193<-LNP195;LNP194<-LNP858;LNP195<-LNP194;LNP782<-LNP782;LNP854<-LNP854;LNP858<-LNP193,0.30844155844155835,0.006493506493506496,0.5537022371644582,0.0016339869281045694,0.4783549783549783,0.047619047619047616,0.5194805194805195,0.035714285714285754,0.5183946488294314,0.03924571265921861,0.040291148201269084,0.07465155483847166
water_penetration,1,347,False,LNP193<-LNP195;LNP194<-LNP858;LNP195<-LNP194;LNP782<-LNP854;LNP854<-LNP193;LNP858<-LNP782,0.30844155844155835,0.006493506493506496,0.5537022371644582,0.0016339869281045694,0.4783549783549783,0.047619047619047616,0.5194805194805195,0.035714285714285754,0.5183946488294314,0.03924571265921861,0.040291148201269084,0.07465155483847166
water_penetration,1,348,False,LNP193<-LNP195;LNP194<-LNP858;LNP195<-LNP194;LNP782<-LNP854;LNP854<-LNP782;LNP858<-LNP193,0.3181818181818181,0.016233766233766267,0.556725076394194,0.004656826157840355,0.488095238095238,0.05735930735930733,0.5194805194805195,0.035714285714285754,0.5183946488294314,0.03924571265921861,0.040291148201269084,0.07465155483847166
water_penetration,1,349,False,LNP193<-LNP195;LNP194<-LNP858;LNP195<-LNP782;LNP782<-LNP193;LNP854<-LNP194;LNP858<-LNP854,0.30844155844155835,0.006493506493506496,0.5537022371644582,0.0016339869281045694,0.4783549783549783,0.047619047619047616,0.5194805194805195,0.035714285714285754,0.5183946488294314,0.03924571265921861,0.040291148201269084,0.07465155483847166
water_penetration,1,350,False,LNP193<-LNP195;LNP194<-LNP858;LNP195<-LNP782;LNP782<-LNP193;LNP854<-LNP854;LNP858<-LNP194,0.30844155844155835,0.006493506493506496,0.5537022371644582,0.0016339869281045694,0.4783549783549783,0.047619047619047616,0.5194805194805195,0.035714285714285754,0.5183946488294314,0.03924571265921861,0.040291148201269084,0.07465155483847166
water_penetration,1,351,False,LNP193<-LNP195;LNP194<-LNP858;LNP195<-LNP782;LNP782<-LNP194;LNP854<-LNP193;LNP858<-LNP854,0.3181818181818181,0.016233766233766267,0.556725076394194,0.004656826157840355,0.488095238095238,0.05735930735930733,0.5194805194805195,0.035714285714285754,0.5183946488294314,0.03924571265921861,0.040291148201269084,0.07465155483847166
water_penetration,1,352,False,LNP193<-LNP195;LNP194<-LNP858;LNP195<-LNP782;LNP782<-LNP194;LNP854<-LNP854;LNP858<-LNP193,0.3181818181818181,0.016233766233766267,0.556725076394194,0.004656826157840355,0.488095238095238,0.05735930735930733,0.5194805194805195,0.035714285714285754,0.5183946488294314,0.03924571265921861,0.040291148201269084,0.07465155483847166
water_penetration,1,353,False,LNP193<-LNP195;LNP194<-LNP858;LNP195<-LNP782;LNP782<-LNP854;LNP854<-LNP193;LNP858<-LNP194,0.30844155844155835,0.006493506493506496,0.5537022371644582,0.0016339869281045694,0.4783549783549783,0.047619047619047616,0.5194805194805195,0.035714285714285754,0.5183946488294314,0.03924571265921861,0.040291148201269084,0.07465155483847166
water_penetration,1,354,False,LNP193<-LNP195;LNP194<-LNP858;LNP195<-LNP782;LNP782<-LNP854;LNP854<-LNP194;LNP858<-LNP193,0.30844155844155835,0.006493506493506496,0.5537022371644582,0.0016339869281045694,0.4783549783549783,0.047619047619047616,0.5194805194805195,0.035714285714285754,0.5183946488294314,0.03924571265921861,0.040291148201269084,0.07465155483847166
water_penetration,1,355,False,LNP193<-LNP195;LNP194<-LNP858;LNP195<-LNP854;LNP782<-LNP193;LNP854<-LNP194;LNP858<-LNP782,0.30844155844155835,0.006493506493506496,0.5537022371644582,0.0016339869281045694,0.4783549783549783,0.047619047619047616,0.5194805194805195,0.035714285714285754,0.5183946488294314,0.03924571265921861,0.040291148201269084,0.07465155483847166
water_penetration,1,356,False,LNP193<-LNP195;LNP194<-LNP858;LNP195<-LNP854;LNP782<-LNP193;LNP854<-LNP782;LNP858<-LNP194,0.30844155844155835,0.006493506493506496,0.5537022371644582,0.0016339869281045694,0.4783549783549783,0.047619047619047616,0.5194805194805195,0.035714285714285754,0.5183946488294314,0.03924571265921861,0.040291148201269084,0.07465155483847166
water_penetration,1,357,False,LNP193<-LNP195;LNP194<-LNP858;LNP195<-LNP854;LNP782<-LNP194;LNP854<-LNP193;LNP858<-LNP782,0.3181818181818181,0.016233766233766267,0.556725076394194,0.004656826157840355,0.488095238095238,0.05735930735930733,0.5194805194805195,0.035714285714285754,0.5183946488294314,0.03924571265921861,0.040291148201269084,0.07465155483847166
water_penetration,1,358,False,LNP193<-LNP195;LNP194<-LNP858;LNP195<-LNP854;LNP782<-LNP194;LNP854<-LNP782;LNP858<-LNP193,0.3181818181818181,0.016233766233766267,0.556725076394194,0.004656826157840355,0.488095238095238,0.05735930735930733,0.5194805194805195,0.035714285714285754,0.5183946488294314,0.03924571265921861,0.040291148201269084,0.07465155483847166
water_penetration,1,359,False,LNP193<-LNP195;LNP194<-LNP858;LNP195<-LNP854;LNP782<-LNP782;LNP854<-LNP193;LNP858<-LNP194,0.30844155844155835,0.006493506493506496,0.5537022371644582,0.0016339869281045694,0.4783549783549783,0.047619047619047616,0.5194805194805195,0.035714285714285754,0.5183946488294314,0.03924571265921861,0.040291148201269084,0.07465155483847166
water_penetration,1,360,False,LNP193<-LNP195;LNP194<-LNP858;LNP195<-LNP854;LNP782<-LNP782;LNP854<-LNP194;LNP858<-LNP193,0.30844155844155835,0.006493506493506496,0.5537022371644582,0.0016339869281045694,0.4783549783549783,0.047619047619047616,0.5194805194805195,0.035714285714285754,0.5183946488294314,0.03924571265921861,0.040291148201269084,0.07465155483847166
water_penetration,1,361,False,LNP193<-LNP782;LNP194<-LNP193;LNP195<-LNP194;LNP782<-LNP195;LNP854<-LNP854;LNP858<-LNP858,0.25324675324675316,-0.04870129870129869,0.5378418516349551,-0.014226398601398516,0.34863945578231287,-0.08209647495361783,0.4480519480519481,-0.0357142857142857,0.4375,-0.041648936170212814,-0.1130805588384352,-0.07872015220123262
water_penetration,1,362,False,LNP193<-LNP782;LNP194<-LNP193;LNP195<-LNP194;LNP782<-LNP195;LNP854<-LNP858;LNP858<-LNP854,0.29220779220779214,-0.009740259740259716,0.5486591593272627,-0.003409090909090917,0.4247835497835497,-0.005952380952380987,0.4837662337662338,0.0,0.4791489361702128,0.0,-0.03436040663720258,0.0
water_penetration,1,363,False,LNP193<-LNP782;LNP194<-LNP193;LNP195<-LNP194;LNP782<-LNP854;LNP854<-LNP195;LNP858<-LNP858,0.3116883116883116,0.009740259740259771,0.5550910894660894,0.0030228392297357853,0.4404761904761904,0.009740259740259716,0.5194805194805195,0.035714285714285754,0.5183946488294314,0.03924571265921861,0.040291148201269084,0.07465155483847166
water_penetration,1,364,False,LNP193<-LNP782;LNP194<-LNP193;LNP195<-LNP194;LNP782<-LNP854;LNP854<-LNP858;LNP858<-LNP195,0.2727272727272727,-0.029220779220779147,0.5443059683263445,-0.007762281910009161,0.35777674706246126,-0.07295918367346943,0.4837662337662338,0.0,0.4791489361702128,0.0,-0.03436040663720258,0.0
water_penetration,1,365,False,LNP193<-LNP782;LNP194<-LNP193;LNP195<-LNP194;LNP782<-LNP858;LNP854<-LNP195;LNP858<-LNP854,0.29220779220779214,-0.009740259740259716,0.5486591593272627,-0.003409090909090917,0.4247835497835497,-0.005952380952380987,0.4837662337662338,0.0,0.4791489361702128,0.0,-0.03436040663720258,0.0
water_penetration,1,366,False,LNP193<-LNP782;LNP194<-LNP193;LNP195<-LNP194;LNP782<-LNP858;LNP854<-LNP854;LNP858<-LNP195,0.27272727272727265,-0.029220779220779203,0.5428005293209055,-0.009267720915448141,0.3962585034013605,-0.03447742733457021,0.4155844155844156,-0.06818181818181818,0.4155844155844156,-0.0635645205857972,-0.16883116883116886,-0.13447076219396628
water_penetration,1,367,False,LNP193<-LNP782;LNP194<-LNP193;LNP195<-LNP195;LNP782<-LNP194;LNP854<-LNP854;LNP858<-LNP858,0.3214285714285714,0.019480519480519543,0.5583378427128427,0.006269592476489061,0.4503968253968253,0.0196608946608946,0.551948051948052,0.06818181818181818,0.5418181818181819,0.06266924564796905,0.1218289807746346,0.1561893874118372
water_penetration,1,368,False,LNP193<-LNP782;LNP194<-LNP193;LNP195<-LNP195;LNP782<-LNP194;LNP854<-LNP858;LNP858<-LNP854,0.22402597402597396,-0.07792207792207789,0.529694547876366,-0.02237370235998759,0.32358276643990924,-0.10715316429602145,0.4480519480519481,-0.0357142857142857,0.4375,-0.041648936170212814,-0.1130805588384352,-0.07872015220123262
water_penetration,1,369,False,LNP193<-LNP782;LNP194<-LNP193;LNP195<-LNP195;LNP782<-LNP854;LNP854<-LNP194;LNP858<-LNP858,0.3311688311688311,0.02922077922077926,0.5612245729181213,0.009156322681767692,0.47182539682539676,0.041089466089466065,0.5876623376623377,0.10389610389610388,0.5847382431233363,0.10558930695312352,0.19738550848793068,0.23174591512513326
water_penetration,1,370,False,LNP193<-LNP782;LNP194<-LNP193;LNP195<-LNP195;LNP782<-LNP854;LNP854<-LNP858;LNP858<-LNP194,0.24350649350649345,-0.058441558441558406,0.5349287076559803,-0.017139542580373313,0.3394557823129251,-0.09128014842300558,0.4480519480519481,-0.0357142857142857,0.4375,-0.041648936170212814,-0.1130805588384352,-0.07872015220123262
water_penetration,1,371,False,LNP193<-LNP782;LNP194<-LNP193;LNP195<-LNP195;LNP782<-LNP858;LNP854<-LNP194;LNP858<-LNP854,0.2727272727272727,-0.029220779220779147,0.5431260658533386,-0.008942184383015084,0.3926406926406926,-0.03809523809523807,0.4837662337662338,0.0,0.4791489361702128,0.0,-0.03436040663720258,0.0
water_penetration,1,372,False,LNP193<-LNP782;LNP194<-LNP193;LNP195<-LNP195;LNP782<-LNP858;LNP854<-LNP854;LNP858<-LNP194,0.2824675324675324,-0.01948051948051943,0.5459473824677586,-0.006120867768594995,0.4018243661100803,-0.028911564625850372,0.4837662337662338,0.0,0.4791489361702128,0.0,-0.03436040663720258,0.0
water_penetration,1,373,False,LNP193<-LNP782;LNP194<-LNP193;LNP195<-LNP854;LNP782<-LNP194;LNP854<-LNP195;LNP858<-LNP858,0.3116883116883116,0.009740259740259771,0.5550910894660894,0.0030228392297357853,0.4404761904761904,0.009740259740259716,0.5194805194805195,0.035714285714285754,0.5183946488294314,0.03924571265921861,0.040291148201269084,0.07465155483847166
water_penetration,1,374,False,LNP193<-LNP782;LNP194<-LNP193;LNP195<-LNP854;LNP782<-LNP194;LNP854<-LNP858;LNP858<-LNP195,0.2727272727272727,-0.029220779220779147,0.5443059683263445,-0.007762281910009161,0.3601576994434137,-0.070578231292517,0.4837662337662338,0.0,0.4791489361702128,0.0,-0.03436040663720258,0.0
water_penetration,1,375,False,LNP193<-LNP782;LNP194<-LNP193;LNP195<-LNP854;LNP782<-LNP195;LNP854<-LNP194;LNP858<-LNP858,0.26298701298701294,-0.03896103896103892,0.5399792127064854,-0.01208903752986823,0.38707482993197273,-0.043661100803957964,0.4480519480519481,-0.0357142857142857,0.4375,-0.041648936170212814,-0.1130805588384352,-0.07872015220123262
water_penetration,1,376,False,LNP193<-LNP782;LNP194<-LNP193;LNP195<-LNP854;LNP782<-LNP195;LNP854<-LNP858;LNP858<-LNP194,0.29220779220779214,-0.009740259740259716,0.5486591593272627,-0.003409090909090917,0.4247835497835497,-0.005952380952380987,0.4837662337662338,0.0,0.4791489361702128,0.0,-0.03436040663720258,0.0
water_penetration,1,377,False,LNP193<-LNP782;LNP194<-LNP193;LNP195<-LNP854;LNP782<-LNP858;LNP854<-LNP194;LNP858<-LNP195,0.2824675324675324,-0.01948051948051943,0.5459473824677586,-0.006120867768594995,0.4018243661100803,-0.028911564625850372,0.4155844155844156,-0.06818181818181818,0.4155844155844156,-0.0635645205857972,-0.16883116883116886,-0.13447076219396628
water_penetration,1,378,False,LNP193<-LNP782;LNP194<-LNP193;LNP195<-LNP854;LNP782<-LNP858;LNP854<-LNP195;LNP858<-LNP194,0.30194805194805185,0.0,0.5520682502363536,0.0,0.4307359307359307,0.0,0.4837662337662338,0.0,0.4791489361702128,0.0,-0.03436040663720258,0.0
water_penetration,1,379,False,LNP193<-LNP782;LNP194<-LNP193;LNP195<-LNP858;LNP782<-LNP194;LNP854<-LNP195;LNP858<-LNP854,0.22402597402597396,-0.07792207792207789,0.529694547876366,-0.02237370235998759,0.32358276643990924,-0.10715316429602145,0.4480519480519481,-0.0357142857142857,0.4375,-0.041648936170212814,-0.1130805588384352,-0.07872015220123262
water_penetration,1,380,False,LNP193<-LNP782;LNP194<-LNP193;LNP195<-LNP858;LNP782<-LNP194;LNP854<-LNP854;LNP858<-LNP195,0.3116883116883116,0.009740259740259771,0.5550910894660894,0.0030228392297357853,0.4404761904761904,0.009740259740259716,0.551948051948052,0.06818181818181818,0.5418181818181819,0.06266924564796905,0.1218289807746346,0.1561893874118372
water_penetration,1,381,False,LNP193<-LNP782;LNP194<-LNP193;LNP195<-LNP858;LNP782<-LNP195;LNP854<-LNP194;LNP858<-LNP854,0.2727272727272727,-0.029220779220779147,0.5431260658533386,-0.008942184383015084,0.3926406926406926,-0.03809523809523807,0.4837662337662338,0.0,0.4791489361702128,0.0,-0.03436040663720258,0.0
water_penetration,1,382,False,LNP193<-LNP782;LNP194<-LNP193;LNP195<-LNP858;LNP782<-LNP195;LNP854<-LNP854;LNP858<-LNP194,0.2824675324675324,-0.01948051948051943,0.5459473824677586,-0.006120867768594995,0.4018243661100803,-0.028911564625850372,0.4837662337662338,0.0,0.4791489361702128,0.0,-0.03436040663720258,0.0
water_penetration,1,383,False,LNP193<-LNP782;LNP194<-LNP193;LNP195<-LNP858;LNP782<-LNP854;LNP854<-LNP194;LNP858<-LNP195,0.3116883116883116,0.009740259740259771,0.5550910894660894,0.0030228392297357853,0.4404761904761904,0.009740259740259716,0.4837662337662338,0.0,0.4791489361702128,0.0,-0.03436040663720258,0.0
water_penetration,1,384,False,LNP193<-LNP782;LNP194<-LNP193;LNP195<-LNP858;LNP782<-LNP854;LNP854<-LNP195;LNP858<-LNP194,0.24350649350649345,-0.058441558441558406,0.5349287076559803,-0.017139542580373313,0.3394557823129251,-0.09128014842300558,0.4480519480519481,-0.0357142857142857,0.4375,-0.041648936170212814,-0.1130805588384352,-0.07872015220123262
water_penetration,1,385,False,LNP193<-LNP782;LNP194<-LNP194;LNP195<-LNP193;LNP782<-LNP195;LNP854<-LNP854;LNP858<-LNP858,0.24350649350649345,-0.058441558441558406,0.5349287076559803,-0.017139542580373313,0.3394557823129251,-0.09128014842300558,0.4480519480519481,-0.0357142857142857,0.4375,-0.041648936170212814,-0.1130805588384352,-0.07872015220123262
water_penetration,1,386,False,LNP193<-LNP782;LNP194<-LNP194;LNP195<-LNP193;LNP782<-LNP195;LNP854<-LNP858;LNP858<-LNP854,0.29220779220779214,-0.009740259740259716,0.5486591593272627,-0.003409090909090917,0.4247835497835497,-0.005952380952380987,0.4837662337662338,0.0,0.4791489361702128,0.0,-0.03436040663720258,0.0
water_penetration,1,387,False,LNP193<-LNP782;LNP194<-LNP194;LNP195<-LNP193;LNP782<-LNP854;LNP854<-LNP195;LNP858<-LNP858,0.3116883116883116,0.009740259740259771,0.5550910894660894,0.0030228392297357853,0.4404761904761904,0.009740259740259716,0.5194805194805195,0.035714285714285754,0.5183946488294314,0.03924571265921861,0.040291148201269084,0.07465155483847166
water_penetration,1,388,False,LNP193<-LNP782;LNP194<-LNP194;LNP195<-LNP193;LNP782<-LNP854;LNP854<-LNP858;LNP858<-LNP195,0.2727272727272727,-0.029220779220779147,0.5443059683263445,-0.007762281910009161,0.3601576994434137,-0.070578231292517,0.4837662337662338,0.0,0.4791489361702128,0.0,-0.03436040663720258,0.0
water_penetration,1,389,False,LNP193<-LNP782;LNP194<-LNP194;LNP195<-LNP193;LNP782<-LNP858;LNP854<-LNP195;LNP858<-LNP854,0.30194805194805185,0.0,0.5520682502363536,0.0,0.4307359307359307,0.0,0.4837662337662338,0.0,0.4791489361702128,0.0,-0.03436040663720258,0.0
water_penetration,1,390,False,LNP193<-LNP782;LNP194<-LNP194;LNP195<-LNP193;LNP782<-LNP858;LNP854<-LNP854;LNP858<-LNP195,0.26298701298701294,-0.03896103896103892,0.5399792127064854,-0.01208903752986823,0.38707482993197273,-0.043661100803957964,0.4155844155844156,-0.06818181818181818,0.4155844155844156,-0.0635645205857972,-0.16883116883116886,-0.13447076219396628
water_penetration,1,391,False,LNP193<-LNP782;LNP194<-LNP194;LNP195<-LNP195;LNP782<-LNP193;LNP854<-LNP854;LNP858<-LNP858,0.3214285714285714,0.019480519480519543,0.5583378427128427,0.006269592476489061,0.4503968253968253,0.0196608946608946,0.551948051948052,0.06818181818181818,0.5418181818181819,0.06266924564796905,0.1218289807746346,0.1561893874118372
water_penetration,1,392,False,LNP193<-LNP782;LNP194<-LNP194;LNP195<-LNP195;LNP782<-LNP193;LNP854<-LNP858;LNP858<-LNP854,0.22402597402597396,-0.07792207792207789,0.529694547876366,-0.02237370235998759,0.32358276643990924,-0.10715316429602145,0.4480519480519481,-0.0357142857142857,0.4375,-0.041648936170212814,-0.1130805588384352,-0.07872015220123262
water_penetration,1,393,False,LNP193<-LNP782;LNP194<-LNP194;LNP195<-LNP195;LNP782<-LNP854;LNP854<-LNP193;LNP858<-LNP858,0.3214285714285714,0.019480519480519543,0.5583378427128427,0.006269592476489061,0.4503968253968253,0.0196608946608946,0.551948051948052,0.06818181818181818,0.5418181818181819,0.06266924564796905,0.1218289807746346,0.1561893874118372
water_penetration,1,394,False,LNP193<-LNP782;LNP194<-LNP194;LNP195<-LNP195;LNP782<-LNP854;LNP854<-LNP858;LNP858<-LNP193,0.22402597402597396,-0.07792207792207789,0.529694547876366,-0.02237370235998759,0.32358276643990924,-0.10715316429602145,0.4480519480519481,-0.0357142857142857,0.4375,-0.041648936170212814,-0.1130805588384352,-0.07872015220123262
water_penetration,1,395,False,LNP193<-LNP782;LNP194<-LNP194;LNP195<-LNP195;LNP782<-LNP858;LNP854<-LNP193;LNP858<-LNP854,0.2824675324675324,-0.01948051948051943,0.5459473824677586,-0.006120867768594995,0.4018243661100803,-0.028911564625850372,0.4837662337662338,0.0,0.4791489361702128,0.0,-0.03436040663720258,0.0
water_penetration,1,396,False,LNP193<-LNP782;LNP194<-LNP194;LNP195<-LNP195;LNP782<-LNP858;LNP854<-LNP854;LNP858<-LNP193,0.2824675324675324,-0.01948051948051943,0.5459473824677586,-0.006120867768594995,0.4018243661100803,-0.028911564625850372,0.4837662337662338,0.0,0.4791489361702128,0.0,-0.03436040663720258,0.0
water_penetration,1,397,False,LNP193<-LNP782;LNP194<-LNP194;LNP195<-LNP854;LNP782<-LNP193;LNP854<-LNP195;LNP858<-LNP858,0.3116883116883116,0.009740259740259771,0.5550910894660894,0.0030228392297357853,0.4404761904761904,0.009740259740259716,0.5194805194805195,0.035714285714285754,0.5183946488294314,0.03924571265921861,0.040291148201269084,0.07465155483847166
water_penetration,1,398,False,LNP193<-LNP782;LNP194<-LNP194;LNP195<-LNP854;LNP782<-LNP193;LNP854<-LNP858;LNP858<-LNP195,0.2727272727272727,-0.029220779220779147,0.5443059683263445,-0.007762281910009161,0.3601576994434137,-0.070578231292517,0.4837662337662338,0.0,0.4791489361702128,0.0,-0.03436040663720258,0.0
water_penetration,1,399,False,LNP193<-LNP782;LNP194<-LNP194;LNP195<-LNP854;LNP782<-LNP195;LNP854<-LNP193;LNP858<-LNP858,0.24350649350649345,-0.058441558441558406,0.5349287076559803,-0.017139542580373313,0.3394557823129251,-0.09128014842300558,0.4480519480519481,-0.0357142857142857,0.4375,-0.041648936170212814,-0.1130805588384352,-0.07872015220123262
water_penetration,1,400,False,LNP193<-LNP782;LNP194<-LNP194;LNP195<-LNP854;LNP782<-LNP195;LNP854<-LNP858;LNP858<-LNP193,0.29220779220779214,-0.009740259740259716,0.5486591593272627,-0.003409090909090917,0.4247835497835497,-0.005952380952380987,0.4837662337662338,0.0,0.4791489361702128,0.0,-0.03436040663720258,0.0
water_penetration,1,401,False,LNP193<-LNP782;LNP194<-LNP194;LNP195<-LNP854;LNP782<-LNP858;LNP854<-LNP193;LNP858<-LNP195,0.26298701298701294,-0.03896103896103892,0.5399792127064854,-0.01208903752986823,0.38707482993197273,-0.043661100803957964,0.4155844155844156,-0.06818181818181818,0.4155844155844156,-0.0635645205857972,-0.16883116883116886,-0.13447076219396628
water_penetration,1,402,False,LNP193<-LNP782;LNP194<-LNP194;LNP195<-LNP854;LNP782<-LNP858;LNP854<-LNP195;LNP858<-LNP193,0.30194805194805185,0.0,0.5520682502363536,0.0,0.4307359307359307,0.0,0.4837662337662338,0.0,0.4791489361702128,0.0,-0.03436040663720258,0.0
water_penetration,1,403,False,LNP193<-LNP782;LNP194<-LNP194;LNP195<-LNP858;LNP782<-LNP193;LNP854<-LNP195;LNP858<-LNP854,0.22402597402597396,-0.07792207792207789,0.529694547876366,-0.02237370235998759,0.32358276643990924,-0.10715316429602145,0.4480519480519481,-0.0357142857142857,0.4375,-0.041648936170212814,-0.1130805588384352,-0.07872015220123262
water_penetration,1,404,False,LNP193<-LNP782;LNP194<-LNP194;LNP195<-LNP858;LNP782<-LNP193;LNP854<-LNP854;LNP858<-LNP195,0.3116883116883116,0.009740259740259771,0.5550910894660894,0.0030228392297357853,0.4404761904761904,0.009740259740259716,0.551948051948052,0.06818181818181818,0.5418181818181819,0.06266924564796905,0.1218289807746346,0.1561893874118372
water_penetration,1,405,False,LNP193<-LNP782;LNP194<-LNP194;LNP195<-LNP858;LNP782<-LNP195;LNP854<-LNP193;LNP858<-LNP854,0.2727272727272727,-0.029220779220779147,0.5431260658533386,-0.008942184383015084,0.3926406926406926,-0.03809523809523807,0.4837662337662338,0.0,0.4791489361702128,0.0,-0.03436040663720258,0.0
water_penetration,1,406,False,LNP193<-LNP782;LNP194<-LNP194;LNP195<-LNP858;LNP782<-LNP195;LNP854<-LNP854;LNP858<-LNP193,0.2727272727272727,-0.029220779220779147,0.5431260658533386,-0.008942184383015084,0.3926406926406926,-0.03809523809523807,0.4837662337662338,0.0,0.4791489361702128,0.0,-0.03436040663720258,0.0
water_penetration,1,407,False,LNP193<-LNP782;LNP194<-LNP194;LNP195<-LNP858;LNP782<-LNP854;LNP854<-LNP193;LNP858<-LNP195,0.3116883116883116,0.009740259740259771,0.5550910894660894,0.0030228392297357853,0.4404761904761904,0.009740259740259716,0.551948051948052,0.06818181818181818,0.5418181818181819,0.06266924564796905,0.1218289807746346,0.1561893874118372
water_penetration,1,408,False,LNP193<-LNP782;LNP194<-LNP194;LNP195<-LNP858;LNP782<-LNP854;LNP854<-LNP195;LNP858<-LNP193,0.22402597402597396,-0.07792207792207789,0.529694547876366,-0.02237370235998759,0.32358276643990924,-0.10715316429602145,0.4480519480519481,-0.0357142857142857,0.4375,-0.041648936170212814,-0.1130805588384352,-0.07872015220123262
water_penetration,1,409,False,LNP193<-LNP782;LNP194<-LNP195;LNP195<-LNP193;LNP782<-LNP194;LNP854<-LNP854;LNP858<-LNP858,0.29220779220779214,-0.009740259740259716,0.5486591593272627,-0.003409090909090917,0.4247835497835497,-0.005952380952380987,0.4837662337662338,0.0,0.4791489361702128,0.0,-0.03436040663720258,0.0
water_penetration,1,410,False,LNP193<-LNP782;LNP194<-LNP195;LNP195<-LNP193;LNP782<-LNP194;LNP854<-LNP858;LNP858<-LNP854,0.29220779220779214,-0.009740259740259716,0.5486591593272627,-0.003409090909090917,0.4247835497835497,-0.005952380952380987,0.4837662337662338,0.0,0.4791489361702128,0.0,-0.03436040663720258,0.0
water_penetration,1,411,False,LNP193<-LNP782;LNP194<-LNP195;LNP195<-LNP193;LNP782<-LNP854;LNP854<-LNP194;LNP858<-LNP858,0.30194805194805185,0.0,0.5520682502363536,0.0,0.4307359307359307,0.0,0.4837662337662338,0.0,0.4791489361702128,0.0,-0.03436040663720258,0.0
water_penetration,1,412,False,LNP193<-LNP782;LNP194<-LNP195;LNP195<-LNP193;LNP782<-LNP854;LNP854<-LNP858;LNP858<-LNP194,0.29220779220779214,-0.009740259740259716,0.5486591593272627,-0.003409090909090917,0.4247835497835497,-0.005952380952380987,0.4837662337662338,0.0,0.4791489361702128,0.0,-0.03436040663720258,0.0
water_penetration,1,413,False,LNP193<-LNP782;LNP194<-LNP195;LNP195<-LNP193;LNP782<-LNP858;LNP854<-LNP194;LNP858<-LNP854,0.30194805194805185,0.0,0.5520682502363536,0.0,0.4307359307359307,0.0,0.5194805194805195,0.035714285714285754,0.5183946488294314,0.03924571265921861,0.040291148201269084,0.07465155483847166
water_penetration,1,414,False,LNP193<-LNP782;LNP194<-LNP195;LNP195<-LNP193;LNP782<-LNP858;LNP854<-LNP854;LNP858<-LNP194,0.30194805194805185,0.0,0.5520682502363536,0.0,0.4307359307359307,0.0,0.5194805194805195,0.035714285714285754,0.5183946488294314,0.03924571265921861,0.040291148201269084,0.07465155483847166
water_penetration,1,415,False,LNP193<-LNP782;LNP194<-LNP195;LNP195<-LNP194;LNP782<-LNP193;LNP854<-LNP854;LNP858<-LNP858,0.30194805194805185,0.0,0.5520682502363536,0.0,0.4307359307359307,0.0,0.4837662337662338,0.0,0.4791489361702128,0.0,-0.03436040663720258,0.0
water_penetration,1,416,False,LNP193<-LNP782;LNP194<-LNP195;LNP195<-LNP194;LNP782<-LNP193;LNP854<-LNP858;LNP858<-LNP854,0.29220779220779214,-0.009740259740259716,0.5486591593272627,-0.003409090909090917,0.4247835497835497,-0.005952380952380987,0.4837662337662338,0.0,0.4791489361702128,0.0,-0.03436040663720258,0.0
water_penetration,1,417,False,LNP193<-LNP782;LNP194<-LNP195;LNP195<-LNP194;LNP782<-LNP854;LNP854<-LNP193;LNP858<-LNP858,0.30194805194805185,0.0,0.5520682502363536,0.0,0.4307359307359307,0.0,0.4837662337662338,0.0,0.4791489361702128,0.0,-0.03436040663720258,0.0
water_penetration,1,418,False,LNP193<-LNP782;LNP194<-LNP195;LNP195<-LNP194;LNP782<-LNP854;LNP854<-LNP858;LNP858<-LNP193,0.29220779220779214,-0.009740259740259716,0.5486591593272627,-0.003409090909090917,0.4247835497835497,-0.005952380952380987,0.4837662337662338,0.0,0.4791489361702128,0.0,-0.03436040663720258,0.0
water_penetration,1,419,False,LNP193<-LNP782;LNP194<-LNP195;LNP195<-LNP194;LNP782<-LNP858;LNP854<-LNP193;LNP858<-LNP854,0.30194805194805185,0.0,0.5520682502363536,0.0,0.4307359307359307,0.0,0.5194805194805195,0.035714285714285754,0.5183946488294314,0.03924571265921861,0.040291148201269084,0.07465155483847166
water_penetration,1,420,False,LNP193<-LNP782;LNP194<-LNP195;LNP195<-LNP194;LNP782<-LNP858;LNP854<-LNP854;LNP858<-LNP193,0.30194805194805185,0.0,0.5520682502363536,0.0,0.4307359307359307,0.0,0.5194805194805195,0.035714285714285754,0.5183946488294314,0.03924571265921861,0.040291148201269084,0.07465155483847166
water_penetration,1,421,False,LNP193<-LNP782;LNP194<-LNP195;LNP195<-LNP854;LNP782<-LNP193;LNP854<-LNP194;LNP858<-LNP858,0.30194805194805185,0.0,0.5520682502363536,0.0,0.4307359307359307,0.0,0.4837662337662338,0.0,0.4791489361702128,0.0,-0.03436040663720258,0.0
water_penetration,1,422,False,LNP193<-LNP782;LNP194<-LNP195;LNP195<-LNP854;LNP782<-LNP193;LNP854<-LNP858;LNP858<-LNP194,0.29220779220779214,-0.009740259740259716,0.5486591593272627,-0.003409090909090917,0.4247835497835497,-0.005952380952380987,0.4837662337662338,0.0,0.4791489361702128,0.0,-0.03436040663720258,0.0
water_penetration,1,423,False,LNP193<-LNP782;LNP194<-LNP195;LNP195<-LNP854;LNP782<-LNP194;LNP854<-LNP193;LNP858<-LNP858,0.29220779220779214,-0.009740259740259716,0.5486591593272627,-0.003409090909090917,0.4247835497835497,-0.005952380952380987,0.4837662337662338,0.0,0.4791489361702128,0.0,-0.03436040663720258,0.0
water_penetration,1,424,False,LNP193<-LNP782;LNP194<-LNP195;LNP195<-LNP854;LNP782<-LNP194;LNP854<-LNP858;LNP858<-LNP193,0.29220779220779214,-0.009740259740259716,0.5486591593272627,-0.003409090909090917,0.4247835497835497,-0.005952380952380987,0.4837662337662338,0.0,0.4791489361702128,0.0,-0.03436040663720258,0.0
water_penetration,1,425,False,LNP193<-LNP782;LNP194<-LNP195;LNP195<-LNP854;LNP782<-LNP858;LNP854<-LNP193;LNP858<-LNP194,0.30194805194805185,0.0,0.5520682502363536,0.0,0.4307359307359307,0.0,0.5194805194805195,0.035714285714285754,0.5183946488294314,0.03924571265921861,0.040291148201269084,0.07465155483847166
water_penetration,1,426,False,LNP193<-LNP782;LNP194<-LNP195;LNP195<-LNP854;LNP782<-LNP858;LNP854<-LNP194;LNP858<-LNP193,0.30194805194805185,0.0,0.5520682502363536,0.0,0.4307359307359307,0.0,0.5194805194805195,0.035714285714285754,0.5183946488294314,0.03924571265921861,0.040291148201269084,0.07465155483847166
water_penetration,1,427,False,LNP193<-LNP782;LNP194<-LNP195;LNP195<-LNP858;LNP782<-LNP193;LNP854<-LNP194;LNP858<-LNP854,0.2727272727272727,-0.029220779220779147,0.5431260658533386,-0.008942184383015084,0.3926406926406926,-0.03809523809523807,0.4837662337662338,0.0,0.4791489361702128,0.0,-0.03436040663720258,0.0
water_penetration,1,428,False,LNP193<-LNP782;LNP194<-LNP195;LNP195<-LNP858;LNP782<-LNP193;LNP854<-LNP854;LNP858<-LNP194,0.29220779220779214,-0.009740259740259716,0.5486591593272627,-0.003409090909090917,0.4247835497835497,-0.005952380952380987,0.4837662337662338,0.0,0.4791489361702128,0.0,-0.03436040663720258,0.0
water_penetration,1,429,False,LNP193<-LNP782;LNP194<-LNP195;LNP195<-LNP858;LNP782<-LNP194;LNP854<-LNP193;LNP858<-LNP854,0.2824675324675324,-0.01948051948051943,0.5459473824677586,-0.006120867768594995,0.4018243661100803,-0.028911564625850372,0.4837662337662338,0.0,0.4791489361702128,0.0,-0.03436040663720258,0.0
water_penetration,1,430,False,LNP193<-LNP782;LNP194<-LNP195;LNP195<-LNP858;LNP782<-LNP194;LNP854<-LNP854;LNP858<-LNP193,0.29220779220779214,-0.009740259740259716,0.5486591593272627,-0.003409090909090917,0.4247835497835497,-0.005952380952380987,0.4837662337662338,0.0,0.4791489361702128,0.0,-0.03436040663720258,0.0
water_penetration,1,431,False,LNP193<-LNP782;LNP194<-LNP195;LNP195<-LNP858;LNP782<-LNP854;LNP854<-LNP193;LNP858<-LNP194,0.2824675324675324,-0.01948051948051943,0.5459473824677586,-0.006120867768594995,0.4018243661100803,-0.028911564625850372,0.4837662337662338,0.0,0.4791489361702128,0.0,-0.03436040663720258,0.0
water_penetration,1,432,False,LNP193<-LNP782;LNP194<-LNP195;LNP195<-LNP858;LNP782<-LNP854;LNP854<-LNP194;LNP858<-LNP193,0.2727272727272727,-0.029220779220779147,0.5431260658533386,-0.008942184383015084,0.3926406926406926,-0.03809523809523807,0.4837662337662338,0.0,0.4791489361702128,0.0,-0.03436040663720258,0.0
water_penetration,1,433,False,LNP193<-LNP782;LNP194<-LNP854;LNP195<-LNP193;LNP782<-LNP194;LNP854<-LNP195;LNP858<-LNP858,0.3116883116883116,0.009740259740259771,0.5550910894660894,0.0030228392297357853,0.4404761904761904,0.009740259740259716,0.5194805194805195,0.035714285714285754,0.5183946488294314,0.03924571265921861,0.040291148201269084,0.07465155483847166
water_penetration,1,434,False,LNP193<-LNP782;LNP194<-LNP854;LNP195<-LNP193;LNP782<-LNP194;LNP854<-LNP858;LNP858<-LNP195,0.2727272727272727,-0.029220779220779147,0.5443059683263445,-0.007762281910009161,0.3601576994434137,-0.070578231292517,0.4837662337662338,0.0,0.4791489361702128,0.0,-0.03436040663720258,0.0
water_penetration,1,435,False,LNP193<-LNP782;LNP194<-LNP854;LNP195<-LNP193;LNP782<-LNP195;LNP854<-LNP194;LNP858<-LNP858,0.26298701298701294,-0.03896103896103892,0.5399792127064854,-0.01208903752986823,0.38707482993197273,-0.043661100803957964,0.4480519480519481,-0.0357142857142857,0.4375,-0.041648936170212814,-0.1130805588384352,-0.07872015220123262
water_penetration,1,436,False,LNP193<-LNP782;LNP194<-LNP854;LNP195<-LNP193;LNP782<-LNP195;LNP854<-LNP858;LNP858<-LNP194,0.29220779220779214,-0.009740259740259716,0.5486591593272627,-0.003409090909090917,0.4247835497835497,-0.005952380952380987,0.4837662337662338,0.0,0.4791489361702128,0.0,-0.03436040663720258,0.0
water_penetration,1,437,False,LNP193<-LNP782;LNP194<-LNP854;LNP195<-LNP193;LNP782<-LNP858;LNP854<-LNP194;LNP858<-LNP195,0.2824675324675324,-0.01948051948051943,0.5459473824677586,-0.006120867768594995,0.4018243661100803,-0.028911564625850372,0.4155844155844156,-0.06818181818181818,0.4155844155844156,-0.0635645205857972,-0.16883116883116886,-0.13447076219396628
water_penetration,1,438,False,LNP193<-LNP782;LNP194<-LNP854;LNP195<-LNP193;LNP782<-LNP858;LNP854<-LNP195;LNP858<-LNP194,0.30194805194805185,0.0,0.5520682502363536,0.0,0.4307359307359307,0.0,0.4837662337662338,0.0,0.4791489361702128,0.0,-0.03436040663720258,0.0
water_penetration,1,439,False,LNP193<-LNP782;LNP194<-LNP854;LNP195<-LNP194;LNP782<-LNP193;LNP854<-LNP195;LNP858<-LNP858,0.3116883116883116,0.009740259740259771,0.5550910894660894,0.0030228392297357853,0.4404761904761904,0.009740259740259716,0.5194805194805195,0.035714285714285754,0.5183946488294314,0.03924571265921861,0.040291148201269084,0.07465155483847166
water_penetration,1,440,False,LNP193<-LNP782;LNP194<-LNP854;LNP195<-LNP194;LNP782<-LNP193;LNP854<-LNP858;LNP858<-LNP195,0.2727272727272727,-0.029220779220779147,0.5443059683263445,-0.007762281910009161,0.35777674706246126,-0.07295918367346943,0.4837662337662338,0.0,0.4791489361702128,0.0,-0.03436040663720258,0.0
water_penetration,1,441,False,LNP193<-LNP782;LNP194<-LNP854;LNP195<-LNP194;LNP782<-LNP195;LNP854<-LNP193;LNP858<-LNP858,0.25324675324675316,-0.04870129870129869,0.5378418516349551,-0.014226398601398516,0.34863945578231287,-0.08209647495361783,0.4480519480519481,-0.0357142857142857,0.4375,-0.041648936170212814,-0.1130805588384352,-0.07872015220123262
water_penetration,1,442,False,LNP193<-LNP782;LNP194<-LNP854;LNP195<-LNP194;LNP782<-LNP195;LNP854<-LNP858;LNP858<-LNP193,0.29220779220779214,-0.009740259740259716,0.5486591593272627,-0.003409090909090917,0.4247835497835497,-0.005952380952380987,0.4837662337662338,0.0,0.4791489361702128,0.0,-0.03436040663720258,0.0
water_penetration,1,443,False,LNP193<-LNP782;LNP194<-LNP854;LNP195<-LNP194;LNP782<-LNP858;LNP854<-LNP193;LNP858<-LNP195,0.27272727272727265,-0.029220779220779203,0.5428005293209055,-0.009267720915448141,0.3962585034013605,-0.03447742733457021,0.4155844155844156,-0.06818181818181818,0.4155844155844156,-0.0635645205857972,-0.16883116883116886,-0.13447076219396628
water_penetration,1,444,False,LNP193<-LNP782;LNP194<-LNP854;LNP195<-LNP194;LNP782<-LNP858;LNP854<-LNP195;LNP858<-LNP193,0.29220779220779214,-0.009740259740259716,0.5486591593272627,-0.003409090909090917,0.4247835497835497,-0.005952380952380987,0.4837662337662338,0.0,0.4791489361702128,0.0,-0.03436040663720258,0.0
water_penetration,1,445,False,LNP193<-LNP782;LNP194<-LNP854;LNP195<-LNP195;LNP782<-LNP193;LNP854<-LNP194;LNP858<-LNP858,0.3311688311688311,0.02922077922077926,0.5612245729181213,0.009156322681767692,0.47182539682539676,0.041089466089466065,0.5876623376623377,0.10389610389610388,0.5847382431233363,0.10558930695312352,0.19738550848793068,0.23174591512513326
water_penetration,1,446,False,LNP193<-LNP782;LNP194<-LNP854;LNP195<-LNP195;LNP782<-LNP193;LNP854<-LNP858;LNP858<-LNP194,0.24350649350649345,-0.058441558441558406,0.5349287076559803,-0.017139542580373313,0.3394557823129251,-0.09128014842300558,0.4480519480519481,-0.0357142857142857,0.4375,-0.041648936170212814,-0.1130805588384352,-0.07872015220123262
water_penetration,1,447,False,LNP193<-LNP782;LNP194<-LNP854;LNP195<-LNP195;LNP782<-LNP194;LNP854<-LNP193;LNP858<-LNP858,0.3214285714285714,0.019480519480519543,0.5583378427128427,0.006269592476489061,0.4503968253968253,0.0196608946608946,0.551948051948052,0.06818181818181818,0.5418181818181819,0.06266924564796905,0.1218289807746346,0.1561893874118372
water_penetration,1,448,False,LNP193<-LNP782;LNP194<-LNP854;LNP195<-LNP195;LNP782<-LNP194;LNP854<-LNP858;LNP858<-LNP193,0.22402597402597396,-0.07792207792207789,0.529694547876366,-0.02237370235998759,0.32358276643990924,-0.10715316429602145,0.4480519480519481,-0.0357142857142857,0.4375,-0.041648936170212814,-0.1130805588384352,-0.07872015220123262
water_penetration,1,449,False,LNP193<-LNP782;LNP194<-LNP854;LNP195<-LNP195;LNP782<-LNP858;LNP854<-LNP193;LNP858<-LNP194,0.2824675324675324,-0.01948051948051943,0.5459473824677586,-0.006120867768594995,0.4018243661100803,-0.028911564625850372,0.4837662337662338,0.0,0.4791489361702128,0.0,-0.03436040663720258,0.0
water_penetration,1,450,False,LNP193<-LNP782;LNP194<-LNP854;LNP195<-LNP195;LNP782<-LNP858;LNP854<-LNP194;LNP858<-LNP193,0.2727272727272727,-0.029220779220779147,0.5431260658533386,-0.008942184383015084,0.3926406926406926,-0.03809523809523807,0.4837662337662338,0.0,0.4791489361702128,0.0,-0.03436040663720258,0.0
water_penetration,1,451,False,LNP193<-LNP782;LNP194<-LNP854;LNP195<-LNP858;LNP782<-LNP193;LNP854<-LNP194;LNP858<-LNP195,0.3116883116883116,0.009740259740259771,0.5550910894660894,0.0030228392297357853,0.4404761904761904,0.009740259740259716,0.4837662337662338,0.0,0.4791489361702128,0.0,-0.03436040663720258,0.0
water_penetration,1,452,False,LNP193<-LNP782;LNP194<-LNP854;LNP195<-LNP858;LNP782<-LNP193;LNP854<-LNP195;LNP858<-LNP194,0.24350649350649345,-0.058441558441558406,0.5349287076559803,-0.017139542580373313,0.3394557823129251,-0.09128014842300558,0.4480519480519481,-0.0357142857142857,0.4375,-0.041648936170212814,-0.1130805588384352,-0.07872015220123262
water_penetration,1,453,False,LNP193<-LNP782;LNP194<-LNP854;LNP195<-LNP858;LNP782<-LNP194;LNP854<-LNP193;LNP858<-LNP195,0.3116883116883116,0.009740259740259771,0.5550910894660894,0.0030228392297357853,0.4404761904761904,0.009740259740259716,0.551948051948052,0.06818181818181818,0.5418181818181819,0.06266924564796905,0.1218289807746346,0.1561893874118372
water_penetration,1,454,False,LNP193<-LNP782;LNP194<-LNP854;LNP195<-LNP858;LNP782<-LNP194;LNP854<-LNP195;LNP858<-LNP193,0.22402597402597396,-0.07792207792207789,0.529694547876366,-0.02237370235998759,0.32358276643990924,-0.10715316429602145,0.4480519480519481,-0.0357142857142857,0.4375,-0.041648936170212814,-0.1130805588384352,-0.07872015220123262
water_penetration,1,455,False,LNP193<-LNP782;LNP194<-LNP854;LNP195<-LNP858;LNP782<-LNP195;LNP854<-LNP193;LNP858<-LNP194,0.2824675324675324,-0.01948051948051943,0.5459473824677586,-0.006120867768594995,0.4018243661100803,-0.028911564625850372,0.4837662337662338,0.0,0.4791489361702128,0.0,-0.03436040663720258,0.0
water_penetration,1,456,False,LNP193<-LNP782;LNP194<-LNP854;LNP195<-LNP858;LNP782<-LNP195;LNP854<-LNP194;LNP858<-LNP193,0.2727272727272727,-0.029220779220779147,0.5431260658533386,-0.008942184383015084,0.3926406926406926,-0.03809523809523807,0.4837662337662338,0.0,0.4791489361702128,0.0,-0.03436040663720258,0.0
water_penetration,1,457,False,LNP193<-LNP782;LNP194<-LNP858;LNP195<-LNP193;LNP782<-LNP194;LNP854<-LNP195;LNP858<-LNP854,0.30194805194805185,0.0,0.5520682502363536,0.0,0.4307359307359307,0.0,0.4837662337662338,0.0,0.4791489361702128,0.0,-0.03436040663720258,0.0
water_penetration,1,458,False,LNP193<-LNP782;LNP194<-LNP858;LNP195<-LNP193;LNP782<-LNP194;LNP854<-LNP854;LNP858<-LNP195,0.29220779220779214,-0.009740259740259716,0.5486591593272627,-0.003409090909090917,0.4247835497835497,-0.005952380952380987,0.4837662337662338,0.0,0.4791489361702128,0.0,-0.03436040663720258,0.0
water_penetration,1,459,False,LNP193<-LNP782;LNP194<-LNP858;LNP195<-LNP193;LNP782<-LNP195;LNP854<-LNP194;LNP858<-LNP854,0.30194805194805185,0.0,0.5520682502363536,0.0,0.4307359307359307,0.0,0.5194805194805195,0.035714285714285754,0.5183946488294314,0.03924571265921861,0.040291148201269084,0.07465155483847166
water_penetration,1,460,False,LNP193<-LNP782;LNP194<-LNP858;LNP195<-LNP193;LNP782<-LNP195;LNP854<-LNP854;LNP858<-LNP194,0.30194805194805185,0.0,0.5520682502363536,0.0,0.4307359307359307,0.0,0.5194805194805195,0.035714285714285754,0.5183946488294314,0.03924571265921861,0.040291148201269084,0.07465155483847166
water_penetration,1,461,False,LNP193<-LNP782;LNP194<-LNP858;LNP195<-LNP193;LNP782<-LNP854;LNP854<-LNP194;LNP858<-LNP195,0.30194805194805185,0.0,0.5520682502363536,0.0,0.4307359307359307,0.0,0.4837662337662338,0.0,0.4791489361702128,0.0,-0.03436040663720258,0.0
water_penetration,1,462,False,LNP193<-LNP782;LNP194<-LNP858;LNP195<-LNP193;LNP782<-LNP854;LNP854<-LNP195;LNP858<-LNP194,0.30194805194805185,0.0,0.5520682502363536,0.0,0.4307359307359307,0.0,0.4837662337662338,0.0,0.4791489361702128,0.0,-0.03436040663720258,0.0
water_penetration,1,463,False,LNP193<-LNP782;LNP194<-LNP858;LNP195<-LNP194;LNP782<-LNP193;LNP854<-LNP195;LNP858<-LNP854,0.29220779220779214,-0.009740259740259716,0.5486591593272627,-0.003409090909090917,0.4247835497835497,-0.005952380952380987,0.4837662337662338,0.0,0.4791489361702128,0.0,-0.03436040663720258,0.0
water_penetration,1,464,False,LNP193<-LNP782;LNP194<-LNP858;LNP195<-LNP194;LNP782<-LNP193;LNP854<-LNP854;LNP858<-LNP195,0.30194805194805185,0.0,0.5520682502363536,0.0,0.4307359307359307,0.0,0.4837662337662338,0.0,0.4791489361702128,0.0,-0.03436040663720258,0.0
water_penetration,1,465,False,LNP193<-LNP782;LNP194<-LNP858;LNP195<-LNP194;LNP782<-LNP195;LNP854<-LNP193;LNP858<-LNP854,0.30194805194805185,0.0,0.5520682502363536,0.0,0.4307359307359307,0.0,0.5194805194805195,0.035714285714285754,0.5183946488294314,0.03924571265921861,0.040291148201269084,0.07465155483847166
water_penetration,1,466,False,LNP193<-LNP782;LNP194<-LNP858;LNP195<-LNP194;LNP782<-LNP195;LNP854<-LNP854;LNP858<-LNP193,0.30194805194805185,0.0,0.5520682502363536,0.0,0.4307359307359307,0.0,0.5194805194805195,0.035714285714285754,0.5183946488294314,0.03924571265921861,0.040291148201269084,0.07465155483847166
water_penetration,1,467,False,LNP193<-LNP782;LNP194<-LNP858;LNP195<-LNP194;LNP782<-LNP854;LNP854<-LNP193;LNP858<-LNP195,0.29220779220779214,-0.009740259740259716,0.5486591593272627,-0.003409090909090917,0.4247835497835497,-0.005952380952380987,0.4837662337662338,0.0,0.4791489361702128,0.0,-0.03436040663720258,0.0
water_penetration,1,468,False,LNP193<-LNP782;LNP194<-LNP858;LNP195<-LNP194;LNP782<-LNP854;LNP854<-LNP195;LNP858<-LNP193,0.29220779220779214,-0.009740259740259716,0.5486591593272627,-0.003409090909090917,0.4247835497835497,-0.005952380952380987,0.4837662337662338,0.0,0.4791489361702128,0.0,-0.03436040663720258,0.0
water_penetration,1,469,False,LNP193<-LNP782;LNP194<-LNP858;LNP195<-LNP195;LNP782<-LNP193;LNP854<-LNP194;LNP858<-LNP854,0.2727272727272727,-0.029220779220779147,0.5431260658533386,-0.008942184383015084,0.3926406926406926,-0.03809523809523807,0.4837662337662338,0.0,0.4791489361702128,0.0,-0.03436040663720258,0.0
water_penetration,1,470,False,LNP193<-LNP782;LNP194<-LNP858;LNP195<-LNP195;LNP782<-LNP193;LNP854<-LNP854;LNP858<-LNP194,0.29220779220779214,-0.009740259740259716,0.5486591593272627,-0.003409090909090917,0.4247835497835497,-0.005952380952380987,0.4837662337662338,0.0,0.4791489361702128,0.0,-0.03436040663720258,0.0
water_penetration,1,471,False,LNP193<-LNP782;LNP194<-LNP858;LNP195<-LNP195;LNP782<-LNP194;LNP854<-LNP193;LNP858<-LNP854,0.2824675324675324,-0.01948051948051943,0.5459473824677586,-0.006120867768594995,0.4018243661100803,-0.028911564625850372,0.4837662337662338,0.0,0.4791489361702128,0.0,-0.03436040663720258,0.0
water_penetration,1,472,False,LNP193<-LNP782;LNP194<-LNP858;LNP195<-LNP195;LNP782<-LNP194;LNP854<-LNP854;LNP858<-LNP193,0.29220779220779214,-0.009740259740259716,0.5486591593272627,-0.003409090909090917,0.4247835497835497,-0.005952380952380987,0.4837662337662338,0.0,0.4791489361702128,0.0,-0.03436040663720258,0.0
water_penetration,1,473,False,LNP193<-LNP782;LNP194<-LNP858;LNP195<-LNP195;LNP782<-LNP854;LNP854<-LNP193;LNP858<-LNP194,0.2824675324675324,-0.01948051948051943,0.5459473824677586,-0.006120867768594995,0.4018243661100803,-0.028911564625850372,0.4837662337662338,0.0,0.4791489361702128,0.0,-0.03436040663720258,0.0
water_penetration,1,474,False,LNP193<-LNP782;LNP194<-LNP858;LNP195<-LNP195;LNP782<-LNP854;LNP854<-LNP194;LNP858<-LNP193,0.2727272727272727,-0.029220779220779147,0.5431260658533386,-0.008942184383015084,0.3926406926406926,-0.03809523809523807,0.4837662337662338,0.0,0.4791489361702128,0.0,-0.03436040663720258,0.0
water_penetration,1,475,False,LNP193<-LNP782;LNP194<-LNP858;LNP195<-LNP854;LNP782<-LNP193;LNP854<-LNP194;LNP858<-LNP195,0.30194805194805185,0.0,0.5520682502363536,0.0,0.4307359307359307,0.0,0.4837662337662338,0.0,0.4791489361702128,0.0,-0.03436040663720258,0.0
water_penetration,1,476,False,LNP193<-LNP782;LNP194<-LNP858;LNP195<-LNP854;LNP782<-LNP193;LNP854<-LNP195;LNP858<-LNP194,0.30194805194805185,0.0,0.5520682502363536,0.0,0.4307359307359307,0.0,0.4837662337662338,0.0,0.4791489361702128,0.0,-0.03436040663720258,0.0
water_penetration,1,477,False,LNP193<-LNP782;LNP194<-LNP858;LNP195<-LNP854;LNP782<-LNP194;LNP854<-LNP193;LNP858<-LNP195,0.29220779220779214,-0.009740259740259716,0.5486591593272627,-0.003409090909090917,0.4247835497835497,-0.005952380952380987,0.4837662337662338,0.0,0.4791489361702128,0.0,-0.03436040663720258,0.0
water_penetration,1,478,False,LNP193<-LNP782;LNP194<-LNP858;LNP195<-LNP854;LNP782<-LNP194;LNP854<-LNP195;LNP858<-LNP193,0.30194805194805185,0.0,0.5520682502363536,0.0,0.4307359307359307,0.0,0.4837662337662338,0.0,0.4791489361702128,0.0,-0.03436040663720258,0.0
water_penetration,1,479,False,LNP193<-LNP782;LNP194<-LNP858;LNP195<-LNP854;LNP782<-LNP195;LNP854<-LNP193;LNP858<-LNP194,0.30194805194805185,0.0,0.5520682502363536,0.0,0.4307359307359307,0.0,0.5194805194805195,0.035714285714285754,0.5183946488294314,0.03924571265921861,0.040291148201269084,0.07465155483847166
water_penetration,1,480,False,LNP193<-LNP782;LNP194<-LNP858;LNP195<-LNP854;LNP782<-LNP195;LNP854<-LNP194;LNP858<-LNP193,0.30194805194805185,0.0,0.5520682502363536,0.0,0.4307359307359307,0.0,0.5194805194805195,0.035714285714285754,0.5183946488294314,0.03924571265921861,0.040291148201269084,0.07465155483847166
water_penetration,1,481,False,LNP193<-LNP854;LNP194<-LNP193;LNP195<-LNP194;LNP782<-LNP195;LNP854<-LNP782;LNP858<-LNP858,0.25324675324675316,-0.04870129870129869,0.5378418516349551,-0.014226398601398516,0.34863945578231287,-0.08209647495361783,0.4480519480519481,-0.0357142857142857,0.4375,-0.041648936170212814,-0.1130805588384352,-0.07872015220123262
water_penetration,1,482,False,LNP193<-LNP854;LNP194<-LNP193;LNP195<-LNP194;LNP782<-LNP195;LNP854<-LNP858;LNP858<-LNP782,0.29220779220779214,-0.009740259740259716,0.5486591593272627,-0.003409090909090917,0.4247835497835497,-0.005952380952380987,0.4837662337662338,0.0,0.4791489361702128,0.0,-0.03436040663720258,0.0
water_penetration,1,483,False,LNP193<-LNP854;LNP194<-LNP193;LNP195<-LNP194;LNP782<-LNP782;LNP854<-LNP195;LNP858<-LNP858,0.3116883116883116,0.009740259740259771,0.5550910894660894,0.0030228392297357853,0.4404761904761904,0.009740259740259716,0.5194805194805195,0.035714285714285754,0.5183946488294314,0.03924571265921861,0.040291148201269084,0.07465155483847166
water_penetration,1,484,False,LNP193<-LNP854;LNP194<-LNP193;LNP195<-LNP194;LNP782<-LNP782;LNP854<-LNP858;LNP858<-LNP195,0.2727272727272727,-0.029220779220779147,0.5443059683263445,-0.007762281910009161,0.35777674706246126,-0.07295918367346943,0.4837662337662338,0.0,0.4791489361702128,0.0,-0.03436040663720258,0.0
water_penetration,1,485,False,LNP193<-LNP854;LNP194<-LNP193;LNP195<-LNP194;LNP782<-LNP858;LNP854<-LNP195;LNP858<-LNP782,0.29220779220779214,-0.009740259740259716,0.5486591593272627,-0.003409090909090917,0.4247835497835497,-0.005952380952380987,0.4837662337662338,0.0,0.4791489361702128,0.0,-0.03436040663720258,0.0
water_penetration,1,486,False,LNP193<-LNP854;LNP194<-LNP193;LNP195<-LNP194;LNP782<-LNP858;LNP854<-LNP782;LNP858<-LNP195,0.27272727272727265,-0.029220779220779203,0.5428005293209055,-0.009267720915448141,0.3962585034013605,-0.03447742733457021,0.4155844155844156,-0.06818181818181818,0.4155844155844156,-0.0635645205857972,-0.16883116883116886,-0.13447076219396628
water_penetration,1,487,False,LNP193<-LNP854;LNP194<-LNP193;LNP195<-LNP195;LNP782<-LNP194;LNP854<-LNP782;LNP858<-LNP858,0.3214285714285714,0.019480519480519543,0.5583378427128427,0.006269592476489061,0.4503968253968253,0.0196608946608946,0.551948051948052,0.06818181818181818,0.5418181818181819,0.06266924564796905,0.1218289807746346,0.1561893874118372
water_penetration,1,488,False,LNP193<-LNP854;LNP194<-LNP193;LNP195<-LNP195;LNP782<-LNP194;LNP854<-LNP858;LNP858<-LNP782,0.22402597402597396,-0.07792207792207789,0.529694547876366,-0.02237370235998759,0.32358276643990924,-0.10715316429602145,0.4480519480519481,-0.0357142857142857,0.4375,-0.041648936170212814,-0.1130805588384352,-0.07872015220123262
water_penetration,1,489,False,LNP193<-LNP854;LNP194<-LNP193;LNP195<-LNP195;LNP782<-LNP782;LNP854<-LNP194;LNP858<-LNP858,0.3311688311688311,0.02922077922077926,0.5612245729181213,0.009156322681767692,0.47182539682539676,0.041089466089466065,0.5876623376623377,0.10389610389610388,0.5847382431233363,0.10558930695312352,0.19738550848793068,0.23174591512513326
water_penetration,1,490,False,LNP193<-LNP854;LNP194<-LNP193;LNP195<-LNP195;LNP782<-LNP782;LNP854<-LNP858;LNP858<-LNP194,0.24350649350649345,-0.058441558441558406,0.5349287076559803,-0.017139542580373313,0.3394557823129251,-0.09128014842300558,0.4480519480519481,-0.0357142857142857,0.4375,-0.041648936170212814,-0.1130805588384352,-0.07872015220123262
water_penetration,1,491,False,LNP193<-LNP854;LNP194<-LNP193;LNP195<-LNP195;LNP782<-LNP858;LNP854<-LNP194;LNP858<-LNP782,0.2727272727272727,-0.029220779220779147,0.5431260658533386,-0.008942184383015084,0.3926406926406926,-0.03809523809523807,0.4837662337662338,0.0,0.4791489361702128,0.0,-0.03436040663720258,0.0
water_penetration,1,492,False,LNP193<-LNP854;LNP194<-LNP193;LNP195<-LNP195;LNP782<-LNP858;LNP854<-LNP782;LNP858<-LNP194,0.2824675324675324,-0.01948051948051943,0.5459473824677586,-0.006120867768594995,0.4018243661100803,-0.028911564625850372,0.4837662337662338,0.0,0.4791489361702128,0.0,-0.03436040663720258,0.0
water_penetration,1,493,False,LNP193<-LNP854;LNP194<-LNP193;LNP195<-LNP782;LNP782<-LNP194;LNP854<-LNP195;LNP858<-LNP858,0.3116883116883116,0.009740259740259771,0.5550910894660894,0.0030228392297357853,0.4404761904761904,0.009740259740259716,0.5194805194805195,0.035714285714285754,0.5183946488294314,0.03924571265921861,0.040291148201269084,0.07465155483847166
water_penetration,1,494,False,LNP193<-LNP854;LNP194<-LNP193;LNP195<-LNP782;LNP782<-LNP194;LNP854<-LNP858;LNP858<-LNP195,0.2727272727272727,-0.029220779220779147,0.5443059683263445,-0.007762281910009161,0.3601576994434137,-0.070578231292517,0.4837662337662338,0.0,0.4791489361702128,0.0,-0.03436040663720258,0.0
water_penetration,1,495,False,LNP193<-LNP854;LNP194<-LNP193;LNP195<-LNP782;LNP782<-LNP195;LNP854<-LNP194;LNP858<-LNP858,0.26298701298701294,-0.03896103896103892,0.5399792127064854,-0.01208903752986823,0.38707482993197273,-0.043661100803957964,0.4480519480519481,-0.0357142857142857,0.4375,-0.041648936170212814,-0.1130805588384352,-0.07872015220123262
water_penetration,1,496,False,LNP193<-LNP854;LNP194<-LNP193;LNP195<-LNP782;LNP782<-LNP195;LNP854<-LNP858;LNP858<-LNP194,0.29220779220779214,-0.009740259740259716,0.5486591593272627,-0.003409090909090917,0.4247835497835497,-0.005952380952380987,0.4837662337662338,0.0,0.4791489361702128,0.0,-0.03436040663720258,0.0
water_penetration,1,497,False,LNP193<-LNP854;LNP194<-LNP193;LNP195<-LNP782;LNP782<-LNP858;LNP854<-LNP194;LNP858<-LNP195,0.2824675324675324,-0.01948051948051943,0.5459473824677586,-0.006120867768594995,0.4018243661100803,-0.028911564625850372,0.4155844155844156,-0.06818181818181818,0.4155844155844156,-0.0635645205857972,-0.16883116883116886,-0.13447076219396628
water_penetration,1,498,False,LNP193<-LNP854;LNP194<-LNP193;LNP195<-LNP782;LNP782<-LNP858;LNP854<-LNP195;LNP858<-LNP194,0.30194805194805185,0.0,0.5520682502363536,0.0,0.4307359307359307,0.0,0.4837662337662338,0.0,0.4791489361702128,0.0,-0.03436040663720258,0.0
water_penetration,1,499,False,LNP193<-LNP854;LNP194<-LNP193;LNP195<-LNP858;LNP782<-LNP194;LNP854<-LNP195;LNP858<-LNP782,0.22402597402597396,-0.07792207792207789,0.529694547876366,-0.02237370235998759,0.32358276643990924,-0.10715316429602145,0.4480519480519481,-0.0357142857142857,0.4375,-0.041648936170212814,-0.1130805588384352,-0.07872015220123262
water_penetration,1,500,False,LNP193<-LNP854;LNP194<-LNP193;LNP195<-LNP858;LNP782<-LNP194;LNP854<-LNP782;LNP858<-LNP195,0.3116883116883116,0.009740259740259771,0.5550910894660894,0.0030228392297357853,0.4404761904761904,0.009740259740259716,0.551948051948052,0.06818181818181818,0.5418181818181819,0.06266924564796905,0.1218289807746346,0.1561893874118372
water_penetration,1,501,False,LNP193<-LNP854;LNP194<-LNP193;LNP195<-LNP858;LNP782<-LNP195;LNP854<-LNP194;LNP858<-LNP782,0.2727272727272727,-0.029220779220779147,0.5431260658533386,-0.008942184383015084,0.3926406926406926,-0.03809523809523807,0.4837662337662338,0.0,0.4791489361702128,0.0,-0.03436040663720258,0.0
water_penetration,1,502,False,LNP193<-LNP854;LNP194<-LNP193;LNP195<-LNP858;LNP782<-LNP195;LNP854<-LNP782;LNP858<-LNP194,0.2824675324675324,-0.01948051948051943,0.5459473824677586,-0.006120867768594995,0.4018243661100803,-0.028911564625850372,0.4837662337662338,0.0,0.4791489361702128,0.0,-0.03436040663720258,0.0
water_penetration,1,503,False,LNP193<-LNP854;LNP194<-LNP193;LNP195<-LNP858;LNP782<-LNP782;LNP854<-LNP194;LNP858<-LNP195,0.3116883116883116,0.009740259740259771,0.5550910894660894,0.0030228392297357853,0.4404761904761904,0.009740259740259716,0.4837662337662338,0.0,0.4791489361702128,0.0,-0.03436040663720258,0.0
water_penetration,1,504,False,LNP193<-LNP854;LNP194<-LNP193;LNP195<-LNP858;LNP782<-LNP782;LNP854<-LNP195;LNP858<-LNP194,0.24350649350649345,-0.058441558441558406,0.5349287076559803,-0.017139542580373313,0.3394557823129251,-0.09128014842300558,0.4480519480519481,-0.0357142857142857,0.4375,-0.041648936170212814,-0.1130805588384352,-0.07872015220123262
water_penetration,1,505,False,LNP193<-LNP854;LNP194<-LNP194;LNP195<-LNP193;LNP782<-LNP195;LNP854<-LNP782;LNP858<-LNP858,0.24350649350649345,-0.058441558441558406,0.5349287076559803,-0.017139542580373313,0.3394557823129251,-0.09128014842300558,0.4480519480519481,-0.0357142857142857,0.4375,-0.041648936170212814,-0.1130805588384352,-0.07872015220123262
water_penetration,1,506,False,LNP193<-LNP854;LNP194<-LNP194;LNP195<-LNP193;LNP782<-LNP195;LNP854<-LNP858;LNP858<-LNP782,0.29220779220779214,-0.009740259740259716,0.5486591593272627,-0.003409090909090917,0.4247835497835497,-0.005952380952380987,0.4837662337662338,0.0,0.4791489361702128,0.0,-0.03436040663720258,0.0
water_penetration,1,507,False,LNP193<-LNP854;LNP194<-LNP194;LNP195<-LNP193;LNP782<-LNP782;LNP854<-LNP195;LNP858<-LNP858,0.3116883116883116,0.009740259740259771,0.5550910894660894,0.0030228392297357853,0.4404761904761904,0.009740259740259716,0.5194805194805195,0.035714285714285754,0.5183946488294314,0.03924571265921861,0.040291148201269084,0.07465155483847166
water_penetration,1,508,False,LNP193<-LNP854;LNP194<-LNP194;LNP195<-LNP193;LNP782<-LNP782;LNP854<-LNP858;LNP858<-LNP195,0.2727272727272727,-0.029220779220779147,0.5443059683263445,-0.007762281910009161,0.3601576994434137,-0.070578231292517,0.4837662337662338,0.0,0.4791489361702128,0.0,-0.03436040663720258,0.0
water_penetration,1,509,False,LNP193<-LNP854;LNP194<-LNP194;LNP195<-LNP193;LNP782<-LNP858;LNP854<-LNP195;LNP858<-LNP782,0.30194805194805185,0.0,0.5520682502363536,0.0,0.4307359307359307,0.0,0.4837662337662338,0.0,0.4791489361702128,0.0,-0.03436040663720258,0.0
water_penetration,1,510,False,LNP193<-LNP854;LNP194<-LNP194;LNP195<-LNP193;LNP782<-LNP858;LNP854<-LNP782;LNP858<-LNP195,0.26298701298701294,-0.03896103896103892,0.5399792127064854,-0.01208903752986823,0.38707482993197273,-0.043661100803957964,0.4155844155844156,-0.06818181818181818,0.4155844155844156,-0.0635645205857972,-0.16883116883116886,-0.13447076219396628
water_penetration,1,511,False,LNP193<-LNP854;LNP194<-LNP194;LNP195<-LNP195;LNP782<-LNP193;LNP854<-LNP782;LNP858<-LNP858,0.3214285714285714,0.019480519480519543,0.5583378427128427,0.006269592476489061,0.4503968253968253,0.0196608946608946,0.551948051948052,0.06818181818181818,0.5418181818181819,0.06266924564796905,0.1218289807746346,0.1561893874118372
water_penetration,1,512,False,LNP193<-LNP854;LNP194<-LNP194;LNP195<-LNP195;LNP782<-LNP193;LNP854<-LNP858;LNP858<-LNP782,0.22402597402597396,-0.07792207792207789,0.529694547876366,-0.02237370235998759,0.32358276643990924,-0.10715316429602145,0.4480519480519481,-0.0357142857142857,0.4375,-0.041648936170212814,-0.1130805588384352,-0.07872015220123262
water_penetration,1,513,False,LNP193<-LNP854;LNP194<-LNP194;LNP195<-LNP195;LNP782<-LNP782;LNP854<-LNP193;LNP858<-LNP858,0.3214285714285714,0.019480519480519543,0.5583378427128427,0.006269592476489061,0.4503968253968253,0.0196608946608946,0.551948051948052,0.06818181818181818,0.5418181818181819,0.06266924564796905,0.1218289807746346,0.1561893874118372
water_penetration,1,514,False,LNP193<-LNP854;LNP194<-LNP194;LNP195<-LNP195;LNP782<-LNP782;LNP854<-LNP858;LNP858<-LNP193,0.22402597402597396,-0.07792207792207789,0.529694547876366,-0.02237370235998759,0.32358276643990924,-0.10715316429602145,0.4480519480519481,-0.0357142857142857,0.4375,-0.041648936170212814,-0.1130805588384352,-0.07872015220123262
water_penetration,1,515,False,LNP193<-LNP854;LNP194<-LNP194;LNP195<-LNP195;LNP782<-LNP858;LNP854<-LNP193;LNP858<-LNP782,0.2824675324675324,-0.01948051948051943,0.5459473824677586,-0.006120867768594995,0.4018243661100803,-0.028911564625850372,0.4837662337662338,0.0,0.4791489361702128,0.0,-0.03436040663720258,0.0
water_penetration,1,516,False,LNP193<-LNP854;LNP194<-LNP194;LNP195<-LNP195;LNP782<-LNP858;LNP854<-LNP782;LNP858<-LNP193,0.2824675324675324,-0.01948051948051943,0.5459473824677586,-0.006120867768594995,0.4018243661100803,-0.028911564625850372,0.4837662337662338,0.0,0.4791489361702128,0.0,-0.03436040663720258,0.0
water_penetration,1,517,False,LNP193<-LNP854;LNP194<-LNP194;LNP195<-LNP782;LNP782<-LNP193;LNP854<-LNP195;LNP858<-LNP858,0.3116883116883116,0.009740259740259771,0.5550910894660894,0.0030228392297357853,0.4404761904761904,0.009740259740259716,0.5194805194805195,0.035714285714285754,0.5183946488294314,0.03924571265921861,0.040291148201269084,0.07465155483847166
water_penetration,1,518,False,LNP193<-LNP854;LNP194<-LNP194;LNP195<-LNP782;LNP782<-LNP193;LNP854<-LNP858;LNP858<-LNP195,0.2727272727272727,-0.029220779220779147,0.5443059683263445,-0.007762281910009161,0.3601576994434137,-0.070578231292517,0.4837662337662338,0.0,0.4791489361702128,0.0,-0.03436040663720258,0.0
water_penetration,1,519,False,LNP193<-LNP854;LNP194<-LNP194;LNP195<-LNP782;LNP782<-LNP195;LNP854<-LNP193;LNP858<-LNP858,0.24350649350649345,-0.058441558441558406,0.5349287076559803,-0.017139542580373313,0.3394557823129251,-0.09128014842300558,0.4480519480519481,-0.0357142857142857,0.4375,-0.041648936170212814,-0.1130805588384352,-0.07872015220123262
water_penetration,1,520,False,LNP193<-LNP854;LNP194<-LNP194;LNP195<-LNP782;LNP782<-LNP195;LNP854<-LNP858;LNP858<-LNP193,0.29220779220779214,-0.009740259740259716,0.5486591593272627,-0.003409090909090917,0.4247835497835497,-0.005952380952380987,0.4837662337662338,0.0,0.4791489361702128,0.0,-0.03436040663720258,0.0
water_penetration,1,521,False,LNP193<-LNP854;LNP194<-LNP194;LNP195<-LNP782;LNP782<-LNP858;LNP854<-LNP193;LNP858<-LNP195,0.26298701298701294,-0.03896103896103892,0.5399792127064854,-0.01208903752986823,0.38707482993197273,-0.043661100803957964,0.4155844155844156,-0.06818181818181818,0.4155844155844156,-0.0635645205857972,-0.16883116883116886,-0.13447076219396628
water_penetration,1,522,False,LNP193<-LNP854;LNP194<-LNP194;LNP195<-LNP782;LNP782<-LNP858;LNP854<-LNP195;LNP858<-LNP193,0.30194805194805185,0.0,0.5520682502363536,0.0,0.4307359307359307,0.0,0.4837662337662338,0.0,0.4791489361702128,0.0,-0.03436040663720258,0.0
water_penetration,1,523,False,LNP193<-LNP854;LNP194<-LNP194;LNP195<-LNP858;LNP782<-LNP193;LNP854<-LNP195;LNP858<-LNP782,0.22402597402597396,-0.07792207792207789,0.529694547876366,-0.02237370235998759,0.32358276643990924,-0.10715316429602145,0.4480519480519481,-0.0357142857142857,0.4375,-0.041648936170212814,-0.1130805588384352,-0.07872015220123262
water_penetration,1,524,False,LNP193<-LNP854;LNP194<-LNP194;LNP195<-LNP858;LNP782<-LNP193;LNP854<-LNP782;LNP858<-LNP195,0.3116883116883116,0.009740259740259771,0.5550910894660894,0.0030228392297357853,0.4404761904761904,0.009740259740259716,0.551948051948052,0.06818181818181818,0.5418181818181819,0.06266924564796905,0.1218289807746346,0.1561893874118372
water_penetration,1,525,False,LNP193<-LNP854;LNP194<-LNP194;LNP195<-LNP858;LNP782<-LNP195;LNP854<-LNP193;LNP858<-LNP782,0.2727272727272727,-0.029220779220779147,0.5431260658533386,-0.008942184383015084,0.3926406926406926,-0.03809523809523807,0.4837662337662338,0.0,0.4791489361702128,0.0,-0.03436040663720258,0.0
water_penetration,1,526,False,LNP193<-LNP854;LNP194<-LNP194;LNP195<-LNP858;LNP782<-LNP195;LNP854<-LNP782;LNP858<-LNP193,0.2727272727272727,-0.029220779220779147,0.5431260658533386,-0.008942184383015084,0.3926406926406926,-0.03809523809523807,0.4837662337662338,0.0,0.4791489361702128,0.0,-0.03436040663720258,0.0
water_penetration,1,527,False,LNP193<-LNP854;LNP194<-LNP194;LNP195<-LNP858;LNP782<-LNP782;LNP854<-LNP193;LNP858<-LNP195,0.3116883116883116,0.009740259740259771,0.5550910894660894,0.0030228392297357853,0.4404761904761904,0.009740259740259716,0.551948051948052,0.06818181818181818,0.5418181818181819,0.06266924564796905,0.1218289807746346,0.1561893874118372
water_penetration,1,528,False,LNP193<-LNP854;LNP194<-LNP194;LNP195<-LNP858;LNP782<-LNP782;LNP854<-LNP195;LNP858<-LNP193,0.22402597402597396,-0.07792207792207789,0.529694547876366,-0.02237370235998759,0.32358276643990924,-0.10715316429602145,0.4480519480519481,-0.0357142857142857,0.4375,-0.041648936170212814,-0.1130805588384352,-0.07872015220123262
water_penetration,1,529,False,LNP193<-LNP854;LNP194<-LNP195;LNP195<-LNP193;LNP782<-LNP194;LNP854<-LNP782;LNP858<-LNP858,0.29220779220779214,-0.009740259740259716,0.5486591593272627,-0.003409090909090917,0.4247835497835497,-0.005952380952380987,0.4837662337662338,0.0,0.4791489361702128,0.0,-0.03436040663720258,0.0
water_penetration,1,530,False,LNP193<-LNP854;LNP194<-LNP195;LNP195<-LNP193;LNP782<-LNP194;LNP854<-LNP858;LNP858<-LNP782,0.29220779220779214,-0.009740259740259716,0.5486591593272627,-0.003409090909090917,0.4247835497835497,-0.005952380952380987,0.4837662337662338,0.0,0.4791489361702128,0.0,-0.03436040663720258,0.0
water_penetration,1,531,False,LNP193<-LNP854;LNP194<-LNP195;LNP195<-LNP193;LNP782<-LNP782;LNP854<-LNP194;LNP858<-LNP858,0.30194805194805185,0.0,0.5520682502363536,0.0,0.4307359307359307,0.0,0.4837662337662338,0.0,0.4791489361702128,0.0,-0.03436040663720258,0.0
water_penetration,1,532,False,LNP193<-LNP854;LNP194<-LNP195;LNP195<-LNP193;LNP782<-LNP782;LNP854<-LNP858;LNP858<-LNP194,0.29220779220779214,-0.009740259740259716,0.5486591593272627,-0.003409090909090917,0.4247835497835497,-0.005952380952380987,0.4837662337662338,0.0,0.4791489361702128,0.0,-0.03436040663720258,0.0
water_penetration,1,533,False,LNP193<-LNP854;LNP194<-LNP195;LNP195<-LNP193;LNP782<-LNP858;LNP854<-LNP194;LNP858<-LNP782,0.30194805194805185,0.0,0.5520682502363536,0.0,0.4307359307359307,0.0,0.5194805194805195,0.035714285714285754,0.5183946488294314,0.03924571265921861,0.040291148201269084,0.07465155483847166
water_penetration,1,534,False,LNP193<-LNP854;LNP194<-LNP195;LNP195<-LNP193;LNP782<-LNP858;LNP854<-LNP782;LNP858<-LNP194,0.30194805194805185,0.0,0.5520682502363536,0.0,0.4307359307359307,0.0,0.5194805194805195,0.035714285714285754,0.5183946488294314,0.03924571265921861,0.040291148201269084,0.07465155483847166
water_penetration,1,535,False,LNP193<-LNP854;LNP194<-LNP195;LNP195<-LNP194;LNP782<-LNP193;LNP854<-LNP782;LNP858<-LNP858,0.30194805194805185,0.0,0.5520682502363536,0.0,0.4307359307359307,0.0,0.4837662337662338,0.0,0.4791489361702128,0.0,-0.03436040663720258,0.0
water_penetration,1,536,False,LNP193<-LNP854;LNP194<-LNP195;LNP195<-LNP194;LNP782<-LNP193;LNP854<-LNP858;LNP858<-LNP782,0.29220779220779214,-0.009740259740259716,0.5486591593272627,-0.003409090909090917,0.4247835497835497,-0.005952380952380987,0.4837662337662338,0.0,0.4791489361702128,0.0,-0.03436040663720258,0.0
water_penetration,1,537,False,LNP193<-LNP854;LNP194<-LNP195;LNP195<-LNP194;LNP782<-LNP782;LNP854<-LNP193;LNP858<-LNP858,0.30194805194805185,0.0,0.5520682502363536,0.0,0.4307359307359307,0.0,0.4837662337662338,0.0,0.4791489361702128,0.0,-0.03436040663720258,0.0
water_penetration,1,538,False,LNP193<-LNP854;LNP194<-LNP195;LNP195<-LNP194;LNP782<-LNP782;LNP854<-LNP858;LNP858<-LNP193,0.29220779220779214,-0.009740259740259716,0.5486591593272627,-0.003409090909090917,0.4247835497835497,-0.005952380952380987,0.4837662337662338,0.0,0.4791489361702128,0.0,-0.03436040663720258,0.0
water_penetration,1,539,False,LNP193<-LNP854;LNP194<-LNP195;LNP195<-LNP194;LNP782<-LNP858;LNP854<-LNP193;LNP858<-LNP782,0.30194805194805185,0.0,0.5520682502363536,0.0,0.4307359307359307,0.0,0.5194805194805195,0.035714285714285754,0.5183946488294314,0.03924571265921861,0.040291148201269084,0.07465155483847166
water_penetration,1,540,False,LNP193<-LNP854;LNP194<-LNP195;LNP195<-LNP194;LNP782<-LNP858;LNP854<-LNP782;LNP858<-LNP193,0.30194805194805185,0.0,0.5520682502363536,0.0,0.4307359307359307,0.0,0.5194805194805195,0.035714285714285754,0.5183946488294314,0.03924571265921861,0.040291148201269084,0.07465155483847166
water_penetration,1,541,False,LNP193<-LNP854;LNP194<-LNP195;LNP195<-LNP782;LNP782<-LNP193;LNP854<-LNP194;LNP858<-LNP858,0.30194805194805185,0.0,0.5520682502363536,0.0,0.4307359307359307,0.0,0.4837662337662338,0.0,0.4791489361702128,0.0,-0.03436040663720258,0.0
water_penetration,1,542,False,LNP193<-LNP854;LNP194<-LNP195;LNP195<-LNP782;LNP782<-LNP193;LNP854<-LNP858;LNP858<-LNP194,0.29220779220779214,-0.009740259740259716,0.5486591593272627,-0.003409090909090917,0.4247835497835497,-0.005952380952380987,0.4837662337662338,0.0,0.4791489361702128,0.0,-0.03436040663720258,0.0
water_penetration,1,543,False,LNP193<-LNP854;LNP194<-LNP195;LNP195<-LNP782;LNP782<-LNP194;LNP854<-LNP193;LNP858<-LNP858,0.29220779220779214,-0.009740259740259716,0.5486591593272627,-0.003409090909090917,0.4247835497835497,-0.005952380952380987,0.4837662337662338,0.0,0.4791489361702128,0.0,-0.03436040663720258,0.0
water_penetration,1,544,False,LNP193<-LNP854;LNP194<-LNP195;LNP195<-LNP782;LNP782<-LNP194;LNP854<-LNP858;LNP858<-LNP193,0.29220779220779214,-0.009740259740259716,0.5486591593272627,-0.003409090909090917,0.4247835497835497,-0.005952380952380987,0.4837662337662338,0.0,0.4791489361702128,0.0,-0.03436040663720258,0.0
water_penetration,1,545,False,LNP193<-LNP854;LNP194<-LNP195;LNP195<-LNP782;LNP782<-LNP858;LNP854<-LNP193;LNP858<-LNP194,0.30194805194805185,0.0,0.5520682502363536,0.0,0.4307359307359307,0.0,0.5194805194805195,0.035714285714285754,0.5183946488294314,0.03924571265921861,0.040291148201269084,0.07465155483847166
water_penetration,1,546,False,LNP193<-LNP854;LNP194<-LNP195;LNP195<-LNP782;LNP782<-LNP858;LNP854<-LNP194;LNP858<-LNP193,0.30194805194805185,0.0,0.5520682502363536,0.0,0.4307359307359307,0.0,0.5194805194805195,0.035714285714285754,0.5183946488294314,0.03924571265921861,0.040291148201269084,0.07465155483847166
water_penetration,1,547,False,LNP193<-LNP854;LNP194<-LNP195;LNP195<-LNP858;LNP782<-LNP193;LNP854<-LNP194;LNP858<-LNP782,0.2727272727272727,-0.029220779220779147,0.5431260658533386,-0.008942184383015084,0.3926406926406926,-0.03809523809523807,0.4837662337662338,0.0,0.4791489361702128,0.0,-0.03436040663720258,0.0
water_penetration,1,548,False,LNP193<-LNP854;LNP194<-LNP195;LNP195<-LNP858;LNP782<-LNP193;LNP854<-LNP782;LNP858<-LNP194,0.29220779220779214,-0.009740259740259716,0.5486591593272627,-0.003409090909090917,0.4247835497835497,-0.005952380952380987,0.4837662337662338,0.0,0.4791489361702128,0.0,-0.03436040663720258,0.0
water_penetration,1,549,False,LNP193<-LNP854;LNP194<-LNP195;LNP195<-LNP858;LNP782<-LNP194;LNP854<-LNP193;LNP858<-LNP782,0.2824675324675324,-0.01948051948051943,0.5459473824677586,-0.006120867768594995,0.4018243661100803,-0.028911564625850372,0.4837662337662338,0.0,0.4791489361702128,0.0,-0.03436040663720258,0.0
water_penetration,1,550,False,LNP193<-LNP854;LNP194<-LNP195;LNP195<-LNP858;LNP782<-LNP194;LNP854<-LNP782;LNP858<-LNP193,0.29220779220779214,-0.009740259740259716,0.5486591593272627,-0.003409090909090917,0.4247835497835497,-0.005952380952380987,0.4837662337662338,0.0,0.4791489361702128,0.0,-0.03436040663720258,0.0
water_penetration,1,551,False,LNP193<-LNP854;LNP194<-LNP195;LNP195<-LNP858;LNP782<-LNP782;LNP854<-LNP193;LNP858<-LNP194,0.2824675324675324,-0.01948051948051943,0.5459473824677586,-0.006120867768594995,0.4018243661100803,-0.028911564625850372,0.4837662337662338,0.0,0.4791489361702128,0.0,-0.03436040663720258,0.0
water_penetration,1,552,False,LNP193<-LNP854;LNP194<-LNP195;LNP195<-LNP858;LNP782<-LNP782;LNP854<-LNP194;LNP858<-LNP193,0.2727272727272727,-0.029220779220779147,0.5431260658533386,-0.008942184383015084,0.3926406926406926,-0.03809523809523807,0.4837662337662338,0.0,0.4791489361702128,0.0,-0.03436040663720258,0.0
water_penetration,1,553,False,LNP193<-LNP854;LNP194<-LNP782;LNP195<-LNP193;LNP782<-LNP194;LNP854<-LNP195;LNP858<-LNP858,0.3116883116883116,0.009740259740259771,0.5550910894660894,0.0030228392297357853,0.4404761904761904,0.009740259740259716,0.5194805194805195,0.035714285714285754,0.5183946488294314,0.03924571265921861,0.040291148201269084,0.07465155483847166
water_penetration,1,554,False,LNP193<-LNP854;LNP194<-LNP782;LNP195<-LNP193;LNP782<-LNP194;LNP854<-LNP858;LNP858<-LNP195,0.2727272727272727,-0.029220779220779147,0.5443059683263445,-0.007762281910009161,0.3601576994434137,-0.070578231292517,0.4837662337662338,0.0,0.4791489361702128,0.0,-0.03436040663720258,0.0
water_penetration,1,555,False,LNP193<-LNP854;LNP194<-LNP782;LNP195<-LNP193;LNP782<-LNP195;LNP854<-LNP194;LNP858<-LNP858,0.26298701298701294,-0.03896103896103892,0.5399792127064854,-0.01208903752986823,0.38707482993197273,-0.043661100803957964,0.4480519480519481,-0.0357142857142857,0.4375,-0.041648936170212814,-0.1130805588384352,-0.07872015220123262
water_penetration,1,556,False,LNP193<-LNP854;LNP194<-LNP782;LNP195<-LNP193;LNP782<-LNP195;LNP854<-LNP858;LNP858<-LNP194,0.29220779220779214,-0.009740259740259716,0.5486591593272627,-0.003409090909090917,0.4247835497835497,-0.005952380952380987,0.4837662337662338,0.0,0.4791489361702128,0.0,-0.03436040663720258,0.0
water_penetration,1,557,False,LNP193<-LNP854;LNP194<-LNP782;LNP195<-LNP193;LNP782<-LNP858;LNP854<-LNP194;LNP858<-LNP195,0.2824675324675324,-0.01948051948051943,0.5459473824677586,-0.006120867768594995,0.4018243661100803,-0.028911564625850372,0.4155844155844156,-0.06818181818181818,0.4155844155844156,-0.0635645205857972,-0.16883116883116886,-0.13447076219396628
water_penetration,1,558,False,LNP193<-LNP854;LNP194<-LNP782;LNP195<-LNP193;LNP782<-LNP858;LNP854<-LNP195;LNP858<-LNP194,0.30194805194805185,0.0,0.5520682502363536,0.0,0.4307359307359307,0.0,0.4837662337662338,0.0,0.4791489361702128,0.0,-0.03436040663720258,0.0
water_penetration,1,559,False,LNP193<-LNP854;LNP194<-LNP782;LNP195<-LNP194;LNP782<-LNP193;LNP854<-LNP195;LNP858<-LNP858,0.3116883116883116,0.009740259740259771,0.5550910894660894,0.0030228392297357853,0.4404761904761904,0.009740259740259716,0.5194805194805195,0.035714285714285754,0.5183946488294314,0.03924571265921861,0.040291148201269084,0.07465155483847166
water_penetration,1,560,False,LNP193<-LNP854;LNP194<-LNP782;LNP195<-LNP194;LNP782<-LNP193;LNP854<-LNP858;LNP858<-LNP195,0.2727272727272727,-0.029220779220779147,0.5443059683263445,-0.007762281910009161,0.35777674706246126,-0.07295918367346943,0.4837662337662338,0.0,0.4791489361702128,0.0,-0.03436040663720258,0.0
water_penetration,1,561,False,LNP193<-LNP854;LNP194<-LNP782;LNP195<-LNP194;LNP782<-LNP195;LNP854<-LNP193;LNP858<-LNP858,0.25324675324675316,-0.04870129870129869,0.5378418516349551,-0.014226398601398516,0.34863945578231287,-0.08209647495361783,0.4480519480519481,-0.0357142857142857,0.4375,-0.041648936170212814,-0.1130805588384352,-0.07872015220123262
water_penetration,1,562,False,LNP193<-LNP854;LNP194<-LNP782;LNP195<-LNP194;LNP782<-LNP195;LNP854<-LNP858;LNP858<-LNP193,0.29220779220779214,-0.009740259740259716,0.5486591593272627,-0.003409090909090917,0.4247835497835497,-0.005952380952380987,0.4837662337662338,0.0,0.4791489361702128,0.0,-0.03436040663720258,0.0
water_penetration,1,563,False,LNP193<-LNP854;LNP194<-LNP782;LNP195<-LNP194;LNP782<-LNP858;LNP854<-LNP193;LNP858<-LNP195,0.27272727272727265,-0.029220779220779203,0.5428005293209055,-0.009267720915448141,0.3962585034013605,-0.03447742733457021,0.4155844155844156,-0.06818181818181818,0.4155844155844156,-0.0635645205857972,-0.16883116883116886,-0.13447076219396628
water_penetration,1,564,False,LNP193<-LNP854;LNP194<-LNP782;LNP195<-LNP194;LNP782<-LNP858;LNP854<-LNP195;LNP858<-LNP193,0.29220779220779214,-0.009740259740259716,0.5486591593272627,-0.003409090909090917,0.4247835497835497,-0.005952380952380987,0.4837662337662338,0.0,0.4791489361702128,0.0,-0.03436040663720258,0.0
water_penetration,1,565,False,LNP193<-LNP854;LNP194<-LNP782;LNP195<-LNP195;LNP782<-LNP193;LNP854<-LNP194;LNP858<-LNP858,0.3311688311688311,0.02922077922077926,0.5612245729181213,0.009156322681767692,0.47182539682539676,0.041089466089466065,0.5876623376623377,0.10389610389610388,0.5847382431233363,0.10558930695312352,0.19738550848793068,0.23174591512513326
water_penetration,1,566,False,LNP193<-LNP854;LNP194<-LNP782;LNP195<-LNP195;LNP782<-LNP193;LNP854<-LNP858;LNP858<-LNP194,0.24350649350649345,-0.058441558441558406,0.5349287076559803,-0.017139542580373313,0.3394557823129251,-0.09128014842300558,0.4480519480519481,-0.0357142857142857,0.4375,-0.041648936170212814,-0.1130805588384352,-0.07872015220123262
water_penetration,1,567,False,LNP193<-LNP854;LNP194<-LNP782;LNP195<-LNP195;LNP782<-LNP194;LNP854<-LNP193;LNP858<-LNP858,0.3214285714285714,0.019480519480519543,0.5583378427128427,0.006269592476489061,0.4503968253968253,0.0196608946608946,0.551948051948052,0.06818181818181818,0.5418181818181819,0.06266924564796905,0.1218289807746346,0.1561893874118372
water_penetration,1,568,False,LNP193<-LNP854;LNP194<-LNP782;LNP195<-LNP195;LNP782<-LNP194;LNP854<-LNP858;LNP858<-LNP193,0.22402597402597396,-0.07792207792207789,0.529694547876366,-0.02237370235998759,0.32358276643990924,-0.10715316429602145,0.4480519480519481,-0.0357142857142857,0.4375,-0.041648936170212814,-0.1130805588384352,-0.07872015220123262
water_penetration,1,569,False,LNP193<-LNP854;LNP194<-LNP782;LNP195<-LNP195;LNP782<-LNP858;LNP854<-LNP193;LNP858<-LNP194,0.2824675324675324,-0.01948051948051943,0.5459473824677586,-0.006120867768594995,0.4018243661100803,-0.028911564625850372,0.4837662337662338,0.0,0.4791489361702128,0.0,-0.03436040663720258,0.0
water_penetration,1,570,False,LNP193<-LNP854;LNP194<-LNP782;LNP195<-LNP195;LNP782<-LNP858;LNP854<-LNP194;LNP858<-LNP193,0.2727272727272727,-0.029220779220779147,0.5431260658533386,-0.008942184383015084,0.3926406926406926,-0.03809523809523807,0.4837662337662338,0.0,0.4791489361702128,0.0,-0.03436040663720258,0.0
water_penetration,1,571,False,LNP193<-LNP854;LNP194<-LNP782;LNP195<-LNP858;LNP782<-LNP193;LNP854<-LNP194;LNP858<-LNP195,0.3116883116883116,0.009740259740259771,0.5550910894660894,0.0030228392297357853,0.4404761904761904,0.009740259740259716,0.4837662337662338,0.0,0.4791489361702128,0.0,-0.03436040663720258,0.0
water_penetration,1,572,False,LNP193<-LNP854;LNP194<-LNP782;LNP195<-LNP858;LNP782<-LNP193;LNP854<-LNP195;LNP858<-LNP194,0.24350649350649345,-0.058441558441558406,0.5349287076559803,-0.017139542580373313,0.3394557823129251,-0.09128014842300558,0.4480519480519481,-0.0357142857142857,0.4375,-0.041648936170212814,-0.1130805588384352,-0.07872015220123262
water_penetration,1,573,False,LNP193<-LNP854;LNP194<-LNP782;LNP195<-LNP858;LNP782<-LNP194;LNP854<-LNP193;LNP858<-LNP195,0.3116883116883116,0.009740259740259771,0.5550910894660894,0.0030228392297357853,0.4404761904761904,0.009740259740259716,0.551948051948052,0.06818181818181818,0.5418181818181819,0.06266924564796905,0.1218289807746346,0.1561893874118372
water_penetration,1,574,False,LNP193<-LNP854;LNP194<-LNP782;LNP195<-LNP858;LNP782<-LNP194;LNP854<-LNP195;LNP858<-LNP193,0.22402597402597396,-0.07792207792207789,0.529694547876366,-0.02237370235998759,0.32358276643990924,-0.10715316429602145,0.4480519480519481,-0.0357142857142857,0.4375,-0.041648936170212814,-0.1130805588384352,-0.07872015220123262
water_penetration,1,575,False,LNP193<-LNP854;LNP194<-LNP782;LNP195<-LNP858;LNP782<-LNP195;LNP854<-LNP193;LNP858<-LNP194,0.2824675324675324,-0.01948051948051943,0.5459473824677586,-0.006120867768594995,0.4018243661100803,-0.028911564625850372,0.4837662337662338,0.0,0.4791489361702128,0.0,-0.03436040663720258,0.0
water_penetration,1,576,False,LNP193<-LNP854;LNP194<-LNP782;LNP195<-LNP858;LNP782<-LNP195;LNP854<-LNP194;LNP858<-LNP193,0.2727272727272727,-0.029220779220779147,0.5431260658533386,-0.008942184383015084,0.3926406926406926,-0.03809523809523807,0.4837662337662338,0.0,0.4791489361702128,0.0,-0.03436040663720258,0.0
water_penetration,1,577,False,LNP193<-LNP854;LNP194<-LNP858;LNP195<-LNP193;LNP782<-LNP194;LNP854<-LNP195;LNP858<-LNP782,0.30194805194805185,0.0,0.5520682502363536,0.0,0.4307359307359307,0.0,0.4837662337662338,0.0,0.4791489361702128,0.0,-0.03436040663720258,0.0
water_penetration,1,578,False,LNP193<-LNP854;LNP194<-LNP858;LNP195<-LNP193;LNP782<-LNP194;LNP854<-LNP782;LNP858<-LNP195,0.29220779220779214,-0.009740259740259716,0.5486591593272627,-0.003409090909090917,0.4247835497835497,-0.005952380952380987,0.4837662337662338,0.0,0.4791489361702128,0.0,-0.03436040663720258,0.0
water_penetration,1,579,False,LNP193<-LNP854;LNP194<-LNP858;LNP195<-LNP193;LNP782<-LNP195;LNP854<-LNP194;LNP858<-LNP782,0.30194805194805185,0.0,0.5520682502363536,0.0,0.4307359307359307,0.0,0.5194805194805195,0.035714285714285754,0.5183946488294314,0.03924571265921861,0.040291148201269084,0.07465155483847166
water_penetration,1,580,False,LNP193<-LNP854;LNP194<-LNP858;LNP195<-LNP193;LNP782<-LNP195;LNP854<-LNP782;LNP858<-LNP194,0.30194805194805185,0.0,0.5520682502363536,0.0,0.4307359307359307,0.0,0.5194805194805195,0.035714285714285754,0.5183946488294314,0.03924571265921861,0.040291148201269084,0.07465155483847166
water_penetration,1,581,False,LNP193<-LNP854;LNP194<-LNP858;LNP195<-LNP193;LNP782<-LNP782;LNP854<-LNP194;LNP858<-LNP195,0.30194805194805185,0.0,0.5520682502363536,0.0,0.4307359307359307,0.0,0.4837662337662338,0.0,0.4791489361702128,0.0,-0.03436040663720258,0.0
water_penetration,1,582,False,LNP193<-LNP854;LNP194<-LNP858;LNP195<-LNP193;LNP782<-LNP782;LNP854<-LNP195;LNP858<-LNP194,0.30194805194805185,0.0,0.5520682502363536,0.0,0.4307359307359307,0.0,0.4837662337662338,0.0,0.4791489361702128,0.0,-0.03436040663720258,0.0
water_penetration,1,583,False,LNP193<-LNP854;LNP194<-LNP858;LNP195<-LNP194;LNP782<-LNP193;LNP854<-LNP195;LNP858<-LNP782,0.29220779220779214,-0.009740259740259716,0.5486591593272627,-0.003409090909090917,0.4247835497835497,-0.005952380952380987,0.4837662337662338,0.0,0.4791489361702128,0.0,-0.03436040663720258,0.0
water_penetration,1,584,False,LNP193<-LNP854;LNP194<-LNP858;LNP195<-LNP194;LNP782<-LNP193;LNP854<-LNP782;LNP858<-LNP195,0.30194805194805185,0.0,0.5520682502363536,0.0,0.4307359307359307,0.0,0.4837662337662338,0.0,0.4791489361702128,0.0,-0.03436040663720258,0.0
water_penetration,1,585,False,LNP193<-LNP854;LNP194<-LNP858;LNP195<-LNP194;LNP782<-LNP195;LNP854<-LNP193;LNP858<-LNP782,0.30194805194805185,0.0,0.5520682502363536,0.0,0.4307359307359307,0.0,0.5194805194805195,0.035714285714285754,0.5183946488294314,0.03924571265921861,0.040291148201269084,0.07465155483847166
water_penetration,1,586,False,LNP193<-LNP854;LNP194<-LNP858;LNP195<-LNP194;LNP782<-LNP195;LNP854<-LNP782;LNP858<-LNP193,0.30194805194805185,0.0,0.5520682502363536,0.0,0.4307359307359307,0.0,0.5194805194805195,0.035714285714285754,0.5183946488294314,0.03924571265921861,0.040291148201269084,0.07465155483847166
water_penetration,1,587,False,LNP193<-LNP854;LNP194<-LNP858;LNP195<-LNP194;LNP782<-LNP782;LNP854<-LNP193;LNP858<-LNP195,0.29220779220779214,-0.009740259740259716,0.5486591593272627,-0.003409090909090917,0.4247835497835497,-0.005952380952380987,0.4837662337662338,0.0,0.4791489361702128,0.0,-0.03436040663720258,0.0
water_penetration,1,588,False,LNP193<-LNP854;LNP194<-LNP858;LNP195<-LNP194;LNP782<-LNP782;LNP854<-LNP195;LNP858<-LNP193,0.29220779220779214,-0.009740259740259716,0.5486591593272627,-0.003409090909090917,0.4247835497835497,-0.005952380952380987,0.4837662337662338,0.0,0.4791489361702128,0.0,-0.03436040663720258,0.0
water_penetration,1,589,False,LNP193<-LNP854;LNP194<-LNP858;LNP195<-LNP195;LNP782<-LNP193;LNP854<-LNP194;LNP858<-LNP782,0.2727272727272727,-0.029220779220779147,0.5431260658533386,-0.008942184383015084,0.3926406926406926,-0.03809523809523807,0.4837662337662338,0.0,0.4791489361702128,0.0,-0.03436040663720258,0.0
water_penetration,1,590,False,LNP193<-LNP854;LNP194<-LNP858;LNP195<-LNP195;LNP782<-LNP193;LNP854<-LNP782;LNP858<-LNP194,0.29220779220779214,-0.009740259740259716,0.5486591593272627,-0.003409090909090917,0.4247835497835497,-0.005952380952380987,0.4837662337662338,0.0,0.4791489361702128,0.0,-0.03436040663720258,0.0
water_penetration,1,591,False,LNP193<-LNP854;LNP194<-LNP858;LNP195<-LNP195;LNP782<-LNP194;LNP854<-LNP193;LNP858<-LNP782,0.2824675324675324,-0.01948051948051943,0.5459473824677586,-0.006120867768594995,0.4018243661100803,-0.028911564625850372,0.4837662337662338,0.0,0.4791489361702128,0.0,-0.03436040663720258,0.0
water_penetration,1,592,False,LNP193<-LNP854;LNP194<-LNP858;LNP195<-LNP195;LNP782<-LNP194;LNP854<-LNP782;LNP858<-LNP193,0.29220779220779214,-0.009740259740259716,0.5486591593272627,-0.003409090909090917,0.4247835497835497,-0.005952380952380987,0.4837662337662338,0.0,0.4791489361702128,0.0,-0.03436040663720258,0.0
water_penetration,1,593,False,LNP193<-LNP854;LNP194<-LNP858;LNP195<-LNP195;LNP782<-LNP782;LNP854<-LNP193;LNP858<-LNP194,0.2824675324675324,-0.01948051948051943,0.5459473824677586,-0.006120867768594995,0.4018243661100803,-0.028911564625850372,0.4837662337662338,0.0,0.4791489361702128,0.0,-0.03436040663720258,0.0
water_penetration,1,594,False,LNP193<-LNP854;LNP194<-LNP858;LNP195<-LNP195;LNP782<-LNP782;LNP854<-LNP194;LNP858<-LNP193,0.2727272727272727,-0.029220779220779147,0.5431260658533386,-0.008942184383015084,0.3926406926406926,-0.03809523809523807,0.4837662337662338,0.0,0.4791489361702128,0.0,-0.03436040663720258,0.0
water_penetration,1,595,False,LNP193<-LNP854;LNP194<-LNP858;LNP195<-LNP782;LNP782<-LNP193;LNP854<-LNP194;LNP858<-LNP195,0.30194805194805185,0.0,0.5520682502363536,0.0,0.4307359307359307,0.0,0.4837662337662338,0.0,0.4791489361702128,0.0,-0.03436040663720258,0.0
water_penetration,1,596,False,LNP193<-LNP854;LNP194<-LNP858;LNP195<-LNP782;LNP782<-LNP193;LNP854<-LNP195;LNP858<-LNP194,0.30194805194805185,0.0,0.5520682502363536,0.0,0.4307359307359307,0.0,0.4837662337662338,0.0,0.4791489361702128,0.0,-0.03436040663720258,0.0
water_penetration,1,597,False,LNP193<-LNP854;LNP194<-LNP858;LNP195<-LNP782;LNP782<-LNP194;LNP854<-LNP193;LNP858<-LNP195,0.29220779220779214,-0.009740259740259716,0.5486591593272627,-0.003409090909090917,0.4247835497835497,-0.005952380952380987,0.4837662337662338,0.0,0.4791489361702128,0.0,-0.03436040663720258,0.0
water_penetration,1,598,False,LNP193<-LNP854;LNP194<-LNP858;LNP195<-LNP782;LNP782<-LNP194;LNP854<-LNP195;LNP858<-LNP193,0.30194805194805185,0.0,0.5520682502363536,0.0,0.4307359307359307,0.0,0.4837662337662338,0.0,0.4791489361702128,0.0,-0.03436040663720258,0.0
water_penetration,1,599,False,LNP193<-LNP854;LNP194<-LNP858;LNP195<-LNP782;LNP782<-LNP195;LNP854<-LNP193;LNP858<-LNP194,0.30194805194805185,0.0,0.5520682502363536,0.0,0.4307359307359307,0.0,0.5194805194805195,0.035714285714285754,0.5183946488294314,0.03924571265921861,0.040291148201269084,0.07465155483847166
water_penetration,1,600,False,LNP193<-LNP854;LNP194<-LNP858;LNP195<-LNP782;LNP782<-LNP195;LNP854<-LNP194;LNP858<-LNP193,0.30194805194805185,0.0,0.5520682502363536,0.0,0.4307359307359307,0.0,0.5194805194805195,0.035714285714285754,0.5183946488294314,0.03924571265921861,0.040291148201269084,0.07465155483847166
water_penetration,1,601,False,LNP193<-LNP858;LNP194<-LNP193;LNP195<-LNP194;LNP782<-LNP195;LNP854<-LNP782;LNP858<-LNP854,0.30194805194805185,0.0,0.5520682502363536,0.0,0.4307359307359307,0.0,0.5194805194805195,0.035714285714285754,0.5183946488294314,0.03924571265921861,0.040291148201269084,0.07465155483847166
water_penetration,1,602,False,LNP193<-LNP858;LNP194<-LNP193;LNP195<-LNP194;LNP782<-LNP195;LNP854<-LNP854;LNP858<-LNP782,0.30194805194805185,0.0,0.5520682502363536,0.0,0.4307359307359307,0.0,0.5194805194805195,0.035714285714285754,0.5183946488294314,0.03924571265921861,0.040291148201269084,0.07465155483847166
water_penetration,1,603,False,LNP193<-LNP858;LNP194<-LNP193;LNP195<-LNP194;LNP782<-LNP782;LNP854<-LNP195;LNP858<-LNP854,0.29220779220779214,-0.009740259740259716,0.5486591593272627,-0.003409090909090917,0.4247835497835497,-0.005952380952380987,0.4837662337662338,0.0,0.4791489361702128,0.0,-0.03436040663720258,0.0
water_penetration,1,604,False,LNP193<-LNP858;LNP194<-LNP193;LNP195<-LNP194;LNP782<-LNP782;LNP854<-LNP854;LNP858<-LNP195,0.30194805194805185,0.0,0.5520682502363536,0.0,0.4307359307359307,0.0,0.4837662337662338,0.0,0.4791489361702128,0.0,-0.03436040663720258,0.0
water_penetration,1,605,False,LNP193<-LNP858;LNP194<-LNP193;LNP195<-LNP194;LNP782<-LNP854;LNP854<-LNP195;LNP858<-LNP782,0.29220779220779214,-0.009740259740259716,0.5486591593272627,-0.003409090909090917,0.4247835497835497,-0.005952380952380987,0.4837662337662338,0.0,0.4791489361702128,0.0,-0.03436040663720258,0.0
water_penetration,1,606,False,LNP193<-LNP858;LNP194<-LNP193;LNP195<-LNP194;LNP782<-LNP854;LNP854<-LNP782;LNP858<-LNP195,0.29220779220779214,-0.009740259740259716,0.5486591593272627,-0.003409090909090917,0.4247835497835497,-0.005952380952380987,0.4837662337662338,0.0,0.4791489361702128,0.0,-0.03436040663720258,0.0
water_penetration,1,607,False,LNP193<-LNP858;LNP194<-LNP193;LNP195<-LNP195;LNP782<-LNP194;LNP854<-LNP782;LNP858<-LNP854,0.2824675324675324,-0.01948051948051943,0.5459473824677586,-0.006120867768594995,0.4018243661100803,-0.028911564625850372,0.4837662337662338,0.0,0.4791489361702128,0.0,-0.03436040663720258,0.0
water_penetration,1,608,False,LNP193<-LNP858;LNP194<-LNP193;LNP195<-LNP195;LNP782<-LNP194;LNP854<-LNP854;LNP858<-LNP782,0.29220779220779214,-0.009740259740259716,0.5486591593272627,-0.003409090909090917,0.4247835497835497,-0.005952380952380987,0.4837662337662338,0.0,0.4791489361702128,0.0,-0.03436040663720258,0.0
water_penetration,1,609,False,LNP193<-LNP858;LNP194<-LNP193;LNP195<-LNP195;LNP782<-LNP782;LNP854<-LNP194;LNP858<-LNP854,0.2727272727272727,-0.029220779220779147,0.5431260658533386,-0.008942184383015084,0.3926406926406926,-0.03809523809523807,0.4837662337662338,0.0,0.4791489361702128,0.0,-0.03436040663720258,0.0
water_penetration,1,610,False,LNP193<-LNP858;LNP194<-LNP193;LNP195<-LNP195;LNP782<-LNP782;LNP854<-LNP854;LNP858<-LNP194,0.29220779220779214,-0.009740259740259716,0.5486591593272627,-0.003409090909090917,0.4247835497835497,-0.005952380952380987,0.4837662337662338,0.0,0.4791489361702128,0.0,-0.03436040663720258,0.0
water_penetration,1,611,False,LNP193<-LNP858;LNP194<-LNP193;LNP195<-LNP195;LNP782<-LNP854;LNP854<-LNP194;LNP858<-LNP782,0.2727272727272727,-0.029220779220779147,0.5431260658533386,-0.008942184383015084,0.3926406926406926,-0.03809523809523807,0.4837662337662338,0.0,0.4791489361702128,0.0,-0.03436040663720258,0.0
water_penetration,1,612,False,LNP193<-LNP858;LNP194<-LNP193;LNP195<-LNP195;LNP782<-LNP854;LNP854<-LNP782;LNP858<-LNP194,0.29220779220779214,-0.009740259740259716,0.5486591593272627,-0.003409090909090917,0.4247835497835497,-0.005952380952380987,0.4837662337662338,0.0,0.4791489361702128,0.0,-0.03436040663720258,0.0
water_penetration,1,613,False,LNP193<-LNP858;LNP194<-LNP193;LNP195<-LNP782;LNP782<-LNP194;LNP854<-LNP195;LNP858<-LNP854,0.30194805194805185,0.0,0.5520682502363536,0.0,0.4307359307359307,0.0,0.4837662337662338,0.0,0.4791489361702128,0.0,-0.03436040663720258,0.0
water_penetration,1,614,False,LNP193<-LNP858;LNP194<-LNP193;LNP195<-LNP782;LNP782<-LNP194;LNP854<-LNP854;LNP858<-LNP195,0.29220779220779214,-0.009740259740259716,0.5486591593272627,-0.003409090909090917,0.4247835497835497,-0.005952380952380987,0.4837662337662338,0.0,0.4791489361702128,0.0,-0.03436040663720258,0.0
water_penetration,1,615,False,LNP193<-LNP858;LNP194<-LNP193;LNP195<-LNP782;LNP782<-LNP195;LNP854<-LNP194;LNP858<-LNP854,0.30194805194805185,0.0,0.5520682502363536,0.0,0.4307359307359307,0.0,0.5194805194805195,0.035714285714285754,0.5183946488294314,0.03924571265921861,0.040291148201269084,0.07465155483847166
water_penetration,1,616,False,LNP193<-LNP858;LNP194<-LNP193;LNP195<-LNP782;LNP782<-LNP195;LNP854<-LNP854;LNP858<-LNP194,0.30194805194805185,0.0,0.5520682502363536,0.0,0.4307359307359307,0.0,0.5194805194805195,0.035714285714285754,0.5183946488294314,0.03924571265921861,0.040291148201269084,0.07465155483847166
water_penetration,1,617,False,LNP193<-LNP858;LNP194<-LNP193;LNP195<-LNP782;LNP782<-LNP854;LNP854<-LNP194;LNP858<-LNP195,0.30194805194805185,0.0,0.5520682502363536,0.0,0.4307359307359307,0.0,0.4837662337662338,0.0,0.4791489361702128,0.0,-0.03436040663720258,0.0
water_penetration,1,618,False,LNP193<-LNP858;LNP194<-LNP193;LNP195<-LNP782;LNP782<-LNP854;LNP854<-LNP195;LNP858<-LNP194,0.30194805194805185,0.0,0.5520682502363536,0.0,0.4307359307359307,0.0,0.4837662337662338,0.0,0.4791489361702128,0.0,-0.03436040663720258,0.0
water_penetration,1,619,False,LNP193<-LNP858;LNP194<-LNP193;LNP195<-LNP854;LNP782<-LNP194;LNP854<-LNP195;LNP858<-LNP782,0.30194805194805185,0.0,0.5520682502363536,0.0,0.4307359307359307,0.0,0.4837662337662338,0.0,0.4791489361702128,0.0,-0.03436040663720258,0.0
water_penetration,1,620,False,LNP193<-LNP858;LNP194<-LNP193;LNP195<-LNP854;LNP782<-LNP194;LNP854<-LNP782;LNP858<-LNP195,0.29220779220779214,-0.009740259740259716,0.5486591593272627,-0.003409090909090917,0.4247835497835497,-0.005952380952380987,0.4837662337662338,0.0,0.4791489361702128,0.0,-0.03436040663720258,0.0
water_penetration,1,621,False,LNP193<-LNP858;LNP194<-LNP193;LNP195<-LNP854;LNP782<-LNP195;LNP854<-LNP194;LNP858<-LNP782,0.30194805194805185,0.0,0.5520682502363536,0.0,0.4307359307359307,0.0,0.5194805194805195,0.035714285714285754,0.5183946488294314,0.03924571265921861,0.040291148201269084,0.07465155483847166
water_penetration,1,622,False,LNP193<-LNP858;LNP194<-LNP193;LNP195<-LNP854;LNP782<-LNP195;LNP854<-LNP782;LNP858<-LNP194,0.30194805194805185,0.0,0.5520682502363536,0.0,0.4307359307359307,0.0,0.5194805194805195,0.035714285714285754,0.5183946488294314,0.03924571265921861,0.040291148201269084,0.07465155483847166
water_penetration,1,623,False,LNP193<-LNP858;LNP194<-LNP193;LNP195<-LNP854;LNP782<-LNP782;LNP854<-LNP194;LNP858<-LNP195,0.30194805194805185,0.0,0.5520682502363536,0.0,0.4307359307359307,0.0,0.4837662337662338,0.0,0.4791489361702128,0.0,-0.03436040663720258,0.0
water_penetration,1,624,False,LNP193<-LNP858;LNP194<-LNP193;LNP195<-LNP854;LNP782<-LNP782;LNP854<-LNP195;LNP858<-LNP194,0.30194805194805185,0.0,0.5520682502363536,0.0,0.4307359307359307,0.0,0.4837662337662338,0.0,0.4791489361702128,0.0,-0.03436040663720258,0.0
water_penetration,1,625,False,LNP193<-LNP858;LNP194<-LNP194;LNP195<-LNP193;LNP782<-LNP195;LNP854<-LNP782;LNP858<-LNP854,0.30194805194805185,0.0,0.5520682502363536,0.0,0.4307359307359307,0.0,0.5194805194805195,0.035714285714285754,0.5183946488294314,0.03924571265921861,0.040291148201269084,0.07465155483847166
water_penetration,1,626,False,LNP193<-LNP858;LNP194<-LNP194;LNP195<-LNP193;LNP782<-LNP195;LNP854<-LNP854;LNP858<-LNP782,0.30194805194805185,0.0,0.5520682502363536,0.0,0.4307359307359307,0.0,0.5194805194805195,0.035714285714285754,0.5183946488294314,0.03924571265921861,0.040291148201269084,0.07465155483847166
water_penetration,1,627,False,LNP193<-LNP858;LNP194<-LNP194;LNP195<-LNP193;LNP782<-LNP782;LNP854<-LNP195;LNP858<-LNP854,0.29220779220779214,-0.009740259740259716,0.5486591593272627,-0.003409090909090917,0.4247835497835497,-0.005952380952380987,0.4837662337662338,0.0,0.4791489361702128,0.0,-0.03436040663720258,0.0
water_penetration,1,628,False,LNP193<-LNP858;LNP194<-LNP194;LNP195<-LNP193;LNP782<-LNP782;LNP854<-LNP854;LNP858<-LNP195,0.29220779220779214,-0.009740259740259716,0.5486591593272627,-0.003409090909090917,0.4247835497835497,-0.005952380952380987,0.4837662337662338,0.0,0.4791489361702128,0.0,-0.03436040663720258,0.0
water_penetration,1,629,False,LNP193<-LNP858;LNP194<-LNP194;LNP195<-LNP193;LNP782<-LNP854;LNP854<-LNP195;LNP858<-LNP782,0.29220779220779214,-0.009740259740259716,0.5486591593272627,-0.003409090909090917,0.4247835497835497,-0.005952380952380987,0.4837662337662338,0.0,0.4791489361702128,0.0,-0.03436040663720258,0.0
water_penetration,1,630,False,LNP193<-LNP858;LNP194<-LNP194;LNP195<-LNP193;LNP782<-LNP854;LNP854<-LNP782;LNP858<-LNP195,0.29220779220779214,-0.009740259740259716,0.5486591593272627,-0.003409090909090917,0.4247835497835497,-0.005952380952380987,0.4837662337662338,0.0,0.4791489361702128,0.0,-0.03436040663720258,0.0
water_penetration,1,631,False,LNP193<-LNP858;LNP194<-LNP194;LNP195<-LNP195;LNP782<-LNP193;LNP854<-LNP782;LNP858<-LNP854,0.2824675324675324,-0.01948051948051943,0.5459473824677586,-0.006120867768594995,0.4018243661100803,-0.028911564625850372,0.4837662337662338,0.0,0.4791489361702128,0.0,-0.03436040663720258,0.0
water_penetration,1,632,False,LNP193<-LNP858;LNP194<-LNP194;LNP195<-LNP195;LNP782<-LNP193;LNP854<-LNP854;LNP858<-LNP782,0.2824675324675324,-0.01948051948051943,0.5459473824677586,-0.006120867768594995,0.4018243661100803,-0.028911564625850372,0.4837662337662338,0.0,0.4791489361702128,0.0,-0.03436040663720258,0.0
water_penetration,1,633,False,LNP193<-LNP858;LNP194<-LNP194;LNP195<-LNP195;LNP782<-LNP782;LNP854<-LNP193;LNP858<-LNP854,0.2824675324675324,-0.01948051948051943,0.5459473824677586,-0.006120867768594995,0.4018243661100803,-0.028911564625850372,0.4837662337662338,0.0,0.4791489361702128,0.0,-0.03436040663720258,0.0
water_penetration,1,634,False,LNP193<-LNP858;LNP194<-LNP194;LNP195<-LNP195;LNP782<-LNP782;LNP854<-LNP854;LNP858<-LNP193,0.2824675324675324,-0.01948051948051943,0.5459473824677586,-0.006120867768594995,0.4018243661100803,-0.028911564625850372,0.4837662337662338,0.0,0.4791489361702128,0.0,-0.03436040663720258,0.0
water_penetration,1,635,False,LNP193<-LNP858;LNP194<-LNP194;LNP195<-LNP195;LNP782<-LNP854;LNP854<-LNP193;LNP858<-LNP782,0.2824675324675324,-0.01948051948051943,0.5459473824677586,-0.006120867768594995,0.4018243661100803,-0.028911564625850372,0.4837662337662338,0.0,0.4791489361702128,0.0,-0.03436040663720258,0.0
water_penetration,1,636,False,LNP193<-LNP858;LNP194<-LNP194;LNP195<-LNP195;LNP782<-LNP854;LNP854<-LNP782;LNP858<-LNP193,0.2824675324675324,-0.01948051948051943,0.5459473824677586,-0.006120867768594995,0.4018243661100803,-0.028911564625850372,0.4837662337662338,0.0,0.4791489361702128,0.0,-0.03436040663720258,0.0
water_penetration,1,637,False,LNP193<-LNP858;LNP194<-LNP194;LNP195<-LNP782;LNP782<-LNP193;LNP854<-LNP195;LNP858<-LNP854,0.29220779220779214,-0.009740259740259716,0.5486591593272627,-0.003409090909090917,0.4247835497835497,-0.005952380952380987,0.4837662337662338,0.0,0.4791489361702128,0.0,-0.03436040663720258,0.0
water_penetration,1,638,False,LNP193<-LNP858;LNP194<-LNP194;LNP195<-LNP782;LNP782<-LNP193;LNP854<-LNP854;LNP858<-LNP195,0.29220779220779214,-0.009740259740259716,0.5486591593272627,-0.003409090909090917,0.4247835497835497,-0.005952380952380987,0.4837662337662338,0.0,0.4791489361702128,0.0,-0.03436040663720258,0.0
water_penetration,1,639,False,LNP193<-LNP858;LNP194<-LNP194;LNP195<-LNP782;LNP782<-LNP195;LNP854<-LNP193;LNP858<-LNP854,0.30194805194805185,0.0,0.5520682502363536,0.0,0.4307359307359307,0.0,0.5194805194805195,0.035714285714285754,0.5183946488294314,0.03924571265921861,0.040291148201269084,0.07465155483847166
water_penetration,1,640,False,LNP193<-LNP858;LNP194<-LNP194;LNP195<-LNP782;LNP782<-LNP195;LNP854<-LNP854;LNP858<-LNP193,0.30194805194805185,0.0,0.5520682502363536,0.0,0.4307359307359307,0.0,0.5194805194805195,0.035714285714285754,0.5183946488294314,0.03924571265921861,0.040291148201269084,0.07465155483847166
water_penetration,1,641,False,LNP193<-LNP858;LNP194<-LNP194;LNP195<-LNP782;LNP782<-LNP854;LNP854<-LNP193;LNP858<-LNP195,0.29220779220779214,-0.009740259740259716,0.5486591593272627,-0.003409090909090917,0.4247835497835497,-0.005952380952380987,0.4837662337662338,0.0,0.4791489361702128,0.0,-0.03436040663720258,0.0
water_penetration,1,642,False,LNP193<-LNP858;LNP194<-LNP194;LNP195<-LNP782;LNP782<-LNP854;LNP854<-LNP195;LNP858<-LNP193,0.29220779220779214,-0.009740259740259716,0.5486591593272627,-0.003409090909090917,0.4247835497835497,-0.005952380952380987,0.4837662337662338,0.0,0.4791489361702128,0.0,-0.03436040663720258,0.0
water_penetration,1,643,False,LNP193<-LNP858;LNP194<-LNP194;LNP195<-LNP854;LNP782<-LNP193;LNP854<-LNP195;LNP858<-LNP782,0.29220779220779214,-0.009740259740259716,0.5486591593272627,-0.003409090909090917,0.4247835497835497,-0.005952380952380987,0.4837662337662338,0.0,0.4791489361702128,0.0,-0.03436040663720258,0.0
water_penetration,1,644,False,LNP193<-LNP858;LNP194<-LNP194;LNP195<-LNP854;LNP782<-LNP193;LNP854<-LNP782;LNP858<-LNP195,0.29220779220779214,-0.009740259740259716,0.5486591593272627,-0.003409090909090917,0.4247835497835497,-0.005952380952380987,0.4837662337662338,0.0,0.4791489361702128,0.0,-0.03436040663720258,0.0
water_penetration,1,645,False,LNP193<-LNP858;LNP194<-LNP194;LNP195<-LNP854;LNP782<-LNP195;LNP854<-LNP193;LNP858<-LNP782,0.30194805194805185,0.0,0.5520682502363536,0.0,0.4307359307359307,0.0,0.5194805194805195,0.035714285714285754,0.5183946488294314,0.03924571265921861,0.040291148201269084,0.07465155483847166
water_penetration,1,646,False,LNP193<-LNP858;LNP194<-LNP194;LNP195<-LNP854;LNP782<-LNP195;LNP854<-LNP782;LNP858<-LNP193,0.30194805194805185,0.0,0.5520682502363536,0.0,0.4307359307359307,0.0,0.5194805194805195,0.035714285714285754,0.5183946488294314,0.03924571265921861,0.040291148201269084,0.07465155483847166
water_penetration,1,647,False,LNP193<-LNP858;LNP194<-LNP194;LNP195<-LNP854;LNP782<-LNP782;LNP854<-LNP193;LNP858<-LNP195,0.29220779220779214,-0.009740259740259716,0.5486591593272627,-0.003409090909090917,0.4247835497835497,-0.005952380952380987,0.4837662337662338,0.0,0.4791489361702128,0.0,-0.03436040663720258,0.0
water_penetration,1,648,False,LNP193<-LNP858;LNP194<-LNP194;LNP195<-LNP854;LNP782<-LNP782;LNP854<-LNP195;LNP858<-LNP193,0.29220779220779214,-0.009740259740259716,0.5486591593272627,-0.003409090909090917,0.4247835497835497,-0.005952380952380987,0.4837662337662338,0.0,0.4791489361702128,0.0,-0.03436040663720258,0.0
water_penetration,1,649,False,LNP193<-LNP858;LNP194<-LNP195;LNP195<-LNP193;LNP782<-LNP194;LNP854<-LNP782;LNP858<-LNP854,0.3181818181818181,0.016233766233766267,0.556725076394194,0.004656826157840355,0.488095238095238,0.05735930735930733,0.5194805194805195,0.035714285714285754,0.5183946488294314,0.03924571265921861,0.040291148201269084,0.07465155483847166
water_penetration,1,650,False,LNP193<-LNP858;LNP194<-LNP195;LNP195<-LNP193;LNP782<-LNP194;LNP854<-LNP854;LNP858<-LNP782,0.3181818181818181,0.016233766233766267,0.556725076394194,0.004656826157840355,0.488095238095238,0.05735930735930733,0.5194805194805195,0.035714285714285754,0.5183946488294314,0.03924571265921861,0.040291148201269084,0.07465155483847166
water_penetration,1,651,False,LNP193<-LNP858;LNP194<-LNP195;LNP195<-LNP193;LNP782<-LNP782;LNP854<-LNP194;LNP858<-LNP854,0.30844155844155835,0.006493506493506496,0.5537022371644582,0.0016339869281045694,0.4783549783549783,0.047619047619047616,0.5194805194805195,0.035714285714285754,0.5183946488294314,0.03924571265921861,0.040291148201269084,0.07465155483847166
water_penetration,1,652,False,LNP193<-LNP858;LNP194<-LNP195;LNP195<-LNP193;LNP782<-LNP782;LNP854<-LNP854;LNP858<-LNP194,0.30844155844155835,0.006493506493506496,0.5537022371644582,0.0016339869281045694,0.4783549783549783,0.047619047619047616,0.5194805194805195,0.035714285714285754,0.5183946488294314,0.03924571265921861,0.040291148201269084,0.07465155483847166
water_penetration,1,653,False,LNP193<-LNP858;LNP194<-LNP195;LNP195<-LNP193;LNP782<-LNP854;LNP854<-LNP194;LNP858<-LNP782,0.30844155844155835,0.006493506493506496,0.5537022371644582,0.0016339869281045694,0.4783549783549783,0.047619047619047616,0.5194805194805195,0.035714285714285754,0.5183946488294314,0.03924571265921861,0.040291148201269084,0.07465155483847166
water_penetration,1,654,False,LNP193<-LNP858;LNP194<-LNP195;LNP195<-LNP193;LNP782<-LNP854;LNP854<-LNP782;LNP858<-LNP194,0.30844155844155835,0.006493506493506496,0.5537022371644582,0.0016339869281045694,0.4783549783549783,0.047619047619047616,0.5194805194805195,0.035714285714285754,0.5183946488294314,0.03924571265921861,0.040291148201269084,0.07465155483847166
water_penetration,1,655,False,LNP193<-LNP858;LNP194<-LNP195;LNP195<-LNP194;LNP782<-LNP193;LNP854<-LNP782;LNP858<-LNP854,0.3181818181818181,0.016233766233766267,0.556725076394194,0.004656826157840355,0.488095238095238,0.05735930735930733,0.5194805194805195,0.035714285714285754,0.5183946488294314,0.03924571265921861,0.040291148201269084,0.07465155483847166
water_penetration,1,656,False,LNP193<-LNP858;LNP194<-LNP195;LNP195<-LNP194;LNP782<-LNP193;LNP854<-LNP854;LNP858<-LNP782,0.30844155844155835,0.006493506493506496,0.5537022371644582,0.0016339869281045694,0.4783549783549783,0.047619047619047616,0.5194805194805195,0.035714285714285754,0.5183946488294314,0.03924571265921861,0.040291148201269084,0.07465155483847166
water_penetration,1,657,False,LNP193<-LNP858;LNP194<-LNP195;LNP195<-LNP194;LNP782<-LNP782;LNP854<-LNP193;LNP858<-LNP854,0.30844155844155835,0.006493506493506496,0.5537022371644582,0.0016339869281045694,0.4783549783549783,0.047619047619047616,0.5194805194805195,0.035714285714285754,0.5183946488294314,0.03924571265921861,0.040291148201269084,0.07465155483847166
water_penetration,1,658,False,LNP193<-LNP858;LNP194<-LNP195;LNP195<-LNP194;LNP782<-LNP782;LNP854<-LNP854;LNP858<-LNP193,0.30844155844155835,0.006493506493506496,0.5537022371644582,0.0016339869281045694,0.4783549783549783,0.047619047619047616,0.5194805194805195,0.035714285714285754,0.5183946488294314,0.03924571265921861,0.040291148201269084,0.07465155483847166
water_penetration,1,659,False,LNP193<-LNP858;LNP194<-LNP195;LNP195<-LNP194;LNP782<-LNP854;LNP854<-LNP193;LNP858<-LNP782,0.30844155844155835,0.006493506493506496,0.5537022371644582,0.0016339869281045694,0.4783549783549783,0.047619047619047616,0.5194805194805195,0.035714285714285754,0.5183946488294314,0.03924571265921861,0.040291148201269084,0.07465155483847166
water_penetration,1,660,False,LNP193<-LNP858;LNP194<-LNP195;LNP195<-LNP194;LNP782<-LNP854;LNP854<-LNP782;LNP858<-LNP193,0.3181818181818181,0.016233766233766267,0.556725076394194,0.004656826157840355,0.488095238095238,0.05735930735930733,0.5194805194805195,0.035714285714285754,0.5183946488294314,0.03924571265921861,0.040291148201269084,0.07465155483847166
water_penetration,1,661,False,LNP193<-LNP858;LNP194<-LNP195;LNP195<-LNP782;LNP782<-LNP193;LNP854<-LNP194;LNP858<-LNP854,0.30844155844155835,0.006493506493506496,0.5537022371644582,0.0016339869281045694,0.4783549783549783,0.047619047619047616,0.5194805194805195,0.035714285714285754,0.5183946488294314,0.03924571265921861,0.040291148201269084,0.07465155483847166
water_penetration,1,662,False,LNP193<-LNP858;LNP194<-LNP195;LNP195<-LNP782;LNP782<-LNP193;LNP854<-LNP854;LNP858<-LNP194,0.30844155844155835,0.006493506493506496,0.5537022371644582,0.0016339869281045694,0.4783549783549783,0.047619047619047616,0.5194805194805195,0.035714285714285754,0.5183946488294314,0.03924571265921861,0.040291148201269084,0.07465155483847166
water_penetration,1,663,False,LNP193<-LNP858;LNP194<-LNP195;LNP195<-LNP782;LNP782<-LNP194;LNP854<-LNP193;LNP858<-LNP854,0.3181818181818181,0.016233766233766267,0.556725076394194,0.004656826157840355,0.488095238095238,0.05735930735930733,0.5194805194805195,0.035714285714285754,0.5183946488294314,0.03924571265921861,0.040291148201269084,0.07465155483847166
water_penetration,1,664,False,LNP193<-LNP858;LNP194<-LNP195;LNP195<-LNP782;LNP782<-LNP194;LNP854<-LNP854;LNP858<-LNP193,0.3181818181818181,0.016233766233766267,0.556725076394194,0.004656826157840355,0.488095238095238,0.05735930735930733,0.5194805194805195,0.035714285714285754,0.5183946488294314,0.03924571265921861,0.040291148201269084,0.07465155483847166
water_penetration,1,665,False,LNP193<-LNP858;LNP194<-LNP195;LNP195<-LNP782;LNP782<-LNP854;LNP854<-LNP193;LNP858<-LNP194,0.30844155844155835,0.006493506493506496,0.5537022371644582,0.0016339869281045694,0.4783549783549783,0.047619047619047616,0.5194805194805195,0.035714285714285754,0.5183946488294314,0.03924571265921861,0.040291148201269084,0.07465155483847166
water_penetration,1,666,False,LNP193<-LNP858;LNP194<-LNP195;LNP195<-LNP782;LNP782<-LNP854;LNP854<-LNP194;LNP858<-LNP193,0.30844155844155835,0.006493506493506496,0.5537022371644582,0.0016339869281045694,0.4783549783549783,0.047619047619047616,0.5194805194805195,0.035714285714285754,0.5183946488294314,0.03924571265921861,0.040291148201269084,0.07465155483847166
water_penetration,1,667,False,LNP193<-LNP858;LNP194<-LNP195;LNP195<-LNP854;LNP782<-LNP193;LNP854<-LNP194;LNP858<-LNP782,0.30844155844155835,0.006493506493506496,0.5537022371644582,0.0016339869281045694,0.4783549783549783,0.047619047619047616,0.5194805194805195,0.035714285714285754,0.5183946488294314,0.03924571265921861,0.040291148201269084,0.07465155483847166
water_penetration,1,668,False,LNP193<-LNP858;LNP194<-LNP195;LNP195<-LNP854;LNP782<-LNP193;LNP854<-LNP782;LNP858<-LNP194,0.30844155844155835,0.006493506493506496,0.5537022371644582,0.0016339869281045694,0.4783549783549783,0.047619047619047616,0.5194805194805195,0.035714285714285754,0.5183946488294314,0.03924571265921861,0.040291148201269084,0.07465155483847166
water_penetration,1,669,False,LNP193<-LNP858;LNP194<-LNP195;LNP195<-LNP854;LNP782<-LNP194;LNP854<-LNP193;LNP858<-LNP782,0.3181818181818181,0.016233766233766267,0.556725076394194,0.004656826157840355,0.488095238095238,0.05735930735930733,0.5194805194805195,0.035714285714285754,0.5183946488294314,0.03924571265921861,0.040291148201269084,0.07465155483847166
water_penetration,1,670,False,LNP193<-LNP858;LNP194<-LNP195;LNP195<-LNP854;LNP782<-LNP194;LNP854<-LNP782;LNP858<-LNP193,0.3181818181818181,0.016233766233766267,0.556725076394194,0.004656826157840355,0.488095238095238,0.05735930735930733,0.5194805194805195,0.035714285714285754,0.5183946488294314,0.03924571265921861,0.040291148201269084,0.07465155483847166
water_penetration,1,671,False,LNP193<-LNP858;LNP194<-LNP195;LNP195<-LNP854;LNP782<-LNP782;LNP854<-LNP193;LNP858<-LNP194,0.30844155844155835,0.006493506493506496,0.5537022371644582,0.0016339869281045694,0.4783549783549783,0.047619047619047616,0.5194805194805195,0.035714285714285754,0.5183946488294314,0.03924571265921861,0.040291148201269084,0.07465155483847166
water_penetration,1,672,False,LNP193<-LNP858;LNP194<-LNP195;LNP195<-LNP854;LNP782<-LNP782;LNP854<-LNP194;LNP858<-LNP193,0.30844155844155835,0.006493506493506496,0.5537022371644582,0.0016339869281045694,0.4783549783549783,0.047619047619047616,0.5194805194805195,0.035714285714285754,0.5183946488294314,0.03924571265921861,0.040291148201269084,0.07465155483847166
water_penetration,1,673,False,LNP193<-LNP858;LNP194<-LNP782;LNP195<-LNP193;LNP782<-LNP194;LNP854<-LNP195;LNP858<-LNP854,0.30194805194805185,0.0,0.5520682502363536,0.0,0.4307359307359307,0.0,0.4837662337662338,0.0,0.4791489361702128,0.0,-0.03436040663720258,0.0
water_penetration,1,674,False,LNP193<-LNP858;LNP194<-LNP782;LNP195<-LNP193;LNP782<-LNP194;LNP854<-LNP854;LNP858<-LNP195,0.29220779220779214,-0.009740259740259716,0.5486591593272627,-0.003409090909090917,0.4247835497835497,-0.005952380952380987,0.4837662337662338,0.0,0.4791489361702128,0.0,-0.03436040663720258,0.0
water_penetration,1,675,False,LNP193<-LNP858;LNP194<-LNP782;LNP195<-LNP193;LNP782<-LNP195;LNP854<-LNP194;LNP858<-LNP854,0.30194805194805185,0.0,0.5520682502363536,0.0,0.4307359307359307,0.0,0.5194805194805195,0.035714285714285754,0.5183946488294314,0.03924571265921861,0.040291148201269084,0.07465155483847166
water_penetration,1,676,False,LNP193<-LNP858;LNP194<-LNP782;LNP195<-LNP193;LNP782<-LNP195;LNP854<-LNP854;LNP858<-LNP194,0.30194805194805185,0.0,0.5520682502363536,0.0,0.4307359307359307,0.0,0.5194805194805195,0.035714285714285754,0.5183946488294314,0.03924571265921861,0.040291148201269084,0.07465155483847166
water_penetration,1,677,False,LNP193<-LNP858;LNP194<-LNP782;LNP195<-LNP193;LNP782<-LNP854;LNP854<-LNP194;LNP858<-LNP195,0.30194805194805185,0.0,0.5520682502363536,0.0,0.4307359307359307,0.0,0.4837662337662338,0.0,0.4791489361702128,0.0,-0.03436040663720258,0.0
water_penetration,1,678,False,LNP193<-LNP858;LNP194<-LNP782;LNP195<-LNP193;LNP782<-LNP854;LNP854<-LNP195;LNP858<-LNP194,0.30194805194805185,0.0,0.5520682502363536,0.0,0.4307359307359307,0.0,0.4837662337662338,0.0,0.4791489361702128,0.0,-0.03436040663720258,0.0
water_penetration,1,679,False,LNP193<-LNP858;LNP194<-LNP782;LNP195<-LNP194;LNP782<-LNP193;LNP854<-LNP195;LNP858<-LNP854,0.29220779220779214,-0.009740259740259716,0.5486591593272627,-0.003409090909090917,0.4247835497835497,-0.005952380952380987,0.4837662337662338,0.0,0.4791489361702128,0.0,-0.03436040663720258,0.0
water_penetration,1,680,False,LNP193<-LNP858;LNP194<-LNP782;LNP195<-LNP194;LNP782<-LNP193;LNP854<-LNP854;LNP858<-LNP195,0.30194805194805185,0.0,0.5520682502363536,0.0,0.4307359307359307,0.0,0.4837662337662338,0.0,0.4791489361702128,0.0,-0.03436040663720258,0.0
water_penetration,1,681,False,LNP193<-LNP858;LNP194<-LNP782;LNP195<-LNP194;LNP782<-LNP195;LNP854<-LNP193;LNP858<-LNP854,0.30194805194805185,0.0,0.5520682502363536,0.0,0.4307359307359307,0.0,0.5194805194805195,0.035714285714285754,0.5183946488294314,0.03924571265921861,0.040291148201269084,0.07465155483847166
water_penetration,1,682,False,LNP193<-LNP858;LNP194<-LNP782;LNP195<-LNP194;LNP782<-LNP195;LNP854<-LNP854;LNP858<-LNP193,0.30194805194805185,0.0,0.5520682502363536,0.0,0.4307359307359307,0.0,0.5194805194805195,0.035714285714285754,0.5183946488294314,0.03924571265921861,0.040291148201269084,0.07465155483847166
water_penetration,1,683,False,LNP193<-LNP858;LNP194<-LNP782;LNP195<-LNP194;LNP782<-LNP854;LNP854<-LNP193;LNP858<-LNP195,0.29220779220779214,-0.009740259740259716,0.5486591593272627,-0.003409090909090917,0.4247835497835497,-0.005952380952380987,0.4837662337662338,0.0,0.4791489361702128,0.0,-0.03436040663720258,0.0
water_penetration,1,684,False,LNP193<-LNP858;LNP194<-LNP782;LNP195<-LNP194;LNP782<-LNP854;LNP854<-LNP195;LNP858<-LNP193,0.29220779220779214,-0.009740259740259716,0.5486591593272627,-0.003409090909090917,0.4247835497835497,-0.005952380952380987,0.4837662337662338,0.0,0.4791489361702128,0.0,-0.03436040663720258,0.0
water_penetration,1,685,False,LNP193<-LNP858;LNP194<-LNP782;LNP195<-LNP195;LNP782<-LNP193;LNP854<-LNP194;LNP858<-LNP854,0.2727272727272727,-0.029220779220779147,0.5431260658533386,-0.008942184383015084,0.3926406926406926,-0.03809523809523807,0.4837662337662338,0.0,0.4791489361702128,0.0,-0.03436040663720258,0.0
water_penetration,1,686,False,LNP193<-LNP858;LNP194<-LNP782;LNP195<-LNP195;LNP782<-LNP193;LNP854<-LNP854;LNP858<-LNP194,0.29220779220779214,-0.009740259740259716,0.5486591593272627,-0.003409090909090917,0.4247835497835497,-0.005952380952380987,0.4837662337662338,0.0,0.4791489361702128,0.0,-0.03436040663720258,0.0
water_penetration,1,687,False,LNP193<-LNP858;LNP194<-LNP782;LNP195<-LNP195;LNP782<-LNP194;LNP854<-LNP193;LNP858<-LNP854,0.2824675324675324,-0.01948051948051943,0.5459473824677586,-0.006120867768594995,0.4018243661100803,-0.028911564625850372,0.4837662337662338,0.0,0.4791489361702128,0.0,-0.03436040663720258,0.0
water_penetration,1,688,False,LNP193<-LNP858;LNP194<-LNP782;LNP195<-LNP195;LNP782<-LNP194;LNP854<-LNP854;LNP858<-LNP193,0.29220779220779214,-0.009740259740259716,0.5486591593272627,-0.003409090909090917,0.4247835497835497,-0.005952380952380987,0.4837662337662338,0.0,0.4791489361702128,0.0,-0.03436040663720258,0.0
water_penetration,1,689,False,LNP193<-LNP858;LNP194<-LNP782;LNP195<-LNP195;LNP782<-LNP854;LNP854<-LNP193;LNP858<-LNP194,0.2824675324675324,-0.01948051948051943,0.5459473824677586,-0.006120867768594995,0.4018243661100803,-0.028911564625850372,0.4837662337662338,0.0,0.4791489361702128,0.0,-0.03436040663720258,0.0
water_penetration,1,690,False,LNP193<-LNP858;LNP194<-LNP782;LNP195<-LNP195;LNP782<-LNP854;LNP854<-LNP194;LNP858<-LNP193,0.2727272727272727,-0.029220779220779147,0.5431260658533386,-0.008942184383015084,0.3926406926406926,-0.03809523809523807,0.4837662337662338,0.0,0.4791489361702128,0.0,-0.03436040663720258,0.0
water_penetration,1,691,False,LNP193<-LNP858;LNP194<-LNP782;LNP195<-LNP854;LNP782<-LNP193;LNP854<-LNP194;LNP858<-LNP195,0.30194805194805185,0.0,0.5520682502363536,0.0,0.4307359307359307,0.0,0.4837662337662338,0.0,0.4791489361702128,0.0,-0.03436040663720258,0.0
water_penetration,1,692,False,LNP193<-LNP858;LNP194<-LNP782;LNP195<-LNP854;LNP782<-LNP193;LNP854<-LNP195;LNP858<-LNP194,0.30194805194805185,0.0,0.5520682502363536,0.0,0.4307359307359307,0.0,0.4837662337662338,0.0,0.4791489361702128,0.0,-0.03436040663720258,0.0
water_penetration,1,693,False,LNP193<-LNP858;LNP194<-LNP782;LNP195<-LNP854;LNP782<-LNP194;LNP854<-LNP193;LNP858<-LNP195,0.29220779220779214,-0.009740259740259716,0.5486591593272627,-0.003409090909090917,0.4247835497835497,-0.005952380952380987,0.4837662337662338,0.0,0.4791489361702128,0.0,-0.03436040663720258,0.0
water_penetration,1,694,False,LNP193<-LNP858;LNP194<-LNP782;LNP195<-LNP854;LNP782<-LNP194;LNP854<-LNP195;LNP858<-LNP193,0.30194805194805185,0.0,0.5520682502363536,0.0,0.4307359307359307,0.0,0.4837662337662338,0.0,0.4791489361702128,0.0,-0.03436040663720258,0.0
water_penetration,1,695,False,LNP193<-LNP858;LNP194<-LNP782;LNP195<-LNP854;LNP782<-LNP195;LNP854<-LNP193;LNP858<-LNP194,0.30194805194805185,0.0,0.5520682502363536,0.0,0.4307359307359307,0.0,0.5194805194805195,0.035714285714285754,0.5183946488294314,0.03924571265921861,0.040291148201269084,0.07465155483847166
water_penetration,1,696,False,LNP193<-LNP858;LNP194<-LNP782;LNP195<-LNP854;LNP782<-LNP195;LNP854<-LNP194;LNP858<-LNP193,0.30194805194805185,0.0,0.5520682502363536,0.0,0.4307359307359307,0.0,0.5194805194805195,0.035714285714285754,0.5183946488294314,0.03924571265921861,0.040291148201269084,0.07465155483847166
water_penetration,1,697,False,LNP193<-LNP858;LNP194<-LNP854;LNP195<-LNP193;LNP782<-LNP194;LNP854<-LNP195;LNP858<-LNP782,0.30194805194805185,0.0,0.5520682502363536,0.0,0.4307359307359307,0.0,0.4837662337662338,0.0,0.4791489361702128,0.0,-0.03436040663720258,0.0
water_penetration,1,698,False,LNP193<-LNP858;LNP194<-LNP854;LNP195<-LNP193;LNP782<-LNP194;LNP854<-LNP782;LNP858<-LNP195,0.29220779220779214,-0.009740259740259716,0.5486591593272627,-0.003409090909090917,0.4247835497835497,-0.005952380952380987,0.4837662337662338,0.0,0.4791489361702128,0.0,-0.03436040663720258,0.0
water_penetration,1,699,False,LNP193<-LNP858;LNP194<-LNP854;LNP195<-LNP193;LNP782<-LNP195;LNP854<-LNP194;LNP858<-LNP782,0.30194805194805185,0.0,0.5520682502363536,0.0,0.4307359307359307,0.0,0.5194805194805195,0.035714285714285754,0.5183946488294314,0.03924571265921861,0.040291148201269084,0.07465155483847166
water_penetration,1,700,False,LNP193<-LNP858;LNP194<-LNP854;LNP195<-LNP193;LNP782<-LNP195;LNP854<-LNP782;LNP858<-LNP194,0.30194805194805185,0.0,0.5520682502363536,0.0,0.4307359307359307,0.0,0.5194805194805195,0.035714285714285754,0.5183946488294314,0.03924571265921861,0.040291148201269084,0.07465155483847166
water_penetration,1,701,False,LNP193<-LNP858;LNP194<-LNP854;LNP195<-LNP193;LNP782<-LNP782;LNP854<-LNP194;LNP858<-LNP195,0.30194805194805185,0.0,0.5520682502363536,0.0,0.4307359307359307,0.0,0.4837662337662338,0.0,0.4791489361702128,0.0,-0.03436040663720258,0.0
water_penetration,1,702,False,LNP193<-LNP858;LNP194<-LNP854;LNP195<-LNP193;LNP782<-LNP782;LNP854<-LNP195;LNP858<-LNP194,0.30194805194805185,0.0,0.5520682502363536,0.0,0.4307359307359307,0.0,0.4837662337662338,0.0,0.4791489361702128,0.0,-0.03436040663720258,0.0
water_penetration,1,703,False,LNP193<-LNP858;LNP194<-LNP854;LNP195<-LNP194;LNP782<-LNP193;LNP854<-LNP195;LNP858<-LNP782,0.29220779220779214,-0.009740259740259716,0.5486591593272627,-0.003409090909090917,0.4247835497835497,-0.005952380952380987,0.4837662337662338,0.0,0.4791489361702128,0.0,-0.03436040663720258,0.0
water_penetration,1,704,False,LNP193<-LNP858;LNP194<-LNP854;LNP195<-LNP194;LNP782<-LNP193;LNP854<-LNP782;LNP858<-LNP195,0.30194805194805185,0.0,0.5520682502363536,0.0,0.4307359307359307,0.0,0.4837662337662338,0.0,0.4791489361702128,0.0,-0.03436040663720258,0.0
water_penetration,1,705,False,LNP193<-LNP858;LNP194<-LNP854;LNP195<-LNP194;LNP782<-LNP195;LNP854<-LNP193;LNP858<-LNP782,0.30194805194805185,0.0,0.5520682502363536,0.0,0.4307359307359307,0.0,0.5194805194805195,0.035714285714285754,0.5183946488294314,0.03924571265921861,0.040291148201269084,0.07465155483847166
water_penetration,1,706,False,LNP193<-LNP858;LNP194<-LNP854;LNP195<-LNP194;LNP782<-LNP195;LNP854<-LNP782;LNP858<-LNP193,0.30194805194805185,0.0,0.5520682502363536,0.0,0.4307359307359307,0.0,0.5194805194805195,0.035714285714285754,0.5183946488294314,0.03924571265921861,0.040291148201269084,0.07465155483847166
water_penetration,1,707,False,LNP193<-LNP858;LNP194<-LNP854;LNP195<-LNP194;LNP782<-LNP782;LNP854<-LNP193;LNP858<-LNP195,0.29220779220779214,-0.009740259740259716,0.5486591593272627,-0.003409090909090917,0.4247835497835497,-0.005952380952380987,0.4837662337662338,0.0,0.4791489361702128,0.0,-0.03436040663720258,0.0
water_penetration,1,708,False,LNP193<-LNP858;LNP194<-LNP854;LNP195<-LNP194;LNP782<-LNP782;LNP854<-LNP195;LNP858<-LNP193,0.29220779220779214,-0.009740259740259716,0.5486591593272627,-0.003409090909090917,0.4247835497835497,-0.005952380952380987,0.4837662337662338,0.0,0.4791489361702128,0.0,-0.03436040663720258,0.0
water_penetration,1,709,False,LNP193<-LNP858;LNP194<-LNP854;LNP195<-LNP195;LNP782<-LNP193;LNP854<-LNP194;LNP858<-LNP782,0.2727272727272727,-0.029220779220779147,0.5431260658533386,-0.008942184383015084,0.3926406926406926,-0.03809523809523807,0.4837662337662338,0.0,0.4791489361702128,0.0,-0.03436040663720258,0.0
water_penetration,1,710,False,LNP193<-LNP858;LNP194<-LNP854;LNP195<-LNP195;LNP782<-LNP193;LNP854<-LNP782;LNP858<-LNP194,0.29220779220779214,-0.009740259740259716,0.5486591593272627,-0.003409090909090917,0.4247835497835497,-0.005952380952380987,0.4837662337662338,0.0,0.4791489361702128,0.0,-0.03436040663720258,0.0
water_penetration,1,711,False,LNP193<-LNP858;LNP194<-LNP854;LNP195<-LNP195;LNP782<-LNP194;LNP854<-LNP193;LNP858<-LNP782,0.2824675324675324,-0.01948051948051943,0.5459473824677586,-0.006120867768594995,0.4018243661100803,-0.028911564625850372,0.4837662337662338,0.0,0.4791489361702128,0.0,-0.03436040663720258,0.0
water_penetration,1,712,False,LNP193<-LNP858;LNP194<-LNP854;LNP195<-LNP195;LNP782<-LNP194;LNP854<-LNP782;LNP858<-LNP193,0.29220779220779214,-0.009740259740259716,0.5486591593272627,-0.003409090909090917,0.4247835497835497,-0.005952380952380987,0.4837662337662338,0.0,0.4791489361702128,0.0,-0.03436040663720258,0.0
water_penetration,1,713,False,LNP193<-LNP858;LNP194<-LNP854;LNP195<-LNP195;LNP782<-LNP782;LNP854<-LNP193;LNP858<-LNP194,0.2824675324675324,-0.01948051948051943,0.5459473824677586,-0.006120867768594995,0.4018243661100803,-0.028911564625850372,0.4837662337662338,0.0,0.4791489361702128,0.0,-0.03436040663720258,0.0
water_penetration,1,714,False,LNP193<-LNP858;LNP194<-LNP854;LNP195<-LNP195;LNP782<-LNP782;LNP854<-LNP194;LNP858<-LNP193,0.2727272727272727,-0.029220779220779147,0.5431260658533386,-0.008942184383015084,0.3926406926406926,-0.03809523809523807,0.4837662337662338,0.0,0.4791489361702128,0.0,-0.03436040663720258,0.0
water_penetration,1,715,False,LNP193<-LNP858;LNP194<-LNP854;LNP195<-LNP782;LNP782<-LNP193;LNP854<-LNP194;LNP858<-LNP195,0.30194805194805185,0.0,0.5520682502363536,0.0,0.4307359307359307,0.0,0.4837662337662338,0.0,0.4791489361702128,0.0,-0.03436040663720258,0.0
water_penetration,1,716,False,LNP193<-LNP858;LNP194<-LNP854;LNP195<-LNP782;LNP782<-LNP193;LNP854<-LNP195;LNP858<-LNP194,0.30194805194805185,0.0,0.5520682502363536,0.0,0.4307359307359307,0.0,0.4837662337662338,0.0,0.4791489361702128,0.0,-0.03436040663720258,0.0
water_penetration,1,717,False,LNP193<-LNP858;LNP194<-LNP854;LNP195<-LNP782;LNP782<-LNP194;LNP854<-LNP193;LNP858<-LNP195,0.29220779220779214,-0.009740259740259716,0.5486591593272627,-0.003409090909090917,0.4247835497835497,-0.005952380952380987,0.4837662337662338,0.0,0.4791489361702128,0.0,-0.03436040663720258,0.0
water_penetration,1,718,False,LNP193<-LNP858;LNP194<-LNP854;LNP195<-LNP782;LNP782<-LNP194;LNP854<-LNP195;LNP858<-LNP193,0.30194805194805185,0.0,0.5520682502363536,0.0,0.4307359307359307,0.0,0.4837662337662338,0.0,0.4791489361702128,0.0,-0.03436040663720258,0.0
water_penetration,1,719,False,LNP193<-LNP858;LNP194<-LNP854;LNP195<-LNP782;LNP782<-LNP195;LNP854<-LNP193;LNP858<-LNP194,0.30194805194805185,0.0,0.5520682502363536,0.0,0.4307359307359307,0.0,0.5194805194805195,0.035714285714285754,0.5183946488294314,0.03924571265921861,0.040291148201269084,0.07465155483847166
water_penetration,1,720,False,LNP193<-LNP858;LNP194<-LNP854;LNP195<-LNP782;LNP782<-LNP195;LNP854<-LNP194;LNP858<-LNP193,0.30194805194805185,0.0,0.5520682502363536,0.0,0.4307359307359307,0.0,0.5194805194805195,0.035714285714285754,0.5183946488294314,0.03924571265921861,0.040291148201269084,0.07465155483847166
