seed,weighting,metric,baseline,baseline_plus_md,delta_md_minus_baseline
2000,row_weighted,roc_auc,0.5,0.6428571428571429,0.1428571428571429
2000,row_weighted,pr_auc_active,0.49173789173789173,0.55995670995671,0.06821881821881826
2000,row_weighted,pr_auc_inactive,0.6168890633176347,0.7745421245421246,0.15765306122448985
2000,row_weighted,balanced_accuracy,0.5357142857142857,0.6309523809523809,0.09523809523809523
2000,row_weighted,macro_f1,0.5357142857142857,0.606060606060606,0.07034632034632027
2000,row_weighted,mcc,0.07142857142857142,0.2828894749305018,0.2114609035019304
2001,row_weighted,roc_auc,0.5238095238095238,0.5952380952380953,0.07142857142857151
2001,row_weighted,pr_auc_active,0.4890572390572391,0.545970695970696,0.05691345691345695
2001,row_weighted,pr_auc_inactive,0.7022065236350951,0.6793040293040293,-0.022902494331065726
2001,row_weighted,balanced_accuracy,0.5357142857142857,0.6309523809523809,0.09523809523809523
2001,row_weighted,macro_f1,0.5357142857142857,0.606060606060606,0.07034632034632027
2001,row_weighted,mcc,0.07142857142857142,0.2828894749305018,0.2114609035019304
2002,row_weighted,roc_auc,0.5238095238095238,0.5952380952380953,0.07142857142857151
2002,row_weighted,pr_auc_active,0.5036426536426536,0.545970695970696,0.04232804232804244
2002,row_weighted,pr_auc_inactive,0.6304945054945055,0.6793040293040293,0.04880952380952386
2002,row_weighted,balanced_accuracy,0.6190476190476191,0.6309523809523809,0.011904761904761862
2002,row_weighted,macro_f1,0.6153846153846154,0.606060606060606,-0.009324009324009452
2002,row_weighted,mcc,0.23809523809523808,0.2828894749305018,0.044794236835263734
2003,row_weighted,roc_auc,0.5476190476190477,0.6428571428571429,0.09523809523809523
2003,row_weighted,pr_auc_active,0.5195156695156695,0.55995670995671,0.040441040441040466
2003,row_weighted,pr_auc_inactive,0.6432496075353218,0.7745421245421246,0.13129251700680278
2003,row_weighted,balanced_accuracy,0.6190476190476191,0.6309523809523809,0.011904761904761862
2003,row_weighted,macro_f1,0.6153846153846154,0.606060606060606,-0.009324009324009452
2003,row_weighted,mcc,0.23809523809523808,0.2828894749305018,0.044794236835263734
2004,row_weighted,roc_auc,0.5,0.6428571428571429,0.1428571428571429
2004,row_weighted,pr_auc_active,0.486975986975987,0.55995670995671,0.072980722980723
2004,row_weighted,pr_auc_inactive,0.6205738705738706,0.7745421245421246,0.15396825396825398
2004,row_weighted,balanced_accuracy,0.5357142857142857,0.6309523809523809,0.09523809523809523
2004,row_weighted,macro_f1,0.5357142857142857,0.606060606060606,0.07034632034632027
2004,row_weighted,mcc,0.07142857142857142,0.2828894749305018,0.2114609035019304
2005,row_weighted,roc_auc,0.5,0.5952380952380953,0.09523809523809534
2005,row_weighted,pr_auc_active,0.486975986975987,0.545970695970696,0.058994708994709044
2005,row_weighted,pr_auc_inactive,0.6205738705738706,0.6793040293040293,0.058730158730158744
2005,row_weighted,balanced_accuracy,0.5357142857142857,0.7023809523809523,0.16666666666666663
2005,row_weighted,macro_f1,0.5357142857142857,0.6904761904761905,0.15476190476190477
2005,row_weighted,mcc,0.07142857142857142,0.4147575310031266,0.3433289595745552
2006,row_weighted,roc_auc,0.5238095238095238,0.6428571428571429,0.11904761904761907
2006,row_weighted,pr_auc_active,0.4890572390572391,0.55995670995671,0.0708994708994709
2006,row_weighted,pr_auc_inactive,0.7022065236350951,0.7745421245421246,0.07233560090702951
2006,row_weighted,balanced_accuracy,0.5357142857142857,0.6309523809523809,0.09523809523809523
2006,row_weighted,macro_f1,0.5357142857142857,0.606060606060606,0.07034632034632027
2006,row_weighted,mcc,0.07142857142857142,0.2828894749305018,0.2114609035019304
2007,row_weighted,roc_auc,0.5238095238095238,0.5952380952380953,0.07142857142857151
2007,row_weighted,pr_auc_active,0.5036426536426536,0.545970695970696,0.04232804232804244
2007,row_weighted,pr_auc_inactive,0.6304945054945055,0.6793040293040293,0.04880952380952386
2007,row_weighted,balanced_accuracy,0.6071428571428572,0.7023809523809523,0.09523809523809512
2007,row_weighted,macro_f1,0.606060606060606,0.6904761904761905,0.0844155844155845
2007,row_weighted,mcc,0.21957751641341997,0.4147575310031266,0.19518001458970666
2008,row_weighted,roc_auc,0.45238095238095244,0.6428571428571429,0.19047619047619047
2008,row_weighted,pr_auc_active,0.46316646316646315,0.55995670995671,0.09679024679024684
2008,row_weighted,pr_auc_inactive,0.5967643467643468,0.7745421245421246,0.1777777777777778
2008,row_weighted,balanced_accuracy,0.4642857142857143,0.7023809523809523,0.23809523809523803
2008,row_weighted,macro_f1,0.46153846153846156,0.6904761904761905,0.2289377289377289
2008,row_weighted,mcc,-0.07142857142857142,0.4147575310031266,0.486186102431698
2009,row_weighted,roc_auc,0.4761904761904762,0.5952380952380953,0.11904761904761912
2009,row_weighted,pr_auc_active,0.475071225071225,0.545970695970696,0.07089947089947102
2009,row_weighted,pr_auc_inactive,0.6069684283969998,0.6793040293040293,0.07233560090702951
2009,row_weighted,balanced_accuracy,0.5357142857142857,0.6309523809523809,0.09523809523809523
2009,row_weighted,macro_f1,0.5357142857142857,0.606060606060606,0.07034632034632027
2009,row_weighted,mcc,0.07142857142857142,0.2828894749305018,0.2114609035019304
2010,row_weighted,roc_auc,0.40476190476190477,0.6428571428571429,0.23809523809523814
2010,row_weighted,pr_auc_active,0.45192307692307687,0.55995670995671,0.10803363303363311
2010,row_weighted,pr_auc_inactive,0.5379208093493808,0.7745421245421246,0.23662131519274376
2010,row_weighted,balanced_accuracy,0.4642857142857143,0.7023809523809523,0.23809523809523803
2010,row_weighted,macro_f1,0.46153846153846156,0.6904761904761905,0.2289377289377289
2010,row_weighted,mcc,-0.07142857142857142,0.4147575310031266,0.486186102431698
2011,row_weighted,roc_auc,0.5,0.6428571428571429,0.1428571428571429
2011,row_weighted,pr_auc_active,0.49173789173789173,0.55995670995671,0.06821881821881826
2011,row_weighted,pr_auc_inactive,0.6168890633176347,0.7745421245421246,0.15765306122448985
2011,row_weighted,balanced_accuracy,0.5357142857142857,0.6309523809523809,0.09523809523809523
2011,row_weighted,macro_f1,0.5357142857142857,0.606060606060606,0.07034632034632027
2011,row_weighted,mcc,0.07142857142857142,0.2828894749305018,0.2114609035019304
2012,row_weighted,roc_auc,0.5,0.6428571428571429,0.1428571428571429
2012,row_weighted,pr_auc_active,0.49173789173789173,0.55995670995671,0.06821881821881826
2012,row_weighted,pr_auc_inactive,0.6168890633176347,0.7745421245421246,0.15765306122448985
2012,row_weighted,balanced_accuracy,0.5357142857142857,0.7023809523809523,0.16666666666666663
2012,row_weighted,macro_f1,0.5357142857142857,0.6904761904761905,0.15476190476190477
2012,row_weighted,mcc,0.07142857142857142,0.4147575310031266,0.3433289595745552
2013,row_weighted,roc_auc,0.4761904761904762,0.6428571428571429,0.16666666666666669
2013,row_weighted,pr_auc_active,0.475071225071225,0.55995670995671,0.08488548488548497
2013,row_weighted,pr_auc_inactive,0.6069684283969998,0.7745421245421246,0.16757369614512474
2013,row_weighted,balanced_accuracy,0.45238095238095233,0.7023809523809523,0.25
2013,row_weighted,macro_f1,0.4484848484848485,0.6904761904761905,0.24199134199134198
2013,row_weighted,mcc,-0.09759000729485333,0.4147575310031266,0.51234753829798
2014,row_weighted,roc_auc,0.5,0.5952380952380953,0.09523809523809534
2014,row_weighted,pr_auc_active,0.49173789173789173,0.545970695970696,0.0542328042328043
2014,row_weighted,pr_auc_inactive,0.6168890633176347,0.6793040293040293,0.06241496598639462
2014,row_weighted,balanced_accuracy,0.5357142857142857,0.6309523809523809,0.09523809523809523
2014,row_weighted,macro_f1,0.5357142857142857,0.606060606060606,0.07034632034632027
2014,row_weighted,mcc,0.07142857142857142,0.2828894749305018,0.2114609035019304
2015,row_weighted,roc_auc,0.5238095238095238,0.6428571428571429,0.11904761904761907
2015,row_weighted,pr_auc_active,0.5036426536426536,0.55995670995671,0.05631405631405639
2015,row_weighted,pr_auc_inactive,0.6304945054945055,0.7745421245421246,0.1440476190476191
2015,row_weighted,balanced_accuracy,0.5357142857142857,0.6309523809523809,0.09523809523809523
2015,row_weighted,macro_f1,0.5357142857142857,0.606060606060606,0.07034632034632027
2015,row_weighted,mcc,0.07142857142857142,0.2828894749305018,0.2114609035019304
2016,row_weighted,roc_auc,0.5238095238095238,0.5952380952380953,0.07142857142857151
2016,row_weighted,pr_auc_active,0.4890572390572391,0.545970695970696,0.05691345691345695
2016,row_weighted,pr_auc_inactive,0.7022065236350951,0.6793040293040293,-0.022902494331065726
2016,row_weighted,balanced_accuracy,0.5357142857142857,0.7023809523809523,0.16666666666666663
2016,row_weighted,macro_f1,0.5357142857142857,0.6904761904761905,0.15476190476190477
2016,row_weighted,mcc,0.07142857142857142,0.4147575310031266,0.3433289595745552
2017,row_weighted,roc_auc,0.4761904761904762,0.5952380952380953,0.11904761904761912
2017,row_weighted,pr_auc_active,0.475071225071225,0.545970695970696,0.07089947089947102
2017,row_weighted,pr_auc_inactive,0.6069684283969998,0.6793040293040293,0.07233560090702951
2017,row_weighted,balanced_accuracy,0.45238095238095233,0.7023809523809523,0.25
2017,row_weighted,macro_f1,0.4484848484848485,0.6904761904761905,0.24199134199134198
2017,row_weighted,mcc,-0.09759000729485333,0.4147575310031266,0.51234753829798
2018,row_weighted,roc_auc,0.4761904761904762,0.5952380952380953,0.11904761904761912
2018,row_weighted,pr_auc_active,0.4777167277167277,0.545970695970696,0.06825396825396834
2018,row_weighted,pr_auc_inactive,0.599145299145299,0.6793040293040293,0.08015873015873032
2018,row_weighted,balanced_accuracy,0.6190476190476191,0.7023809523809523,0.08333333333333326
2018,row_weighted,macro_f1,0.6153846153846154,0.6904761904761905,0.07509157509157505
2018,row_weighted,mcc,0.23809523809523808,0.4147575310031266,0.17666229290788854
2019,row_weighted,roc_auc,0.4761904761904762,0.6428571428571429,0.16666666666666669
2019,row_weighted,pr_auc_active,0.475071225071225,0.55995670995671,0.08488548488548497
2019,row_weighted,pr_auc_inactive,0.6069684283969998,0.7745421245421246,0.16757369614512474
2019,row_weighted,balanced_accuracy,0.4642857142857143,0.6309523809523809,0.16666666666666663
2019,row_weighted,macro_f1,0.46153846153846156,0.606060606060606,0.1445221445221444
2019,row_weighted,mcc,-0.07142857142857142,0.2828894749305018,0.35431804635907327
2020,row_weighted,roc_auc,0.5476190476190477,0.6428571428571429,0.09523809523809523
2020,row_weighted,pr_auc_active,0.5195156695156695,0.55995670995671,0.040441040441040466
2020,row_weighted,pr_auc_inactive,0.6432496075353218,0.7745421245421246,0.13129251700680278
2020,row_weighted,balanced_accuracy,0.6904761904761905,0.7023809523809523,0.011904761904761862
2020,row_weighted,macro_f1,0.6904761904761905,0.6904761904761905,0.0
2020,row_weighted,mcc,0.38095238095238093,0.4147575310031266,0.03380515005074569
2021,row_weighted,roc_auc,0.5238095238095238,0.5952380952380953,0.07142857142857151
2021,row_weighted,pr_auc_active,0.4890572390572391,0.545970695970696,0.05691345691345695
2021,row_weighted,pr_auc_inactive,0.7022065236350951,0.6793040293040293,-0.022902494331065726
2021,row_weighted,balanced_accuracy,0.45238095238095233,0.6309523809523809,0.1785714285714286
2021,row_weighted,macro_f1,0.4484848484848485,0.606060606060606,0.15757575757575748
2021,row_weighted,mcc,-0.09759000729485333,0.2828894749305018,0.38047948222535516
2022,row_weighted,roc_auc,0.4761904761904762,0.5952380952380953,0.11904761904761912
2022,row_weighted,pr_auc_active,0.475071225071225,0.545970695970696,0.07089947089947102
2022,row_weighted,pr_auc_inactive,0.6069684283969998,0.6793040293040293,0.07233560090702951
2022,row_weighted,balanced_accuracy,0.5357142857142857,0.7023809523809523,0.16666666666666663
2022,row_weighted,macro_f1,0.5357142857142857,0.6904761904761905,0.15476190476190477
2022,row_weighted,mcc,0.07142857142857142,0.4147575310031266,0.3433289595745552
2023,row_weighted,roc_auc,0.5,0.6428571428571429,0.1428571428571429
2023,row_weighted,pr_auc_active,0.49173789173789173,0.55995670995671,0.06821881821881826
2023,row_weighted,pr_auc_inactive,0.6168890633176347,0.7745421245421246,0.15765306122448985
2023,row_weighted,balanced_accuracy,0.5357142857142857,0.7023809523809523,0.16666666666666663
2023,row_weighted,macro_f1,0.5357142857142857,0.6904761904761905,0.15476190476190477
2023,row_weighted,mcc,0.07142857142857142,0.4147575310031266,0.3433289595745552
2024,row_weighted,roc_auc,0.4761904761904762,0.5952380952380953,0.11904761904761912
2024,row_weighted,pr_auc_active,0.475071225071225,0.545970695970696,0.07089947089947102
2024,row_weighted,pr_auc_inactive,0.6069684283969998,0.6793040293040293,0.07233560090702951
2024,row_weighted,balanced_accuracy,0.5357142857142857,0.6309523809523809,0.09523809523809523
2024,row_weighted,macro_f1,0.5357142857142857,0.606060606060606,0.07034632034632027
2024,row_weighted,mcc,0.07142857142857142,0.2828894749305018,0.2114609035019304
2025,row_weighted,roc_auc,0.4761904761904762,0.6428571428571429,0.16666666666666669
2025,row_weighted,pr_auc_active,0.475071225071225,0.55995670995671,0.08488548488548497
2025,row_weighted,pr_auc_inactive,0.6069684283969998,0.7745421245421246,0.16757369614512474
2025,row_weighted,balanced_accuracy,0.5357142857142857,0.7023809523809523,0.16666666666666663
2025,row_weighted,macro_f1,0.5357142857142857,0.6904761904761905,0.15476190476190477
2025,row_weighted,mcc,0.07142857142857142,0.4147575310031266,0.3433289595745552
2026,row_weighted,roc_auc,0.4523809523809524,0.6428571428571429,0.19047619047619052
2026,row_weighted,pr_auc_active,0.4658119658119658,0.55995670995671,0.09414474414474416
2026,row_weighted,pr_auc_inactive,0.5855398569684284,0.7745421245421246,0.1890022675736962
2026,row_weighted,balanced_accuracy,0.5357142857142857,0.7023809523809523,0.16666666666666663
2026,row_weighted,macro_f1,0.5357142857142857,0.6904761904761905,0.15476190476190477
2026,row_weighted,mcc,0.07142857142857142,0.4147575310031266,0.3433289595745552
2027,row_weighted,roc_auc,0.5,0.5952380952380953,0.09523809523809534
2027,row_weighted,pr_auc_active,0.49173789173789173,0.545970695970696,0.0542328042328043
2027,row_weighted,pr_auc_inactive,0.6168890633176347,0.6793040293040293,0.06241496598639462
2027,row_weighted,balanced_accuracy,0.5357142857142857,0.7023809523809523,0.16666666666666663
2027,row_weighted,macro_f1,0.5357142857142857,0.6904761904761905,0.15476190476190477
2027,row_weighted,mcc,0.07142857142857142,0.4147575310031266,0.3433289595745552
2028,row_weighted,roc_auc,0.5476190476190477,0.6428571428571429,0.09523809523809523
2028,row_weighted,pr_auc_active,0.5195156695156695,0.55995670995671,0.040441040441040466
2028,row_weighted,pr_auc_inactive,0.6432496075353218,0.7745421245421246,0.13129251700680278
2028,row_weighted,balanced_accuracy,0.6190476190476191,0.7023809523809523,0.08333333333333326
2028,row_weighted,macro_f1,0.6153846153846154,0.6904761904761905,0.07509157509157505
2028,row_weighted,mcc,0.23809523809523808,0.4147575310031266,0.17666229290788854
2029,row_weighted,roc_auc,0.5238095238095238,0.5952380952380953,0.07142857142857151
2029,row_weighted,pr_auc_active,0.4890572390572391,0.545970695970696,0.05691345691345695
2029,row_weighted,pr_auc_inactive,0.7022065236350951,0.6793040293040293,-0.022902494331065726
2029,row_weighted,balanced_accuracy,0.5357142857142857,0.7023809523809523,0.16666666666666663
2029,row_weighted,macro_f1,0.5357142857142857,0.6904761904761905,0.15476190476190477
2029,row_weighted,mcc,0.07142857142857142,0.4147575310031266,0.3433289595745552
2030,row_weighted,roc_auc,0.4761904761904762,0.5952380952380953,0.11904761904761912
2030,row_weighted,pr_auc_active,0.475071225071225,0.545970695970696,0.07089947089947102
2030,row_weighted,pr_auc_inactive,0.6069684283969998,0.6793040293040293,0.07233560090702951
2030,row_weighted,balanced_accuracy,0.5357142857142857,0.6309523809523809,0.09523809523809523
2030,row_weighted,macro_f1,0.5357142857142857,0.606060606060606,0.07034632034632027
2030,row_weighted,mcc,0.07142857142857142,0.2828894749305018,0.2114609035019304
2031,row_weighted,roc_auc,0.4761904761904762,0.6428571428571429,0.16666666666666669
2031,row_weighted,pr_auc_active,0.475071225071225,0.55995670995671,0.08488548488548497
2031,row_weighted,pr_auc_inactive,0.6069684283969998,0.7745421245421246,0.16757369614512474
2031,row_weighted,balanced_accuracy,0.5357142857142857,0.6309523809523809,0.09523809523809523
2031,row_weighted,macro_f1,0.5357142857142857,0.606060606060606,0.07034632034632027
2031,row_weighted,mcc,0.07142857142857142,0.2828894749305018,0.2114609035019304
2032,row_weighted,roc_auc,0.5,0.5952380952380953,0.09523809523809534
2032,row_weighted,pr_auc_active,0.486975986975987,0.545970695970696,0.058994708994709044
2032,row_weighted,pr_auc_inactive,0.6205738705738706,0.6793040293040293,0.058730158730158744
2032,row_weighted,balanced_accuracy,0.6190476190476191,0.6309523809523809,0.011904761904761862
2032,row_weighted,macro_f1,0.6153846153846154,0.606060606060606,-0.009324009324009452
2032,row_weighted,mcc,0.23809523809523808,0.2828894749305018,0.044794236835263734
2033,row_weighted,roc_auc,0.4523809523809524,0.6428571428571429,0.19047619047619052
2033,row_weighted,pr_auc_active,0.4658119658119658,0.55995670995671,0.09414474414474416
2033,row_weighted,pr_auc_inactive,0.5855398569684284,0.7745421245421246,0.1890022675736962
2033,row_weighted,balanced_accuracy,0.4642857142857143,0.6309523809523809,0.16666666666666663
2033,row_weighted,macro_f1,0.46153846153846156,0.606060606060606,0.1445221445221444
2033,row_weighted,mcc,-0.07142857142857142,0.2828894749305018,0.35431804635907327
2034,row_weighted,roc_auc,0.5,0.6428571428571429,0.1428571428571429
2034,row_weighted,pr_auc_active,0.49173789173789173,0.55995670995671,0.06821881821881826
2034,row_weighted,pr_auc_inactive,0.6168890633176347,0.7745421245421246,0.15765306122448985
2034,row_weighted,balanced_accuracy,0.6071428571428572,0.7023809523809523,0.09523809523809512
2034,row_weighted,macro_f1,0.606060606060606,0.6904761904761905,0.0844155844155845
2034,row_weighted,mcc,0.21957751641341997,0.4147575310031266,0.19518001458970666
2035,row_weighted,roc_auc,0.4285714285714286,0.6428571428571429,0.2142857142857143
2035,row_weighted,pr_auc_active,0.45390720390720396,0.55995670995671,0.10604950604950603
2035,row_weighted,pr_auc_inactive,0.5753357753357753,0.7745421245421246,0.19920634920634928
2035,row_weighted,balanced_accuracy,0.45238095238095233,0.7023809523809523,0.25
2035,row_weighted,macro_f1,0.4484848484848485,0.6904761904761905,0.24199134199134198
2035,row_weighted,mcc,-0.09759000729485333,0.4147575310031266,0.51234753829798
2036,row_weighted,roc_auc,0.5,0.6428571428571429,0.1428571428571429
2036,row_weighted,pr_auc_active,0.486975986975987,0.55995670995671,0.072980722980723
2036,row_weighted,pr_auc_inactive,0.6205738705738706,0.7745421245421246,0.15396825396825398
2036,row_weighted,balanced_accuracy,0.5357142857142857,0.6309523809523809,0.09523809523809523
2036,row_weighted,macro_f1,0.5357142857142857,0.606060606060606,0.07034632034632027
2036,row_weighted,mcc,0.07142857142857142,0.2828894749305018,0.2114609035019304
2037,row_weighted,roc_auc,0.4761904761904762,0.6428571428571429,0.16666666666666669
2037,row_weighted,pr_auc_active,0.475071225071225,0.55995670995671,0.08488548488548497
2037,row_weighted,pr_auc_inactive,0.6069684283969998,0.7745421245421246,0.16757369614512474
2037,row_weighted,balanced_accuracy,0.5357142857142857,0.6309523809523809,0.09523809523809523
2037,row_weighted,macro_f1,0.5357142857142857,0.606060606060606,0.07034632034632027
2037,row_weighted,mcc,0.07142857142857142,0.2828894749305018,0.2114609035019304
2038,row_weighted,roc_auc,0.40476190476190477,0.6428571428571429,0.23809523809523814
2038,row_weighted,pr_auc_active,0.45192307692307687,0.55995670995671,0.10803363303363311
2038,row_weighted,pr_auc_inactive,0.5379208093493808,0.7745421245421246,0.23662131519274376
2038,row_weighted,balanced_accuracy,0.5357142857142857,0.6309523809523809,0.09523809523809523
2038,row_weighted,macro_f1,0.5357142857142857,0.606060606060606,0.07034632034632027
2038,row_weighted,mcc,0.07142857142857142,0.2828894749305018,0.2114609035019304
2039,row_weighted,roc_auc,0.4285714285714286,0.6428571428571429,0.2142857142857143
2039,row_weighted,pr_auc_active,0.45390720390720396,0.55995670995671,0.10604950604950603
2039,row_weighted,pr_auc_inactive,0.5753357753357753,0.7745421245421246,0.19920634920634928
2039,row_weighted,balanced_accuracy,0.4642857142857143,0.7023809523809523,0.23809523809523803
2039,row_weighted,macro_f1,0.46153846153846156,0.6904761904761905,0.2289377289377289
2039,row_weighted,mcc,-0.07142857142857142,0.4147575310031266,0.486186102431698
2040,row_weighted,roc_auc,0.5476190476190477,0.5952380952380953,0.04761904761904767
2040,row_weighted,pr_auc_active,0.5057239057239057,0.545970695970696,0.04024679024679034
2040,row_weighted,pr_auc_inactive,0.71212715855573,0.6793040293040293,-0.03282312925170072
2040,row_weighted,balanced_accuracy,0.6071428571428572,0.6309523809523809,0.023809523809523725
2040,row_weighted,macro_f1,0.606060606060606,0.606060606060606,0.0
2040,row_weighted,mcc,0.21957751641341997,0.2828894749305018,0.06331195851708185
2041,row_weighted,roc_auc,0.5,0.5952380952380953,0.09523809523809534
2041,row_weighted,pr_auc_active,0.49173789173789173,0.545970695970696,0.0542328042328043
2041,row_weighted,pr_auc_inactive,0.6168890633176347,0.6793040293040293,0.06241496598639462
2041,row_weighted,balanced_accuracy,0.5357142857142857,0.7023809523809523,0.16666666666666663
2041,row_weighted,macro_f1,0.5357142857142857,0.6904761904761905,0.15476190476190477
2041,row_weighted,mcc,0.07142857142857142,0.4147575310031266,0.3433289595745552
2042,row_weighted,roc_auc,0.4761904761904762,0.5952380952380953,0.11904761904761912
2042,row_weighted,pr_auc_active,0.48247863247863243,0.545970695970696,0.0634920634920636
2042,row_weighted,pr_auc_inactive,0.5954604918890634,0.6793040293040293,0.08384353741496597
2042,row_weighted,balanced_accuracy,0.5357142857142857,0.7023809523809523,0.16666666666666663
2042,row_weighted,macro_f1,0.5357142857142857,0.6904761904761905,0.15476190476190477
2042,row_weighted,mcc,0.07142857142857142,0.4147575310031266,0.3433289595745552
2043,row_weighted,roc_auc,0.4761904761904762,0.5952380952380953,0.11904761904761912
2043,row_weighted,pr_auc_active,0.475071225071225,0.545970695970696,0.07089947089947102
2043,row_weighted,pr_auc_inactive,0.6069684283969998,0.6793040293040293,0.07233560090702951
2043,row_weighted,balanced_accuracy,0.5357142857142857,0.7738095238095238,0.23809523809523814
2043,row_weighted,macro_f1,0.5357142857142857,0.7692307692307693,0.23351648351648358
2043,row_weighted,mcc,0.07142857142857142,0.5476190476190477,0.4761904761904763
2044,row_weighted,roc_auc,0.5,0.5952380952380953,0.09523809523809534
2044,row_weighted,pr_auc_active,0.486975986975987,0.545970695970696,0.058994708994709044
2044,row_weighted,pr_auc_inactive,0.6205738705738706,0.6793040293040293,0.058730158730158744
2044,row_weighted,balanced_accuracy,0.45238095238095233,0.6309523809523809,0.1785714285714286
2044,row_weighted,macro_f1,0.4484848484848485,0.606060606060606,0.15757575757575748
2044,row_weighted,mcc,-0.09759000729485333,0.2828894749305018,0.38047948222535516
2045,row_weighted,roc_auc,0.4523809523809524,0.5952380952380953,0.14285714285714296
2045,row_weighted,pr_auc_active,0.4658119658119658,0.545970695970696,0.08015873015873021
2045,row_weighted,pr_auc_inactive,0.5855398569684284,0.6793040293040293,0.09376417233560097
2045,row_weighted,balanced_accuracy,0.4642857142857143,0.6309523809523809,0.16666666666666663
2045,row_weighted,macro_f1,0.46153846153846156,0.606060606060606,0.1445221445221444
2045,row_weighted,mcc,-0.07142857142857142,0.2828894749305018,0.35431804635907327
2046,row_weighted,roc_auc,0.45238095238095244,0.6428571428571429,0.19047619047619047
2046,row_weighted,pr_auc_active,0.46316646316646315,0.55995670995671,0.09679024679024684
2046,row_weighted,pr_auc_inactive,0.5967643467643468,0.7745421245421246,0.1777777777777778
2046,row_weighted,balanced_accuracy,0.45238095238095233,0.7023809523809523,0.25
2046,row_weighted,macro_f1,0.4484848484848485,0.6904761904761905,0.24199134199134198
2046,row_weighted,mcc,-0.09759000729485333,0.4147575310031266,0.51234753829798
2047,row_weighted,roc_auc,0.5714285714285714,0.5952380952380953,0.023809523809523947
2047,row_weighted,pr_auc_active,0.5176286676286675,0.545970695970696,0.02834202834202848
2047,row_weighted,pr_auc_inactive,0.7257326007326007,0.6793040293040293,-0.046428571428571375
2047,row_weighted,balanced_accuracy,0.5357142857142857,0.6309523809523809,0.09523809523809523
2047,row_weighted,macro_f1,0.5357142857142857,0.606060606060606,0.07034632034632027
2047,row_weighted,mcc,0.07142857142857142,0.2828894749305018,0.2114609035019304
2048,row_weighted,roc_auc,0.5,0.5952380952380953,0.09523809523809534
2048,row_weighted,pr_auc_active,0.49173789173789173,0.545970695970696,0.0542328042328043
2048,row_weighted,pr_auc_inactive,0.6168890633176347,0.6793040293040293,0.06241496598639462
2048,row_weighted,balanced_accuracy,0.6071428571428572,0.6309523809523809,0.023809523809523725
2048,row_weighted,macro_f1,0.606060606060606,0.606060606060606,0.0
2048,row_weighted,mcc,0.21957751641341997,0.2828894749305018,0.06331195851708185
2049,row_weighted,roc_auc,0.4761904761904762,0.6428571428571429,0.16666666666666669
2049,row_weighted,pr_auc_active,0.475071225071225,0.55995670995671,0.08488548488548497
2049,row_weighted,pr_auc_inactive,0.6069684283969998,0.7745421245421246,0.16757369614512474
2049,row_weighted,balanced_accuracy,0.4642857142857143,0.6309523809523809,0.16666666666666663
2049,row_weighted,macro_f1,0.46153846153846156,0.606060606060606,0.1445221445221444
2049,row_weighted,mcc,-0.07142857142857142,0.2828894749305018,0.35431804635907327
2050,row_weighted,roc_auc,0.4523809523809524,0.5952380952380953,0.14285714285714296
2050,row_weighted,pr_auc_active,0.4658119658119658,0.545970695970696,0.08015873015873021
2050,row_weighted,pr_auc_inactive,0.5855398569684284,0.6793040293040293,0.09376417233560097
2050,row_weighted,balanced_accuracy,0.4642857142857143,0.6309523809523809,0.16666666666666663
2050,row_weighted,macro_f1,0.46153846153846156,0.606060606060606,0.1445221445221444
2050,row_weighted,mcc,-0.07142857142857142,0.2828894749305018,0.35431804635907327
2051,row_weighted,roc_auc,0.5,0.6428571428571429,0.1428571428571429
2051,row_weighted,pr_auc_active,0.486975986975987,0.55995670995671,0.072980722980723
2051,row_weighted,pr_auc_inactive,0.6205738705738706,0.7745421245421246,0.15396825396825398
2051,row_weighted,balanced_accuracy,0.5357142857142857,0.6309523809523809,0.09523809523809523
2051,row_weighted,macro_f1,0.5357142857142857,0.606060606060606,0.07034632034632027
2051,row_weighted,mcc,0.07142857142857142,0.2828894749305018,0.2114609035019304
2052,row_weighted,roc_auc,0.5238095238095238,0.5952380952380953,0.07142857142857151
2052,row_weighted,pr_auc_active,0.5036426536426536,0.545970695970696,0.04232804232804244
2052,row_weighted,pr_auc_inactive,0.6304945054945055,0.6793040293040293,0.04880952380952386
2052,row_weighted,balanced_accuracy,0.5357142857142857,0.6309523809523809,0.09523809523809523
2052,row_weighted,macro_f1,0.5357142857142857,0.606060606060606,0.07034632034632027
2052,row_weighted,mcc,0.07142857142857142,0.2828894749305018,0.2114609035019304
2053,row_weighted,roc_auc,0.40476190476190477,0.6428571428571429,0.23809523809523814
2053,row_weighted,pr_auc_active,0.45192307692307687,0.55995670995671,0.10803363303363311
2053,row_weighted,pr_auc_inactive,0.5379208093493808,0.7745421245421246,0.23662131519274376
2053,row_weighted,balanced_accuracy,0.5357142857142857,0.6309523809523809,0.09523809523809523
2053,row_weighted,macro_f1,0.5357142857142857,0.606060606060606,0.07034632034632027
2053,row_weighted,mcc,0.07142857142857142,0.2828894749305018,0.2114609035019304
2054,row_weighted,roc_auc,0.4761904761904762,0.5952380952380953,0.11904761904761912
2054,row_weighted,pr_auc_active,0.475071225071225,0.545970695970696,0.07089947089947102
2054,row_weighted,pr_auc_inactive,0.6069684283969998,0.6793040293040293,0.07233560090702951
2054,row_weighted,balanced_accuracy,0.5357142857142857,0.6309523809523809,0.09523809523809523
2054,row_weighted,macro_f1,0.5357142857142857,0.606060606060606,0.07034632034632027
2054,row_weighted,mcc,0.07142857142857142,0.2828894749305018,0.2114609035019304
2055,row_weighted,roc_auc,0.5,0.6428571428571429,0.1428571428571429
2055,row_weighted,pr_auc_active,0.49173789173789173,0.55995670995671,0.06821881821881826
2055,row_weighted,pr_auc_inactive,0.6168890633176347,0.7745421245421246,0.15765306122448985
2055,row_weighted,balanced_accuracy,0.5357142857142857,0.6309523809523809,0.09523809523809523
2055,row_weighted,macro_f1,0.5357142857142857,0.606060606060606,0.07034632034632027
2055,row_weighted,mcc,0.07142857142857142,0.2828894749305018,0.2114609035019304
2056,row_weighted,roc_auc,0.5238095238095238,0.6428571428571429,0.11904761904761907
2056,row_weighted,pr_auc_active,0.4890572390572391,0.55995670995671,0.0708994708994709
2056,row_weighted,pr_auc_inactive,0.7022065236350951,0.7745421245421246,0.07233560090702951
2056,row_weighted,balanced_accuracy,0.45238095238095233,0.7023809523809523,0.25
2056,row_weighted,macro_f1,0.4484848484848485,0.6904761904761905,0.24199134199134198
2056,row_weighted,mcc,-0.09759000729485333,0.4147575310031266,0.51234753829798
2057,row_weighted,roc_auc,0.5,0.6428571428571429,0.1428571428571429
2057,row_weighted,pr_auc_active,0.49173789173789173,0.55995670995671,0.06821881821881826
2057,row_weighted,pr_auc_inactive,0.6168890633176347,0.7745421245421246,0.15765306122448985
2057,row_weighted,balanced_accuracy,0.5357142857142857,0.7023809523809523,0.16666666666666663
2057,row_weighted,macro_f1,0.5357142857142857,0.6904761904761905,0.15476190476190477
2057,row_weighted,mcc,0.07142857142857142,0.4147575310031266,0.3433289595745552
2058,row_weighted,roc_auc,0.5238095238095238,0.5952380952380953,0.07142857142857151
2058,row_weighted,pr_auc_active,0.4890572390572391,0.545970695970696,0.05691345691345695
2058,row_weighted,pr_auc_inactive,0.7022065236350951,0.6793040293040293,-0.022902494331065726
2058,row_weighted,balanced_accuracy,0.5357142857142857,0.6309523809523809,0.09523809523809523
2058,row_weighted,macro_f1,0.5357142857142857,0.606060606060606,0.07034632034632027
2058,row_weighted,mcc,0.07142857142857142,0.2828894749305018,0.2114609035019304
2059,row_weighted,roc_auc,0.5,0.6428571428571429,0.1428571428571429
2059,row_weighted,pr_auc_active,0.49173789173789173,0.55995670995671,0.06821881821881826
2059,row_weighted,pr_auc_inactive,0.6168890633176347,0.7745421245421246,0.15765306122448985
2059,row_weighted,balanced_accuracy,0.5357142857142857,0.6309523809523809,0.09523809523809523
2059,row_weighted,macro_f1,0.5357142857142857,0.606060606060606,0.07034632034632027
2059,row_weighted,mcc,0.07142857142857142,0.2828894749305018,0.2114609035019304
2060,row_weighted,roc_auc,0.4523809523809524,0.5952380952380953,0.14285714285714296
2060,row_weighted,pr_auc_active,0.4658119658119658,0.545970695970696,0.08015873015873021
2060,row_weighted,pr_auc_inactive,0.5855398569684284,0.6793040293040293,0.09376417233560097
2060,row_weighted,balanced_accuracy,0.5357142857142857,0.6309523809523809,0.09523809523809523
2060,row_weighted,macro_f1,0.5357142857142857,0.606060606060606,0.07034632034632027
2060,row_weighted,mcc,0.07142857142857142,0.2828894749305018,0.2114609035019304
2061,row_weighted,roc_auc,0.4761904761904762,0.5952380952380953,0.11904761904761912
2061,row_weighted,pr_auc_active,0.475071225071225,0.545970695970696,0.07089947089947102
2061,row_weighted,pr_auc_inactive,0.6069684283969998,0.6793040293040293,0.07233560090702951
2061,row_weighted,balanced_accuracy,0.45238095238095233,0.7023809523809523,0.25
2061,row_weighted,macro_f1,0.4484848484848485,0.6904761904761905,0.24199134199134198
2061,row_weighted,mcc,-0.09759000729485333,0.4147575310031266,0.51234753829798
2062,row_weighted,roc_auc,0.5238095238095238,0.5952380952380953,0.07142857142857151
2062,row_weighted,pr_auc_active,0.5036426536426536,0.545970695970696,0.04232804232804244
2062,row_weighted,pr_auc_inactive,0.6304945054945055,0.6793040293040293,0.04880952380952386
2062,row_weighted,balanced_accuracy,0.6190476190476191,0.6309523809523809,0.011904761904761862
2062,row_weighted,macro_f1,0.6153846153846154,0.606060606060606,-0.009324009324009452
2062,row_weighted,mcc,0.23809523809523808,0.2828894749305018,0.044794236835263734
2063,row_weighted,roc_auc,0.4761904761904762,0.6428571428571429,0.16666666666666669
2063,row_weighted,pr_auc_active,0.475071225071225,0.55995670995671,0.08488548488548497
2063,row_weighted,pr_auc_inactive,0.6069684283969998,0.7745421245421246,0.16757369614512474
2063,row_weighted,balanced_accuracy,0.5357142857142857,0.7023809523809523,0.16666666666666663
2063,row_weighted,macro_f1,0.5357142857142857,0.6904761904761905,0.15476190476190477
2063,row_weighted,mcc,0.07142857142857142,0.4147575310031266,0.3433289595745552
2064,row_weighted,roc_auc,0.5,0.5952380952380953,0.09523809523809534
2064,row_weighted,pr_auc_active,0.49173789173789173,0.545970695970696,0.0542328042328043
2064,row_weighted,pr_auc_inactive,0.6168890633176347,0.6793040293040293,0.06241496598639462
2064,row_weighted,balanced_accuracy,0.6071428571428572,0.6309523809523809,0.023809523809523725
2064,row_weighted,macro_f1,0.606060606060606,0.606060606060606,0.0
2064,row_weighted,mcc,0.21957751641341997,0.2828894749305018,0.06331195851708185
2065,row_weighted,roc_auc,0.5,0.5952380952380953,0.09523809523809534
2065,row_weighted,pr_auc_active,0.486975986975987,0.545970695970696,0.058994708994709044
2065,row_weighted,pr_auc_inactive,0.6205738705738706,0.6793040293040293,0.058730158730158744
2065,row_weighted,balanced_accuracy,0.5357142857142857,0.6309523809523809,0.09523809523809523
2065,row_weighted,macro_f1,0.5357142857142857,0.606060606060606,0.07034632034632027
2065,row_weighted,mcc,0.07142857142857142,0.2828894749305018,0.2114609035019304
2066,row_weighted,roc_auc,0.4761904761904762,0.5952380952380953,0.11904761904761912
2066,row_weighted,pr_auc_active,0.475071225071225,0.545970695970696,0.07089947089947102
2066,row_weighted,pr_auc_inactive,0.6069684283969998,0.6793040293040293,0.07233560090702951
2066,row_weighted,balanced_accuracy,0.5357142857142857,0.7023809523809523,0.16666666666666663
2066,row_weighted,macro_f1,0.5357142857142857,0.6904761904761905,0.15476190476190477
2066,row_weighted,mcc,0.07142857142857142,0.4147575310031266,0.3433289595745552
2067,row_weighted,roc_auc,0.5238095238095238,0.5952380952380953,0.07142857142857151
2067,row_weighted,pr_auc_active,0.5036426536426536,0.545970695970696,0.04232804232804244
2067,row_weighted,pr_auc_inactive,0.6304945054945055,0.6793040293040293,0.04880952380952386
2067,row_weighted,balanced_accuracy,0.5357142857142857,0.6309523809523809,0.09523809523809523
2067,row_weighted,macro_f1,0.5357142857142857,0.606060606060606,0.07034632034632027
2067,row_weighted,mcc,0.07142857142857142,0.2828894749305018,0.2114609035019304
2068,row_weighted,roc_auc,0.4761904761904762,0.6428571428571429,0.16666666666666669
2068,row_weighted,pr_auc_active,0.475071225071225,0.55995670995671,0.08488548488548497
2068,row_weighted,pr_auc_inactive,0.6069684283969998,0.7745421245421246,0.16757369614512474
2068,row_weighted,balanced_accuracy,0.5357142857142857,0.7023809523809523,0.16666666666666663
2068,row_weighted,macro_f1,0.5357142857142857,0.6904761904761905,0.15476190476190477
2068,row_weighted,mcc,0.07142857142857142,0.4147575310031266,0.3433289595745552
2069,row_weighted,roc_auc,0.4761904761904762,0.6428571428571429,0.16666666666666669
2069,row_weighted,pr_auc_active,0.475071225071225,0.55995670995671,0.08488548488548497
2069,row_weighted,pr_auc_inactive,0.6069684283969998,0.7745421245421246,0.16757369614512474
2069,row_weighted,balanced_accuracy,0.45238095238095233,0.7023809523809523,0.25
2069,row_weighted,macro_f1,0.4484848484848485,0.6904761904761905,0.24199134199134198
2069,row_weighted,mcc,-0.09759000729485333,0.4147575310031266,0.51234753829798
2070,row_weighted,roc_auc,0.4761904761904762,0.5952380952380953,0.11904761904761912
2070,row_weighted,pr_auc_active,0.48247863247863243,0.545970695970696,0.0634920634920636
2070,row_weighted,pr_auc_inactive,0.5954604918890634,0.6793040293040293,0.08384353741496597
2070,row_weighted,balanced_accuracy,0.5357142857142857,0.6309523809523809,0.09523809523809523
2070,row_weighted,macro_f1,0.5357142857142857,0.606060606060606,0.07034632034632027
2070,row_weighted,mcc,0.07142857142857142,0.2828894749305018,0.2114609035019304
2071,row_weighted,roc_auc,0.5476190476190477,0.6428571428571429,0.09523809523809523
2071,row_weighted,pr_auc_active,0.5152167277167278,0.55995670995671,0.04473998223998221
2071,row_weighted,pr_auc_inactive,0.6495421245421245,0.7745421245421246,0.1250000000000001
2071,row_weighted,balanced_accuracy,0.6071428571428572,0.7023809523809523,0.09523809523809512
2071,row_weighted,macro_f1,0.606060606060606,0.6904761904761905,0.0844155844155845
2071,row_weighted,mcc,0.21957751641341997,0.4147575310031266,0.19518001458970666
2072,row_weighted,roc_auc,0.40476190476190477,0.6428571428571429,0.23809523809523814
2072,row_weighted,pr_auc_active,0.45192307692307687,0.55995670995671,0.10803363303363311
2072,row_weighted,pr_auc_inactive,0.5379208093493808,0.7745421245421246,0.23662131519274376
2072,row_weighted,balanced_accuracy,0.5357142857142857,0.6309523809523809,0.09523809523809523
2072,row_weighted,macro_f1,0.5357142857142857,0.606060606060606,0.07034632034632027
2072,row_weighted,mcc,0.07142857142857142,0.2828894749305018,0.2114609035019304
2073,row_weighted,roc_auc,0.5,0.6428571428571429,0.1428571428571429
2073,row_weighted,pr_auc_active,0.49173789173789173,0.55995670995671,0.06821881821881826
2073,row_weighted,pr_auc_inactive,0.6168890633176347,0.7745421245421246,0.15765306122448985
2073,row_weighted,balanced_accuracy,0.5357142857142857,0.7023809523809523,0.16666666666666663
2073,row_weighted,macro_f1,0.5357142857142857,0.6904761904761905,0.15476190476190477
2073,row_weighted,mcc,0.07142857142857142,0.4147575310031266,0.3433289595745552
2074,row_weighted,roc_auc,0.4761904761904762,0.5952380952380953,0.11904761904761912
2074,row_weighted,pr_auc_active,0.475071225071225,0.545970695970696,0.07089947089947102
2074,row_weighted,pr_auc_inactive,0.6069684283969998,0.6793040293040293,0.07233560090702951
2074,row_weighted,balanced_accuracy,0.5357142857142857,0.6309523809523809,0.09523809523809523
2074,row_weighted,macro_f1,0.5357142857142857,0.606060606060606,0.07034632034632027
2074,row_weighted,mcc,0.07142857142857142,0.2828894749305018,0.2114609035019304
2075,row_weighted,roc_auc,0.4761904761904762,0.5952380952380953,0.11904761904761912
2075,row_weighted,pr_auc_active,0.475071225071225,0.545970695970696,0.07089947089947102
2075,row_weighted,pr_auc_inactive,0.6069684283969998,0.6793040293040293,0.07233560090702951
2075,row_weighted,balanced_accuracy,0.5357142857142857,0.6309523809523809,0.09523809523809523
2075,row_weighted,macro_f1,0.5357142857142857,0.606060606060606,0.07034632034632027
2075,row_weighted,mcc,0.07142857142857142,0.2828894749305018,0.2114609035019304
2076,row_weighted,roc_auc,0.4761904761904762,0.6428571428571429,0.16666666666666669
2076,row_weighted,pr_auc_active,0.475071225071225,0.55995670995671,0.08488548488548497
2076,row_weighted,pr_auc_inactive,0.6069684283969998,0.7745421245421246,0.16757369614512474
2076,row_weighted,balanced_accuracy,0.5357142857142857,0.6309523809523809,0.09523809523809523
2076,row_weighted,macro_f1,0.5357142857142857,0.606060606060606,0.07034632034632027
2076,row_weighted,mcc,0.07142857142857142,0.2828894749305018,0.2114609035019304
2077,row_weighted,roc_auc,0.5238095238095238,0.6428571428571429,0.11904761904761907
2077,row_weighted,pr_auc_active,0.4890572390572391,0.55995670995671,0.0708994708994709
2077,row_weighted,pr_auc_inactive,0.7022065236350951,0.7745421245421246,0.07233560090702951
2077,row_weighted,balanced_accuracy,0.5357142857142857,0.6309523809523809,0.09523809523809523
2077,row_weighted,macro_f1,0.5357142857142857,0.606060606060606,0.07034632034632027
2077,row_weighted,mcc,0.07142857142857142,0.2828894749305018,0.2114609035019304
2078,row_weighted,roc_auc,0.5,0.6428571428571429,0.1428571428571429
2078,row_weighted,pr_auc_active,0.49173789173789173,0.55995670995671,0.06821881821881826
2078,row_weighted,pr_auc_inactive,0.6168890633176347,0.7745421245421246,0.15765306122448985
2078,row_weighted,balanced_accuracy,0.5357142857142857,0.6309523809523809,0.09523809523809523
2078,row_weighted,macro_f1,0.5357142857142857,0.606060606060606,0.07034632034632027
2078,row_weighted,mcc,0.07142857142857142,0.2828894749305018,0.2114609035019304
2079,row_weighted,roc_auc,0.5,0.5952380952380953,0.09523809523809534
2079,row_weighted,pr_auc_active,0.486975986975987,0.545970695970696,0.058994708994709044
2079,row_weighted,pr_auc_inactive,0.6205738705738706,0.6793040293040293,0.058730158730158744
2079,row_weighted,balanced_accuracy,0.6190476190476191,0.6309523809523809,0.011904761904761862
2079,row_weighted,macro_f1,0.6153846153846154,0.606060606060606,-0.009324009324009452
2079,row_weighted,mcc,0.23809523809523808,0.2828894749305018,0.044794236835263734
2080,row_weighted,roc_auc,0.4761904761904762,0.6428571428571429,0.16666666666666669
2080,row_weighted,pr_auc_active,0.475071225071225,0.55995670995671,0.08488548488548497
2080,row_weighted,pr_auc_inactive,0.6069684283969998,0.7745421245421246,0.16757369614512474
2080,row_weighted,balanced_accuracy,0.5357142857142857,0.7023809523809523,0.16666666666666663
2080,row_weighted,macro_f1,0.5357142857142857,0.6904761904761905,0.15476190476190477
2080,row_weighted,mcc,0.07142857142857142,0.4147575310031266,0.3433289595745552
2081,row_weighted,roc_auc,0.4523809523809524,0.5952380952380953,0.14285714285714296
2081,row_weighted,pr_auc_active,0.4586339586339586,0.545970695970696,0.08733673733673741
2081,row_weighted,pr_auc_inactive,0.6562881562881563,0.6793040293040293,0.023015873015873045
2081,row_weighted,balanced_accuracy,0.38095238095238093,0.7023809523809523,0.3214285714285714
2081,row_weighted,macro_f1,0.38095238095238093,0.6904761904761905,0.30952380952380953
2081,row_weighted,mcc,-0.23809523809523808,0.4147575310031266,0.6528527690983648
2082,row_weighted,roc_auc,0.5238095238095238,0.6428571428571429,0.11904761904761907
2082,row_weighted,pr_auc_active,0.5036426536426536,0.55995670995671,0.05631405631405639
2082,row_weighted,pr_auc_inactive,0.6304945054945055,0.7745421245421246,0.1440476190476191
2082,row_weighted,balanced_accuracy,0.5357142857142857,0.7738095238095238,0.23809523809523814
2082,row_weighted,macro_f1,0.5357142857142857,0.7692307692307693,0.23351648351648358
2082,row_weighted,mcc,0.07142857142857142,0.5476190476190477,0.4761904761904763
2083,row_weighted,roc_auc,0.380952380952381,0.5952380952380953,0.21428571428571436
2083,row_weighted,pr_auc_active,0.4426638176638177,0.545970695970696,0.10330687830687835
2083,row_weighted,pr_auc_inactive,0.5236350950636666,0.6793040293040293,0.15566893424036277
2083,row_weighted,balanced_accuracy,0.45238095238095233,0.6309523809523809,0.1785714285714286
2083,row_weighted,macro_f1,0.4484848484848485,0.606060606060606,0.15757575757575748
2083,row_weighted,mcc,-0.09759000729485333,0.2828894749305018,0.38047948222535516
2084,row_weighted,roc_auc,0.4761904761904762,0.5952380952380953,0.11904761904761912
2084,row_weighted,pr_auc_active,0.475071225071225,0.545970695970696,0.07089947089947102
2084,row_weighted,pr_auc_inactive,0.6069684283969998,0.6793040293040293,0.07233560090702951
2084,row_weighted,balanced_accuracy,0.45238095238095233,0.7023809523809523,0.25
2084,row_weighted,macro_f1,0.4484848484848485,0.6904761904761905,0.24199134199134198
2084,row_weighted,mcc,-0.09759000729485333,0.4147575310031266,0.51234753829798
2085,row_weighted,roc_auc,0.4761904761904762,0.6428571428571429,0.16666666666666669
2085,row_weighted,pr_auc_active,0.475071225071225,0.55995670995671,0.08488548488548497
2085,row_weighted,pr_auc_inactive,0.6069684283969998,0.7745421245421246,0.16757369614512474
2085,row_weighted,balanced_accuracy,0.5357142857142857,0.7023809523809523,0.16666666666666663
2085,row_weighted,macro_f1,0.5357142857142857,0.6904761904761905,0.15476190476190477
2085,row_weighted,mcc,0.07142857142857142,0.4147575310031266,0.3433289595745552
2086,row_weighted,roc_auc,0.4761904761904762,0.6428571428571429,0.16666666666666669
2086,row_weighted,pr_auc_active,0.475071225071225,0.55995670995671,0.08488548488548497
2086,row_weighted,pr_auc_inactive,0.6069684283969998,0.7745421245421246,0.16757369614512474
2086,row_weighted,balanced_accuracy,0.4642857142857143,0.6309523809523809,0.16666666666666663
2086,row_weighted,macro_f1,0.46153846153846156,0.606060606060606,0.1445221445221444
2086,row_weighted,mcc,-0.07142857142857142,0.2828894749305018,0.35431804635907327
2087,row_weighted,roc_auc,0.4761904761904762,0.5952380952380953,0.11904761904761912
2087,row_weighted,pr_auc_active,0.475071225071225,0.545970695970696,0.07089947089947102
2087,row_weighted,pr_auc_inactive,0.6069684283969998,0.6793040293040293,0.07233560090702951
2087,row_weighted,balanced_accuracy,0.45238095238095233,0.6309523809523809,0.1785714285714286
2087,row_weighted,macro_f1,0.4484848484848485,0.606060606060606,0.15757575757575748
2087,row_weighted,mcc,-0.09759000729485333,0.2828894749305018,0.38047948222535516
2088,row_weighted,roc_auc,0.5476190476190477,0.6428571428571429,0.09523809523809523
2088,row_weighted,pr_auc_active,0.5009620009620009,0.55995670995671,0.058994708994709044
2088,row_weighted,pr_auc_inactive,0.7158119658119657,0.7745421245421246,0.058730158730158855
2088,row_weighted,balanced_accuracy,0.6190476190476191,0.7023809523809523,0.08333333333333326
2088,row_weighted,macro_f1,0.6153846153846154,0.6904761904761905,0.07509157509157505
2088,row_weighted,mcc,0.23809523809523808,0.4147575310031266,0.17666229290788854
2089,row_weighted,roc_auc,0.4761904761904762,0.6428571428571429,0.16666666666666669
2089,row_weighted,pr_auc_active,0.475071225071225,0.55995670995671,0.08488548488548497
2089,row_weighted,pr_auc_inactive,0.6069684283969998,0.7745421245421246,0.16757369614512474
2089,row_weighted,balanced_accuracy,0.5357142857142857,0.7023809523809523,0.16666666666666663
2089,row_weighted,macro_f1,0.5357142857142857,0.6904761904761905,0.15476190476190477
2089,row_weighted,mcc,0.07142857142857142,0.4147575310031266,0.3433289595745552
2090,row_weighted,roc_auc,0.5714285714285714,0.5952380952380953,0.023809523809523947
2090,row_weighted,pr_auc_active,0.5176286676286675,0.545970695970696,0.02834202834202848
2090,row_weighted,pr_auc_inactive,0.7257326007326007,0.6793040293040293,-0.046428571428571375
2090,row_weighted,balanced_accuracy,0.6190476190476191,0.6309523809523809,0.011904761904761862
2090,row_weighted,macro_f1,0.6153846153846154,0.606060606060606,-0.009324009324009452
2090,row_weighted,mcc,0.23809523809523808,0.2828894749305018,0.044794236835263734
2091,row_weighted,roc_auc,0.5,0.5952380952380953,0.09523809523809534
2091,row_weighted,pr_auc_active,0.49173789173789173,0.545970695970696,0.0542328042328043
2091,row_weighted,pr_auc_inactive,0.6168890633176347,0.6793040293040293,0.06241496598639462
2091,row_weighted,balanced_accuracy,0.6071428571428572,0.6309523809523809,0.023809523809523725
2091,row_weighted,macro_f1,0.606060606060606,0.606060606060606,0.0
2091,row_weighted,mcc,0.21957751641341997,0.2828894749305018,0.06331195851708185
2092,row_weighted,roc_auc,0.4761904761904762,0.5952380952380953,0.11904761904761912
2092,row_weighted,pr_auc_active,0.4777167277167277,0.545970695970696,0.06825396825396834
2092,row_weighted,pr_auc_inactive,0.599145299145299,0.6793040293040293,0.08015873015873032
2092,row_weighted,balanced_accuracy,0.5357142857142857,0.6309523809523809,0.09523809523809523
2092,row_weighted,macro_f1,0.5357142857142857,0.606060606060606,0.07034632034632027
2092,row_weighted,mcc,0.07142857142857142,0.2828894749305018,0.2114609035019304
2093,row_weighted,roc_auc,0.5476190476190477,0.5952380952380953,0.04761904761904767
2093,row_weighted,pr_auc_active,0.5195156695156695,0.545970695970696,0.02645502645502651
2093,row_weighted,pr_auc_inactive,0.6432496075353218,0.6793040293040293,0.036054421768707545
2093,row_weighted,balanced_accuracy,0.6190476190476191,0.6309523809523809,0.011904761904761862
2093,row_weighted,macro_f1,0.6153846153846154,0.606060606060606,-0.009324009324009452
2093,row_weighted,mcc,0.23809523809523808,0.2828894749305018,0.044794236835263734
2094,row_weighted,roc_auc,0.5,0.5952380952380953,0.09523809523809534
2094,row_weighted,pr_auc_active,0.486975986975987,0.545970695970696,0.058994708994709044
2094,row_weighted,pr_auc_inactive,0.6205738705738706,0.6793040293040293,0.058730158730158744
2094,row_weighted,balanced_accuracy,0.45238095238095233,0.7738095238095238,0.3214285714285715
2094,row_weighted,macro_f1,0.4484848484848485,0.7692307692307693,0.3207459207459208
2094,row_weighted,mcc,-0.09759000729485333,0.5476190476190477,0.645209054913901
2095,row_weighted,roc_auc,0.4523809523809524,0.5952380952380953,0.14285714285714296
2095,row_weighted,pr_auc_active,0.4658119658119658,0.545970695970696,0.08015873015873021
2095,row_weighted,pr_auc_inactive,0.5855398569684284,0.6793040293040293,0.09376417233560097
2095,row_weighted,balanced_accuracy,0.5357142857142857,0.6309523809523809,0.09523809523809523
2095,row_weighted,macro_f1,0.5357142857142857,0.606060606060606,0.07034632034632027
2095,row_weighted,mcc,0.07142857142857142,0.2828894749305018,0.2114609035019304
2096,row_weighted,roc_auc,0.5,0.6428571428571429,0.1428571428571429
2096,row_weighted,pr_auc_active,0.49173789173789173,0.55995670995671,0.06821881821881826
2096,row_weighted,pr_auc_inactive,0.6168890633176347,0.7745421245421246,0.15765306122448985
2096,row_weighted,balanced_accuracy,0.5357142857142857,0.7738095238095238,0.23809523809523814
2096,row_weighted,macro_f1,0.5357142857142857,0.7692307692307693,0.23351648351648358
2096,row_weighted,mcc,0.07142857142857142,0.5476190476190477,0.4761904761904763
2097,row_weighted,roc_auc,0.5,0.5952380952380953,0.09523809523809534
2097,row_weighted,pr_auc_active,0.486975986975987,0.545970695970696,0.058994708994709044
2097,row_weighted,pr_auc_inactive,0.6205738705738706,0.6793040293040293,0.058730158730158744
2097,row_weighted,balanced_accuracy,0.5357142857142857,0.6309523809523809,0.09523809523809523
2097,row_weighted,macro_f1,0.5357142857142857,0.606060606060606,0.07034632034632027
2097,row_weighted,mcc,0.07142857142857142,0.2828894749305018,0.2114609035019304
2098,row_weighted,roc_auc,0.5238095238095238,0.5952380952380953,0.07142857142857151
2098,row_weighted,pr_auc_active,0.5036426536426536,0.545970695970696,0.04232804232804244
2098,row_weighted,pr_auc_inactive,0.6304945054945055,0.6793040293040293,0.04880952380952386
2098,row_weighted,balanced_accuracy,0.6190476190476191,0.6309523809523809,0.011904761904761862
2098,row_weighted,macro_f1,0.6153846153846154,0.606060606060606,-0.009324009324009452
2098,row_weighted,mcc,0.23809523809523808,0.2828894749305018,0.044794236835263734
2099,row_weighted,roc_auc,0.4761904761904762,0.5952380952380953,0.11904761904761912
2099,row_weighted,pr_auc_active,0.475071225071225,0.545970695970696,0.07089947089947102
2099,row_weighted,pr_auc_inactive,0.6069684283969998,0.6793040293040293,0.07233560090702951
2099,row_weighted,balanced_accuracy,0.45238095238095233,0.6309523809523809,0.1785714285714286
2099,row_weighted,macro_f1,0.4484848484848485,0.606060606060606,0.15757575757575748
2099,row_weighted,mcc,-0.09759000729485333,0.2828894749305018,0.38047948222535516
2100,row_weighted,roc_auc,0.4761904761904762,0.6428571428571429,0.16666666666666669
2100,row_weighted,pr_auc_active,0.475071225071225,0.55995670995671,0.08488548488548497
2100,row_weighted,pr_auc_inactive,0.6069684283969998,0.7745421245421246,0.16757369614512474
2100,row_weighted,balanced_accuracy,0.4642857142857143,0.7023809523809523,0.23809523809523803
2100,row_weighted,macro_f1,0.46153846153846156,0.6904761904761905,0.2289377289377289
2100,row_weighted,mcc,-0.07142857142857142,0.4147575310031266,0.486186102431698
2101,row_weighted,roc_auc,0.5476190476190477,0.6428571428571429,0.09523809523809523
2101,row_weighted,pr_auc_active,0.5009620009620009,0.55995670995671,0.058994708994709044
2101,row_weighted,pr_auc_inactive,0.7158119658119657,0.7745421245421246,0.058730158730158855
2101,row_weighted,balanced_accuracy,0.5357142857142857,0.6309523809523809,0.09523809523809523
2101,row_weighted,macro_f1,0.5357142857142857,0.606060606060606,0.07034632034632027
2101,row_weighted,mcc,0.07142857142857142,0.2828894749305018,0.2114609035019304
2102,row_weighted,roc_auc,0.5238095238095238,0.5952380952380953,0.07142857142857151
2102,row_weighted,pr_auc_active,0.5036426536426536,0.545970695970696,0.04232804232804244
2102,row_weighted,pr_auc_inactive,0.6304945054945055,0.6793040293040293,0.04880952380952386
2102,row_weighted,balanced_accuracy,0.6071428571428572,0.7023809523809523,0.09523809523809512
2102,row_weighted,macro_f1,0.606060606060606,0.6904761904761905,0.0844155844155845
2102,row_weighted,mcc,0.21957751641341997,0.4147575310031266,0.19518001458970666
2103,row_weighted,roc_auc,0.4761904761904762,0.6428571428571429,0.16666666666666669
2103,row_weighted,pr_auc_active,0.475071225071225,0.55995670995671,0.08488548488548497
2103,row_weighted,pr_auc_inactive,0.6069684283969998,0.7745421245421246,0.16757369614512474
2103,row_weighted,balanced_accuracy,0.5357142857142857,0.7023809523809523,0.16666666666666663
2103,row_weighted,macro_f1,0.5357142857142857,0.6904761904761905,0.15476190476190477
2103,row_weighted,mcc,0.07142857142857142,0.4147575310031266,0.3433289595745552
2104,row_weighted,roc_auc,0.4761904761904762,0.6428571428571429,0.16666666666666669
2104,row_weighted,pr_auc_active,0.475071225071225,0.55995670995671,0.08488548488548497
2104,row_weighted,pr_auc_inactive,0.6069684283969998,0.7745421245421246,0.16757369614512474
2104,row_weighted,balanced_accuracy,0.45238095238095233,0.6309523809523809,0.1785714285714286
2104,row_weighted,macro_f1,0.4484848484848485,0.606060606060606,0.15757575757575748
2104,row_weighted,mcc,-0.09759000729485333,0.2828894749305018,0.38047948222535516
2105,row_weighted,roc_auc,0.5476190476190477,0.5952380952380953,0.04761904761904767
2105,row_weighted,pr_auc_active,0.5195156695156695,0.545970695970696,0.02645502645502651
2105,row_weighted,pr_auc_inactive,0.6432496075353218,0.6793040293040293,0.036054421768707545
2105,row_weighted,balanced_accuracy,0.6190476190476191,0.6309523809523809,0.011904761904761862
2105,row_weighted,macro_f1,0.6153846153846154,0.606060606060606,-0.009324009324009452
2105,row_weighted,mcc,0.23809523809523808,0.2828894749305018,0.044794236835263734
2106,row_weighted,roc_auc,0.4761904761904762,0.6428571428571429,0.16666666666666669
2106,row_weighted,pr_auc_active,0.475071225071225,0.55995670995671,0.08488548488548497
2106,row_weighted,pr_auc_inactive,0.6069684283969998,0.7745421245421246,0.16757369614512474
2106,row_weighted,balanced_accuracy,0.5357142857142857,0.6309523809523809,0.09523809523809523
2106,row_weighted,macro_f1,0.5357142857142857,0.606060606060606,0.07034632034632027
2106,row_weighted,mcc,0.07142857142857142,0.2828894749305018,0.2114609035019304
2107,row_weighted,roc_auc,0.4761904761904762,0.5952380952380953,0.11904761904761912
2107,row_weighted,pr_auc_active,0.475071225071225,0.545970695970696,0.07089947089947102
2107,row_weighted,pr_auc_inactive,0.6069684283969998,0.6793040293040293,0.07233560090702951
2107,row_weighted,balanced_accuracy,0.5357142857142857,0.6309523809523809,0.09523809523809523
2107,row_weighted,macro_f1,0.5357142857142857,0.606060606060606,0.07034632034632027
2107,row_weighted,mcc,0.07142857142857142,0.2828894749305018,0.2114609035019304
2108,row_weighted,roc_auc,0.5238095238095238,0.5952380952380953,0.07142857142857151
2108,row_weighted,pr_auc_active,0.4890572390572391,0.545970695970696,0.05691345691345695
2108,row_weighted,pr_auc_inactive,0.7022065236350951,0.6793040293040293,-0.022902494331065726
2108,row_weighted,balanced_accuracy,0.5357142857142857,0.7023809523809523,0.16666666666666663
2108,row_weighted,macro_f1,0.5357142857142857,0.6904761904761905,0.15476190476190477
2108,row_weighted,mcc,0.07142857142857142,0.4147575310031266,0.3433289595745552
2109,row_weighted,roc_auc,0.5,0.5952380952380953,0.09523809523809534
2109,row_weighted,pr_auc_active,0.486975986975987,0.545970695970696,0.058994708994709044
2109,row_weighted,pr_auc_inactive,0.6205738705738706,0.6793040293040293,0.058730158730158744
2109,row_weighted,balanced_accuracy,0.45238095238095233,0.6309523809523809,0.1785714285714286
2109,row_weighted,macro_f1,0.4484848484848485,0.606060606060606,0.15757575757575748
2109,row_weighted,mcc,-0.09759000729485333,0.2828894749305018,0.38047948222535516
2110,row_weighted,roc_auc,0.4761904761904762,0.5952380952380953,0.11904761904761912
2110,row_weighted,pr_auc_active,0.48247863247863243,0.545970695970696,0.0634920634920636
2110,row_weighted,pr_auc_inactive,0.5954604918890634,0.6793040293040293,0.08384353741496597
2110,row_weighted,balanced_accuracy,0.6071428571428572,0.6309523809523809,0.023809523809523725
2110,row_weighted,macro_f1,0.606060606060606,0.606060606060606,0.0
2110,row_weighted,mcc,0.21957751641341997,0.2828894749305018,0.06331195851708185
2111,row_weighted,roc_auc,0.42857142857142855,0.5952380952380953,0.1666666666666668
2111,row_weighted,pr_auc_active,0.4565527065527065,0.545970695970696,0.08941798941798951
2111,row_weighted,pr_auc_inactive,0.5712541426827141,0.6793040293040293,0.1080498866213152
2111,row_weighted,balanced_accuracy,0.5357142857142857,0.6309523809523809,0.09523809523809523
2111,row_weighted,macro_f1,0.5357142857142857,0.606060606060606,0.07034632034632027
2111,row_weighted,mcc,0.07142857142857142,0.2828894749305018,0.2114609035019304
2112,row_weighted,roc_auc,0.5238095238095238,0.6428571428571429,0.11904761904761907
2112,row_weighted,pr_auc_active,0.5036426536426536,0.55995670995671,0.05631405631405639
2112,row_weighted,pr_auc_inactive,0.6304945054945055,0.7745421245421246,0.1440476190476191
2112,row_weighted,balanced_accuracy,0.6071428571428572,0.6309523809523809,0.023809523809523725
2112,row_weighted,macro_f1,0.606060606060606,0.606060606060606,0.0
2112,row_weighted,mcc,0.21957751641341997,0.2828894749305018,0.06331195851708185
2113,row_weighted,roc_auc,0.4761904761904762,0.6428571428571429,0.16666666666666669
2113,row_weighted,pr_auc_active,0.48247863247863243,0.55995670995671,0.07747807747807756
2113,row_weighted,pr_auc_inactive,0.5954604918890634,0.7745421245421246,0.1790816326530612
2113,row_weighted,balanced_accuracy,0.5357142857142857,0.6309523809523809,0.09523809523809523
2113,row_weighted,macro_f1,0.5357142857142857,0.606060606060606,0.07034632034632027
2113,row_weighted,mcc,0.07142857142857142,0.2828894749305018,0.2114609035019304
2114,row_weighted,roc_auc,0.5476190476190477,0.6428571428571429,0.09523809523809523
2114,row_weighted,pr_auc_active,0.5057239057239057,0.55995670995671,0.0542328042328043
2114,row_weighted,pr_auc_inactive,0.71212715855573,0.7745421245421246,0.06241496598639451
2114,row_weighted,balanced_accuracy,0.5357142857142857,0.6309523809523809,0.09523809523809523
2114,row_weighted,macro_f1,0.5357142857142857,0.606060606060606,0.07034632034632027
2114,row_weighted,mcc,0.07142857142857142,0.2828894749305018,0.2114609035019304
2115,row_weighted,roc_auc,0.5476190476190477,0.5952380952380953,0.04761904761904767
2115,row_weighted,pr_auc_active,0.5195156695156695,0.545970695970696,0.02645502645502651
2115,row_weighted,pr_auc_inactive,0.6432496075353218,0.6793040293040293,0.036054421768707545
2115,row_weighted,balanced_accuracy,0.6190476190476191,0.6309523809523809,0.011904761904761862
2115,row_weighted,macro_f1,0.6153846153846154,0.606060606060606,-0.009324009324009452
2115,row_weighted,mcc,0.23809523809523808,0.2828894749305018,0.044794236835263734
2116,row_weighted,roc_auc,0.4523809523809524,0.6428571428571429,0.19047619047619052
2116,row_weighted,pr_auc_active,0.4658119658119658,0.55995670995671,0.09414474414474416
2116,row_weighted,pr_auc_inactive,0.5855398569684284,0.7745421245421246,0.1890022675736962
2116,row_weighted,balanced_accuracy,0.45238095238095233,0.7023809523809523,0.25
2116,row_weighted,macro_f1,0.4484848484848485,0.6904761904761905,0.24199134199134198
2116,row_weighted,mcc,-0.09759000729485333,0.4147575310031266,0.51234753829798
2117,row_weighted,roc_auc,0.5476190476190477,0.5952380952380953,0.04761904761904767
2117,row_weighted,pr_auc_active,0.5195156695156695,0.545970695970696,0.02645502645502651
2117,row_weighted,pr_auc_inactive,0.6432496075353218,0.6793040293040293,0.036054421768707545
2117,row_weighted,balanced_accuracy,0.6190476190476191,0.6309523809523809,0.011904761904761862
2117,row_weighted,macro_f1,0.6153846153846154,0.606060606060606,-0.009324009324009452
2117,row_weighted,mcc,0.23809523809523808,0.2828894749305018,0.044794236835263734
2118,row_weighted,roc_auc,0.5,0.6428571428571429,0.1428571428571429
2118,row_weighted,pr_auc_active,0.486975986975987,0.55995670995671,0.072980722980723
2118,row_weighted,pr_auc_inactive,0.6205738705738706,0.7745421245421246,0.15396825396825398
2118,row_weighted,balanced_accuracy,0.6190476190476191,0.7023809523809523,0.08333333333333326
2118,row_weighted,macro_f1,0.6153846153846154,0.6904761904761905,0.07509157509157505
2118,row_weighted,mcc,0.23809523809523808,0.4147575310031266,0.17666229290788854
2119,row_weighted,roc_auc,0.5,0.5952380952380953,0.09523809523809534
2119,row_weighted,pr_auc_active,0.4797979797979798,0.545970695970696,0.06617271617271625
2119,row_weighted,pr_auc_inactive,0.6807779522065236,0.6793040293040293,-0.0014739229024942624
2119,row_weighted,balanced_accuracy,0.5357142857142857,0.6309523809523809,0.09523809523809523
2119,row_weighted,macro_f1,0.5357142857142857,0.606060606060606,0.07034632034632027
2119,row_weighted,mcc,0.07142857142857142,0.2828894749305018,0.2114609035019304
2120,row_weighted,roc_auc,0.5238095238095238,0.6428571428571429,0.11904761904761907
2120,row_weighted,pr_auc_active,0.5036426536426536,0.55995670995671,0.05631405631405639
2120,row_weighted,pr_auc_inactive,0.6304945054945055,0.7745421245421246,0.1440476190476191
2120,row_weighted,balanced_accuracy,0.5357142857142857,0.6309523809523809,0.09523809523809523
2120,row_weighted,macro_f1,0.5357142857142857,0.606060606060606,0.07034632034632027
2120,row_weighted,mcc,0.07142857142857142,0.2828894749305018,0.2114609035019304
2121,row_weighted,roc_auc,0.5476190476190477,0.6428571428571429,0.09523809523809523
2121,row_weighted,pr_auc_active,0.5057239057239057,0.55995670995671,0.0542328042328043
2121,row_weighted,pr_auc_inactive,0.71212715855573,0.7745421245421246,0.06241496598639451
2121,row_weighted,balanced_accuracy,0.5357142857142857,0.6309523809523809,0.09523809523809523
2121,row_weighted,macro_f1,0.5357142857142857,0.606060606060606,0.07034632034632027
2121,row_weighted,mcc,0.07142857142857142,0.2828894749305018,0.2114609035019304
2122,row_weighted,roc_auc,0.4761904761904762,0.5952380952380953,0.11904761904761912
2122,row_weighted,pr_auc_active,0.48247863247863243,0.545970695970696,0.0634920634920636
2122,row_weighted,pr_auc_inactive,0.5954604918890634,0.6793040293040293,0.08384353741496597
2122,row_weighted,balanced_accuracy,0.5357142857142857,0.6309523809523809,0.09523809523809523
2122,row_weighted,macro_f1,0.5357142857142857,0.606060606060606,0.07034632034632027
2122,row_weighted,mcc,0.07142857142857142,0.2828894749305018,0.2114609035019304
2123,row_weighted,roc_auc,0.4761904761904762,0.5952380952380953,0.11904761904761912
2123,row_weighted,pr_auc_active,0.475071225071225,0.545970695970696,0.07089947089947102
2123,row_weighted,pr_auc_inactive,0.6069684283969998,0.6793040293040293,0.07233560090702951
2123,row_weighted,balanced_accuracy,0.5357142857142857,0.6309523809523809,0.09523809523809523
2123,row_weighted,macro_f1,0.5357142857142857,0.606060606060606,0.07034632034632027
2123,row_weighted,mcc,0.07142857142857142,0.2828894749305018,0.2114609035019304
2124,row_weighted,roc_auc,0.4761904761904762,0.5952380952380953,0.11904761904761912
2124,row_weighted,pr_auc_active,0.475071225071225,0.545970695970696,0.07089947089947102
2124,row_weighted,pr_auc_inactive,0.6069684283969998,0.6793040293040293,0.07233560090702951
2124,row_weighted,balanced_accuracy,0.45238095238095233,0.6309523809523809,0.1785714285714286
2124,row_weighted,macro_f1,0.4484848484848485,0.606060606060606,0.15757575757575748
2124,row_weighted,mcc,-0.09759000729485333,0.2828894749305018,0.38047948222535516
2125,row_weighted,roc_auc,0.4761904761904762,0.6428571428571429,0.16666666666666669
2125,row_weighted,pr_auc_active,0.475071225071225,0.55995670995671,0.08488548488548497
2125,row_weighted,pr_auc_inactive,0.6069684283969998,0.7745421245421246,0.16757369614512474
2125,row_weighted,balanced_accuracy,0.5357142857142857,0.6309523809523809,0.09523809523809523
2125,row_weighted,macro_f1,0.5357142857142857,0.606060606060606,0.07034632034632027
2125,row_weighted,mcc,0.07142857142857142,0.2828894749305018,0.2114609035019304
2126,row_weighted,roc_auc,0.5,0.6428571428571429,0.1428571428571429
2126,row_weighted,pr_auc_active,0.49173789173789173,0.55995670995671,0.06821881821881826
2126,row_weighted,pr_auc_inactive,0.6168890633176347,0.7745421245421246,0.15765306122448985
2126,row_weighted,balanced_accuracy,0.5357142857142857,0.6309523809523809,0.09523809523809523
2126,row_weighted,macro_f1,0.5357142857142857,0.606060606060606,0.07034632034632027
2126,row_weighted,mcc,0.07142857142857142,0.2828894749305018,0.2114609035019304
2127,row_weighted,roc_auc,0.4761904761904762,0.5952380952380953,0.11904761904761912
2127,row_weighted,pr_auc_active,0.475071225071225,0.545970695970696,0.07089947089947102
2127,row_weighted,pr_auc_inactive,0.6069684283969998,0.6793040293040293,0.07233560090702951
2127,row_weighted,balanced_accuracy,0.5357142857142857,0.6309523809523809,0.09523809523809523
2127,row_weighted,macro_f1,0.5357142857142857,0.606060606060606,0.07034632034632027
2127,row_weighted,mcc,0.07142857142857142,0.2828894749305018,0.2114609035019304
2128,row_weighted,roc_auc,0.5238095238095238,0.5952380952380953,0.07142857142857151
2128,row_weighted,pr_auc_active,0.4890572390572391,0.545970695970696,0.05691345691345695
2128,row_weighted,pr_auc_inactive,0.7022065236350951,0.6793040293040293,-0.022902494331065726
2128,row_weighted,balanced_accuracy,0.5357142857142857,0.7738095238095238,0.23809523809523814
2128,row_weighted,macro_f1,0.5357142857142857,0.7692307692307693,0.23351648351648358
2128,row_weighted,mcc,0.07142857142857142,0.5476190476190477,0.4761904761904763
2129,row_weighted,roc_auc,0.5,0.6428571428571429,0.1428571428571429
2129,row_weighted,pr_auc_active,0.49173789173789173,0.55995670995671,0.06821881821881826
2129,row_weighted,pr_auc_inactive,0.6168890633176347,0.7745421245421246,0.15765306122448985
2129,row_weighted,balanced_accuracy,0.5357142857142857,0.7023809523809523,0.16666666666666663
2129,row_weighted,macro_f1,0.5357142857142857,0.6904761904761905,0.15476190476190477
2129,row_weighted,mcc,0.07142857142857142,0.4147575310031266,0.3433289595745552
2130,row_weighted,roc_auc,0.5238095238095238,0.6428571428571429,0.11904761904761907
2130,row_weighted,pr_auc_active,0.5036426536426536,0.55995670995671,0.05631405631405639
2130,row_weighted,pr_auc_inactive,0.6304945054945055,0.7745421245421246,0.1440476190476191
2130,row_weighted,balanced_accuracy,0.5357142857142857,0.6309523809523809,0.09523809523809523
2130,row_weighted,macro_f1,0.5357142857142857,0.606060606060606,0.07034632034632027
2130,row_weighted,mcc,0.07142857142857142,0.2828894749305018,0.2114609035019304
2131,row_weighted,roc_auc,0.4285714285714286,0.6428571428571429,0.2142857142857143
2131,row_weighted,pr_auc_active,0.45390720390720396,0.55995670995671,0.10604950604950603
2131,row_weighted,pr_auc_inactive,0.5753357753357753,0.7745421245421246,0.19920634920634928
2131,row_weighted,balanced_accuracy,0.38095238095238093,0.7738095238095238,0.3928571428571429
2131,row_weighted,macro_f1,0.38095238095238093,0.7692307692307693,0.38827838827838834
2131,row_weighted,mcc,-0.23809523809523808,0.5476190476190477,0.7857142857142858
2132,row_weighted,roc_auc,0.4523809523809524,0.6428571428571429,0.19047619047619052
2132,row_weighted,pr_auc_active,0.4658119658119658,0.55995670995671,0.09414474414474416
2132,row_weighted,pr_auc_inactive,0.5855398569684284,0.7745421245421246,0.1890022675736962
2132,row_weighted,balanced_accuracy,0.5357142857142857,0.7738095238095238,0.23809523809523814
2132,row_weighted,macro_f1,0.5357142857142857,0.7692307692307693,0.23351648351648358
2132,row_weighted,mcc,0.07142857142857142,0.5476190476190477,0.4761904761904763
2133,row_weighted,roc_auc,0.4761904761904762,0.6428571428571429,0.16666666666666669
2133,row_weighted,pr_auc_active,0.475071225071225,0.55995670995671,0.08488548488548497
2133,row_weighted,pr_auc_inactive,0.6069684283969998,0.7745421245421246,0.16757369614512474
2133,row_weighted,balanced_accuracy,0.4642857142857143,0.6309523809523809,0.16666666666666663
2133,row_weighted,macro_f1,0.46153846153846156,0.606060606060606,0.1445221445221444
2133,row_weighted,mcc,-0.07142857142857142,0.2828894749305018,0.35431804635907327
2134,row_weighted,roc_auc,0.5,0.5952380952380953,0.09523809523809534
2134,row_weighted,pr_auc_active,0.486975986975987,0.545970695970696,0.058994708994709044
2134,row_weighted,pr_auc_inactive,0.6205738705738706,0.6793040293040293,0.058730158730158744
2134,row_weighted,balanced_accuracy,0.5357142857142857,0.7023809523809523,0.16666666666666663
2134,row_weighted,macro_f1,0.5357142857142857,0.6904761904761905,0.15476190476190477
2134,row_weighted,mcc,0.07142857142857142,0.4147575310031266,0.3433289595745552
2135,row_weighted,roc_auc,0.5,0.6428571428571429,0.1428571428571429
2135,row_weighted,pr_auc_active,0.486975986975987,0.55995670995671,0.072980722980723
2135,row_weighted,pr_auc_inactive,0.6205738705738706,0.7745421245421246,0.15396825396825398
2135,row_weighted,balanced_accuracy,0.45238095238095233,0.7023809523809523,0.25
2135,row_weighted,macro_f1,0.4484848484848485,0.6904761904761905,0.24199134199134198
2135,row_weighted,mcc,-0.09759000729485333,0.4147575310031266,0.51234753829798
2136,row_weighted,roc_auc,0.4761904761904762,0.6428571428571429,0.16666666666666669
2136,row_weighted,pr_auc_active,0.475071225071225,0.55995670995671,0.08488548488548497
2136,row_weighted,pr_auc_inactive,0.6069684283969998,0.7745421245421246,0.16757369614512474
2136,row_weighted,balanced_accuracy,0.5357142857142857,0.6309523809523809,0.09523809523809523
2136,row_weighted,macro_f1,0.5357142857142857,0.606060606060606,0.07034632034632027
2136,row_weighted,mcc,0.07142857142857142,0.2828894749305018,0.2114609035019304
2137,row_weighted,roc_auc,0.45238095238095244,0.6428571428571429,0.19047619047619047
2137,row_weighted,pr_auc_active,0.46316646316646315,0.55995670995671,0.09679024679024684
2137,row_weighted,pr_auc_inactive,0.5967643467643468,0.7745421245421246,0.1777777777777778
2137,row_weighted,balanced_accuracy,0.4642857142857143,0.7023809523809523,0.23809523809523803
2137,row_weighted,macro_f1,0.46153846153846156,0.6904761904761905,0.2289377289377289
2137,row_weighted,mcc,-0.07142857142857142,0.4147575310031266,0.486186102431698
2138,row_weighted,roc_auc,0.4523809523809524,0.6428571428571429,0.19047619047619052
2138,row_weighted,pr_auc_active,0.4658119658119658,0.55995670995671,0.09414474414474416
2138,row_weighted,pr_auc_inactive,0.5855398569684284,0.7745421245421246,0.1890022675736962
2138,row_weighted,balanced_accuracy,0.45238095238095233,0.7023809523809523,0.25
2138,row_weighted,macro_f1,0.4484848484848485,0.6904761904761905,0.24199134199134198
2138,row_weighted,mcc,-0.09759000729485333,0.4147575310031266,0.51234753829798
2139,row_weighted,roc_auc,0.5476190476190477,0.6428571428571429,0.09523809523809523
2139,row_weighted,pr_auc_active,0.5009620009620009,0.55995670995671,0.058994708994709044
2139,row_weighted,pr_auc_inactive,0.7158119658119657,0.7745421245421246,0.058730158730158855
2139,row_weighted,balanced_accuracy,0.5238095238095238,0.6309523809523809,0.1071428571428571
2139,row_weighted,macro_f1,0.5125,0.606060606060606,0.09356060606060601
2139,row_weighted,mcc,0.05143444998736397,0.2828894749305018,0.23145502494313785
2140,row_weighted,roc_auc,0.5238095238095238,0.5952380952380953,0.07142857142857151
2140,row_weighted,pr_auc_active,0.5036426536426536,0.545970695970696,0.04232804232804244
2140,row_weighted,pr_auc_inactive,0.6304945054945055,0.6793040293040293,0.04880952380952386
2140,row_weighted,balanced_accuracy,0.5357142857142857,0.6309523809523809,0.09523809523809523
2140,row_weighted,macro_f1,0.5357142857142857,0.606060606060606,0.07034632034632027
2140,row_weighted,mcc,0.07142857142857142,0.2828894749305018,0.2114609035019304
2141,row_weighted,roc_auc,0.5,0.5952380952380953,0.09523809523809534
2141,row_weighted,pr_auc_active,0.49173789173789173,0.545970695970696,0.0542328042328043
2141,row_weighted,pr_auc_inactive,0.6168890633176347,0.6793040293040293,0.06241496598639462
2141,row_weighted,balanced_accuracy,0.5357142857142857,0.6309523809523809,0.09523809523809523
2141,row_weighted,macro_f1,0.5357142857142857,0.606060606060606,0.07034632034632027
2141,row_weighted,mcc,0.07142857142857142,0.2828894749305018,0.2114609035019304
2142,row_weighted,roc_auc,0.4285714285714286,0.5952380952380953,0.16666666666666674
2142,row_weighted,pr_auc_active,0.45390720390720396,0.545970695970696,0.09206349206349207
2142,row_weighted,pr_auc_inactive,0.5753357753357753,0.6793040293040293,0.10396825396825404
2142,row_weighted,balanced_accuracy,0.45238095238095233,0.6309523809523809,0.1785714285714286
2142,row_weighted,macro_f1,0.4484848484848485,0.606060606060606,0.15757575757575748
2142,row_weighted,mcc,-0.09759000729485333,0.2828894749305018,0.38047948222535516
2143,row_weighted,roc_auc,0.4761904761904762,0.5952380952380953,0.11904761904761912
2143,row_weighted,pr_auc_active,0.475071225071225,0.545970695970696,0.07089947089947102
2143,row_weighted,pr_auc_inactive,0.6069684283969998,0.6793040293040293,0.07233560090702951
2143,row_weighted,balanced_accuracy,0.5357142857142857,0.6309523809523809,0.09523809523809523
2143,row_weighted,macro_f1,0.5357142857142857,0.606060606060606,0.07034632034632027
2143,row_weighted,mcc,0.07142857142857142,0.2828894749305018,0.2114609035019304
2144,row_weighted,roc_auc,0.5476190476190477,0.5952380952380953,0.04761904761904767
2144,row_weighted,pr_auc_active,0.5195156695156695,0.545970695970696,0.02645502645502651
2144,row_weighted,pr_auc_inactive,0.6432496075353218,0.6793040293040293,0.036054421768707545
2144,row_weighted,balanced_accuracy,0.6190476190476191,0.7023809523809523,0.08333333333333326
2144,row_weighted,macro_f1,0.6153846153846154,0.6904761904761905,0.07509157509157505
2144,row_weighted,mcc,0.23809523809523808,0.4147575310031266,0.17666229290788854
2145,row_weighted,roc_auc,0.5,0.6428571428571429,0.1428571428571429
2145,row_weighted,pr_auc_active,0.49173789173789173,0.55995670995671,0.06821881821881826
2145,row_weighted,pr_auc_inactive,0.6168890633176347,0.7745421245421246,0.15765306122448985
2145,row_weighted,balanced_accuracy,0.4642857142857143,0.6309523809523809,0.16666666666666663
2145,row_weighted,macro_f1,0.46153846153846156,0.606060606060606,0.1445221445221444
2145,row_weighted,mcc,-0.07142857142857142,0.2828894749305018,0.35431804635907327
2146,row_weighted,roc_auc,0.4761904761904762,0.5952380952380953,0.11904761904761912
2146,row_weighted,pr_auc_active,0.475071225071225,0.545970695970696,0.07089947089947102
2146,row_weighted,pr_auc_inactive,0.6069684283969998,0.6793040293040293,0.07233560090702951
2146,row_weighted,balanced_accuracy,0.5357142857142857,0.6309523809523809,0.09523809523809523
2146,row_weighted,macro_f1,0.5357142857142857,0.606060606060606,0.07034632034632027
2146,row_weighted,mcc,0.07142857142857142,0.2828894749305018,0.2114609035019304
2147,row_weighted,roc_auc,0.5,0.5952380952380953,0.09523809523809534
2147,row_weighted,pr_auc_active,0.49173789173789173,0.545970695970696,0.0542328042328043
2147,row_weighted,pr_auc_inactive,0.6168890633176347,0.6793040293040293,0.06241496598639462
2147,row_weighted,balanced_accuracy,0.6071428571428572,0.6309523809523809,0.023809523809523725
2147,row_weighted,macro_f1,0.606060606060606,0.606060606060606,0.0
2147,row_weighted,mcc,0.21957751641341997,0.2828894749305018,0.06331195851708185
2148,row_weighted,roc_auc,0.4523809523809524,0.6428571428571429,0.19047619047619052
2148,row_weighted,pr_auc_active,0.4658119658119658,0.55995670995671,0.09414474414474416
2148,row_weighted,pr_auc_inactive,0.5855398569684284,0.7745421245421246,0.1890022675736962
2148,row_weighted,balanced_accuracy,0.5357142857142857,0.6309523809523809,0.09523809523809523
2148,row_weighted,macro_f1,0.5357142857142857,0.606060606060606,0.07034632034632027
2148,row_weighted,mcc,0.07142857142857142,0.2828894749305018,0.2114609035019304
2149,row_weighted,roc_auc,0.5,0.5952380952380953,0.09523809523809534
2149,row_weighted,pr_auc_active,0.49173789173789173,0.545970695970696,0.0542328042328043
2149,row_weighted,pr_auc_inactive,0.6168890633176347,0.6793040293040293,0.06241496598639462
2149,row_weighted,balanced_accuracy,0.5357142857142857,0.6309523809523809,0.09523809523809523
2149,row_weighted,macro_f1,0.5357142857142857,0.606060606060606,0.07034632034632027
2149,row_weighted,mcc,0.07142857142857142,0.2828894749305018,0.2114609035019304
2150,row_weighted,roc_auc,0.5238095238095238,0.6428571428571429,0.11904761904761907
2150,row_weighted,pr_auc_active,0.5036426536426536,0.55995670995671,0.05631405631405639
2150,row_weighted,pr_auc_inactive,0.6304945054945055,0.7745421245421246,0.1440476190476191
2150,row_weighted,balanced_accuracy,0.5357142857142857,0.6309523809523809,0.09523809523809523
2150,row_weighted,macro_f1,0.5357142857142857,0.606060606060606,0.07034632034632027
2150,row_weighted,mcc,0.07142857142857142,0.2828894749305018,0.2114609035019304
2151,row_weighted,roc_auc,0.4761904761904762,0.6428571428571429,0.16666666666666669
2151,row_weighted,pr_auc_active,0.475071225071225,0.55995670995671,0.08488548488548497
2151,row_weighted,pr_auc_inactive,0.6069684283969998,0.7745421245421246,0.16757369614512474
2151,row_weighted,balanced_accuracy,0.45238095238095233,0.7023809523809523,0.25
2151,row_weighted,macro_f1,0.4484848484848485,0.6904761904761905,0.24199134199134198
2151,row_weighted,mcc,-0.09759000729485333,0.4147575310031266,0.51234753829798
2152,row_weighted,roc_auc,0.4761904761904762,0.6428571428571429,0.16666666666666669
2152,row_weighted,pr_auc_active,0.475071225071225,0.55995670995671,0.08488548488548497
2152,row_weighted,pr_auc_inactive,0.6069684283969998,0.7745421245421246,0.16757369614512474
2152,row_weighted,balanced_accuracy,0.5357142857142857,0.7023809523809523,0.16666666666666663
2152,row_weighted,macro_f1,0.5357142857142857,0.6904761904761905,0.15476190476190477
2152,row_weighted,mcc,0.07142857142857142,0.4147575310031266,0.3433289595745552
2153,row_weighted,roc_auc,0.5,0.6428571428571429,0.1428571428571429
2153,row_weighted,pr_auc_active,0.49173789173789173,0.55995670995671,0.06821881821881826
2153,row_weighted,pr_auc_inactive,0.6168890633176347,0.7745421245421246,0.15765306122448985
2153,row_weighted,balanced_accuracy,0.5357142857142857,0.6309523809523809,0.09523809523809523
2153,row_weighted,macro_f1,0.5357142857142857,0.606060606060606,0.07034632034632027
2153,row_weighted,mcc,0.07142857142857142,0.2828894749305018,0.2114609035019304
2154,row_weighted,roc_auc,0.5,0.6428571428571429,0.1428571428571429
2154,row_weighted,pr_auc_active,0.49173789173789173,0.55995670995671,0.06821881821881826
2154,row_weighted,pr_auc_inactive,0.6168890633176347,0.7745421245421246,0.15765306122448985
2154,row_weighted,balanced_accuracy,0.5357142857142857,0.7023809523809523,0.16666666666666663
2154,row_weighted,macro_f1,0.5357142857142857,0.6904761904761905,0.15476190476190477
2154,row_weighted,mcc,0.07142857142857142,0.4147575310031266,0.3433289595745552
2155,row_weighted,roc_auc,0.4761904761904762,0.6428571428571429,0.16666666666666669
2155,row_weighted,pr_auc_active,0.475071225071225,0.55995670995671,0.08488548488548497
2155,row_weighted,pr_auc_inactive,0.6069684283969998,0.7745421245421246,0.16757369614512474
2155,row_weighted,balanced_accuracy,0.5357142857142857,0.6309523809523809,0.09523809523809523
2155,row_weighted,macro_f1,0.5357142857142857,0.606060606060606,0.07034632034632027
2155,row_weighted,mcc,0.07142857142857142,0.2828894749305018,0.2114609035019304
2156,row_weighted,roc_auc,0.4761904761904762,0.6428571428571429,0.16666666666666669
2156,row_weighted,pr_auc_active,0.475071225071225,0.55995670995671,0.08488548488548497
2156,row_weighted,pr_auc_inactive,0.6069684283969998,0.7745421245421246,0.16757369614512474
2156,row_weighted,balanced_accuracy,0.5357142857142857,0.6309523809523809,0.09523809523809523
2156,row_weighted,macro_f1,0.5357142857142857,0.606060606060606,0.07034632034632027
2156,row_weighted,mcc,0.07142857142857142,0.2828894749305018,0.2114609035019304
2157,row_weighted,roc_auc,0.4761904761904762,0.5952380952380953,0.11904761904761912
2157,row_weighted,pr_auc_active,0.475071225071225,0.545970695970696,0.07089947089947102
2157,row_weighted,pr_auc_inactive,0.6069684283969998,0.6793040293040293,0.07233560090702951
2157,row_weighted,balanced_accuracy,0.45238095238095233,0.6309523809523809,0.1785714285714286
2157,row_weighted,macro_f1,0.4484848484848485,0.606060606060606,0.15757575757575748
2157,row_weighted,mcc,-0.09759000729485333,0.2828894749305018,0.38047948222535516
2158,row_weighted,roc_auc,0.5,0.6428571428571429,0.1428571428571429
2158,row_weighted,pr_auc_active,0.486975986975987,0.55995670995671,0.072980722980723
2158,row_weighted,pr_auc_inactive,0.6205738705738706,0.7745421245421246,0.15396825396825398
2158,row_weighted,balanced_accuracy,0.5476190476190476,0.7023809523809523,0.15476190476190477
2158,row_weighted,macro_f1,0.5357142857142857,0.6904761904761905,0.15476190476190477
2158,row_weighted,mcc,0.09759000729485333,0.4147575310031266,0.3171675237082733
2159,row_weighted,roc_auc,0.4761904761904762,0.5952380952380953,0.11904761904761912
2159,row_weighted,pr_auc_active,0.48247863247863243,0.545970695970696,0.0634920634920636
2159,row_weighted,pr_auc_inactive,0.5954604918890634,0.6793040293040293,0.08384353741496597
2159,row_weighted,balanced_accuracy,0.6071428571428572,0.6309523809523809,0.023809523809523725
2159,row_weighted,macro_f1,0.606060606060606,0.606060606060606,0.0
2159,row_weighted,mcc,0.21957751641341997,0.2828894749305018,0.06331195851708185
2160,row_weighted,roc_auc,0.4761904761904762,0.5952380952380953,0.11904761904761912
2160,row_weighted,pr_auc_active,0.475071225071225,0.545970695970696,0.07089947089947102
2160,row_weighted,pr_auc_inactive,0.6069684283969998,0.6793040293040293,0.07233560090702951
2160,row_weighted,balanced_accuracy,0.4642857142857143,0.6309523809523809,0.16666666666666663
2160,row_weighted,macro_f1,0.46153846153846156,0.606060606060606,0.1445221445221444
2160,row_weighted,mcc,-0.07142857142857142,0.2828894749305018,0.35431804635907327
2161,row_weighted,roc_auc,0.5,0.5952380952380953,0.09523809523809534
2161,row_weighted,pr_auc_active,0.49173789173789173,0.545970695970696,0.0542328042328043
2161,row_weighted,pr_auc_inactive,0.6168890633176347,0.6793040293040293,0.06241496598639462
2161,row_weighted,balanced_accuracy,0.6071428571428572,0.7023809523809523,0.09523809523809512
2161,row_weighted,macro_f1,0.606060606060606,0.6904761904761905,0.0844155844155845
2161,row_weighted,mcc,0.21957751641341997,0.4147575310031266,0.19518001458970666
2162,row_weighted,roc_auc,0.4761904761904762,0.6428571428571429,0.16666666666666669
2162,row_weighted,pr_auc_active,0.475071225071225,0.55995670995671,0.08488548488548497
2162,row_weighted,pr_auc_inactive,0.6069684283969998,0.7745421245421246,0.16757369614512474
2162,row_weighted,balanced_accuracy,0.5357142857142857,0.7023809523809523,0.16666666666666663
2162,row_weighted,macro_f1,0.5357142857142857,0.6904761904761905,0.15476190476190477
2162,row_weighted,mcc,0.07142857142857142,0.4147575310031266,0.3433289595745552
2163,row_weighted,roc_auc,0.5238095238095238,0.6428571428571429,0.11904761904761907
2163,row_weighted,pr_auc_active,0.5036426536426536,0.55995670995671,0.05631405631405639
2163,row_weighted,pr_auc_inactive,0.6304945054945055,0.7745421245421246,0.1440476190476191
2163,row_weighted,balanced_accuracy,0.6190476190476191,0.6309523809523809,0.011904761904761862
2163,row_weighted,macro_f1,0.6153846153846154,0.606060606060606,-0.009324009324009452
2163,row_weighted,mcc,0.23809523809523808,0.2828894749305018,0.044794236835263734
2164,row_weighted,roc_auc,0.5476190476190477,0.5952380952380953,0.04761904761904767
2164,row_weighted,pr_auc_active,0.5195156695156695,0.545970695970696,0.02645502645502651
2164,row_weighted,pr_auc_inactive,0.6432496075353218,0.6793040293040293,0.036054421768707545
2164,row_weighted,balanced_accuracy,0.6904761904761905,0.6309523809523809,-0.059523809523809534
2164,row_weighted,macro_f1,0.6904761904761905,0.606060606060606,-0.0844155844155845
2164,row_weighted,mcc,0.38095238095238093,0.2828894749305018,-0.09806290602187911
2165,row_weighted,roc_auc,0.4761904761904762,0.6428571428571429,0.16666666666666669
2165,row_weighted,pr_auc_active,0.475071225071225,0.55995670995671,0.08488548488548497
2165,row_weighted,pr_auc_inactive,0.6069684283969998,0.7745421245421246,0.16757369614512474
2165,row_weighted,balanced_accuracy,0.5357142857142857,0.7023809523809523,0.16666666666666663
2165,row_weighted,macro_f1,0.5357142857142857,0.6904761904761905,0.15476190476190477
2165,row_weighted,mcc,0.07142857142857142,0.4147575310031266,0.3433289595745552
2166,row_weighted,roc_auc,0.4761904761904762,0.6428571428571429,0.16666666666666669
2166,row_weighted,pr_auc_active,0.475071225071225,0.55995670995671,0.08488548488548497
2166,row_weighted,pr_auc_inactive,0.6069684283969998,0.7745421245421246,0.16757369614512474
2166,row_weighted,balanced_accuracy,0.5357142857142857,0.6309523809523809,0.09523809523809523
2166,row_weighted,macro_f1,0.5357142857142857,0.606060606060606,0.07034632034632027
2166,row_weighted,mcc,0.07142857142857142,0.2828894749305018,0.2114609035019304
2167,row_weighted,roc_auc,0.4761904761904762,0.6428571428571429,0.16666666666666669
2167,row_weighted,pr_auc_active,0.48247863247863243,0.55995670995671,0.07747807747807756
2167,row_weighted,pr_auc_inactive,0.5954604918890634,0.7745421245421246,0.1790816326530612
2167,row_weighted,balanced_accuracy,0.5357142857142857,0.6309523809523809,0.09523809523809523
2167,row_weighted,macro_f1,0.5357142857142857,0.606060606060606,0.07034632034632027
2167,row_weighted,mcc,0.07142857142857142,0.2828894749305018,0.2114609035019304
2168,row_weighted,roc_auc,0.5,0.5952380952380953,0.09523809523809534
2168,row_weighted,pr_auc_active,0.49173789173789173,0.545970695970696,0.0542328042328043
2168,row_weighted,pr_auc_inactive,0.6168890633176347,0.6793040293040293,0.06241496598639462
2168,row_weighted,balanced_accuracy,0.6071428571428572,0.7023809523809523,0.09523809523809512
2168,row_weighted,macro_f1,0.606060606060606,0.6904761904761905,0.0844155844155845
2168,row_weighted,mcc,0.21957751641341997,0.4147575310031266,0.19518001458970666
2169,row_weighted,roc_auc,0.5,0.6428571428571429,0.1428571428571429
2169,row_weighted,pr_auc_active,0.49173789173789173,0.55995670995671,0.06821881821881826
2169,row_weighted,pr_auc_inactive,0.6168890633176347,0.7745421245421246,0.15765306122448985
2169,row_weighted,balanced_accuracy,0.6071428571428572,0.7738095238095238,0.16666666666666663
2169,row_weighted,macro_f1,0.606060606060606,0.7692307692307693,0.1631701631701633
2169,row_weighted,mcc,0.21957751641341997,0.5476190476190477,0.32804153120562773
2170,row_weighted,roc_auc,0.4761904761904762,0.6428571428571429,0.16666666666666669
2170,row_weighted,pr_auc_active,0.475071225071225,0.55995670995671,0.08488548488548497
2170,row_weighted,pr_auc_inactive,0.6069684283969998,0.7745421245421246,0.16757369614512474
2170,row_weighted,balanced_accuracy,0.5357142857142857,0.6309523809523809,0.09523809523809523
2170,row_weighted,macro_f1,0.5357142857142857,0.606060606060606,0.07034632034632027
2170,row_weighted,mcc,0.07142857142857142,0.2828894749305018,0.2114609035019304
2171,row_weighted,roc_auc,0.4523809523809524,0.5952380952380953,0.14285714285714296
2171,row_weighted,pr_auc_active,0.4658119658119658,0.545970695970696,0.08015873015873021
2171,row_weighted,pr_auc_inactive,0.5855398569684284,0.6793040293040293,0.09376417233560097
2171,row_weighted,balanced_accuracy,0.4642857142857143,0.7023809523809523,0.23809523809523803
2171,row_weighted,macro_f1,0.46153846153846156,0.6904761904761905,0.2289377289377289
2171,row_weighted,mcc,-0.07142857142857142,0.4147575310031266,0.486186102431698
2172,row_weighted,roc_auc,0.5,0.6428571428571429,0.1428571428571429
2172,row_weighted,pr_auc_active,0.49173789173789173,0.55995670995671,0.06821881821881826
2172,row_weighted,pr_auc_inactive,0.6168890633176347,0.7745421245421246,0.15765306122448985
2172,row_weighted,balanced_accuracy,0.5357142857142857,0.6309523809523809,0.09523809523809523
2172,row_weighted,macro_f1,0.5357142857142857,0.606060606060606,0.07034632034632027
2172,row_weighted,mcc,0.07142857142857142,0.2828894749305018,0.2114609035019304
2173,row_weighted,roc_auc,0.4761904761904762,0.5952380952380953,0.11904761904761912
2173,row_weighted,pr_auc_active,0.4777167277167277,0.545970695970696,0.06825396825396834
2173,row_weighted,pr_auc_inactive,0.599145299145299,0.6793040293040293,0.08015873015873032
2173,row_weighted,balanced_accuracy,0.45238095238095233,0.6309523809523809,0.1785714285714286
2173,row_weighted,macro_f1,0.4484848484848485,0.606060606060606,0.15757575757575748
2173,row_weighted,mcc,-0.09759000729485333,0.2828894749305018,0.38047948222535516
2174,row_weighted,roc_auc,0.5,0.6428571428571429,0.1428571428571429
2174,row_weighted,pr_auc_active,0.49173789173789173,0.55995670995671,0.06821881821881826
2174,row_weighted,pr_auc_inactive,0.6168890633176347,0.7745421245421246,0.15765306122448985
2174,row_weighted,balanced_accuracy,0.5357142857142857,0.7023809523809523,0.16666666666666663
2174,row_weighted,macro_f1,0.5357142857142857,0.6904761904761905,0.15476190476190477
2174,row_weighted,mcc,0.07142857142857142,0.4147575310031266,0.3433289595745552
2175,row_weighted,roc_auc,0.4761904761904762,0.6428571428571429,0.16666666666666669
2175,row_weighted,pr_auc_active,0.475071225071225,0.55995670995671,0.08488548488548497
2175,row_weighted,pr_auc_inactive,0.6069684283969998,0.7745421245421246,0.16757369614512474
2175,row_weighted,balanced_accuracy,0.5357142857142857,0.6309523809523809,0.09523809523809523
2175,row_weighted,macro_f1,0.5357142857142857,0.606060606060606,0.07034632034632027
2175,row_weighted,mcc,0.07142857142857142,0.2828894749305018,0.2114609035019304
2176,row_weighted,roc_auc,0.4761904761904762,0.5952380952380953,0.11904761904761912
2176,row_weighted,pr_auc_active,0.475071225071225,0.545970695970696,0.07089947089947102
2176,row_weighted,pr_auc_inactive,0.6069684283969998,0.6793040293040293,0.07233560090702951
2176,row_weighted,balanced_accuracy,0.5357142857142857,0.6309523809523809,0.09523809523809523
2176,row_weighted,macro_f1,0.5357142857142857,0.606060606060606,0.07034632034632027
2176,row_weighted,mcc,0.07142857142857142,0.2828894749305018,0.2114609035019304
2177,row_weighted,roc_auc,0.4761904761904762,0.5952380952380953,0.11904761904761912
2177,row_weighted,pr_auc_active,0.475071225071225,0.545970695970696,0.07089947089947102
2177,row_weighted,pr_auc_inactive,0.6069684283969998,0.6793040293040293,0.07233560090702951
2177,row_weighted,balanced_accuracy,0.5357142857142857,0.6309523809523809,0.09523809523809523
2177,row_weighted,macro_f1,0.5357142857142857,0.606060606060606,0.07034632034632027
2177,row_weighted,mcc,0.07142857142857142,0.2828894749305018,0.2114609035019304
2178,row_weighted,roc_auc,0.5,0.6428571428571429,0.1428571428571429
2178,row_weighted,pr_auc_active,0.49173789173789173,0.55995670995671,0.06821881821881826
2178,row_weighted,pr_auc_inactive,0.6168890633176347,0.7745421245421246,0.15765306122448985
2178,row_weighted,balanced_accuracy,0.5357142857142857,0.6309523809523809,0.09523809523809523
2178,row_weighted,macro_f1,0.5357142857142857,0.606060606060606,0.07034632034632027
2178,row_weighted,mcc,0.07142857142857142,0.2828894749305018,0.2114609035019304
2179,row_weighted,roc_auc,0.5238095238095238,0.5952380952380953,0.07142857142857151
2179,row_weighted,pr_auc_active,0.5036426536426536,0.545970695970696,0.04232804232804244
2179,row_weighted,pr_auc_inactive,0.6304945054945055,0.6793040293040293,0.04880952380952386
2179,row_weighted,balanced_accuracy,0.6190476190476191,0.6309523809523809,0.011904761904761862
2179,row_weighted,macro_f1,0.6153846153846154,0.606060606060606,-0.009324009324009452
2179,row_weighted,mcc,0.23809523809523808,0.2828894749305018,0.044794236835263734
2180,row_weighted,roc_auc,0.5,0.6428571428571429,0.1428571428571429
2180,row_weighted,pr_auc_active,0.486975986975987,0.55995670995671,0.072980722980723
2180,row_weighted,pr_auc_inactive,0.6205738705738706,0.7745421245421246,0.15396825396825398
2180,row_weighted,balanced_accuracy,0.6190476190476191,0.7023809523809523,0.08333333333333326
2180,row_weighted,macro_f1,0.6153846153846154,0.6904761904761905,0.07509157509157505
2180,row_weighted,mcc,0.23809523809523808,0.4147575310031266,0.17666229290788854
2181,row_weighted,roc_auc,0.5476190476190477,0.6428571428571429,0.09523809523809523
2181,row_weighted,pr_auc_active,0.5057239057239057,0.55995670995671,0.0542328042328043
2181,row_weighted,pr_auc_inactive,0.71212715855573,0.7745421245421246,0.06241496598639451
2181,row_weighted,balanced_accuracy,0.6071428571428572,0.7738095238095238,0.16666666666666663
2181,row_weighted,macro_f1,0.606060606060606,0.7692307692307693,0.1631701631701633
2181,row_weighted,mcc,0.21957751641341997,0.5476190476190477,0.32804153120562773
2182,row_weighted,roc_auc,0.4761904761904762,0.6428571428571429,0.16666666666666669
2182,row_weighted,pr_auc_active,0.475071225071225,0.55995670995671,0.08488548488548497
2182,row_weighted,pr_auc_inactive,0.6069684283969998,0.7745421245421246,0.16757369614512474
2182,row_weighted,balanced_accuracy,0.5357142857142857,0.6309523809523809,0.09523809523809523
2182,row_weighted,macro_f1,0.5357142857142857,0.606060606060606,0.07034632034632027
2182,row_weighted,mcc,0.07142857142857142,0.2828894749305018,0.2114609035019304
2183,row_weighted,roc_auc,0.4761904761904762,0.6428571428571429,0.16666666666666669
2183,row_weighted,pr_auc_active,0.48247863247863243,0.55995670995671,0.07747807747807756
2183,row_weighted,pr_auc_inactive,0.5954604918890634,0.7745421245421246,0.1790816326530612
2183,row_weighted,balanced_accuracy,0.5357142857142857,0.7023809523809523,0.16666666666666663
2183,row_weighted,macro_f1,0.5357142857142857,0.6904761904761905,0.15476190476190477
2183,row_weighted,mcc,0.07142857142857142,0.4147575310031266,0.3433289595745552
2184,row_weighted,roc_auc,0.5,0.5952380952380953,0.09523809523809534
2184,row_weighted,pr_auc_active,0.49173789173789173,0.545970695970696,0.0542328042328043
2184,row_weighted,pr_auc_inactive,0.6168890633176347,0.6793040293040293,0.06241496598639462
2184,row_weighted,balanced_accuracy,0.5357142857142857,0.7023809523809523,0.16666666666666663
2184,row_weighted,macro_f1,0.5357142857142857,0.6904761904761905,0.15476190476190477
2184,row_weighted,mcc,0.07142857142857142,0.4147575310031266,0.3433289595745552
2185,row_weighted,roc_auc,0.5,0.5952380952380953,0.09523809523809534
2185,row_weighted,pr_auc_active,0.486975986975987,0.545970695970696,0.058994708994709044
2185,row_weighted,pr_auc_inactive,0.6205738705738706,0.6793040293040293,0.058730158730158744
2185,row_weighted,balanced_accuracy,0.45238095238095233,0.6309523809523809,0.1785714285714286
2185,row_weighted,macro_f1,0.4484848484848485,0.606060606060606,0.15757575757575748
2185,row_weighted,mcc,-0.09759000729485333,0.2828894749305018,0.38047948222535516
2186,row_weighted,roc_auc,0.4523809523809524,0.6428571428571429,0.19047619047619052
2186,row_weighted,pr_auc_active,0.4658119658119658,0.55995670995671,0.09414474414474416
2186,row_weighted,pr_auc_inactive,0.5855398569684284,0.7745421245421246,0.1890022675736962
2186,row_weighted,balanced_accuracy,0.5357142857142857,0.7023809523809523,0.16666666666666663
2186,row_weighted,macro_f1,0.5357142857142857,0.6904761904761905,0.15476190476190477
2186,row_weighted,mcc,0.07142857142857142,0.4147575310031266,0.3433289595745552
2187,row_weighted,roc_auc,0.4761904761904762,0.6428571428571429,0.16666666666666669
2187,row_weighted,pr_auc_active,0.475071225071225,0.55995670995671,0.08488548488548497
2187,row_weighted,pr_auc_inactive,0.6069684283969998,0.7745421245421246,0.16757369614512474
2187,row_weighted,balanced_accuracy,0.5357142857142857,0.6309523809523809,0.09523809523809523
2187,row_weighted,macro_f1,0.5357142857142857,0.606060606060606,0.07034632034632027
2187,row_weighted,mcc,0.07142857142857142,0.2828894749305018,0.2114609035019304
2188,row_weighted,roc_auc,0.5,0.6428571428571429,0.1428571428571429
2188,row_weighted,pr_auc_active,0.49173789173789173,0.55995670995671,0.06821881821881826
2188,row_weighted,pr_auc_inactive,0.6168890633176347,0.7745421245421246,0.15765306122448985
2188,row_weighted,balanced_accuracy,0.6071428571428572,0.6309523809523809,0.023809523809523725
2188,row_weighted,macro_f1,0.606060606060606,0.606060606060606,0.0
2188,row_weighted,mcc,0.21957751641341997,0.2828894749305018,0.06331195851708185
2189,row_weighted,roc_auc,0.4761904761904762,0.6428571428571429,0.16666666666666669
2189,row_weighted,pr_auc_active,0.475071225071225,0.55995670995671,0.08488548488548497
2189,row_weighted,pr_auc_inactive,0.6069684283969998,0.7745421245421246,0.16757369614512474
2189,row_weighted,balanced_accuracy,0.5238095238095238,0.6309523809523809,0.1071428571428571
2189,row_weighted,macro_f1,0.5125,0.606060606060606,0.09356060606060601
2189,row_weighted,mcc,0.05143444998736397,0.2828894749305018,0.23145502494313785
2190,row_weighted,roc_auc,0.5,0.5952380952380953,0.09523809523809534
2190,row_weighted,pr_auc_active,0.49173789173789173,0.545970695970696,0.0542328042328043
2190,row_weighted,pr_auc_inactive,0.6168890633176347,0.6793040293040293,0.06241496598639462
2190,row_weighted,balanced_accuracy,0.5357142857142857,0.6309523809523809,0.09523809523809523
2190,row_weighted,macro_f1,0.5357142857142857,0.606060606060606,0.07034632034632027
2190,row_weighted,mcc,0.07142857142857142,0.2828894749305018,0.2114609035019304
2191,row_weighted,roc_auc,0.5238095238095238,0.5952380952380953,0.07142857142857151
2191,row_weighted,pr_auc_active,0.5036426536426536,0.545970695970696,0.04232804232804244
2191,row_weighted,pr_auc_inactive,0.6304945054945055,0.6793040293040293,0.04880952380952386
2191,row_weighted,balanced_accuracy,0.6190476190476191,0.6309523809523809,0.011904761904761862
2191,row_weighted,macro_f1,0.6153846153846154,0.606060606060606,-0.009324009324009452
2191,row_weighted,mcc,0.23809523809523808,0.2828894749305018,0.044794236835263734
2192,row_weighted,roc_auc,0.4761904761904762,0.5952380952380953,0.11904761904761912
2192,row_weighted,pr_auc_active,0.475071225071225,0.545970695970696,0.07089947089947102
2192,row_weighted,pr_auc_inactive,0.6069684283969998,0.6793040293040293,0.07233560090702951
2192,row_weighted,balanced_accuracy,0.5357142857142857,0.6309523809523809,0.09523809523809523
2192,row_weighted,macro_f1,0.5357142857142857,0.606060606060606,0.07034632034632027
2192,row_weighted,mcc,0.07142857142857142,0.2828894749305018,0.2114609035019304
2193,row_weighted,roc_auc,0.4761904761904762,0.6428571428571429,0.16666666666666669
2193,row_weighted,pr_auc_active,0.475071225071225,0.55995670995671,0.08488548488548497
2193,row_weighted,pr_auc_inactive,0.6069684283969998,0.7745421245421246,0.16757369614512474
2193,row_weighted,balanced_accuracy,0.5357142857142857,0.7023809523809523,0.16666666666666663
2193,row_weighted,macro_f1,0.5357142857142857,0.6904761904761905,0.15476190476190477
2193,row_weighted,mcc,0.07142857142857142,0.4147575310031266,0.3433289595745552
2194,row_weighted,roc_auc,0.4523809523809524,0.6428571428571429,0.19047619047619052
2194,row_weighted,pr_auc_active,0.4658119658119658,0.55995670995671,0.09414474414474416
2194,row_weighted,pr_auc_inactive,0.5855398569684284,0.7745421245421246,0.1890022675736962
2194,row_weighted,balanced_accuracy,0.5357142857142857,0.7023809523809523,0.16666666666666663
2194,row_weighted,macro_f1,0.5357142857142857,0.6904761904761905,0.15476190476190477
2194,row_weighted,mcc,0.07142857142857142,0.4147575310031266,0.3433289595745552
2195,row_weighted,roc_auc,0.5238095238095238,0.6428571428571429,0.11904761904761907
2195,row_weighted,pr_auc_active,0.5036426536426536,0.55995670995671,0.05631405631405639
2195,row_weighted,pr_auc_inactive,0.6304945054945055,0.7745421245421246,0.1440476190476191
2195,row_weighted,balanced_accuracy,0.5357142857142857,0.6309523809523809,0.09523809523809523
2195,row_weighted,macro_f1,0.5357142857142857,0.606060606060606,0.07034632034632027
2195,row_weighted,mcc,0.07142857142857142,0.2828894749305018,0.2114609035019304
2196,row_weighted,roc_auc,0.5,0.6428571428571429,0.1428571428571429
2196,row_weighted,pr_auc_active,0.49173789173789173,0.55995670995671,0.06821881821881826
2196,row_weighted,pr_auc_inactive,0.6168890633176347,0.7745421245421246,0.15765306122448985
2196,row_weighted,balanced_accuracy,0.5357142857142857,0.7023809523809523,0.16666666666666663
2196,row_weighted,macro_f1,0.5357142857142857,0.6904761904761905,0.15476190476190477
2196,row_weighted,mcc,0.07142857142857142,0.4147575310031266,0.3433289595745552
2197,row_weighted,roc_auc,0.4761904761904762,0.5952380952380953,0.11904761904761912
2197,row_weighted,pr_auc_active,0.475071225071225,0.545970695970696,0.07089947089947102
2197,row_weighted,pr_auc_inactive,0.6069684283969998,0.6793040293040293,0.07233560090702951
2197,row_weighted,balanced_accuracy,0.5357142857142857,0.6309523809523809,0.09523809523809523
2197,row_weighted,macro_f1,0.5357142857142857,0.606060606060606,0.07034632034632027
2197,row_weighted,mcc,0.07142857142857142,0.2828894749305018,0.2114609035019304
2198,row_weighted,roc_auc,0.4523809523809524,0.6428571428571429,0.19047619047619052
2198,row_weighted,pr_auc_active,0.4658119658119658,0.55995670995671,0.09414474414474416
2198,row_weighted,pr_auc_inactive,0.5855398569684284,0.7745421245421246,0.1890022675736962
2198,row_weighted,balanced_accuracy,0.5357142857142857,0.6309523809523809,0.09523809523809523
2198,row_weighted,macro_f1,0.5357142857142857,0.606060606060606,0.07034632034632027
2198,row_weighted,mcc,0.07142857142857142,0.2828894749305018,0.2114609035019304
2199,row_weighted,roc_auc,0.42857142857142855,0.6428571428571429,0.21428571428571436
2199,row_weighted,pr_auc_active,0.4685897435897436,0.55995670995671,0.0913669663669664
2199,row_weighted,pr_auc_inactive,0.5478414442700157,0.7745421245421246,0.22670068027210888
2199,row_weighted,balanced_accuracy,0.5357142857142857,0.7023809523809523,0.16666666666666663
2199,row_weighted,macro_f1,0.5357142857142857,0.6904761904761905,0.15476190476190477
2199,row_weighted,mcc,0.07142857142857142,0.4147575310031266,0.3433289595745552
2000,source_balanced,roc_auc,0.30194805194805185,0.3474025974025974,0.045454545454545525
2000,source_balanced,pr_auc_active,0.5520682502363536,0.5607429335370512,0.008674683300697539
2000,source_balanced,pr_auc_inactive,0.4307359307359307,0.5392857142857143,0.10854978354978356
2000,source_balanced,balanced_accuracy,0.48376623376623373,0.5844155844155844,0.10064935064935066
2000,source_balanced,macro_f1,0.4791489361702127,0.5555555555555556,0.07640661938534288
2000,source_balanced,mcc,-0.03436040663720258,0.26189246330824845,0.296252869945451
2001,source_balanced,roc_auc,0.2987012987012986,0.3409090909090909,0.042207792207792305
2001,source_balanced,pr_auc_active,0.5502931462553673,0.5591089466089466,0.008815800353579317
2001,source_balanced,pr_auc_inactive,0.4724025974025974,0.4916666666666666,0.019264069264069206
2001,source_balanced,balanced_accuracy,0.48376623376623373,0.5844155844155844,0.10064935064935066
2001,source_balanced,macro_f1,0.4791489361702127,0.5555555555555556,0.07640661938534288
2001,source_balanced,mcc,-0.03436040663720258,0.26189246330824845,0.296252869945451
2002,source_balanced,roc_auc,0.3116883116883116,0.3409090909090909,0.02922077922077926
2002,source_balanced,pr_auc_active,0.5550910894660894,0.5618686868686869,0.006777597402597424
2002,source_balanced,pr_auc_inactive,0.4404761904761904,0.4916666666666666,0.051190476190476175
2002,source_balanced,balanced_accuracy,0.551948051948052,0.5844155844155844,0.03246753246753242
2002,source_balanced,macro_f1,0.5418181818181819,0.5555555555555556,0.013737373737373715
2002,source_balanced,mcc,0.1218289807746346,0.26189246330824845,0.14006348253361384
2003,source_balanced,roc_auc,0.3214285714285714,0.3474025974025974,0.025974025974025983
2003,source_balanced,pr_auc_active,0.5583378427128427,0.5618792971734148,0.00354145446057208
2003,source_balanced,pr_auc_inactive,0.4503968253968253,0.5392857142857143,0.08888888888888896
2003,source_balanced,balanced_accuracy,0.551948051948052,0.5844155844155844,0.03246753246753242
2003,source_balanced,macro_f1,0.5418181818181819,0.5555555555555556,0.013737373737373715
2003,source_balanced,mcc,0.1218289807746346,0.26189246330824845,0.14006348253361384
2004,source_balanced,roc_auc,0.30194805194805185,0.3474025974025974,0.045454545454545525
2004,source_balanced,pr_auc_active,0.5516819985569985,0.5618792971734148,0.010197298616416273
2004,source_balanced,pr_auc_inactive,0.4345238095238095,0.5392857142857143,0.10476190476190478
2004,source_balanced,balanced_accuracy,0.48376623376623373,0.5844155844155844,0.10064935064935066
2004,source_balanced,macro_f1,0.4791489361702127,0.5555555555555556,0.07640661938534288
2004,source_balanced,mcc,-0.03436040663720258,0.26189246330824845,0.296252869945451
2005,source_balanced,roc_auc,0.30194805194805185,0.3409090909090909,0.03896103896103903
2005,source_balanced,pr_auc_active,0.5516819985569985,0.5602453102453102,0.008563311688311703
2005,source_balanced,pr_auc_inactive,0.4345238095238095,0.4916666666666666,0.057142857142857106
2005,source_balanced,balanced_accuracy,0.48376623376623373,0.6201298701298701,0.13636363636363635
2005,source_balanced,macro_f1,0.4791489361702127,0.6067527308838133,0.12760379471360062
2005,source_balanced,mcc,-0.03436040663720258,0.33868074965743356,0.37304115629463613
2006,source_balanced,roc_auc,0.2987012987012986,0.3474025974025974,0.0487012987012988
2006,source_balanced,pr_auc_active,0.5502931462553673,0.5618792971734148,0.011586150918047489
2006,source_balanced,pr_auc_inactive,0.4724025974025974,0.5392857142857143,0.06688311688311688
2006,source_balanced,balanced_accuracy,0.48376623376623373,0.5844155844155844,0.10064935064935066
2006,source_balanced,macro_f1,0.4791489361702127,0.5555555555555556,0.07640661938534288
2006,source_balanced,mcc,-0.03436040663720258,0.26189246330824845,0.296252869945451
2007,source_balanced,roc_auc,0.3116883116883116,0.3409090909090909,0.02922077922077926
2007,source_balanced,pr_auc_active,0.5550910894660894,0.5602453102453102,0.005154220779220786
2007,source_balanced,pr_auc_inactive,0.4404761904761904,0.4916666666666666,0.051190476190476175
2007,source_balanced,balanced_accuracy,0.5194805194805194,0.6201298701298701,0.10064935064935066
2007,source_balanced,macro_f1,0.5183946488294314,0.6067527308838133,0.08835808205438189
2007,source_balanced,mcc,0.040291148201268875,0.33868074965743356,0.29838960145616467
2008,source_balanced,roc_auc,0.28246753246753237,0.3474025974025974,0.06493506493506501
2008,source_balanced,pr_auc_active,0.5455123061804096,0.5618792971734148,0.016366990993005204
2008,source_balanced,pr_auc_inactive,0.41921768707482987,0.5392857142857143,0.12006802721088439
2008,source_balanced,balanced_accuracy,0.44805194805194803,0.6201298701298701,0.17207792207792205
2008,source_balanced,macro_f1,0.4375,0.6067527308838133,0.16925273088381332
2008,source_balanced,mcc,-0.11308055883843511,0.33868074965743356,0.45176130849586865
2009,source_balanced,roc_auc,0.29220779220779214,0.3409090909090909,0.048701298701298745
2009,source_balanced,pr_auc_active,0.5486591593272627,0.5534271284271283,0.004767969099865543
2009,source_balanced,pr_auc_inactive,0.4247835497835497,0.4916666666666666,0.06688311688311688
2009,source_balanced,balanced_accuracy,0.48376623376623373,0.5844155844155844,0.10064935064935066
2009,source_balanced,macro_f1,0.4791489361702127,0.5555555555555556,0.07640661938534288
2009,source_balanced,mcc,-0.03436040663720258,0.26189246330824845,0.296252869945451
2010,source_balanced,roc_auc,0.26298701298701294,0.3474025974025974,0.08441558441558444
2010,source_balanced,pr_auc_active,0.5409887047818083,0.5607429335370512,0.01975422875524291
2010,source_balanced,pr_auc_inactive,0.3542053184910327,0.5392857142857143,0.18508039579468155
2010,source_balanced,balanced_accuracy,0.44805194805194803,0.6201298701298701,0.17207792207792205
2010,source_balanced,macro_f1,0.4375,0.6067527308838133,0.16925273088381332
2010,source_balanced,mcc,-0.11308055883843511,0.33868074965743356,0.45176130849586865
2011,source_balanced,roc_auc,0.30194805194805185,0.3474025974025974,0.045454545454545525
2011,source_balanced,pr_auc_active,0.5520682502363536,0.5618792971734148,0.00981104693706114
2011,source_balanced,pr_auc_inactive,0.4307359307359307,0.5392857142857143,0.10854978354978356
2011,source_balanced,balanced_accuracy,0.48376623376623373,0.5844155844155844,0.10064935064935066
2011,source_balanced,macro_f1,0.4791489361702127,0.5555555555555556,0.07640661938534288
2011,source_balanced,mcc,-0.03436040663720258,0.26189246330824845,0.296252869945451
2012,source_balanced,roc_auc,0.30194805194805185,0.3474025974025974,0.045454545454545525
2012,source_balanced,pr_auc_active,0.5520682502363536,0.5635026737967914,0.011434423560437779
2012,source_balanced,pr_auc_inactive,0.4307359307359307,0.5392857142857143,0.10854978354978356
2012,source_balanced,balanced_accuracy,0.48376623376623373,0.6201298701298701,0.13636363636363635
2012,source_balanced,macro_f1,0.4791489361702127,0.6067527308838133,0.12760379471360062
2012,source_balanced,mcc,-0.03436040663720258,0.33868074965743356,0.37304115629463613
2013,source_balanced,roc_auc,0.29220779220779214,0.3474025974025974,0.05519480519480524
2013,source_balanced,pr_auc_active,0.5486591593272627,0.5618792971734148,0.013220137846152058
2013,source_balanced,pr_auc_inactive,0.4247835497835497,0.5392857142857143,0.11450216450216455
2013,source_balanced,balanced_accuracy,0.41558441558441556,0.6201298701298701,0.20454545454545453
2013,source_balanced,macro_f1,0.4155844155844156,0.6067527308838133,0.1911683152993977
2013,source_balanced,mcc,-0.1688311688311691,0.33868074965743356,0.5075119184886027
2014,source_balanced,roc_auc,0.30194805194805185,0.3409090909090909,0.03896103896103903
2014,source_balanced,pr_auc_active,0.5520682502363536,0.5618686868686869,0.00980043663233321
2014,source_balanced,pr_auc_inactive,0.4307359307359307,0.4916666666666666,0.06093073593073589
2014,source_balanced,balanced_accuracy,0.48376623376623373,0.5844155844155844,0.10064935064935066
2014,source_balanced,macro_f1,0.4791489361702127,0.5555555555555556,0.07640661938534288
2014,source_balanced,mcc,-0.03436040663720258,0.26189246330824845,0.296252869945451
2015,source_balanced,roc_auc,0.3116883116883116,0.3474025974025974,0.035714285714285754
2015,source_balanced,pr_auc_active,0.5550910894660894,0.5635026737967914,0.008411584330701993
2015,source_balanced,pr_auc_inactive,0.4404761904761904,0.5392857142857143,0.09880952380952385
2015,source_balanced,balanced_accuracy,0.48376623376623373,0.5844155844155844,0.10064935064935066
2015,source_balanced,macro_f1,0.4791489361702127,0.5555555555555556,0.07640661938534288
2015,source_balanced,mcc,-0.03436040663720258,0.26189246330824845,0.296252869945451
2016,source_balanced,roc_auc,0.2987012987012986,0.3409090909090909,0.042207792207792305
2016,source_balanced,pr_auc_active,0.5502931462553673,0.5591089466089466,0.008815800353579317
2016,source_balanced,pr_auc_inactive,0.4724025974025974,0.4916666666666666,0.019264069264069206
2016,source_balanced,balanced_accuracy,0.48376623376623373,0.6201298701298701,0.13636363636363635
2016,source_balanced,macro_f1,0.4791489361702127,0.6067527308838133,0.12760379471360062
2016,source_balanced,mcc,-0.03436040663720258,0.33868074965743356,0.37304115629463613
2017,source_balanced,roc_auc,0.29220779220779214,0.3409090909090909,0.048701298701298745
2017,source_balanced,pr_auc_active,0.5486591593272627,0.5591089466089466,0.010449787281683887
2017,source_balanced,pr_auc_inactive,0.4247835497835497,0.4916666666666666,0.06688311688311688
2017,source_balanced,balanced_accuracy,0.41558441558441556,0.6201298701298701,0.20454545454545453
2017,source_balanced,macro_f1,0.4155844155844156,0.6067527308838133,0.1911683152993977
2017,source_balanced,mcc,-0.1688311688311691,0.33868074965743356,0.5075119184886027
2018,source_balanced,roc_auc,0.29220779220779214,0.3409090909090909,0.048701298701298745
2018,source_balanced,pr_auc_active,0.5489702216974944,0.5591089466089466,0.01013872491145218
2018,source_balanced,pr_auc_inactive,0.4115646258503401,0.4916666666666666,0.08010204081632649
2018,source_balanced,balanced_accuracy,0.551948051948052,0.6201298701298701,0.06818181818181812
2018,source_balanced,macro_f1,0.5418181818181819,0.6067527308838133,0.06493454906563145
2018,source_balanced,mcc,0.1218289807746346,0.33868074965743356,0.21685176888279895
2019,source_balanced,roc_auc,0.29220779220779214,0.3474025974025974,0.05519480519480524
2019,source_balanced,pr_auc_active,0.5486591593272627,0.5618792971734148,0.013220137846152058
2019,source_balanced,pr_auc_inactive,0.4247835497835497,0.5392857142857143,0.11450216450216455
2019,source_balanced,balanced_accuracy,0.44805194805194803,0.5844155844155844,0.13636363636363635
2019,source_balanced,macro_f1,0.4375,0.5555555555555556,0.11805555555555558
2019,source_balanced,mcc,-0.11308055883843511,0.26189246330824845,0.37497302214668354
2020,source_balanced,roc_auc,0.3214285714285714,0.3474025974025974,0.025974025974025983
2020,source_balanced,pr_auc_active,0.5583378427128427,0.5618792971734148,0.00354145446057208
2020,source_balanced,pr_auc_inactive,0.4503968253968253,0.5392857142857143,0.08888888888888896
2020,source_balanced,balanced_accuracy,0.5876623376623377,0.6201298701298701,0.03246753246753242
2020,source_balanced,macro_f1,0.5847382431233363,0.6067527308838133,0.022014487760476986
2020,source_balanced,mcc,0.19738550848793068,0.33868074965743356,0.14129524116950287
2021,source_balanced,roc_auc,0.2987012987012986,0.3409090909090909,0.042207792207792305
2021,source_balanced,pr_auc_active,0.5502931462553673,0.5591089466089466,0.008815800353579317
2021,source_balanced,pr_auc_inactive,0.4724025974025974,0.4916666666666666,0.019264069264069206
2021,source_balanced,balanced_accuracy,0.41558441558441556,0.5844155844155844,0.16883116883116883
2021,source_balanced,macro_f1,0.4155844155844156,0.5555555555555556,0.13997113997113997
2021,source_balanced,mcc,-0.1688311688311691,0.26189246330824845,0.43072363213941756
2022,source_balanced,roc_auc,0.29220779220779214,0.3409090909090909,0.048701298701298745
2022,source_balanced,pr_auc_active,0.5486591593272627,0.5591089466089466,0.010449787281683887
2022,source_balanced,pr_auc_inactive,0.4247835497835497,0.4916666666666666,0.06688311688311688
2022,source_balanced,balanced_accuracy,0.48376623376623373,0.6201298701298701,0.13636363636363635
2022,source_balanced,macro_f1,0.4791489361702127,0.6067527308838133,0.12760379471360062
2022,source_balanced,mcc,-0.03436040663720258,0.33868074965743356,0.37304115629463613
2023,source_balanced,roc_auc,0.30194805194805185,0.3474025974025974,0.045454545454545525
2023,source_balanced,pr_auc_active,0.5520682502363536,0.5635026737967914,0.011434423560437779
2023,source_balanced,pr_auc_inactive,0.4307359307359307,0.5392857142857143,0.10854978354978356
2023,source_balanced,balanced_accuracy,0.48376623376623373,0.6201298701298701,0.13636363636363635
2023,source_balanced,macro_f1,0.4791489361702127,0.6067527308838133,0.12760379471360062
2023,source_balanced,mcc,-0.03436040663720258,0.33868074965743356,0.37304115629463613
2024,source_balanced,roc_auc,0.29220779220779214,0.3409090909090909,0.048701298701298745
2024,source_balanced,pr_auc_active,0.5486591593272627,0.5618686868686869,0.013209527541424126
2024,source_balanced,pr_auc_inactive,0.4247835497835497,0.4916666666666666,0.06688311688311688
2024,source_balanced,balanced_accuracy,0.48376623376623373,0.5844155844155844,0.10064935064935066
2024,source_balanced,macro_f1,0.4791489361702127,0.5555555555555556,0.07640661938534288
2024,source_balanced,mcc,-0.03436040663720258,0.26189246330824845,0.296252869945451
2025,source_balanced,roc_auc,0.29220779220779214,0.3474025974025974,0.05519480519480524
2025,source_balanced,pr_auc_active,0.5486591593272627,0.5618792971734148,0.013220137846152058
2025,source_balanced,pr_auc_inactive,0.4247835497835497,0.5392857142857143,0.11450216450216455
2025,source_balanced,balanced_accuracy,0.48376623376623373,0.6201298701298701,0.13636363636363635
2025,source_balanced,macro_f1,0.4791489361702127,0.6067527308838133,0.12760379471360062
2025,source_balanced,mcc,-0.03436040663720258,0.33868074965743356,0.37304115629463613
2026,source_balanced,roc_auc,0.2824675324675324,0.3474025974025974,0.06493506493506496
2026,source_balanced,pr_auc_active,0.5459473824677586,0.5618792971734148,0.015931914705656136
2026,source_balanced,pr_auc_inactive,0.4018243661100803,0.5392857142857143,0.13746134817563394
2026,source_balanced,balanced_accuracy,0.48376623376623373,0.6201298701298701,0.13636363636363635
2026,source_balanced,macro_f1,0.4791489361702127,0.6067527308838133,0.12760379471360062
2026,source_balanced,mcc,-0.03436040663720258,0.33868074965743356,0.37304115629463613
2027,source_balanced,roc_auc,0.30194805194805185,0.3409090909090909,0.03896103896103903
2027,source_balanced,pr_auc_active,0.5520682502363536,0.5618686868686869,0.00980043663233321
2027,source_balanced,pr_auc_inactive,0.4307359307359307,0.4916666666666666,0.06093073593073589
2027,source_balanced,balanced_accuracy,0.48376623376623373,0.6201298701298701,0.13636363636363635
2027,source_balanced,macro_f1,0.4791489361702127,0.6067527308838133,0.12760379471360062
2027,source_balanced,mcc,-0.03436040663720258,0.33868074965743356,0.37304115629463613
2028,source_balanced,roc_auc,0.3214285714285714,0.3474025974025974,0.025974025974025983
2028,source_balanced,pr_auc_active,0.5583378427128427,0.5607429335370512,0.002405090824208478
2028,source_balanced,pr_auc_inactive,0.4503968253968253,0.5392857142857143,0.08888888888888896
2028,source_balanced,balanced_accuracy,0.551948051948052,0.6201298701298701,0.06818181818181812
2028,source_balanced,macro_f1,0.5418181818181819,0.6067527308838133,0.06493454906563145
2028,source_balanced,mcc,0.1218289807746346,0.33868074965743356,0.21685176888279895
2029,source_balanced,roc_auc,0.2987012987012986,0.3409090909090909,0.042207792207792305
2029,source_balanced,pr_auc_active,0.5502931462553673,0.5618686868686869,0.011575540613319557
2029,source_balanced,pr_auc_inactive,0.4724025974025974,0.4916666666666666,0.019264069264069206
2029,source_balanced,balanced_accuracy,0.48376623376623373,0.6201298701298701,0.13636363636363635
2029,source_balanced,macro_f1,0.4791489361702127,0.6067527308838133,0.12760379471360062
2029,source_balanced,mcc,-0.03436040663720258,0.33868074965743356,0.37304115629463613
2030,source_balanced,roc_auc,0.29220779220779214,0.3409090909090909,0.048701298701298745
2030,source_balanced,pr_auc_active,0.5486591593272627,0.5602453102453102,0.011586150918047489
2030,source_balanced,pr_auc_inactive,0.4247835497835497,0.4916666666666666,0.06688311688311688
2030,source_balanced,balanced_accuracy,0.48376623376623373,0.5844155844155844,0.10064935064935066
2030,source_balanced,macro_f1,0.4791489361702127,0.5555555555555556,0.07640661938534288
2030,source_balanced,mcc,-0.03436040663720258,0.26189246330824845,0.296252869945451
2031,source_balanced,roc_auc,0.29220779220779214,0.3474025974025974,0.05519480519480524
2031,source_balanced,pr_auc_active,0.5486591593272627,0.5618792971734148,0.013220137846152058
2031,source_balanced,pr_auc_inactive,0.4247835497835497,0.5392857142857143,0.11450216450216455
2031,source_balanced,balanced_accuracy,0.48376623376623373,0.5844155844155844,0.10064935064935066
2031,source_balanced,macro_f1,0.4791489361702127,0.5555555555555556,0.07640661938534288
2031,source_balanced,mcc,-0.03436040663720258,0.26189246330824845,0.296252869945451
2032,source_balanced,roc_auc,0.30194805194805185,0.3409090909090909,0.03896103896103903
2032,source_balanced,pr_auc_active,0.5516819985569985,0.5602453102453102,0.008563311688311703
2032,source_balanced,pr_auc_inactive,0.4345238095238095,0.4916666666666666,0.057142857142857106
2032,source_balanced,balanced_accuracy,0.551948051948052,0.5844155844155844,0.03246753246753242
2032,source_balanced,macro_f1,0.5418181818181819,0.5555555555555556,0.013737373737373715
2032,source_balanced,mcc,0.1218289807746346,0.26189246330824845,0.14006348253361384
2033,source_balanced,roc_auc,0.2824675324675324,0.3474025974025974,0.06493506493506496
2033,source_balanced,pr_auc_active,0.5459473824677586,0.5607429335370512,0.014795551069292534
2033,source_balanced,pr_auc_inactive,0.4018243661100803,0.5392857142857143,0.13746134817563394
2033,source_balanced,balanced_accuracy,0.44805194805194803,0.5844155844155844,0.13636363636363635
2033,source_balanced,macro_f1,0.4375,0.5555555555555556,0.11805555555555558
2033,source_balanced,mcc,-0.11308055883843511,0.26189246330824845,0.37497302214668354
2034,source_balanced,roc_auc,0.30194805194805185,0.3474025974025974,0.045454545454545525
2034,source_balanced,pr_auc_active,0.5520682502363536,0.5635026737967914,0.011434423560437779
2034,source_balanced,pr_auc_inactive,0.4307359307359307,0.5392857142857143,0.10854978354978356
2034,source_balanced,balanced_accuracy,0.5194805194805194,0.6201298701298701,0.10064935064935066
2034,source_balanced,macro_f1,0.5183946488294314,0.6067527308838133,0.08835808205438189
2034,source_balanced,mcc,0.040291148201268875,0.33868074965743356,0.29838960145616467
2035,source_balanced,roc_auc,0.27272727272727265,0.3474025974025974,0.07467532467532473
2035,source_balanced,pr_auc_active,0.5428005293209055,0.5607429335370512,0.01794240421614568
2035,source_balanced,pr_auc_inactive,0.3962585034013605,0.5392857142857143,0.14302721088435377
2035,source_balanced,balanced_accuracy,0.41558441558441556,0.6201298701298701,0.20454545454545453
2035,source_balanced,macro_f1,0.4155844155844156,0.6067527308838133,0.1911683152993977
2035,source_balanced,mcc,-0.1688311688311691,0.33868074965743356,0.5075119184886027
2036,source_balanced,roc_auc,0.30194805194805185,0.3474025974025974,0.045454545454545525
2036,source_balanced,pr_auc_active,0.5516819985569985,0.5539247517188693,0.0022427531618708363
2036,source_balanced,pr_auc_inactive,0.4345238095238095,0.5392857142857143,0.10476190476190478
2036,source_balanced,balanced_accuracy,0.48376623376623373,0.5844155844155844,0.10064935064935066
2036,source_balanced,macro_f1,0.4791489361702127,0.5555555555555556,0.07640661938534288
2036,source_balanced,mcc,-0.03436040663720258,0.26189246330824845,0.296252869945451
2037,source_balanced,roc_auc,0.29220779220779214,0.3474025974025974,0.05519480519480524
2037,source_balanced,pr_auc_active,0.5486591593272627,0.5618792971734148,0.013220137846152058
2037,source_balanced,pr_auc_inactive,0.4247835497835497,0.5392857142857143,0.11450216450216455
2037,source_balanced,balanced_accuracy,0.48376623376623373,0.5844155844155844,0.10064935064935066
2037,source_balanced,macro_f1,0.4791489361702127,0.5555555555555556,0.07640661938534288
2037,source_balanced,mcc,-0.03436040663720258,0.26189246330824845,0.296252869945451
2038,source_balanced,roc_auc,0.26298701298701294,0.3474025974025974,0.08441558441558444
2038,source_balanced,pr_auc_active,0.5408968774172536,0.5607429335370512,0.019846056119797617
2038,source_balanced,pr_auc_inactive,0.3542053184910327,0.5392857142857143,0.18508039579468155
2038,source_balanced,balanced_accuracy,0.48376623376623373,0.5844155844155844,0.10064935064935066
2038,source_balanced,macro_f1,0.4791489361702127,0.5555555555555556,0.07640661938534288
2038,source_balanced,mcc,-0.03436040663720258,0.26189246330824845,0.296252869945451
2039,source_balanced,roc_auc,0.27272727272727265,0.3474025974025974,0.07467532467532473
2039,source_balanced,pr_auc_active,0.5428005293209055,0.5618792971734148,0.019078767852509282
2039,source_balanced,pr_auc_inactive,0.3962585034013605,0.5392857142857143,0.14302721088435377
2039,source_balanced,balanced_accuracy,0.44805194805194803,0.6201298701298701,0.17207792207792205
2039,source_balanced,macro_f1,0.4375,0.6067527308838133,0.16925273088381332
2039,source_balanced,mcc,-0.11308055883843511,0.33868074965743356,0.45176130849586865
2040,source_balanced,roc_auc,0.30844155844155835,0.3409090909090909,0.032467532467532534
2040,source_balanced,pr_auc_active,0.5537022371644582,0.5602453102453102,0.006543073080852002
2040,source_balanced,pr_auc_inactive,0.4783549783549783,0.4916666666666666,0.013311688311688274
2040,source_balanced,balanced_accuracy,0.5194805194805194,0.5844155844155844,0.06493506493506496
2040,source_balanced,macro_f1,0.5183946488294314,0.5555555555555556,0.037160906726124154
2040,source_balanced,mcc,0.040291148201268875,0.26189246330824845,0.22160131510697956
2041,source_balanced,roc_auc,0.30194805194805185,0.3409090909090909,0.03896103896103903
2041,source_balanced,pr_auc_active,0.5520682502363536,0.5534271284271283,0.0013588781907746261
2041,source_balanced,pr_auc_inactive,0.4307359307359307,0.4916666666666666,0.06093073593073589
2041,source_balanced,balanced_accuracy,0.48376623376623373,0.6201298701298701,0.13636363636363635
2041,source_balanced,macro_f1,0.4791489361702127,0.6067527308838133,0.12760379471360062
2041,source_balanced,mcc,-0.03436040663720258,0.33868074965743356,0.37304115629463613
2042,source_balanced,roc_auc,0.29220779220779214,0.3409090909090909,0.048701298701298745
2042,source_balanced,pr_auc_active,0.5493564733768496,0.5618686868686869,0.012512213491837287
2042,source_balanced,pr_auc_inactive,0.4077767470624613,0.4916666666666666,0.08388991960420528
2042,source_balanced,balanced_accuracy,0.48376623376623373,0.6201298701298701,0.13636363636363635
2042,source_balanced,macro_f1,0.4791489361702127,0.6067527308838133,0.12760379471360062
2042,source_balanced,mcc,-0.03436040663720258,0.33868074965743356,0.37304115629463613
2043,source_balanced,roc_auc,0.29220779220779214,0.3409090909090909,0.048701298701298745
2043,source_balanced,pr_auc_active,0.5486591593272627,0.5618686868686869,0.013209527541424126
2043,source_balanced,pr_auc_inactive,0.4247835497835497,0.4916666666666666,0.06688311688311688
2043,source_balanced,balanced_accuracy,0.48376623376623373,0.6558441558441559,0.17207792207792216
2043,source_balanced,macro_f1,0.4791489361702127,0.6538461538461539,0.17469721767594115
2043,source_balanced,mcc,-0.03436040663720258,0.40771775315010056,0.44207815978730314
2044,source_balanced,roc_auc,0.30194805194805185,0.3409090909090909,0.03896103896103903
2044,source_balanced,pr_auc_active,0.5516819985569985,0.5602453102453102,0.008563311688311703
2044,source_balanced,pr_auc_inactive,0.4345238095238095,0.4916666666666666,0.057142857142857106
2044,source_balanced,balanced_accuracy,0.41558441558441556,0.5844155844155844,0.16883116883116883
2044,source_balanced,macro_f1,0.4155844155844156,0.5555555555555556,0.13997113997113997
2044,source_balanced,mcc,-0.1688311688311691,0.26189246330824845,0.43072363213941756
2045,source_balanced,roc_auc,0.2824675324675324,0.3409090909090909,0.05844155844155846
2045,source_balanced,pr_auc_active,0.5459473824677586,0.5618686868686869,0.015921304400928205
2045,source_balanced,pr_auc_inactive,0.4018243661100803,0.4916666666666666,0.08984230055658626
2045,source_balanced,balanced_accuracy,0.44805194805194803,0.5844155844155844,0.13636363636363635
2045,source_balanced,macro_f1,0.4375,0.5555555555555556,0.11805555555555558
2045,source_balanced,mcc,-0.11308055883843511,0.26189246330824845,0.37497302214668354
2046,source_balanced,roc_auc,0.28246753246753237,0.3474025974025974,0.06493506493506501
2046,source_balanced,pr_auc_active,0.5455123061804096,0.5607429335370512,0.015230627356641602
2046,source_balanced,pr_auc_inactive,0.41921768707482987,0.5392857142857143,0.12006802721088439
2046,source_balanced,balanced_accuracy,0.41558441558441556,0.6201298701298701,0.20454545454545453
2046,source_balanced,macro_f1,0.4155844155844156,0.6067527308838133,0.1911683152993977
2046,source_balanced,mcc,-0.1688311688311691,0.33868074965743356,0.5075119184886027
2047,source_balanced,roc_auc,0.3181818181818181,0.3409090909090909,0.022727272727272763
2047,source_balanced,pr_auc_active,0.556725076394194,0.5602453102453102,0.003520233851116217
2047,source_balanced,pr_auc_inactive,0.488095238095238,0.4916666666666666,0.0035714285714285587
2047,source_balanced,balanced_accuracy,0.48376623376623373,0.5844155844155844,0.10064935064935066
2047,source_balanced,macro_f1,0.4791489361702127,0.5555555555555556,0.07640661938534288
2047,source_balanced,mcc,-0.03436040663720258,0.26189246330824845,0.296252869945451
2048,source_balanced,roc_auc,0.30194805194805185,0.3409090909090909,0.03896103896103903
2048,source_balanced,pr_auc_active,0.5520682502363536,0.5602453102453102,0.008177060008956571
2048,source_balanced,pr_auc_inactive,0.4307359307359307,0.4916666666666666,0.06093073593073589
2048,source_balanced,balanced_accuracy,0.5194805194805194,0.5844155844155844,0.06493506493506496
2048,source_balanced,macro_f1,0.5183946488294314,0.5555555555555556,0.037160906726124154
2048,source_balanced,mcc,0.040291148201268875,0.26189246330824845,0.22160131510697956
2049,source_balanced,roc_auc,0.29220779220779214,0.3474025974025974,0.05519480519480524
2049,source_balanced,pr_auc_active,0.5486591593272627,0.5635026737967914,0.014843514469528696
2049,source_balanced,pr_auc_inactive,0.4247835497835497,0.5392857142857143,0.11450216450216455
2049,source_balanced,balanced_accuracy,0.44805194805194803,0.5844155844155844,0.13636363636363635
2049,source_balanced,macro_f1,0.4375,0.5555555555555556,0.11805555555555558
2049,source_balanced,mcc,-0.11308055883843511,0.26189246330824845,0.37497302214668354
2050,source_balanced,roc_auc,0.2824675324675324,0.3409090909090909,0.05844155844155846
2050,source_balanced,pr_auc_active,0.5459473824677586,0.5602453102453102,0.014297927777551567
2050,source_balanced,pr_auc_inactive,0.4018243661100803,0.4916666666666666,0.08984230055658626
2050,source_balanced,balanced_accuracy,0.44805194805194803,0.5844155844155844,0.13636363636363635
2050,source_balanced,macro_f1,0.4375,0.5555555555555556,0.11805555555555558
2050,source_balanced,mcc,-0.11308055883843511,0.26189246330824845,0.37497302214668354
2051,source_balanced,roc_auc,0.30194805194805185,0.3474025974025974,0.045454545454545525
2051,source_balanced,pr_auc_active,0.5516819985569985,0.5607429335370512,0.00906093498005267
2051,source_balanced,pr_auc_inactive,0.4345238095238095,0.5392857142857143,0.10476190476190478
2051,source_balanced,balanced_accuracy,0.48376623376623373,0.5844155844155844,0.10064935064935066
2051,source_balanced,macro_f1,0.4791489361702127,0.5555555555555556,0.07640661938534288
2051,source_balanced,mcc,-0.03436040663720258,0.26189246330824845,0.296252869945451
2052,source_balanced,roc_auc,0.3116883116883116,0.3409090909090909,0.02922077922077926
2052,source_balanced,pr_auc_active,0.5550910894660894,0.5602453102453102,0.005154220779220786
2052,source_balanced,pr_auc_inactive,0.4404761904761904,0.4916666666666666,0.051190476190476175
2052,source_balanced,balanced_accuracy,0.48376623376623373,0.5844155844155844,0.10064935064935066
2052,source_balanced,macro_f1,0.4791489361702127,0.5555555555555556,0.07640661938534288
2052,source_balanced,mcc,-0.03436040663720258,0.26189246330824845,0.296252869945451
2053,source_balanced,roc_auc,0.26298701298701294,0.3474025974025974,0.08441558441558444
2053,source_balanced,pr_auc_active,0.5408968774172536,0.5618792971734148,0.02098241975616122
2053,source_balanced,pr_auc_inactive,0.3542053184910327,0.5392857142857143,0.18508039579468155
2053,source_balanced,balanced_accuracy,0.48376623376623373,0.5844155844155844,0.10064935064935066
2053,source_balanced,macro_f1,0.4791489361702127,0.5555555555555556,0.07640661938534288
2053,source_balanced,mcc,-0.03436040663720258,0.26189246330824845,0.296252869945451
2054,source_balanced,roc_auc,0.29220779220779214,0.3409090909090909,0.048701298701298745
2054,source_balanced,pr_auc_active,0.5486591593272627,0.5618686868686869,0.013209527541424126
2054,source_balanced,pr_auc_inactive,0.4247835497835497,0.4916666666666666,0.06688311688311688
2054,source_balanced,balanced_accuracy,0.48376623376623373,0.5844155844155844,0.10064935064935066
2054,source_balanced,macro_f1,0.4791489361702127,0.5555555555555556,0.07640661938534288
2054,source_balanced,mcc,-0.03436040663720258,0.26189246330824845,0.296252869945451
2055,source_balanced,roc_auc,0.30194805194805185,0.3474025974025974,0.045454545454545525
2055,source_balanced,pr_auc_active,0.5520682502363536,0.5607429335370512,0.008674683300697539
2055,source_balanced,pr_auc_inactive,0.4307359307359307,0.5392857142857143,0.10854978354978356
2055,source_balanced,balanced_accuracy,0.48376623376623373,0.5844155844155844,0.10064935064935066
2055,source_balanced,macro_f1,0.4791489361702127,0.5555555555555556,0.07640661938534288
2055,source_balanced,mcc,-0.03436040663720258,0.26189246330824845,0.296252869945451
2056,source_balanced,roc_auc,0.2987012987012986,0.3474025974025974,0.0487012987012988
2056,source_balanced,pr_auc_active,0.5502931462553673,0.5607429335370512,0.010449787281683887
2056,source_balanced,pr_auc_inactive,0.4724025974025974,0.5392857142857143,0.06688311688311688
2056,source_balanced,balanced_accuracy,0.41558441558441556,0.6201298701298701,0.20454545454545453
2056,source_balanced,macro_f1,0.4155844155844156,0.6067527308838133,0.1911683152993977
2056,source_balanced,mcc,-0.1688311688311691,0.33868074965743356,0.5075119184886027
2057,source_balanced,roc_auc,0.30194805194805185,0.3474025974025974,0.045454545454545525
2057,source_balanced,pr_auc_active,0.5520682502363536,0.5635026737967914,0.011434423560437779
2057,source_balanced,pr_auc_inactive,0.4307359307359307,0.5392857142857143,0.10854978354978356
2057,source_balanced,balanced_accuracy,0.48376623376623373,0.6201298701298701,0.13636363636363635
2057,source_balanced,macro_f1,0.4791489361702127,0.6067527308838133,0.12760379471360062
2057,source_balanced,mcc,-0.03436040663720258,0.33868074965743356,0.37304115629463613
2058,source_balanced,roc_auc,0.2987012987012986,0.3409090909090909,0.042207792207792305
2058,source_balanced,pr_auc_active,0.5502931462553673,0.5591089466089466,0.008815800353579317
2058,source_balanced,pr_auc_inactive,0.4724025974025974,0.4916666666666666,0.019264069264069206
2058,source_balanced,balanced_accuracy,0.48376623376623373,0.5844155844155844,0.10064935064935066
2058,source_balanced,macro_f1,0.4791489361702127,0.5555555555555556,0.07640661938534288
2058,source_balanced,mcc,-0.03436040663720258,0.26189246330824845,0.296252869945451
2059,source_balanced,roc_auc,0.30194805194805185,0.3474025974025974,0.045454545454545525
2059,source_balanced,pr_auc_active,0.5520682502363536,0.5618792971734148,0.00981104693706114
2059,source_balanced,pr_auc_inactive,0.4307359307359307,0.5392857142857143,0.10854978354978356
2059,source_balanced,balanced_accuracy,0.48376623376623373,0.5844155844155844,0.10064935064935066
2059,source_balanced,macro_f1,0.4791489361702127,0.5555555555555556,0.07640661938534288
2059,source_balanced,mcc,-0.03436040663720258,0.26189246330824845,0.296252869945451
2060,source_balanced,roc_auc,0.2824675324675324,0.3409090909090909,0.05844155844155846
2060,source_balanced,pr_auc_active,0.5459473824677586,0.5618686868686869,0.015921304400928205
2060,source_balanced,pr_auc_inactive,0.4018243661100803,0.4916666666666666,0.08984230055658626
2060,source_balanced,balanced_accuracy,0.48376623376623373,0.5844155844155844,0.10064935064935066
2060,source_balanced,macro_f1,0.4791489361702127,0.5555555555555556,0.07640661938534288
2060,source_balanced,mcc,-0.03436040663720258,0.26189246330824845,0.296252869945451
2061,source_balanced,roc_auc,0.29220779220779214,0.3409090909090909,0.048701298701298745
2061,source_balanced,pr_auc_active,0.5486591593272627,0.5602453102453102,0.011586150918047489
2061,source_balanced,pr_auc_inactive,0.4247835497835497,0.4916666666666666,0.06688311688311688
2061,source_balanced,balanced_accuracy,0.41558441558441556,0.6201298701298701,0.20454545454545453
2061,source_balanced,macro_f1,0.4155844155844156,0.6067527308838133,0.1911683152993977
2061,source_balanced,mcc,-0.1688311688311691,0.33868074965743356,0.5075119184886027
2062,source_balanced,roc_auc,0.3116883116883116,0.3409090909090909,0.02922077922077926
2062,source_balanced,pr_auc_active,0.5550910894660894,0.5602453102453102,0.005154220779220786
2062,source_balanced,pr_auc_inactive,0.4404761904761904,0.4916666666666666,0.051190476190476175
2062,source_balanced,balanced_accuracy,0.551948051948052,0.5844155844155844,0.03246753246753242
2062,source_balanced,macro_f1,0.5418181818181819,0.5555555555555556,0.013737373737373715
2062,source_balanced,mcc,0.1218289807746346,0.26189246330824845,0.14006348253361384
2063,source_balanced,roc_auc,0.29220779220779214,0.3474025974025974,0.05519480519480524
2063,source_balanced,pr_auc_active,0.5486591593272627,0.5618792971734148,0.013220137846152058
2063,source_balanced,pr_auc_inactive,0.4247835497835497,0.5392857142857143,0.11450216450216455
2063,source_balanced,balanced_accuracy,0.48376623376623373,0.6201298701298701,0.13636363636363635
2063,source_balanced,macro_f1,0.4791489361702127,0.6067527308838133,0.12760379471360062
2063,source_balanced,mcc,-0.03436040663720258,0.33868074965743356,0.37304115629463613
2064,source_balanced,roc_auc,0.30194805194805185,0.3409090909090909,0.03896103896103903
2064,source_balanced,pr_auc_active,0.5520682502363536,0.5618686868686869,0.00980043663233321
2064,source_balanced,pr_auc_inactive,0.4307359307359307,0.4916666666666666,0.06093073593073589
2064,source_balanced,balanced_accuracy,0.5194805194805194,0.5844155844155844,0.06493506493506496
2064,source_balanced,macro_f1,0.5183946488294314,0.5555555555555556,0.037160906726124154
2064,source_balanced,mcc,0.040291148201268875,0.26189246330824845,0.22160131510697956
2065,source_balanced,roc_auc,0.30194805194805185,0.3409090909090909,0.03896103896103903
2065,source_balanced,pr_auc_active,0.5516819985569985,0.5591089466089466,0.007426948051948101
2065,source_balanced,pr_auc_inactive,0.4345238095238095,0.4916666666666666,0.057142857142857106
2065,source_balanced,balanced_accuracy,0.48376623376623373,0.5844155844155844,0.10064935064935066
2065,source_balanced,macro_f1,0.4791489361702127,0.5555555555555556,0.07640661938534288
2065,source_balanced,mcc,-0.03436040663720258,0.26189246330824845,0.296252869945451
2066,source_balanced,roc_auc,0.29220779220779214,0.3409090909090909,0.048701298701298745
2066,source_balanced,pr_auc_active,0.5486591593272627,0.5602453102453102,0.011586150918047489
2066,source_balanced,pr_auc_inactive,0.4247835497835497,0.4916666666666666,0.06688311688311688
2066,source_balanced,balanced_accuracy,0.48376623376623373,0.6201298701298701,0.13636363636363635
2066,source_balanced,macro_f1,0.4791489361702127,0.6067527308838133,0.12760379471360062
2066,source_balanced,mcc,-0.03436040663720258,0.33868074965743356,0.37304115629463613
2067,source_balanced,roc_auc,0.3116883116883116,0.3409090909090909,0.02922077922077926
2067,source_balanced,pr_auc_active,0.5550910894660894,0.5602453102453102,0.005154220779220786
2067,source_balanced,pr_auc_inactive,0.4404761904761904,0.4916666666666666,0.051190476190476175
2067,source_balanced,balanced_accuracy,0.48376623376623373,0.5844155844155844,0.10064935064935066
2067,source_balanced,macro_f1,0.4791489361702127,0.5555555555555556,0.07640661938534288
2067,source_balanced,mcc,-0.03436040663720258,0.26189246330824845,0.296252869945451
2068,source_balanced,roc_auc,0.29220779220779214,0.3474025974025974,0.05519480519480524
2068,source_balanced,pr_auc_active,0.5486591593272627,0.5618792971734148,0.013220137846152058
2068,source_balanced,pr_auc_inactive,0.4247835497835497,0.5392857142857143,0.11450216450216455
2068,source_balanced,balanced_accuracy,0.48376623376623373,0.6201298701298701,0.13636363636363635
2068,source_balanced,macro_f1,0.4791489361702127,0.6067527308838133,0.12760379471360062
2068,source_balanced,mcc,-0.03436040663720258,0.33868074965743356,0.37304115629463613
2069,source_balanced,roc_auc,0.29220779220779214,0.3474025974025974,0.05519480519480524
2069,source_balanced,pr_auc_active,0.5486591593272627,0.5618792971734148,0.013220137846152058
2069,source_balanced,pr_auc_inactive,0.4247835497835497,0.5392857142857143,0.11450216450216455
2069,source_balanced,balanced_accuracy,0.41558441558441556,0.6201298701298701,0.20454545454545453
2069,source_balanced,macro_f1,0.4155844155844156,0.6067527308838133,0.1911683152993977
2069,source_balanced,mcc,-0.1688311688311691,0.33868074965743356,0.5075119184886027
2070,source_balanced,roc_auc,0.29220779220779214,0.3409090909090909,0.048701298701298745
2070,source_balanced,pr_auc_active,0.5493564733768496,0.5591089466089466,0.009752473232097048
2070,source_balanced,pr_auc_inactive,0.4077767470624613,0.4916666666666666,0.08388991960420528
2070,source_balanced,balanced_accuracy,0.48376623376623373,0.5844155844155844,0.10064935064935066
2070,source_balanced,macro_f1,0.4791489361702127,0.5555555555555556,0.07640661938534288
2070,source_balanced,mcc,-0.03436040663720258,0.26189246330824845,0.296252869945451
2071,source_balanced,roc_auc,0.32142857142857134,0.3474025974025974,0.025974025974026038
2071,source_balanced,pr_auc_active,0.5579778196713681,0.5607429335370512,0.002765113865683122
2071,source_balanced,pr_auc_inactive,0.4619047619047619,0.5392857142857143,0.07738095238095238
2071,source_balanced,balanced_accuracy,0.5194805194805194,0.6201298701298701,0.10064935064935066
2071,source_balanced,macro_f1,0.5183946488294314,0.6067527308838133,0.08835808205438189
2071,source_balanced,mcc,0.040291148201268875,0.33868074965743356,0.29838960145616467
2072,source_balanced,roc_auc,0.26298701298701294,0.3474025974025974,0.08441558441558444
2072,source_balanced,pr_auc_active,0.5409887047818083,0.5635026737967914,0.02251396901498315
2072,source_balanced,pr_auc_inactive,0.3542053184910327,0.5392857142857143,0.18508039579468155
2072,source_balanced,balanced_accuracy,0.48376623376623373,0.5844155844155844,0.10064935064935066
2072,source_balanced,macro_f1,0.4791489361702127,0.5555555555555556,0.07640661938534288
2072,source_balanced,mcc,-0.03436040663720258,0.26189246330824845,0.296252869945451
2073,source_balanced,roc_auc,0.30194805194805185,0.3474025974025974,0.045454545454545525
2073,source_balanced,pr_auc_active,0.5520682502363536,0.5607429335370512,0.008674683300697539
2073,source_balanced,pr_auc_inactive,0.4307359307359307,0.5392857142857143,0.10854978354978356
2073,source_balanced,balanced_accuracy,0.48376623376623373,0.6201298701298701,0.13636363636363635
2073,source_balanced,macro_f1,0.4791489361702127,0.6067527308838133,0.12760379471360062
2073,source_balanced,mcc,-0.03436040663720258,0.33868074965743356,0.37304115629463613
2074,source_balanced,roc_auc,0.29220779220779214,0.3409090909090909,0.048701298701298745
2074,source_balanced,pr_auc_active,0.5486591593272627,0.5618686868686869,0.013209527541424126
2074,source_balanced,pr_auc_inactive,0.4247835497835497,0.4916666666666666,0.06688311688311688
2074,source_balanced,balanced_accuracy,0.48376623376623373,0.5844155844155844,0.10064935064935066
2074,source_balanced,macro_f1,0.4791489361702127,0.5555555555555556,0.07640661938534288
2074,source_balanced,mcc,-0.03436040663720258,0.26189246330824845,0.296252869945451
2075,source_balanced,roc_auc,0.29220779220779214,0.3409090909090909,0.048701298701298745
2075,source_balanced,pr_auc_active,0.5486591593272627,0.5591089466089466,0.010449787281683887
2075,source_balanced,pr_auc_inactive,0.4247835497835497,0.4916666666666666,0.06688311688311688
2075,source_balanced,balanced_accuracy,0.48376623376623373,0.5844155844155844,0.10064935064935066
2075,source_balanced,macro_f1,0.4791489361702127,0.5555555555555556,0.07640661938534288
2075,source_balanced,mcc,-0.03436040663720258,0.26189246330824845,0.296252869945451
2076,source_balanced,roc_auc,0.29220779220779214,0.3474025974025974,0.05519480519480524
2076,source_balanced,pr_auc_active,0.5486591593272627,0.5618792971734148,0.013220137846152058
2076,source_balanced,pr_auc_inactive,0.4247835497835497,0.5392857142857143,0.11450216450216455
2076,source_balanced,balanced_accuracy,0.48376623376623373,0.5844155844155844,0.10064935064935066
2076,source_balanced,macro_f1,0.4791489361702127,0.5555555555555556,0.07640661938534288
2076,source_balanced,mcc,-0.03436040663720258,0.26189246330824845,0.296252869945451
2077,source_balanced,roc_auc,0.2987012987012986,0.3474025974025974,0.0487012987012988
2077,source_balanced,pr_auc_active,0.5502931462553673,0.5618792971734148,0.011586150918047489
2077,source_balanced,pr_auc_inactive,0.4724025974025974,0.5392857142857143,0.06688311688311688
2077,source_balanced,balanced_accuracy,0.48376623376623373,0.5844155844155844,0.10064935064935066
2077,source_balanced,macro_f1,0.4791489361702127,0.5555555555555556,0.07640661938534288
2077,source_balanced,mcc,-0.03436040663720258,0.26189246330824845,0.296252869945451
2078,source_balanced,roc_auc,0.30194805194805185,0.3474025974025974,0.045454545454545525
2078,source_balanced,pr_auc_active,0.5520682502363536,0.5618792971734148,0.00981104693706114
2078,source_balanced,pr_auc_inactive,0.4307359307359307,0.5392857142857143,0.10854978354978356
2078,source_balanced,balanced_accuracy,0.48376623376623373,0.5844155844155844,0.10064935064935066
2078,source_balanced,macro_f1,0.4791489361702127,0.5555555555555556,0.07640661938534288
2078,source_balanced,mcc,-0.03436040663720258,0.26189246330824845,0.296252869945451
2079,source_balanced,roc_auc,0.30194805194805185,0.3409090909090909,0.03896103896103903
2079,source_balanced,pr_auc_active,0.5516819985569985,0.5602453102453102,0.008563311688311703
2079,source_balanced,pr_auc_inactive,0.4345238095238095,0.4916666666666666,0.057142857142857106
2079,source_balanced,balanced_accuracy,0.551948051948052,0.5844155844155844,0.03246753246753242
2079,source_balanced,macro_f1,0.5418181818181819,0.5555555555555556,0.013737373737373715
2079,source_balanced,mcc,0.1218289807746346,0.26189246330824845,0.14006348253361384
2080,source_balanced,roc_auc,0.29220779220779214,0.3474025974025974,0.05519480519480524
2080,source_balanced,pr_auc_active,0.5486591593272627,0.5635026737967914,0.014843514469528696
2080,source_balanced,pr_auc_inactive,0.4247835497835497,0.5392857142857143,0.11450216450216455
2080,source_balanced,balanced_accuracy,0.48376623376623373,0.6201298701298701,0.13636363636363635
2080,source_balanced,macro_f1,0.4791489361702127,0.6067527308838133,0.12760379471360062
2080,source_balanced,mcc,-0.03436040663720258,0.33868074965743356,0.37304115629463613
2081,source_balanced,roc_auc,0.26948051948051943,0.3409090909090909,0.07142857142857145
2081,source_balanced,pr_auc_active,0.54161319963459,0.5602453102453102,0.01863211061072023
2081,source_balanced,pr_auc_inactive,0.4346938775510204,0.4916666666666666,0.05697278911564618
2081,source_balanced,balanced_accuracy,0.37987012987012986,0.6201298701298701,0.24025974025974023
2081,source_balanced,macro_f1,0.37777777777777777,0.6067527308838133,0.22897495310603555
2081,source_balanced,mcc,-0.2438488811817297,0.33868074965743356,0.5825296308391632
2082,source_balanced,roc_auc,0.3116883116883116,0.3474025974025974,0.035714285714285754
2082,source_balanced,pr_auc_active,0.5550910894660894,0.5618792971734148,0.0067882077073253555
2082,source_balanced,pr_auc_inactive,0.4404761904761904,0.5392857142857143,0.09880952380952385
2082,source_balanced,balanced_accuracy,0.48376623376623373,0.6558441558441559,0.17207792207792216
2082,source_balanced,macro_f1,0.4791489361702127,0.6538461538461539,0.17469721767594115
2082,source_balanced,mcc,-0.03436040663720258,0.40771775315010056,0.44207815978730314
2083,source_balanced,roc_auc,0.2532467532467532,0.3409090909090909,0.08766233766233766
2083,source_balanced,pr_auc_active,0.5380755608028335,0.5602453102453102,0.02216974944247674
2083,source_balanced,pr_auc_inactive,0.345021645021645,0.4916666666666666,0.14664502164502158
2083,source_balanced,balanced_accuracy,0.41558441558441556,0.5844155844155844,0.16883116883116883
2083,source_balanced,macro_f1,0.4155844155844156,0.5555555555555556,0.13997113997113997
2083,source_balanced,mcc,-0.1688311688311691,0.26189246330824845,0.43072363213941756
2084,source_balanced,roc_auc,0.29220779220779214,0.3409090909090909,0.048701298701298745
2084,source_balanced,pr_auc_active,0.5486591593272627,0.5591089466089466,0.010449787281683887
2084,source_balanced,pr_auc_inactive,0.4247835497835497,0.4916666666666666,0.06688311688311688
2084,source_balanced,balanced_accuracy,0.41558441558441556,0.6201298701298701,0.20454545454545453
2084,source_balanced,macro_f1,0.4155844155844156,0.6067527308838133,0.1911683152993977
2084,source_balanced,mcc,-0.1688311688311691,0.33868074965743356,0.5075119184886027
2085,source_balanced,roc_auc,0.29220779220779214,0.3474025974025974,0.05519480519480524
2085,source_balanced,pr_auc_active,0.5486591593272627,0.5618792971734148,0.013220137846152058
2085,source_balanced,pr_auc_inactive,0.4247835497835497,0.5392857142857143,0.11450216450216455
2085,source_balanced,balanced_accuracy,0.48376623376623373,0.6201298701298701,0.13636363636363635
2085,source_balanced,macro_f1,0.4791489361702127,0.6067527308838133,0.12760379471360062
2085,source_balanced,mcc,-0.03436040663720258,0.33868074965743356,0.37304115629463613
2086,source_balanced,roc_auc,0.29220779220779214,0.3474025974025974,0.05519480519480524
2086,source_balanced,pr_auc_active,0.5486591593272627,0.5618792971734148,0.013220137846152058
2086,source_balanced,pr_auc_inactive,0.4247835497835497,0.5392857142857143,0.11450216450216455
2086,source_balanced,balanced_accuracy,0.44805194805194803,0.5844155844155844,0.13636363636363635
2086,source_balanced,macro_f1,0.4375,0.5555555555555556,0.11805555555555558
2086,source_balanced,mcc,-0.11308055883843511,0.26189246330824845,0.37497302214668354
2087,source_balanced,roc_auc,0.29220779220779214,0.3409090909090909,0.048701298701298745
2087,source_balanced,pr_auc_active,0.5486591593272627,0.5602453102453102,0.011586150918047489
2087,source_balanced,pr_auc_inactive,0.4247835497835497,0.4916666666666666,0.06688311688311688
2087,source_balanced,balanced_accuracy,0.41558441558441556,0.5844155844155844,0.16883116883116883
2087,source_balanced,macro_f1,0.4155844155844156,0.5555555555555556,0.13997113997113997
2087,source_balanced,mcc,-0.1688311688311691,0.26189246330824845,0.43072363213941756
2088,source_balanced,roc_auc,0.30844155844155835,0.3474025974025974,0.03896103896103903
2088,source_balanced,pr_auc_active,0.5533159854851031,0.5618792971734148,0.008563311688311703
2088,source_balanced,pr_auc_inactive,0.4821428571428571,0.5392857142857143,0.05714285714285716
2088,source_balanced,balanced_accuracy,0.551948051948052,0.6201298701298701,0.06818181818181812
2088,source_balanced,macro_f1,0.5418181818181819,0.6067527308838133,0.06493454906563145
2088,source_balanced,mcc,0.1218289807746346,0.33868074965743356,0.21685176888279895
2089,source_balanced,roc_auc,0.29220779220779214,0.3474025974025974,0.05519480519480524
2089,source_balanced,pr_auc_active,0.5486591593272627,0.5618792971734148,0.013220137846152058
2089,source_balanced,pr_auc_inactive,0.4247835497835497,0.5392857142857143,0.11450216450216455
2089,source_balanced,balanced_accuracy,0.48376623376623373,0.6201298701298701,0.13636363636363635
2089,source_balanced,macro_f1,0.4791489361702127,0.6067527308838133,0.12760379471360062
2089,source_balanced,mcc,-0.03436040663720258,0.33868074965743356,0.37304115629463613
2090,source_balanced,roc_auc,0.3181818181818181,0.3409090909090909,0.022727272727272763
2090,source_balanced,pr_auc_active,0.556725076394194,0.5602453102453102,0.003520233851116217
2090,source_balanced,pr_auc_inactive,0.488095238095238,0.4916666666666666,0.0035714285714285587
2090,source_balanced,balanced_accuracy,0.551948051948052,0.5844155844155844,0.03246753246753242
2090,source_balanced,macro_f1,0.5418181818181819,0.5555555555555556,0.013737373737373715
2090,source_balanced,mcc,0.1218289807746346,0.26189246330824845,0.14006348253361384
2091,source_balanced,roc_auc,0.30194805194805185,0.3409090909090909,0.03896103896103903
2091,source_balanced,pr_auc_active,0.5520682502363536,0.5534271284271283,0.0013588781907746261
2091,source_balanced,pr_auc_inactive,0.4307359307359307,0.4916666666666666,0.06093073593073589
2091,source_balanced,balanced_accuracy,0.5194805194805194,0.5844155844155844,0.06493506493506496
2091,source_balanced,macro_f1,0.5183946488294314,0.5555555555555556,0.037160906726124154
2091,source_balanced,mcc,0.040291148201268875,0.26189246330824845,0.22160131510697956
2092,source_balanced,roc_auc,0.29220779220779214,0.3409090909090909,0.048701298701298745
2092,source_balanced,pr_auc_active,0.5489702216974944,0.5602453102453102,0.011275088547815781
2092,source_balanced,pr_auc_inactive,0.4115646258503401,0.4916666666666666,0.08010204081632649
2092,source_balanced,balanced_accuracy,0.48376623376623373,0.5844155844155844,0.10064935064935066
2092,source_balanced,macro_f1,0.4791489361702127,0.5555555555555556,0.07640661938534288
2092,source_balanced,mcc,-0.03436040663720258,0.26189246330824845,0.296252869945451
2093,source_balanced,roc_auc,0.3214285714285714,0.3409090909090909,0.019480519480519487
2093,source_balanced,pr_auc_active,0.5583378427128427,0.5618686868686869,0.0035308441558441483
2093,source_balanced,pr_auc_inactive,0.4503968253968253,0.4916666666666666,0.04126984126984129
2093,source_balanced,balanced_accuracy,0.551948051948052,0.5844155844155844,0.03246753246753242
2093,source_balanced,macro_f1,0.5418181818181819,0.5555555555555556,0.013737373737373715
2093,source_balanced,mcc,0.1218289807746346,0.26189246330824845,0.14006348253361384
2094,source_balanced,roc_auc,0.30194805194805185,0.3409090909090909,0.03896103896103903
2094,source_balanced,pr_auc_active,0.5516819985569985,0.5591089466089466,0.007426948051948101
2094,source_balanced,pr_auc_inactive,0.4345238095238095,0.4916666666666666,0.057142857142857106
2094,source_balanced,balanced_accuracy,0.41558441558441556,0.6558441558441559,0.24025974025974034
2094,source_balanced,macro_f1,0.4155844155844156,0.6538461538461539,0.23826173826173824
2094,source_balanced,mcc,-0.1688311688311691,0.40771775315010056,0.5765489219812696
2095,source_balanced,roc_auc,0.2824675324675324,0.3409090909090909,0.05844155844155846
2095,source_balanced,pr_auc_active,0.5459473824677586,0.5602453102453102,0.014297927777551567
2095,source_balanced,pr_auc_inactive,0.4018243661100803,0.4916666666666666,0.08984230055658626
2095,source_balanced,balanced_accuracy,0.48376623376623373,0.5844155844155844,0.10064935064935066
2095,source_balanced,macro_f1,0.4791489361702127,0.5555555555555556,0.07640661938534288
2095,source_balanced,mcc,-0.03436040663720258,0.26189246330824845,0.296252869945451
2096,source_balanced,roc_auc,0.30194805194805185,0.3474025974025974,0.045454545454545525
2096,source_balanced,pr_auc_active,0.5520682502363536,0.5635026737967914,0.011434423560437779
2096,source_balanced,pr_auc_inactive,0.4307359307359307,0.5392857142857143,0.10854978354978356
2096,source_balanced,balanced_accuracy,0.48376623376623373,0.6558441558441559,0.17207792207792216
2096,source_balanced,macro_f1,0.4791489361702127,0.6538461538461539,0.17469721767594115
2096,source_balanced,mcc,-0.03436040663720258,0.40771775315010056,0.44207815978730314
2097,source_balanced,roc_auc,0.30194805194805185,0.3409090909090909,0.03896103896103903
2097,source_balanced,pr_auc_active,0.5516819985569985,0.5618686868686869,0.010186688311688341
2097,source_balanced,pr_auc_inactive,0.4345238095238095,0.4916666666666666,0.057142857142857106
2097,source_balanced,balanced_accuracy,0.48376623376623373,0.5844155844155844,0.10064935064935066
2097,source_balanced,macro_f1,0.4791489361702127,0.5555555555555556,0.07640661938534288
2097,source_balanced,mcc,-0.03436040663720258,0.26189246330824845,0.296252869945451
2098,source_balanced,roc_auc,0.3116883116883116,0.3409090909090909,0.02922077922077926
2098,source_balanced,pr_auc_active,0.5550910894660894,0.5591089466089466,0.004017857142857184
2098,source_balanced,pr_auc_inactive,0.4404761904761904,0.4916666666666666,0.051190476190476175
2098,source_balanced,balanced_accuracy,0.551948051948052,0.5844155844155844,0.03246753246753242
2098,source_balanced,macro_f1,0.5418181818181819,0.5555555555555556,0.013737373737373715
2098,source_balanced,mcc,0.1218289807746346,0.26189246330824845,0.14006348253361384
2099,source_balanced,roc_auc,0.29220779220779214,0.3409090909090909,0.048701298701298745
2099,source_balanced,pr_auc_active,0.5486591593272627,0.5618686868686869,0.013209527541424126
2099,source_balanced,pr_auc_inactive,0.4247835497835497,0.4916666666666666,0.06688311688311688
2099,source_balanced,balanced_accuracy,0.41558441558441556,0.5844155844155844,0.16883116883116883
2099,source_balanced,macro_f1,0.4155844155844156,0.5555555555555556,0.13997113997113997
2099,source_balanced,mcc,-0.1688311688311691,0.26189246330824845,0.43072363213941756
2100,source_balanced,roc_auc,0.29220779220779214,0.3474025974025974,0.05519480519480524
2100,source_balanced,pr_auc_active,0.5486591593272627,0.5618792971734148,0.013220137846152058
2100,source_balanced,pr_auc_inactive,0.4247835497835497,0.5392857142857143,0.11450216450216455
2100,source_balanced,balanced_accuracy,0.44805194805194803,0.6201298701298701,0.17207792207792205
2100,source_balanced,macro_f1,0.4375,0.6067527308838133,0.16925273088381332
2100,source_balanced,mcc,-0.11308055883843511,0.33868074965743356,0.45176130849586865
2101,source_balanced,roc_auc,0.30844155844155835,0.3474025974025974,0.03896103896103903
2101,source_balanced,pr_auc_active,0.5533159854851031,0.5618792971734148,0.008563311688311703
2101,source_balanced,pr_auc_inactive,0.4821428571428571,0.5392857142857143,0.05714285714285716
2101,source_balanced,balanced_accuracy,0.48376623376623373,0.5844155844155844,0.10064935064935066
2101,source_balanced,macro_f1,0.4791489361702127,0.5555555555555556,0.07640661938534288
2101,source_balanced,mcc,-0.03436040663720258,0.26189246330824845,0.296252869945451
2102,source_balanced,roc_auc,0.3116883116883116,0.3409090909090909,0.02922077922077926
2102,source_balanced,pr_auc_active,0.5550910894660894,0.5591089466089466,0.004017857142857184
2102,source_balanced,pr_auc_inactive,0.4404761904761904,0.4916666666666666,0.051190476190476175
2102,source_balanced,balanced_accuracy,0.5194805194805194,0.6201298701298701,0.10064935064935066
2102,source_balanced,macro_f1,0.5183946488294314,0.6067527308838133,0.08835808205438189
2102,source_balanced,mcc,0.040291148201268875,0.33868074965743356,0.29838960145616467
2103,source_balanced,roc_auc,0.29220779220779214,0.3474025974025974,0.05519480519480524
2103,source_balanced,pr_auc_active,0.5486591593272627,0.5618792971734148,0.013220137846152058
2103,source_balanced,pr_auc_inactive,0.4247835497835497,0.5392857142857143,0.11450216450216455
2103,source_balanced,balanced_accuracy,0.48376623376623373,0.6201298701298701,0.13636363636363635
2103,source_balanced,macro_f1,0.4791489361702127,0.6067527308838133,0.12760379471360062
2103,source_balanced,mcc,-0.03436040663720258,0.33868074965743356,0.37304115629463613
2104,source_balanced,roc_auc,0.29220779220779214,0.3474025974025974,0.05519480519480524
2104,source_balanced,pr_auc_active,0.5486591593272627,0.5550611153552328,0.006401956027970113
2104,source_balanced,pr_auc_inactive,0.4247835497835497,0.5392857142857143,0.11450216450216455
2104,source_balanced,balanced_accuracy,0.41558441558441556,0.5844155844155844,0.16883116883116883
2104,source_balanced,macro_f1,0.4155844155844156,0.5555555555555556,0.13997113997113997
2104,source_balanced,mcc,-0.1688311688311691,0.26189246330824845,0.43072363213941756
2105,source_balanced,roc_auc,0.3214285714285714,0.3409090909090909,0.019480519480519487
2105,source_balanced,pr_auc_active,0.5583378427128427,0.5602453102453102,0.0019074675324675106
2105,source_balanced,pr_auc_inactive,0.4503968253968253,0.4916666666666666,0.04126984126984129
2105,source_balanced,balanced_accuracy,0.551948051948052,0.5844155844155844,0.03246753246753242
2105,source_balanced,macro_f1,0.5418181818181819,0.5555555555555556,0.013737373737373715
2105,source_balanced,mcc,0.1218289807746346,0.26189246330824845,0.14006348253361384
2106,source_balanced,roc_auc,0.29220779220779214,0.3474025974025974,0.05519480519480524
2106,source_balanced,pr_auc_active,0.5486591593272627,0.5607429335370512,0.012083774209788456
2106,source_balanced,pr_auc_inactive,0.4247835497835497,0.5392857142857143,0.11450216450216455
2106,source_balanced,balanced_accuracy,0.48376623376623373,0.5844155844155844,0.10064935064935066
2106,source_balanced,macro_f1,0.4791489361702127,0.5555555555555556,0.07640661938534288
2106,source_balanced,mcc,-0.03436040663720258,0.26189246330824845,0.296252869945451
2107,source_balanced,roc_auc,0.29220779220779214,0.3409090909090909,0.048701298701298745
2107,source_balanced,pr_auc_active,0.5486591593272627,0.5591089466089466,0.010449787281683887
2107,source_balanced,pr_auc_inactive,0.4247835497835497,0.4916666666666666,0.06688311688311688
2107,source_balanced,balanced_accuracy,0.48376623376623373,0.5844155844155844,0.10064935064935066
2107,source_balanced,macro_f1,0.4791489361702127,0.5555555555555556,0.07640661938534288
2107,source_balanced,mcc,-0.03436040663720258,0.26189246330824845,0.296252869945451
2108,source_balanced,roc_auc,0.2987012987012986,0.3409090909090909,0.042207792207792305
2108,source_balanced,pr_auc_active,0.5502931462553673,0.5618686868686869,0.011575540613319557
2108,source_balanced,pr_auc_inactive,0.4724025974025974,0.4916666666666666,0.019264069264069206
2108,source_balanced,balanced_accuracy,0.48376623376623373,0.6201298701298701,0.13636363636363635
2108,source_balanced,macro_f1,0.4791489361702127,0.6067527308838133,0.12760379471360062
2108,source_balanced,mcc,-0.03436040663720258,0.33868074965743356,0.37304115629463613
2109,source_balanced,roc_auc,0.30194805194805185,0.3409090909090909,0.03896103896103903
2109,source_balanced,pr_auc_active,0.5516819985569985,0.5602453102453102,0.008563311688311703
2109,source_balanced,pr_auc_inactive,0.4345238095238095,0.4916666666666666,0.057142857142857106
2109,source_balanced,balanced_accuracy,0.41558441558441556,0.5844155844155844,0.16883116883116883
2109,source_balanced,macro_f1,0.4155844155844156,0.5555555555555556,0.13997113997113997
2109,source_balanced,mcc,-0.1688311688311691,0.26189246330824845,0.43072363213941756
2110,source_balanced,roc_auc,0.29220779220779214,0.3409090909090909,0.048701298701298745
2110,source_balanced,pr_auc_active,0.5493564733768496,0.5591089466089466,0.009752473232097048
2110,source_balanced,pr_auc_inactive,0.4077767470624613,0.4916666666666666,0.08388991960420528
2110,source_balanced,balanced_accuracy,0.5194805194805194,0.5844155844155844,0.06493506493506496
2110,source_balanced,macro_f1,0.5183946488294314,0.5555555555555556,0.037160906726124154
2110,source_balanced,mcc,0.040291148201268875,0.26189246330824845,0.22160131510697956
2111,source_balanced,roc_auc,0.2727272727272727,0.3409090909090909,0.06818181818181818
2111,source_balanced,pr_auc_active,0.5431260658533386,0.5602453102453102,0.017119244391971655
2111,source_balanced,pr_auc_inactive,0.3926406926406926,0.4916666666666666,0.09902597402597396
2111,source_balanced,balanced_accuracy,0.48376623376623373,0.5844155844155844,0.10064935064935066
2111,source_balanced,macro_f1,0.4791489361702127,0.5555555555555556,0.07640661938534288
2111,source_balanced,mcc,-0.03436040663720258,0.26189246330824845,0.296252869945451
2112,source_balanced,roc_auc,0.3116883116883116,0.3474025974025974,0.035714285714285754
2112,source_balanced,pr_auc_active,0.5550910894660894,0.5618792971734148,0.0067882077073253555
2112,source_balanced,pr_auc_inactive,0.4404761904761904,0.5392857142857143,0.09880952380952385
2112,source_balanced,balanced_accuracy,0.5194805194805194,0.5844155844155844,0.06493506493506496
2112,source_balanced,macro_f1,0.5183946488294314,0.5555555555555556,0.037160906726124154
2112,source_balanced,mcc,0.040291148201268875,0.26189246330824845,0.22160131510697956
2113,source_balanced,roc_auc,0.29220779220779214,0.3474025974025974,0.05519480519480524
2113,source_balanced,pr_auc_active,0.5493564733768496,0.5635026737967914,0.014146200419941857
2113,source_balanced,pr_auc_inactive,0.4077767470624613,0.5392857142857143,0.13150896722325295
2113,source_balanced,balanced_accuracy,0.48376623376623373,0.5844155844155844,0.10064935064935066
2113,source_balanced,macro_f1,0.4791489361702127,0.5555555555555556,0.07640661938534288
2113,source_balanced,mcc,-0.03436040663720258,0.26189246330824845,0.296252869945451
2114,source_balanced,roc_auc,0.30844155844155835,0.3474025974025974,0.03896103896103903
2114,source_balanced,pr_auc_active,0.5537022371644582,0.5607429335370512,0.007040696372592969
2114,source_balanced,pr_auc_inactive,0.4783549783549783,0.5392857142857143,0.060930735930735946
2114,source_balanced,balanced_accuracy,0.48376623376623373,0.5844155844155844,0.10064935064935066
2114,source_balanced,macro_f1,0.4791489361702127,0.5555555555555556,0.07640661938534288
2114,source_balanced,mcc,-0.03436040663720258,0.26189246330824845,0.296252869945451
2115,source_balanced,roc_auc,0.3214285714285714,0.3409090909090909,0.019480519480519487
2115,source_balanced,pr_auc_active,0.5583378427128427,0.5591089466089466,0.0007711038961039085
2115,source_balanced,pr_auc_inactive,0.4503968253968253,0.4916666666666666,0.04126984126984129
2115,source_balanced,balanced_accuracy,0.551948051948052,0.5844155844155844,0.03246753246753242
2115,source_balanced,macro_f1,0.5418181818181819,0.5555555555555556,0.013737373737373715
2115,source_balanced,mcc,0.1218289807746346,0.26189246330824845,0.14006348253361384
2116,source_balanced,roc_auc,0.2824675324675324,0.3474025974025974,0.06493506493506496
2116,source_balanced,pr_auc_active,0.5459473824677586,0.5635026737967914,0.017555291329032774
2116,source_balanced,pr_auc_inactive,0.4018243661100803,0.5392857142857143,0.13746134817563394
2116,source_balanced,balanced_accuracy,0.41558441558441556,0.6201298701298701,0.20454545454545453
2116,source_balanced,macro_f1,0.4155844155844156,0.6067527308838133,0.1911683152993977
2116,source_balanced,mcc,-0.1688311688311691,0.33868074965743356,0.5075119184886027
2117,source_balanced,roc_auc,0.3214285714285714,0.3409090909090909,0.019480519480519487
2117,source_balanced,pr_auc_active,0.5583378427128427,0.5602453102453102,0.0019074675324675106
2117,source_balanced,pr_auc_inactive,0.4503968253968253,0.4916666666666666,0.04126984126984129
2117,source_balanced,balanced_accuracy,0.551948051948052,0.5844155844155844,0.03246753246753242
2117,source_balanced,macro_f1,0.5418181818181819,0.5555555555555556,0.013737373737373715
2117,source_balanced,mcc,0.1218289807746346,0.26189246330824845,0.14006348253361384
2118,source_balanced,roc_auc,0.30194805194805185,0.3474025974025974,0.045454545454545525
2118,source_balanced,pr_auc_active,0.5516819985569985,0.5618792971734148,0.010197298616416273
2118,source_balanced,pr_auc_inactive,0.4345238095238095,0.5392857142857143,0.10476190476190478
2118,source_balanced,balanced_accuracy,0.551948051948052,0.6201298701298701,0.06818181818181812
2118,source_balanced,macro_f1,0.5418181818181819,0.6067527308838133,0.06493454906563145
2118,source_balanced,mcc,0.1218289807746346,0.33868074965743356,0.21685176888279895
2119,source_balanced,roc_auc,0.28896103896103886,0.3409090909090909,0.05194805194805202
2119,source_balanced,pr_auc_active,0.5475813693958632,0.5618686868686869,0.014287317472823635
2119,source_balanced,pr_auc_inactive,0.449443413729128,0.4916666666666666,0.04222325293753859
2119,source_balanced,balanced_accuracy,0.48376623376623373,0.5844155844155844,0.10064935064935066
2119,source_balanced,macro_f1,0.4791489361702127,0.5555555555555556,0.07640661938534288
2119,source_balanced,mcc,-0.03436040663720258,0.26189246330824845,0.296252869945451
2120,source_balanced,roc_auc,0.3116883116883116,0.3474025974025974,0.035714285714285754
2120,source_balanced,pr_auc_active,0.5550910894660894,0.5618792971734148,0.0067882077073253555
2120,source_balanced,pr_auc_inactive,0.4404761904761904,0.5392857142857143,0.09880952380952385
2120,source_balanced,balanced_accuracy,0.48376623376623373,0.5844155844155844,0.10064935064935066
2120,source_balanced,macro_f1,0.4791489361702127,0.5555555555555556,0.07640661938534288
2120,source_balanced,mcc,-0.03436040663720258,0.26189246330824845,0.296252869945451
2121,source_balanced,roc_auc,0.30844155844155835,0.3474025974025974,0.03896103896103903
2121,source_balanced,pr_auc_active,0.5537022371644582,0.5635026737967914,0.00980043663233321
2121,source_balanced,pr_auc_inactive,0.4783549783549783,0.5392857142857143,0.060930735930735946
2121,source_balanced,balanced_accuracy,0.48376623376623373,0.5844155844155844,0.10064935064935066
2121,source_balanced,macro_f1,0.4791489361702127,0.5555555555555556,0.07640661938534288
2121,source_balanced,mcc,-0.03436040663720258,0.26189246330824845,0.296252869945451
2122,source_balanced,roc_auc,0.29220779220779214,0.3409090909090909,0.048701298701298745
2122,source_balanced,pr_auc_active,0.5493564733768496,0.5618686868686869,0.012512213491837287
2122,source_balanced,pr_auc_inactive,0.4077767470624613,0.4916666666666666,0.08388991960420528
2122,source_balanced,balanced_accuracy,0.48376623376623373,0.5844155844155844,0.10064935064935066
2122,source_balanced,macro_f1,0.4791489361702127,0.5555555555555556,0.07640661938534288
2122,source_balanced,mcc,-0.03436040663720258,0.26189246330824845,0.296252869945451
2123,source_balanced,roc_auc,0.29220779220779214,0.3409090909090909,0.048701298701298745
2123,source_balanced,pr_auc_active,0.5486591593272627,0.5591089466089466,0.010449787281683887
2123,source_balanced,pr_auc_inactive,0.4247835497835497,0.4916666666666666,0.06688311688311688
2123,source_balanced,balanced_accuracy,0.48376623376623373,0.5844155844155844,0.10064935064935066
2123,source_balanced,macro_f1,0.4791489361702127,0.5555555555555556,0.07640661938534288
2123,source_balanced,mcc,-0.03436040663720258,0.26189246330824845,0.296252869945451
2124,source_balanced,roc_auc,0.29220779220779214,0.3409090909090909,0.048701298701298745
2124,source_balanced,pr_auc_active,0.5486591593272627,0.5602453102453102,0.011586150918047489
2124,source_balanced,pr_auc_inactive,0.4247835497835497,0.4916666666666666,0.06688311688311688
2124,source_balanced,balanced_accuracy,0.41558441558441556,0.5844155844155844,0.16883116883116883
2124,source_balanced,macro_f1,0.4155844155844156,0.5555555555555556,0.13997113997113997
2124,source_balanced,mcc,-0.1688311688311691,0.26189246330824845,0.43072363213941756
2125,source_balanced,roc_auc,0.29220779220779214,0.3474025974025974,0.05519480519480524
2125,source_balanced,pr_auc_active,0.5486591593272627,0.5607429335370512,0.012083774209788456
2125,source_balanced,pr_auc_inactive,0.4247835497835497,0.5392857142857143,0.11450216450216455
2125,source_balanced,balanced_accuracy,0.48376623376623373,0.5844155844155844,0.10064935064935066
2125,source_balanced,macro_f1,0.4791489361702127,0.5555555555555556,0.07640661938534288
2125,source_balanced,mcc,-0.03436040663720258,0.26189246330824845,0.296252869945451
2126,source_balanced,roc_auc,0.30194805194805185,0.3474025974025974,0.045454545454545525
2126,source_balanced,pr_auc_active,0.5520682502363536,0.5618792971734148,0.00981104693706114
2126,source_balanced,pr_auc_inactive,0.4307359307359307,0.5392857142857143,0.10854978354978356
2126,source_balanced,balanced_accuracy,0.48376623376623373,0.5844155844155844,0.10064935064935066
2126,source_balanced,macro_f1,0.4791489361702127,0.5555555555555556,0.07640661938534288
2126,source_balanced,mcc,-0.03436040663720258,0.26189246330824845,0.296252869945451
2127,source_balanced,roc_auc,0.29220779220779214,0.3409090909090909,0.048701298701298745
2127,source_balanced,pr_auc_active,0.5486591593272627,0.5602453102453102,0.011586150918047489
2127,source_balanced,pr_auc_inactive,0.4247835497835497,0.4916666666666666,0.06688311688311688
2127,source_balanced,balanced_accuracy,0.48376623376623373,0.5844155844155844,0.10064935064935066
2127,source_balanced,macro_f1,0.4791489361702127,0.5555555555555556,0.07640661938534288
2127,source_balanced,mcc,-0.03436040663720258,0.26189246330824845,0.296252869945451
2128,source_balanced,roc_auc,0.2987012987012986,0.3409090909090909,0.042207792207792305
2128,source_balanced,pr_auc_active,0.5502931462553673,0.5618686868686869,0.011575540613319557
2128,source_balanced,pr_auc_inactive,0.4724025974025974,0.4916666666666666,0.019264069264069206
2128,source_balanced,balanced_accuracy,0.48376623376623373,0.6558441558441559,0.17207792207792216
2128,source_balanced,macro_f1,0.4791489361702127,0.6538461538461539,0.17469721767594115
2128,source_balanced,mcc,-0.03436040663720258,0.40771775315010056,0.44207815978730314
2129,source_balanced,roc_auc,0.30194805194805185,0.3474025974025974,0.045454545454545525
2129,source_balanced,pr_auc_active,0.5520682502363536,0.5635026737967914,0.011434423560437779
2129,source_balanced,pr_auc_inactive,0.4307359307359307,0.5392857142857143,0.10854978354978356
2129,source_balanced,balanced_accuracy,0.48376623376623373,0.6201298701298701,0.13636363636363635
2129,source_balanced,macro_f1,0.4791489361702127,0.6067527308838133,0.12760379471360062
2129,source_balanced,mcc,-0.03436040663720258,0.33868074965743356,0.37304115629463613
2130,source_balanced,roc_auc,0.3116883116883116,0.3474025974025974,0.035714285714285754
2130,source_balanced,pr_auc_active,0.5550910894660894,0.5607429335370512,0.0056518440709617535
2130,source_balanced,pr_auc_inactive,0.4404761904761904,0.5392857142857143,0.09880952380952385
2130,source_balanced,balanced_accuracy,0.48376623376623373,0.5844155844155844,0.10064935064935066
2130,source_balanced,macro_f1,0.4791489361702127,0.5555555555555556,0.07640661938534288
2130,source_balanced,mcc,-0.03436040663720258,0.26189246330824845,0.296252869945451
2131,source_balanced,roc_auc,0.27272727272727265,0.3474025974025974,0.07467532467532473
2131,source_balanced,pr_auc_active,0.5428005293209055,0.5618792971734148,0.019078767852509282
2131,source_balanced,pr_auc_inactive,0.3962585034013605,0.5392857142857143,0.14302721088435377
2131,source_balanced,balanced_accuracy,0.37987012987012986,0.6558441558441559,0.27597402597402604
2131,source_balanced,macro_f1,0.37777777777777777,0.6538461538461539,0.2760683760683761
2131,source_balanced,mcc,-0.2438488811817297,0.40771775315010056,0.6515666343318303
2132,source_balanced,roc_auc,0.2824675324675324,0.3474025974025974,0.06493506493506496
2132,source_balanced,pr_auc_active,0.5459473824677586,0.5618792971734148,0.015931914705656136
2132,source_balanced,pr_auc_inactive,0.4018243661100803,0.5392857142857143,0.13746134817563394
2132,source_balanced,balanced_accuracy,0.48376623376623373,0.6558441558441559,0.17207792207792216
2132,source_balanced,macro_f1,0.4791489361702127,0.6538461538461539,0.17469721767594115
2132,source_balanced,mcc,-0.03436040663720258,0.40771775315010056,0.44207815978730314
2133,source_balanced,roc_auc,0.29220779220779214,0.3474025974025974,0.05519480519480524
2133,source_balanced,pr_auc_active,0.5486591593272627,0.5618792971734148,0.013220137846152058
2133,source_balanced,pr_auc_inactive,0.4247835497835497,0.5392857142857143,0.11450216450216455
2133,source_balanced,balanced_accuracy,0.44805194805194803,0.5844155844155844,0.13636363636363635
2133,source_balanced,macro_f1,0.4375,0.5555555555555556,0.11805555555555558
2133,source_balanced,mcc,-0.11308055883843511,0.26189246330824845,0.37497302214668354
2134,source_balanced,roc_auc,0.30194805194805185,0.3409090909090909,0.03896103896103903
2134,source_balanced,pr_auc_active,0.5516819985569985,0.5591089466089466,0.007426948051948101
2134,source_balanced,pr_auc_inactive,0.4345238095238095,0.4916666666666666,0.057142857142857106
2134,source_balanced,balanced_accuracy,0.48376623376623373,0.6201298701298701,0.13636363636363635
2134,source_balanced,macro_f1,0.4791489361702127,0.6067527308838133,0.12760379471360062
2134,source_balanced,mcc,-0.03436040663720258,0.33868074965743356,0.37304115629463613
2135,source_balanced,roc_auc,0.30194805194805185,0.3474025974025974,0.045454545454545525
2135,source_balanced,pr_auc_active,0.5516819985569985,0.5635026737967914,0.01182067523979291
2135,source_balanced,pr_auc_inactive,0.4345238095238095,0.5392857142857143,0.10476190476190478
2135,source_balanced,balanced_accuracy,0.41558441558441556,0.6201298701298701,0.20454545454545453
2135,source_balanced,macro_f1,0.4155844155844156,0.6067527308838133,0.1911683152993977
2135,source_balanced,mcc,-0.1688311688311691,0.33868074965743356,0.5075119184886027
2136,source_balanced,roc_auc,0.29220779220779214,0.3474025974025974,0.05519480519480524
2136,source_balanced,pr_auc_active,0.5486591593272627,0.5618792971734148,0.013220137846152058
2136,source_balanced,pr_auc_inactive,0.4247835497835497,0.5392857142857143,0.11450216450216455
2136,source_balanced,balanced_accuracy,0.48376623376623373,0.5844155844155844,0.10064935064935066
2136,source_balanced,macro_f1,0.4791489361702127,0.5555555555555556,0.07640661938534288
2136,source_balanced,mcc,-0.03436040663720258,0.26189246330824845,0.296252869945451
2137,source_balanced,roc_auc,0.28246753246753237,0.3474025974025974,0.06493506493506501
2137,source_balanced,pr_auc_active,0.5455123061804096,0.5618792971734148,0.016366990993005204
2137,source_balanced,pr_auc_inactive,0.41921768707482987,0.5392857142857143,0.12006802721088439
2137,source_balanced,balanced_accuracy,0.44805194805194803,0.6201298701298701,0.17207792207792205
2137,source_balanced,macro_f1,0.4375,0.6067527308838133,0.16925273088381332
2137,source_balanced,mcc,-0.11308055883843511,0.33868074965743356,0.45176130849586865
2138,source_balanced,roc_auc,0.2824675324675324,0.3474025974025974,0.06493506493506496
2138,source_balanced,pr_auc_active,0.5459473824677586,0.5607429335370512,0.014795551069292534
2138,source_balanced,pr_auc_inactive,0.4018243661100803,0.5392857142857143,0.13746134817563394
2138,source_balanced,balanced_accuracy,0.41558441558441556,0.6201298701298701,0.20454545454545453
2138,source_balanced,macro_f1,0.4155844155844156,0.6067527308838133,0.1911683152993977
2138,source_balanced,mcc,-0.1688311688311691,0.33868074965743356,0.5075119184886027
2139,source_balanced,roc_auc,0.30844155844155835,0.3474025974025974,0.03896103896103903
2139,source_balanced,pr_auc_active,0.5533159854851031,0.5618792971734148,0.008563311688311703
2139,source_balanced,pr_auc_inactive,0.4821428571428571,0.5392857142857143,0.05714285714285716
2139,source_balanced,balanced_accuracy,0.4512987012987013,0.5844155844155844,0.13311688311688308
2139,source_balanced,macro_f1,0.4514835605453088,0.5555555555555556,0.10407199501024678
2139,source_balanced,mcc,-0.09631426606617752,0.26189246330824845,0.358206729374426
2140,source_balanced,roc_auc,0.3116883116883116,0.3409090909090909,0.02922077922077926
2140,source_balanced,pr_auc_active,0.5550910894660894,0.5550505050505049,-4.0584415584521416e-05
2140,source_balanced,pr_auc_inactive,0.4404761904761904,0.4916666666666666,0.051190476190476175
2140,source_balanced,balanced_accuracy,0.48376623376623373,0.5844155844155844,0.10064935064935066
2140,source_balanced,macro_f1,0.4791489361702127,0.5555555555555556,0.07640661938534288
2140,source_balanced,mcc,-0.03436040663720258,0.26189246330824845,0.296252869945451
2141,source_balanced,roc_auc,0.30194805194805185,0.3409090909090909,0.03896103896103903
2141,source_balanced,pr_auc_active,0.5520682502363536,0.5618686868686869,0.00980043663233321
2141,source_balanced,pr_auc_inactive,0.4307359307359307,0.4916666666666666,0.06093073593073589
2141,source_balanced,balanced_accuracy,0.48376623376623373,0.5844155844155844,0.10064935064935066
2141,source_balanced,macro_f1,0.4791489361702127,0.5555555555555556,0.07640661938534288
2141,source_balanced,mcc,-0.03436040663720258,0.26189246330824845,0.296252869945451
2142,source_balanced,roc_auc,0.27272727272727265,0.3409090909090909,0.06818181818181823
2142,source_balanced,pr_auc_active,0.5428005293209055,0.5618686868686869,0.01906815754778135
2142,source_balanced,pr_auc_inactive,0.3962585034013605,0.4916666666666666,0.0954081632653061
2142,source_balanced,balanced_accuracy,0.41558441558441556,0.5844155844155844,0.16883116883116883
2142,source_balanced,macro_f1,0.4155844155844156,0.5555555555555556,0.13997113997113997
2142,source_balanced,mcc,-0.1688311688311691,0.26189246330824845,0.43072363213941756
2143,source_balanced,roc_auc,0.29220779220779214,0.3409090909090909,0.048701298701298745
2143,source_balanced,pr_auc_active,0.5486591593272627,0.5602453102453102,0.011586150918047489
2143,source_balanced,pr_auc_inactive,0.4247835497835497,0.4916666666666666,0.06688311688311688
2143,source_balanced,balanced_accuracy,0.48376623376623373,0.5844155844155844,0.10064935064935066
2143,source_balanced,macro_f1,0.4791489361702127,0.5555555555555556,0.07640661938534288
2143,source_balanced,mcc,-0.03436040663720258,0.26189246330824845,0.296252869945451
2144,source_balanced,roc_auc,0.3214285714285714,0.3409090909090909,0.019480519480519487
2144,source_balanced,pr_auc_active,0.5583378427128427,0.5591089466089466,0.0007711038961039085
2144,source_balanced,pr_auc_inactive,0.4503968253968253,0.4916666666666666,0.04126984126984129
2144,source_balanced,balanced_accuracy,0.551948051948052,0.6201298701298701,0.06818181818181812
2144,source_balanced,macro_f1,0.5418181818181819,0.6067527308838133,0.06493454906563145
2144,source_balanced,mcc,0.1218289807746346,0.33868074965743356,0.21685176888279895
2145,source_balanced,roc_auc,0.30194805194805185,0.3474025974025974,0.045454545454545525
2145,source_balanced,pr_auc_active,0.5520682502363536,0.5607429335370512,0.008674683300697539
2145,source_balanced,pr_auc_inactive,0.4307359307359307,0.5392857142857143,0.10854978354978356
2145,source_balanced,balanced_accuracy,0.44805194805194803,0.5844155844155844,0.13636363636363635
2145,source_balanced,macro_f1,0.4375,0.5555555555555556,0.11805555555555558
2145,source_balanced,mcc,-0.11308055883843511,0.26189246330824845,0.37497302214668354
2146,source_balanced,roc_auc,0.29220779220779214,0.3409090909090909,0.048701298701298745
2146,source_balanced,pr_auc_active,0.5486591593272627,0.5602453102453102,0.011586150918047489
2146,source_balanced,pr_auc_inactive,0.4247835497835497,0.4916666666666666,0.06688311688311688
2146,source_balanced,balanced_accuracy,0.48376623376623373,0.5844155844155844,0.10064935064935066
2146,source_balanced,macro_f1,0.4791489361702127,0.5555555555555556,0.07640661938534288
2146,source_balanced,mcc,-0.03436040663720258,0.26189246330824845,0.296252869945451
2147,source_balanced,roc_auc,0.30194805194805185,0.3409090909090909,0.03896103896103903
2147,source_balanced,pr_auc_active,0.5520682502363536,0.5591089466089466,0.007040696372592969
2147,source_balanced,pr_auc_inactive,0.4307359307359307,0.4916666666666666,0.06093073593073589
2147,source_balanced,balanced_accuracy,0.5194805194805194,0.5844155844155844,0.06493506493506496
2147,source_balanced,macro_f1,0.5183946488294314,0.5555555555555556,0.037160906726124154
2147,source_balanced,mcc,0.040291148201268875,0.26189246330824845,0.22160131510697956
2148,source_balanced,roc_auc,0.2824675324675324,0.3474025974025974,0.06493506493506496
2148,source_balanced,pr_auc_active,0.5459473824677586,0.5607429335370512,0.014795551069292534
2148,source_balanced,pr_auc_inactive,0.4018243661100803,0.5392857142857143,0.13746134817563394
2148,source_balanced,balanced_accuracy,0.48376623376623373,0.5844155844155844,0.10064935064935066
2148,source_balanced,macro_f1,0.4791489361702127,0.5555555555555556,0.07640661938534288
2148,source_balanced,mcc,-0.03436040663720258,0.26189246330824845,0.296252869945451
2149,source_balanced,roc_auc,0.30194805194805185,0.3409090909090909,0.03896103896103903
2149,source_balanced,pr_auc_active,0.5520682502363536,0.5602453102453102,0.008177060008956571
2149,source_balanced,pr_auc_inactive,0.4307359307359307,0.4916666666666666,0.06093073593073589
2149,source_balanced,balanced_accuracy,0.48376623376623373,0.5844155844155844,0.10064935064935066
2149,source_balanced,macro_f1,0.4791489361702127,0.5555555555555556,0.07640661938534288
2149,source_balanced,mcc,-0.03436040663720258,0.26189246330824845,0.296252869945451
2150,source_balanced,roc_auc,0.3116883116883116,0.3474025974025974,0.035714285714285754
2150,source_balanced,pr_auc_active,0.5550910894660894,0.5618792971734148,0.0067882077073253555
2150,source_balanced,pr_auc_inactive,0.4404761904761904,0.5392857142857143,0.09880952380952385
2150,source_balanced,balanced_accuracy,0.48376623376623373,0.5844155844155844,0.10064935064935066
2150,source_balanced,macro_f1,0.4791489361702127,0.5555555555555556,0.07640661938534288
2150,source_balanced,mcc,-0.03436040663720258,0.26189246330824845,0.296252869945451
2151,source_balanced,roc_auc,0.29220779220779214,0.3474025974025974,0.05519480519480524
2151,source_balanced,pr_auc_active,0.5486591593272627,0.5550611153552328,0.006401956027970113
2151,source_balanced,pr_auc_inactive,0.4247835497835497,0.5392857142857143,0.11450216450216455
2151,source_balanced,balanced_accuracy,0.41558441558441556,0.6201298701298701,0.20454545454545453
2151,source_balanced,macro_f1,0.4155844155844156,0.6067527308838133,0.1911683152993977
2151,source_balanced,mcc,-0.1688311688311691,0.33868074965743356,0.5075119184886027
2152,source_balanced,roc_auc,0.29220779220779214,0.3474025974025974,0.05519480519480524
2152,source_balanced,pr_auc_active,0.5486591593272627,0.5607429335370512,0.012083774209788456
2152,source_balanced,pr_auc_inactive,0.4247835497835497,0.5392857142857143,0.11450216450216455
2152,source_balanced,balanced_accuracy,0.48376623376623373,0.6201298701298701,0.13636363636363635
2152,source_balanced,macro_f1,0.4791489361702127,0.6067527308838133,0.12760379471360062
2152,source_balanced,mcc,-0.03436040663720258,0.33868074965743356,0.37304115629463613
2153,source_balanced,roc_auc,0.30194805194805185,0.3474025974025974,0.045454545454545525
2153,source_balanced,pr_auc_active,0.5520682502363536,0.5618792971734148,0.00981104693706114
2153,source_balanced,pr_auc_inactive,0.4307359307359307,0.5392857142857143,0.10854978354978356
2153,source_balanced,balanced_accuracy,0.48376623376623373,0.5844155844155844,0.10064935064935066
2153,source_balanced,macro_f1,0.4791489361702127,0.5555555555555556,0.07640661938534288
2153,source_balanced,mcc,-0.03436040663720258,0.26189246330824845,0.296252869945451
2154,source_balanced,roc_auc,0.30194805194805185,0.3474025974025974,0.045454545454545525
2154,source_balanced,pr_auc_active,0.5520682502363536,0.5607429335370512,0.008674683300697539
2154,source_balanced,pr_auc_inactive,0.4307359307359307,0.5392857142857143,0.10854978354978356
2154,source_balanced,balanced_accuracy,0.48376623376623373,0.6201298701298701,0.13636363636363635
2154,source_balanced,macro_f1,0.4791489361702127,0.6067527308838133,0.12760379471360062
2154,source_balanced,mcc,-0.03436040663720258,0.33868074965743356,0.37304115629463613
2155,source_balanced,roc_auc,0.29220779220779214,0.3474025974025974,0.05519480519480524
2155,source_balanced,pr_auc_active,0.5486591593272627,0.5618792971734148,0.013220137846152058
2155,source_balanced,pr_auc_inactive,0.4247835497835497,0.5392857142857143,0.11450216450216455
2155,source_balanced,balanced_accuracy,0.48376623376623373,0.5844155844155844,0.10064935064935066
2155,source_balanced,macro_f1,0.4791489361702127,0.5555555555555556,0.07640661938534288
2155,source_balanced,mcc,-0.03436040663720258,0.26189246330824845,0.296252869945451
2156,source_balanced,roc_auc,0.29220779220779214,0.3474025974025974,0.05519480519480524
2156,source_balanced,pr_auc_active,0.5486591593272627,0.5618792971734148,0.013220137846152058
2156,source_balanced,pr_auc_inactive,0.4247835497835497,0.5392857142857143,0.11450216450216455
2156,source_balanced,balanced_accuracy,0.48376623376623373,0.5844155844155844,0.10064935064935066
2156,source_balanced,macro_f1,0.4791489361702127,0.5555555555555556,0.07640661938534288
2156,source_balanced,mcc,-0.03436040663720258,0.26189246330824845,0.296252869945451
2157,source_balanced,roc_auc,0.29220779220779214,0.3409090909090909,0.048701298701298745
2157,source_balanced,pr_auc_active,0.5486591593272627,0.5618686868686869,0.013209527541424126
2157,source_balanced,pr_auc_inactive,0.4247835497835497,0.4916666666666666,0.06688311688311688
2157,source_balanced,balanced_accuracy,0.41558441558441556,0.5844155844155844,0.16883116883116883
2157,source_balanced,macro_f1,0.4155844155844156,0.5555555555555556,0.13997113997113997
2157,source_balanced,mcc,-0.1688311688311691,0.26189246330824845,0.43072363213941756
2158,source_balanced,roc_auc,0.30194805194805185,0.3474025974025974,0.045454545454545525
2158,source_balanced,pr_auc_active,0.5516819985569985,0.5607429335370512,0.00906093498005267
2158,source_balanced,pr_auc_inactive,0.4345238095238095,0.5392857142857143,0.10476190476190478
2158,source_balanced,balanced_accuracy,0.5162337662337663,0.6201298701298701,0.10389610389610382
2158,source_balanced,macro_f1,0.4957983193277311,0.6067527308838133,0.11095441155608221
2158,source_balanced,mcc,0.03999232221113232,0.33868074965743356,0.29868842744630125
2159,source_balanced,roc_auc,0.29220779220779214,0.3409090909090909,0.048701298701298745
2159,source_balanced,pr_auc_active,0.5493564733768496,0.5602453102453102,0.01088883686846065
2159,source_balanced,pr_auc_inactive,0.4077767470624613,0.4916666666666666,0.08388991960420528
2159,source_balanced,balanced_accuracy,0.5194805194805194,0.5844155844155844,0.06493506493506496
2159,source_balanced,macro_f1,0.5183946488294314,0.5555555555555556,0.037160906726124154
2159,source_balanced,mcc,0.040291148201268875,0.26189246330824845,0.22160131510697956
2160,source_balanced,roc_auc,0.29220779220779214,0.3409090909090909,0.048701298701298745
2160,source_balanced,pr_auc_active,0.5486591593272627,0.5618686868686869,0.013209527541424126
2160,source_balanced,pr_auc_inactive,0.4247835497835497,0.4916666666666666,0.06688311688311688
2160,source_balanced,balanced_accuracy,0.44805194805194803,0.5844155844155844,0.13636363636363635
2160,source_balanced,macro_f1,0.4375,0.5555555555555556,0.11805555555555558
2160,source_balanced,mcc,-0.11308055883843511,0.26189246330824845,0.37497302214668354
2161,source_balanced,roc_auc,0.30194805194805185,0.3409090909090909,0.03896103896103903
2161,source_balanced,pr_auc_active,0.5520682502363536,0.5618686868686869,0.00980043663233321
2161,source_balanced,pr_auc_inactive,0.4307359307359307,0.4916666666666666,0.06093073593073589
2161,source_balanced,balanced_accuracy,0.5194805194805194,0.6201298701298701,0.10064935064935066
2161,source_balanced,macro_f1,0.5183946488294314,0.6067527308838133,0.08835808205438189
2161,source_balanced,mcc,0.040291148201268875,0.33868074965743356,0.29838960145616467
2162,source_balanced,roc_auc,0.29220779220779214,0.3474025974025974,0.05519480519480524
2162,source_balanced,pr_auc_active,0.5486591593272627,0.5618792971734148,0.013220137846152058
2162,source_balanced,pr_auc_inactive,0.4247835497835497,0.5392857142857143,0.11450216450216455
2162,source_balanced,balanced_accuracy,0.48376623376623373,0.6201298701298701,0.13636363636363635
2162,source_balanced,macro_f1,0.4791489361702127,0.6067527308838133,0.12760379471360062
2162,source_balanced,mcc,-0.03436040663720258,0.33868074965743356,0.37304115629463613
2163,source_balanced,roc_auc,0.3116883116883116,0.3474025974025974,0.035714285714285754
2163,source_balanced,pr_auc_active,0.5550910894660894,0.5618792971734148,0.0067882077073253555
2163,source_balanced,pr_auc_inactive,0.4404761904761904,0.5392857142857143,0.09880952380952385
2163,source_balanced,balanced_accuracy,0.551948051948052,0.5844155844155844,0.03246753246753242
2163,source_balanced,macro_f1,0.5418181818181819,0.5555555555555556,0.013737373737373715
2163,source_balanced,mcc,0.1218289807746346,0.26189246330824845,0.14006348253361384
2164,source_balanced,roc_auc,0.3214285714285714,0.3409090909090909,0.019480519480519487
2164,source_balanced,pr_auc_active,0.5583378427128427,0.5602453102453102,0.0019074675324675106
2164,source_balanced,pr_auc_inactive,0.4503968253968253,0.4916666666666666,0.04126984126984129
2164,source_balanced,balanced_accuracy,0.5876623376623377,0.5844155844155844,-0.0032467532467532756
2164,source_balanced,macro_f1,0.5847382431233363,0.5555555555555556,-0.029182687567780752
2164,source_balanced,mcc,0.19738550848793068,0.26189246330824845,0.06450695482031776
2165,source_balanced,roc_auc,0.29220779220779214,0.3474025974025974,0.05519480519480524
2165,source_balanced,pr_auc_active,0.5486591593272627,0.5550611153552328,0.006401956027970113
2165,source_balanced,pr_auc_inactive,0.4247835497835497,0.5392857142857143,0.11450216450216455
2165,source_balanced,balanced_accuracy,0.48376623376623373,0.6201298701298701,0.13636363636363635
2165,source_balanced,macro_f1,0.4791489361702127,0.6067527308838133,0.12760379471360062
2165,source_balanced,mcc,-0.03436040663720258,0.33868074965743356,0.37304115629463613
2166,source_balanced,roc_auc,0.29220779220779214,0.3474025974025974,0.05519480519480524
2166,source_balanced,pr_auc_active,0.5486591593272627,0.5635026737967914,0.014843514469528696
2166,source_balanced,pr_auc_inactive,0.4247835497835497,0.5392857142857143,0.11450216450216455
2166,source_balanced,balanced_accuracy,0.48376623376623373,0.5844155844155844,0.10064935064935066
2166,source_balanced,macro_f1,0.4791489361702127,0.5555555555555556,0.07640661938534288
2166,source_balanced,mcc,-0.03436040663720258,0.26189246330824845,0.296252869945451
2167,source_balanced,roc_auc,0.29220779220779214,0.3474025974025974,0.05519480519480524
2167,source_balanced,pr_auc_active,0.5493564733768496,0.5618792971734148,0.012522823796565219
2167,source_balanced,pr_auc_inactive,0.4077767470624613,0.5392857142857143,0.13150896722325295
2167,source_balanced,balanced_accuracy,0.48376623376623373,0.5844155844155844,0.10064935064935066
2167,source_balanced,macro_f1,0.4791489361702127,0.5555555555555556,0.07640661938534288
2167,source_balanced,mcc,-0.03436040663720258,0.26189246330824845,0.296252869945451
2168,source_balanced,roc_auc,0.30194805194805185,0.3409090909090909,0.03896103896103903
2168,source_balanced,pr_auc_active,0.5520682502363536,0.5602453102453102,0.008177060008956571
2168,source_balanced,pr_auc_inactive,0.4307359307359307,0.4916666666666666,0.06093073593073589
2168,source_balanced,balanced_accuracy,0.5194805194805194,0.6201298701298701,0.10064935064935066
2168,source_balanced,macro_f1,0.5183946488294314,0.6067527308838133,0.08835808205438189
2168,source_balanced,mcc,0.040291148201268875,0.33868074965743356,0.29838960145616467
2169,source_balanced,roc_auc,0.30194805194805185,0.3474025974025974,0.045454545454545525
2169,source_balanced,pr_auc_active,0.5520682502363536,0.5618792971734148,0.00981104693706114
2169,source_balanced,pr_auc_inactive,0.4307359307359307,0.5392857142857143,0.10854978354978356
2169,source_balanced,balanced_accuracy,0.5194805194805194,0.6558441558441559,0.13636363636363646
2169,source_balanced,macro_f1,0.5183946488294314,0.6538461538461539,0.13545150501672243
2169,source_balanced,mcc,0.040291148201268875,0.40771775315010056,0.36742660494883167
2170,source_balanced,roc_auc,0.29220779220779214,0.3474025974025974,0.05519480519480524
2170,source_balanced,pr_auc_active,0.5486591593272627,0.5607429335370512,0.012083774209788456
2170,source_balanced,pr_auc_inactive,0.4247835497835497,0.5392857142857143,0.11450216450216455
2170,source_balanced,balanced_accuracy,0.48376623376623373,0.5844155844155844,0.10064935064935066
2170,source_balanced,macro_f1,0.4791489361702127,0.5555555555555556,0.07640661938534288
2170,source_balanced,mcc,-0.03436040663720258,0.26189246330824845,0.296252869945451
2171,source_balanced,roc_auc,0.2824675324675324,0.3409090909090909,0.05844155844155846
2171,source_balanced,pr_auc_active,0.5459473824677586,0.5602453102453102,0.014297927777551567
2171,source_balanced,pr_auc_inactive,0.4018243661100803,0.4916666666666666,0.08984230055658626
2171,source_balanced,balanced_accuracy,0.44805194805194803,0.6201298701298701,0.17207792207792205
2171,source_balanced,macro_f1,0.4375,0.6067527308838133,0.16925273088381332
2171,source_balanced,mcc,-0.11308055883843511,0.33868074965743356,0.45176130849586865
2172,source_balanced,roc_auc,0.30194805194805185,0.3474025974025974,0.045454545454545525
2172,source_balanced,pr_auc_active,0.5520682502363536,0.5635026737967914,0.011434423560437779
2172,source_balanced,pr_auc_inactive,0.4307359307359307,0.5392857142857143,0.10854978354978356
2172,source_balanced,balanced_accuracy,0.48376623376623373,0.5844155844155844,0.10064935064935066
2172,source_balanced,macro_f1,0.4791489361702127,0.5555555555555556,0.07640661938534288
2172,source_balanced,mcc,-0.03436040663720258,0.26189246330824845,0.296252869945451
2173,source_balanced,roc_auc,0.29220779220779214,0.3409090909090909,0.048701298701298745
2173,source_balanced,pr_auc_active,0.5489702216974944,0.5618686868686869,0.01289846517119242
2173,source_balanced,pr_auc_inactive,0.4115646258503401,0.4916666666666666,0.08010204081632649
2173,source_balanced,balanced_accuracy,0.41558441558441556,0.5844155844155844,0.16883116883116883
2173,source_balanced,macro_f1,0.4155844155844156,0.5555555555555556,0.13997113997113997
2173,source_balanced,mcc,-0.1688311688311691,0.26189246330824845,0.43072363213941756
2174,source_balanced,roc_auc,0.30194805194805185,0.3474025974025974,0.045454545454545525
2174,source_balanced,pr_auc_active,0.5520682502363536,0.5618792971734148,0.00981104693706114
2174,source_balanced,pr_auc_inactive,0.4307359307359307,0.5392857142857143,0.10854978354978356
2174,source_balanced,balanced_accuracy,0.48376623376623373,0.6201298701298701,0.13636363636363635
2174,source_balanced,macro_f1,0.4791489361702127,0.6067527308838133,0.12760379471360062
2174,source_balanced,mcc,-0.03436040663720258,0.33868074965743356,0.37304115629463613
2175,source_balanced,roc_auc,0.29220779220779214,0.3474025974025974,0.05519480519480524
2175,source_balanced,pr_auc_active,0.5486591593272627,0.5635026737967914,0.014843514469528696
2175,source_balanced,pr_auc_inactive,0.4247835497835497,0.5392857142857143,0.11450216450216455
2175,source_balanced,balanced_accuracy,0.48376623376623373,0.5844155844155844,0.10064935064935066
2175,source_balanced,macro_f1,0.4791489361702127,0.5555555555555556,0.07640661938534288
2175,source_balanced,mcc,-0.03436040663720258,0.26189246330824845,0.296252869945451
2176,source_balanced,roc_auc,0.29220779220779214,0.3409090909090909,0.048701298701298745
2176,source_balanced,pr_auc_active,0.5486591593272627,0.5550505050505049,0.006391345723242181
2176,source_balanced,pr_auc_inactive,0.4247835497835497,0.4916666666666666,0.06688311688311688
2176,source_balanced,balanced_accuracy,0.48376623376623373,0.5844155844155844,0.10064935064935066
2176,source_balanced,macro_f1,0.4791489361702127,0.5555555555555556,0.07640661938534288
2176,source_balanced,mcc,-0.03436040663720258,0.26189246330824845,0.296252869945451
2177,source_balanced,roc_auc,0.29220779220779214,0.3409090909090909,0.048701298701298745
2177,source_balanced,pr_auc_active,0.5486591593272627,0.5591089466089466,0.010449787281683887
2177,source_balanced,pr_auc_inactive,0.4247835497835497,0.4916666666666666,0.06688311688311688
2177,source_balanced,balanced_accuracy,0.48376623376623373,0.5844155844155844,0.10064935064935066
2177,source_balanced,macro_f1,0.4791489361702127,0.5555555555555556,0.07640661938534288
2177,source_balanced,mcc,-0.03436040663720258,0.26189246330824845,0.296252869945451
2178,source_balanced,roc_auc,0.30194805194805185,0.3474025974025974,0.045454545454545525
2178,source_balanced,pr_auc_active,0.5520682502363536,0.5550611153552328,0.0029928651188791955
2178,source_balanced,pr_auc_inactive,0.4307359307359307,0.5392857142857143,0.10854978354978356
2178,source_balanced,balanced_accuracy,0.48376623376623373,0.5844155844155844,0.10064935064935066
2178,source_balanced,macro_f1,0.4791489361702127,0.5555555555555556,0.07640661938534288
2178,source_balanced,mcc,-0.03436040663720258,0.26189246330824845,0.296252869945451
2179,source_balanced,roc_auc,0.3116883116883116,0.3409090909090909,0.02922077922077926
2179,source_balanced,pr_auc_active,0.5550910894660894,0.5602453102453102,0.005154220779220786
2179,source_balanced,pr_auc_inactive,0.4404761904761904,0.4916666666666666,0.051190476190476175
2179,source_balanced,balanced_accuracy,0.551948051948052,0.5844155844155844,0.03246753246753242
2179,source_balanced,macro_f1,0.5418181818181819,0.5555555555555556,0.013737373737373715
2179,source_balanced,mcc,0.1218289807746346,0.26189246330824845,0.14006348253361384
2180,source_balanced,roc_auc,0.30194805194805185,0.3474025974025974,0.045454545454545525
2180,source_balanced,pr_auc_active,0.5516819985569985,0.5618792971734148,0.010197298616416273
2180,source_balanced,pr_auc_inactive,0.4345238095238095,0.5392857142857143,0.10476190476190478
2180,source_balanced,balanced_accuracy,0.551948051948052,0.6201298701298701,0.06818181818181812
2180,source_balanced,macro_f1,0.5418181818181819,0.6067527308838133,0.06493454906563145
2180,source_balanced,mcc,0.1218289807746346,0.33868074965743356,0.21685176888279895
2181,source_balanced,roc_auc,0.30844155844155835,0.3474025974025974,0.03896103896103903
2181,source_balanced,pr_auc_active,0.5537022371644582,0.5607429335370512,0.007040696372592969
2181,source_balanced,pr_auc_inactive,0.4783549783549783,0.5392857142857143,0.060930735930735946
2181,source_balanced,balanced_accuracy,0.5194805194805194,0.6558441558441559,0.13636363636363646
2181,source_balanced,macro_f1,0.5183946488294314,0.6538461538461539,0.13545150501672243
2181,source_balanced,mcc,0.040291148201268875,0.40771775315010056,0.36742660494883167
2182,source_balanced,roc_auc,0.29220779220779214,0.3474025974025974,0.05519480519480524
2182,source_balanced,pr_auc_active,0.5486591593272627,0.5635026737967914,0.014843514469528696
2182,source_balanced,pr_auc_inactive,0.4247835497835497,0.5392857142857143,0.11450216450216455
2182,source_balanced,balanced_accuracy,0.48376623376623373,0.5844155844155844,0.10064935064935066
2182,source_balanced,macro_f1,0.4791489361702127,0.5555555555555556,0.07640661938534288
2182,source_balanced,mcc,-0.03436040663720258,0.26189246330824845,0.296252869945451
2183,source_balanced,roc_auc,0.29220779220779214,0.3474025974025974,0.05519480519480524
2183,source_balanced,pr_auc_active,0.5493564733768496,0.5618792971734148,0.012522823796565219
2183,source_balanced,pr_auc_inactive,0.4077767470624613,0.5392857142857143,0.13150896722325295
2183,source_balanced,balanced_accuracy,0.48376623376623373,0.6201298701298701,0.13636363636363635
2183,source_balanced,macro_f1,0.4791489361702127,0.6067527308838133,0.12760379471360062
2183,source_balanced,mcc,-0.03436040663720258,0.33868074965743356,0.37304115629463613
2184,source_balanced,roc_auc,0.30194805194805185,0.3409090909090909,0.03896103896103903
2184,source_balanced,pr_auc_active,0.5520682502363536,0.5618686868686869,0.00980043663233321
2184,source_balanced,pr_auc_inactive,0.4307359307359307,0.4916666666666666,0.06093073593073589
2184,source_balanced,balanced_accuracy,0.48376623376623373,0.6201298701298701,0.13636363636363635
2184,source_balanced,macro_f1,0.4791489361702127,0.6067527308838133,0.12760379471360062
2184,source_balanced,mcc,-0.03436040663720258,0.33868074965743356,0.37304115629463613
2185,source_balanced,roc_auc,0.30194805194805185,0.3409090909090909,0.03896103896103903
2185,source_balanced,pr_auc_active,0.5516819985569985,0.5602453102453102,0.008563311688311703
2185,source_balanced,pr_auc_inactive,0.4345238095238095,0.4916666666666666,0.057142857142857106
2185,source_balanced,balanced_accuracy,0.41558441558441556,0.5844155844155844,0.16883116883116883
2185,source_balanced,macro_f1,0.4155844155844156,0.5555555555555556,0.13997113997113997
2185,source_balanced,mcc,-0.1688311688311691,0.26189246330824845,0.43072363213941756
2186,source_balanced,roc_auc,0.2824675324675324,0.3474025974025974,0.06493506493506496
2186,source_balanced,pr_auc_active,0.5459473824677586,0.5618792971734148,0.015931914705656136
2186,source_balanced,pr_auc_inactive,0.4018243661100803,0.5392857142857143,0.13746134817563394
2186,source_balanced,balanced_accuracy,0.48376623376623373,0.6201298701298701,0.13636363636363635
2186,source_balanced,macro_f1,0.4791489361702127,0.6067527308838133,0.12760379471360062
2186,source_balanced,mcc,-0.03436040663720258,0.33868074965743356,0.37304115629463613
2187,source_balanced,roc_auc,0.29220779220779214,0.3474025974025974,0.05519480519480524
2187,source_balanced,pr_auc_active,0.5486591593272627,0.5539247517188693,0.005265592391606622
2187,source_balanced,pr_auc_inactive,0.4247835497835497,0.5392857142857143,0.11450216450216455
2187,source_balanced,balanced_accuracy,0.48376623376623373,0.5844155844155844,0.10064935064935066
2187,source_balanced,macro_f1,0.4791489361702127,0.5555555555555556,0.07640661938534288
2187,source_balanced,mcc,-0.03436040663720258,0.26189246330824845,0.296252869945451
2188,source_balanced,roc_auc,0.30194805194805185,0.3474025974025974,0.045454545454545525
2188,source_balanced,pr_auc_active,0.5520682502363536,0.5618792971734148,0.00981104693706114
2188,source_balanced,pr_auc_inactive,0.4307359307359307,0.5392857142857143,0.10854978354978356
2188,source_balanced,balanced_accuracy,0.5194805194805194,0.5844155844155844,0.06493506493506496
2188,source_balanced,macro_f1,0.5183946488294314,0.5555555555555556,0.037160906726124154
2188,source_balanced,mcc,0.040291148201268875,0.26189246330824845,0.22160131510697956
2189,source_balanced,roc_auc,0.29220779220779214,0.3474025974025974,0.05519480519480524
2189,source_balanced,pr_auc_active,0.5486591593272627,0.5607429335370512,0.012083774209788456
2189,source_balanced,pr_auc_inactive,0.4247835497835497,0.5392857142857143,0.11450216450216455
2189,source_balanced,balanced_accuracy,0.4512987012987013,0.5844155844155844,0.13311688311688308
2189,source_balanced,macro_f1,0.4514835605453088,0.5555555555555556,0.10407199501024678
2189,source_balanced,mcc,-0.09631426606617752,0.26189246330824845,0.358206729374426
2190,source_balanced,roc_auc,0.30194805194805185,0.3409090909090909,0.03896103896103903
2190,source_balanced,pr_auc_active,0.5520682502363536,0.5534271284271283,0.0013588781907746261
2190,source_balanced,pr_auc_inactive,0.4307359307359307,0.4916666666666666,0.06093073593073589
2190,source_balanced,balanced_accuracy,0.48376623376623373,0.5844155844155844,0.10064935064935066
2190,source_balanced,macro_f1,0.4791489361702127,0.5555555555555556,0.07640661938534288
2190,source_balanced,mcc,-0.03436040663720258,0.26189246330824845,0.296252869945451
2191,source_balanced,roc_auc,0.3116883116883116,0.3409090909090909,0.02922077922077926
2191,source_balanced,pr_auc_active,0.5550910894660894,0.5602453102453102,0.005154220779220786
2191,source_balanced,pr_auc_inactive,0.4404761904761904,0.4916666666666666,0.051190476190476175
2191,source_balanced,balanced_accuracy,0.551948051948052,0.5844155844155844,0.03246753246753242
2191,source_balanced,macro_f1,0.5418181818181819,0.5555555555555556,0.013737373737373715
2191,source_balanced,mcc,0.1218289807746346,0.26189246330824845,0.14006348253361384
2192,source_balanced,roc_auc,0.29220779220779214,0.3409090909090909,0.048701298701298745
2192,source_balanced,pr_auc_active,0.5486591593272627,0.5602453102453102,0.011586150918047489
2192,source_balanced,pr_auc_inactive,0.4247835497835497,0.4916666666666666,0.06688311688311688
2192,source_balanced,balanced_accuracy,0.48376623376623373,0.5844155844155844,0.10064935064935066
2192,source_balanced,macro_f1,0.4791489361702127,0.5555555555555556,0.07640661938534288
2192,source_balanced,mcc,-0.03436040663720258,0.26189246330824845,0.296252869945451
2193,source_balanced,roc_auc,0.29220779220779214,0.3474025974025974,0.05519480519480524
2193,source_balanced,pr_auc_active,0.5486591593272627,0.5607429335370512,0.012083774209788456
2193,source_balanced,pr_auc_inactive,0.4247835497835497,0.5392857142857143,0.11450216450216455
2193,source_balanced,balanced_accuracy,0.48376623376623373,0.6201298701298701,0.13636363636363635
2193,source_balanced,macro_f1,0.4791489361702127,0.6067527308838133,0.12760379471360062
2193,source_balanced,mcc,-0.03436040663720258,0.33868074965743356,0.37304115629463613
2194,source_balanced,roc_auc,0.2824675324675324,0.3474025974025974,0.06493506493506496
2194,source_balanced,pr_auc_active,0.5459473824677586,0.5607429335370512,0.014795551069292534
2194,source_balanced,pr_auc_inactive,0.4018243661100803,0.5392857142857143,0.13746134817563394
2194,source_balanced,balanced_accuracy,0.48376623376623373,0.6201298701298701,0.13636363636363635
2194,source_balanced,macro_f1,0.4791489361702127,0.6067527308838133,0.12760379471360062
2194,source_balanced,mcc,-0.03436040663720258,0.33868074965743356,0.37304115629463613
2195,source_balanced,roc_auc,0.3116883116883116,0.3474025974025974,0.035714285714285754
2195,source_balanced,pr_auc_active,0.5550910894660894,0.5618792971734148,0.0067882077073253555
2195,source_balanced,pr_auc_inactive,0.4404761904761904,0.5392857142857143,0.09880952380952385
2195,source_balanced,balanced_accuracy,0.48376623376623373,0.5844155844155844,0.10064935064935066
2195,source_balanced,macro_f1,0.4791489361702127,0.5555555555555556,0.07640661938534288
2195,source_balanced,mcc,-0.03436040663720258,0.26189246330824845,0.296252869945451
2196,source_balanced,roc_auc,0.30194805194805185,0.3474025974025974,0.045454545454545525
2196,source_balanced,pr_auc_active,0.5520682502363536,0.5607429335370512,0.008674683300697539
2196,source_balanced,pr_auc_inactive,0.4307359307359307,0.5392857142857143,0.10854978354978356
2196,source_balanced,balanced_accuracy,0.48376623376623373,0.6201298701298701,0.13636363636363635
2196,source_balanced,macro_f1,0.4791489361702127,0.6067527308838133,0.12760379471360062
2196,source_balanced,mcc,-0.03436040663720258,0.33868074965743356,0.37304115629463613
2197,source_balanced,roc_auc,0.29220779220779214,0.3409090909090909,0.048701298701298745
2197,source_balanced,pr_auc_active,0.5486591593272627,0.5602453102453102,0.011586150918047489
2197,source_balanced,pr_auc_inactive,0.4247835497835497,0.4916666666666666,0.06688311688311688
2197,source_balanced,balanced_accuracy,0.48376623376623373,0.5844155844155844,0.10064935064935066
2197,source_balanced,macro_f1,0.4791489361702127,0.5555555555555556,0.07640661938534288
2197,source_balanced,mcc,-0.03436040663720258,0.26189246330824845,0.296252869945451
2198,source_balanced,roc_auc,0.26948051948051943,0.3474025974025974,0.07792207792207795
2198,source_balanced,pr_auc_active,0.5425853160558388,0.5635026737967914,0.020917357740952602
2198,source_balanced,pr_auc_inactive,0.36372912801484225,0.5392857142857143,0.175556586270872
2198,source_balanced,balanced_accuracy,0.48376623376623373,0.5844155844155844,0.10064935064935066
2198,source_balanced,macro_f1,0.4791489361702127,0.5555555555555556,0.07640661938534288
2198,source_balanced,mcc,-0.03436040663720258,0.26189246330824845,0.296252869945451
2199,source_balanced,roc_auc,0.2727272727272727,0.3474025974025974,0.07467532467532467
2199,source_balanced,pr_auc_active,0.5443059683263445,0.5618792971734148,0.017573328847070302
2199,source_balanced,pr_auc_inactive,0.3601576994434137,0.5392857142857143,0.17912801484230056
2199,source_balanced,balanced_accuracy,0.48376623376623373,0.6201298701298701,0.13636363636363635
2199,source_balanced,macro_f1,0.4791489361702127,0.6067527308838133,0.12760379471360062
2199,source_balanced,mcc,-0.03436040663720258,0.33868074965743356,0.37304115629463613
