seed,model,weighting,roc_auc,pr_auc_active,pr_auc_inactive,balanced_accuracy,macro_f1,mcc
2000,baseline,row_weighted,0.5,0.49173789173789173,0.6168890633176347,0.5357142857142857,0.5357142857142857,0.07142857142857142
2000,baseline,source_balanced,0.30194805194805185,0.5520682502363536,0.4307359307359307,0.48376623376623373,0.4791489361702127,-0.03436040663720258
2000,baseline_plus_md,row_weighted,0.6428571428571429,0.55995670995671,0.7745421245421246,0.6309523809523809,0.606060606060606,0.2828894749305018
2000,baseline_plus_md,source_balanced,0.3474025974025974,0.5607429335370512,0.5392857142857143,0.5844155844155844,0.5555555555555556,0.26189246330824845
2001,baseline,row_weighted,0.5238095238095238,0.4890572390572391,0.7022065236350951,0.5357142857142857,0.5357142857142857,0.07142857142857142
2001,baseline,source_balanced,0.2987012987012986,0.5502931462553673,0.4724025974025974,0.48376623376623373,0.4791489361702127,-0.03436040663720258
2001,baseline_plus_md,row_weighted,0.5952380952380953,0.545970695970696,0.6793040293040293,0.6309523809523809,0.606060606060606,0.2828894749305018
2001,baseline_plus_md,source_balanced,0.3409090909090909,0.5591089466089466,0.4916666666666666,0.5844155844155844,0.5555555555555556,0.26189246330824845
2002,baseline,row_weighted,0.5238095238095238,0.5036426536426536,0.6304945054945055,0.6190476190476191,0.6153846153846154,0.23809523809523808
2002,baseline,source_balanced,0.3116883116883116,0.5550910894660894,0.4404761904761904,0.551948051948052,0.5418181818181819,0.1218289807746346
2002,baseline_plus_md,row_weighted,0.5952380952380953,0.545970695970696,0.6793040293040293,0.6309523809523809,0.606060606060606,0.2828894749305018
2002,baseline_plus_md,source_balanced,0.3409090909090909,0.5618686868686869,0.4916666666666666,0.5844155844155844,0.5555555555555556,0.26189246330824845
2003,baseline,row_weighted,0.5476190476190477,0.5195156695156695,0.6432496075353218,0.6190476190476191,0.6153846153846154,0.23809523809523808
2003,baseline,source_balanced,0.3214285714285714,0.5583378427128427,0.4503968253968253,0.551948051948052,0.5418181818181819,0.1218289807746346
2003,baseline_plus_md,row_weighted,0.6428571428571429,0.55995670995671,0.7745421245421246,0.6309523809523809,0.606060606060606,0.2828894749305018
2003,baseline_plus_md,source_balanced,0.3474025974025974,0.5618792971734148,0.5392857142857143,0.5844155844155844,0.5555555555555556,0.26189246330824845
2004,baseline,row_weighted,0.5,0.486975986975987,0.6205738705738706,0.5357142857142857,0.5357142857142857,0.07142857142857142
2004,baseline,source_balanced,0.30194805194805185,0.5516819985569985,0.4345238095238095,0.48376623376623373,0.4791489361702127,-0.03436040663720258
2004,baseline_plus_md,row_weighted,0.6428571428571429,0.55995670995671,0.7745421245421246,0.6309523809523809,0.606060606060606,0.2828894749305018
2004,baseline_plus_md,source_balanced,0.3474025974025974,0.5618792971734148,0.5392857142857143,0.5844155844155844,0.5555555555555556,0.26189246330824845
2005,baseline,row_weighted,0.5,0.486975986975987,0.6205738705738706,0.5357142857142857,0.5357142857142857,0.07142857142857142
2005,baseline,source_balanced,0.30194805194805185,0.5516819985569985,0.4345238095238095,0.48376623376623373,0.4791489361702127,-0.03436040663720258
2005,baseline_plus_md,row_weighted,0.5952380952380953,0.545970695970696,0.6793040293040293,0.7023809523809523,0.6904761904761905,0.4147575310031266
2005,baseline_plus_md,source_balanced,0.3409090909090909,0.5602453102453102,0.4916666666666666,0.6201298701298701,0.6067527308838133,0.33868074965743356
2006,baseline,row_weighted,0.5238095238095238,0.4890572390572391,0.7022065236350951,0.5357142857142857,0.5357142857142857,0.07142857142857142
2006,baseline,source_balanced,0.2987012987012986,0.5502931462553673,0.4724025974025974,0.48376623376623373,0.4791489361702127,-0.03436040663720258
2006,baseline_plus_md,row_weighted,0.6428571428571429,0.55995670995671,0.7745421245421246,0.6309523809523809,0.606060606060606,0.2828894749305018
2006,baseline_plus_md,source_balanced,0.3474025974025974,0.5618792971734148,0.5392857142857143,0.5844155844155844,0.5555555555555556,0.26189246330824845
2007,baseline,row_weighted,0.5238095238095238,0.5036426536426536,0.6304945054945055,0.6071428571428572,0.606060606060606,0.21957751641341997
2007,baseline,source_balanced,0.3116883116883116,0.5550910894660894,0.4404761904761904,0.5194805194805194,0.5183946488294314,0.040291148201268875
2007,baseline_plus_md,row_weighted,0.5952380952380953,0.545970695970696,0.6793040293040293,0.7023809523809523,0.6904761904761905,0.4147575310031266
2007,baseline_plus_md,source_balanced,0.3409090909090909,0.5602453102453102,0.4916666666666666,0.6201298701298701,0.6067527308838133,0.33868074965743356
2008,baseline,row_weighted,0.45238095238095244,0.46316646316646315,0.5967643467643468,0.4642857142857143,0.46153846153846156,-0.07142857142857142
2008,baseline,source_balanced,0.28246753246753237,0.5455123061804096,0.41921768707482987,0.44805194805194803,0.4375,-0.11308055883843511
2008,baseline_plus_md,row_weighted,0.6428571428571429,0.55995670995671,0.7745421245421246,0.7023809523809523,0.6904761904761905,0.4147575310031266
2008,baseline_plus_md,source_balanced,0.3474025974025974,0.5618792971734148,0.5392857142857143,0.6201298701298701,0.6067527308838133,0.33868074965743356
2009,baseline,row_weighted,0.4761904761904762,0.475071225071225,0.6069684283969998,0.5357142857142857,0.5357142857142857,0.07142857142857142
2009,baseline,source_balanced,0.29220779220779214,0.5486591593272627,0.4247835497835497,0.48376623376623373,0.4791489361702127,-0.03436040663720258
2009,baseline_plus_md,row_weighted,0.5952380952380953,0.545970695970696,0.6793040293040293,0.6309523809523809,0.606060606060606,0.2828894749305018
2009,baseline_plus_md,source_balanced,0.3409090909090909,0.5534271284271283,0.4916666666666666,0.5844155844155844,0.5555555555555556,0.26189246330824845
2010,baseline,row_weighted,0.40476190476190477,0.45192307692307687,0.5379208093493808,0.4642857142857143,0.46153846153846156,-0.07142857142857142
2010,baseline,source_balanced,0.26298701298701294,0.5409887047818083,0.3542053184910327,0.44805194805194803,0.4375,-0.11308055883843511
2010,baseline_plus_md,row_weighted,0.6428571428571429,0.55995670995671,0.7745421245421246,0.7023809523809523,0.6904761904761905,0.4147575310031266
2010,baseline_plus_md,source_balanced,0.3474025974025974,0.5607429335370512,0.5392857142857143,0.6201298701298701,0.6067527308838133,0.33868074965743356
2011,baseline,row_weighted,0.5,0.49173789173789173,0.6168890633176347,0.5357142857142857,0.5357142857142857,0.07142857142857142
2011,baseline,source_balanced,0.30194805194805185,0.5520682502363536,0.4307359307359307,0.48376623376623373,0.4791489361702127,-0.03436040663720258
2011,baseline_plus_md,row_weighted,0.6428571428571429,0.55995670995671,0.7745421245421246,0.6309523809523809,0.606060606060606,0.2828894749305018
2011,baseline_plus_md,source_balanced,0.3474025974025974,0.5618792971734148,0.5392857142857143,0.5844155844155844,0.5555555555555556,0.26189246330824845
2012,baseline,row_weighted,0.5,0.49173789173789173,0.6168890633176347,0.5357142857142857,0.5357142857142857,0.07142857142857142
2012,baseline,source_balanced,0.30194805194805185,0.5520682502363536,0.4307359307359307,0.48376623376623373,0.4791489361702127,-0.03436040663720258
2012,baseline_plus_md,row_weighted,0.6428571428571429,0.55995670995671,0.7745421245421246,0.7023809523809523,0.6904761904761905,0.4147575310031266
2012,baseline_plus_md,source_balanced,0.3474025974025974,0.5635026737967914,0.5392857142857143,0.6201298701298701,0.6067527308838133,0.33868074965743356
2013,baseline,row_weighted,0.4761904761904762,0.475071225071225,0.6069684283969998,0.45238095238095233,0.4484848484848485,-0.09759000729485333
2013,baseline,source_balanced,0.29220779220779214,0.5486591593272627,0.4247835497835497,0.41558441558441556,0.4155844155844156,-0.1688311688311691
2013,baseline_plus_md,row_weighted,0.6428571428571429,0.55995670995671,0.7745421245421246,0.7023809523809523,0.6904761904761905,0.4147575310031266
2013,baseline_plus_md,source_balanced,0.3474025974025974,0.5618792971734148,0.5392857142857143,0.6201298701298701,0.6067527308838133,0.33868074965743356
2014,baseline,row_weighted,0.5,0.49173789173789173,0.6168890633176347,0.5357142857142857,0.5357142857142857,0.07142857142857142
2014,baseline,source_balanced,0.30194805194805185,0.5520682502363536,0.4307359307359307,0.48376623376623373,0.4791489361702127,-0.03436040663720258
2014,baseline_plus_md,row_weighted,0.5952380952380953,0.545970695970696,0.6793040293040293,0.6309523809523809,0.606060606060606,0.2828894749305018
2014,baseline_plus_md,source_balanced,0.3409090909090909,0.5618686868686869,0.4916666666666666,0.5844155844155844,0.5555555555555556,0.26189246330824845
2015,baseline,row_weighted,0.5238095238095238,0.5036426536426536,0.6304945054945055,0.5357142857142857,0.5357142857142857,0.07142857142857142
2015,baseline,source_balanced,0.3116883116883116,0.5550910894660894,0.4404761904761904,0.48376623376623373,0.4791489361702127,-0.03436040663720258
2015,baseline_plus_md,row_weighted,0.6428571428571429,0.55995670995671,0.7745421245421246,0.6309523809523809,0.606060606060606,0.2828894749305018
2015,baseline_plus_md,source_balanced,0.3474025974025974,0.5635026737967914,0.5392857142857143,0.5844155844155844,0.5555555555555556,0.26189246330824845
2016,baseline,row_weighted,0.5238095238095238,0.4890572390572391,0.7022065236350951,0.5357142857142857,0.5357142857142857,0.07142857142857142
2016,baseline,source_balanced,0.2987012987012986,0.5502931462553673,0.4724025974025974,0.48376623376623373,0.4791489361702127,-0.03436040663720258
2016,baseline_plus_md,row_weighted,0.5952380952380953,0.545970695970696,0.6793040293040293,0.7023809523809523,0.6904761904761905,0.4147575310031266
2016,baseline_plus_md,source_balanced,0.3409090909090909,0.5591089466089466,0.4916666666666666,0.6201298701298701,0.6067527308838133,0.33868074965743356
2017,baseline,row_weighted,0.4761904761904762,0.475071225071225,0.6069684283969998,0.45238095238095233,0.4484848484848485,-0.09759000729485333
2017,baseline,source_balanced,0.29220779220779214,0.5486591593272627,0.4247835497835497,0.41558441558441556,0.4155844155844156,-0.1688311688311691
2017,baseline_plus_md,row_weighted,0.5952380952380953,0.545970695970696,0.6793040293040293,0.7023809523809523,0.6904761904761905,0.4147575310031266
2017,baseline_plus_md,source_balanced,0.3409090909090909,0.5591089466089466,0.4916666666666666,0.6201298701298701,0.6067527308838133,0.33868074965743356
2018,baseline,row_weighted,0.4761904761904762,0.4777167277167277,0.599145299145299,0.6190476190476191,0.6153846153846154,0.23809523809523808
2018,baseline,source_balanced,0.29220779220779214,0.5489702216974944,0.4115646258503401,0.551948051948052,0.5418181818181819,0.1218289807746346
2018,baseline_plus_md,row_weighted,0.5952380952380953,0.545970695970696,0.6793040293040293,0.7023809523809523,0.6904761904761905,0.4147575310031266
2018,baseline_plus_md,source_balanced,0.3409090909090909,0.5591089466089466,0.4916666666666666,0.6201298701298701,0.6067527308838133,0.33868074965743356
2019,baseline,row_weighted,0.4761904761904762,0.475071225071225,0.6069684283969998,0.4642857142857143,0.46153846153846156,-0.07142857142857142
2019,baseline,source_balanced,0.29220779220779214,0.5486591593272627,0.4247835497835497,0.44805194805194803,0.4375,-0.11308055883843511
2019,baseline_plus_md,row_weighted,0.6428571428571429,0.55995670995671,0.7745421245421246,0.6309523809523809,0.606060606060606,0.2828894749305018
2019,baseline_plus_md,source_balanced,0.3474025974025974,0.5618792971734148,0.5392857142857143,0.5844155844155844,0.5555555555555556,0.26189246330824845
2020,baseline,row_weighted,0.5476190476190477,0.5195156695156695,0.6432496075353218,0.6904761904761905,0.6904761904761905,0.38095238095238093
2020,baseline,source_balanced,0.3214285714285714,0.5583378427128427,0.4503968253968253,0.5876623376623377,0.5847382431233363,0.19738550848793068
2020,baseline_plus_md,row_weighted,0.6428571428571429,0.55995670995671,0.7745421245421246,0.7023809523809523,0.6904761904761905,0.4147575310031266
2020,baseline_plus_md,source_balanced,0.3474025974025974,0.5618792971734148,0.5392857142857143,0.6201298701298701,0.6067527308838133,0.33868074965743356
2021,baseline,row_weighted,0.5238095238095238,0.4890572390572391,0.7022065236350951,0.45238095238095233,0.4484848484848485,-0.09759000729485333
2021,baseline,source_balanced,0.2987012987012986,0.5502931462553673,0.4724025974025974,0.41558441558441556,0.4155844155844156,-0.1688311688311691
2021,baseline_plus_md,row_weighted,0.5952380952380953,0.545970695970696,0.6793040293040293,0.6309523809523809,0.606060606060606,0.2828894749305018
2021,baseline_plus_md,source_balanced,0.3409090909090909,0.5591089466089466,0.4916666666666666,0.5844155844155844,0.5555555555555556,0.26189246330824845
2022,baseline,row_weighted,0.4761904761904762,0.475071225071225,0.6069684283969998,0.5357142857142857,0.5357142857142857,0.07142857142857142
2022,baseline,source_balanced,0.29220779220779214,0.5486591593272627,0.4247835497835497,0.48376623376623373,0.4791489361702127,-0.03436040663720258
2022,baseline_plus_md,row_weighted,0.5952380952380953,0.545970695970696,0.6793040293040293,0.7023809523809523,0.6904761904761905,0.4147575310031266
2022,baseline_plus_md,source_balanced,0.3409090909090909,0.5591089466089466,0.4916666666666666,0.6201298701298701,0.6067527308838133,0.33868074965743356
2023,baseline,row_weighted,0.5,0.49173789173789173,0.6168890633176347,0.5357142857142857,0.5357142857142857,0.07142857142857142
2023,baseline,source_balanced,0.30194805194805185,0.5520682502363536,0.4307359307359307,0.48376623376623373,0.4791489361702127,-0.03436040663720258
2023,baseline_plus_md,row_weighted,0.6428571428571429,0.55995670995671,0.7745421245421246,0.7023809523809523,0.6904761904761905,0.4147575310031266
2023,baseline_plus_md,source_balanced,0.3474025974025974,0.5635026737967914,0.5392857142857143,0.6201298701298701,0.6067527308838133,0.33868074965743356
2024,baseline,row_weighted,0.4761904761904762,0.475071225071225,0.6069684283969998,0.5357142857142857,0.5357142857142857,0.07142857142857142
2024,baseline,source_balanced,0.29220779220779214,0.5486591593272627,0.4247835497835497,0.48376623376623373,0.4791489361702127,-0.03436040663720258
2024,baseline_plus_md,row_weighted,0.5952380952380953,0.545970695970696,0.6793040293040293,0.6309523809523809,0.606060606060606,0.2828894749305018
2024,baseline_plus_md,source_balanced,0.3409090909090909,0.5618686868686869,0.4916666666666666,0.5844155844155844,0.5555555555555556,0.26189246330824845
2025,baseline,row_weighted,0.4761904761904762,0.475071225071225,0.6069684283969998,0.5357142857142857,0.5357142857142857,0.07142857142857142
2025,baseline,source_balanced,0.29220779220779214,0.5486591593272627,0.4247835497835497,0.48376623376623373,0.4791489361702127,-0.03436040663720258
2025,baseline_plus_md,row_weighted,0.6428571428571429,0.55995670995671,0.7745421245421246,0.7023809523809523,0.6904761904761905,0.4147575310031266
2025,baseline_plus_md,source_balanced,0.3474025974025974,0.5618792971734148,0.5392857142857143,0.6201298701298701,0.6067527308838133,0.33868074965743356
2026,baseline,row_weighted,0.4523809523809524,0.4658119658119658,0.5855398569684284,0.5357142857142857,0.5357142857142857,0.07142857142857142
2026,baseline,source_balanced,0.2824675324675324,0.5459473824677586,0.4018243661100803,0.48376623376623373,0.4791489361702127,-0.03436040663720258
2026,baseline_plus_md,row_weighted,0.6428571428571429,0.55995670995671,0.7745421245421246,0.7023809523809523,0.6904761904761905,0.4147575310031266
2026,baseline_plus_md,source_balanced,0.3474025974025974,0.5618792971734148,0.5392857142857143,0.6201298701298701,0.6067527308838133,0.33868074965743356
2027,baseline,row_weighted,0.5,0.49173789173789173,0.6168890633176347,0.5357142857142857,0.5357142857142857,0.07142857142857142
2027,baseline,source_balanced,0.30194805194805185,0.5520682502363536,0.4307359307359307,0.48376623376623373,0.4791489361702127,-0.03436040663720258
2027,baseline_plus_md,row_weighted,0.5952380952380953,0.545970695970696,0.6793040293040293,0.7023809523809523,0.6904761904761905,0.4147575310031266
2027,baseline_plus_md,source_balanced,0.3409090909090909,0.5618686868686869,0.4916666666666666,0.6201298701298701,0.6067527308838133,0.33868074965743356
2028,baseline,row_weighted,0.5476190476190477,0.5195156695156695,0.6432496075353218,0.6190476190476191,0.6153846153846154,0.23809523809523808
2028,baseline,source_balanced,0.3214285714285714,0.5583378427128427,0.4503968253968253,0.551948051948052,0.5418181818181819,0.1218289807746346
2028,baseline_plus_md,row_weighted,0.6428571428571429,0.55995670995671,0.7745421245421246,0.7023809523809523,0.6904761904761905,0.4147575310031266
2028,baseline_plus_md,source_balanced,0.3474025974025974,0.5607429335370512,0.5392857142857143,0.6201298701298701,0.6067527308838133,0.33868074965743356
2029,baseline,row_weighted,0.5238095238095238,0.4890572390572391,0.7022065236350951,0.5357142857142857,0.5357142857142857,0.07142857142857142
2029,baseline,source_balanced,0.2987012987012986,0.5502931462553673,0.4724025974025974,0.48376623376623373,0.4791489361702127,-0.03436040663720258
2029,baseline_plus_md,row_weighted,0.5952380952380953,0.545970695970696,0.6793040293040293,0.7023809523809523,0.6904761904761905,0.4147575310031266
2029,baseline_plus_md,source_balanced,0.3409090909090909,0.5618686868686869,0.4916666666666666,0.6201298701298701,0.6067527308838133,0.33868074965743356
2030,baseline,row_weighted,0.4761904761904762,0.475071225071225,0.6069684283969998,0.5357142857142857,0.5357142857142857,0.07142857142857142
2030,baseline,source_balanced,0.29220779220779214,0.5486591593272627,0.4247835497835497,0.48376623376623373,0.4791489361702127,-0.03436040663720258
2030,baseline_plus_md,row_weighted,0.5952380952380953,0.545970695970696,0.6793040293040293,0.6309523809523809,0.606060606060606,0.2828894749305018
2030,baseline_plus_md,source_balanced,0.3409090909090909,0.5602453102453102,0.4916666666666666,0.5844155844155844,0.5555555555555556,0.26189246330824845
2031,baseline,row_weighted,0.4761904761904762,0.475071225071225,0.6069684283969998,0.5357142857142857,0.5357142857142857,0.07142857142857142
2031,baseline,source_balanced,0.29220779220779214,0.5486591593272627,0.4247835497835497,0.48376623376623373,0.4791489361702127,-0.03436040663720258
2031,baseline_plus_md,row_weighted,0.6428571428571429,0.55995670995671,0.7745421245421246,0.6309523809523809,0.606060606060606,0.2828894749305018
2031,baseline_plus_md,source_balanced,0.3474025974025974,0.5618792971734148,0.5392857142857143,0.5844155844155844,0.5555555555555556,0.26189246330824845
2032,baseline,row_weighted,0.5,0.486975986975987,0.6205738705738706,0.6190476190476191,0.6153846153846154,0.23809523809523808
2032,baseline,source_balanced,0.30194805194805185,0.5516819985569985,0.4345238095238095,0.551948051948052,0.5418181818181819,0.1218289807746346
2032,baseline_plus_md,row_weighted,0.5952380952380953,0.545970695970696,0.6793040293040293,0.6309523809523809,0.606060606060606,0.2828894749305018
2032,baseline_plus_md,source_balanced,0.3409090909090909,0.5602453102453102,0.4916666666666666,0.5844155844155844,0.5555555555555556,0.26189246330824845
2033,baseline,row_weighted,0.4523809523809524,0.4658119658119658,0.5855398569684284,0.4642857142857143,0.46153846153846156,-0.07142857142857142
2033,baseline,source_balanced,0.2824675324675324,0.5459473824677586,0.4018243661100803,0.44805194805194803,0.4375,-0.11308055883843511
2033,baseline_plus_md,row_weighted,0.6428571428571429,0.55995670995671,0.7745421245421246,0.6309523809523809,0.606060606060606,0.2828894749305018
2033,baseline_plus_md,source_balanced,0.3474025974025974,0.5607429335370512,0.5392857142857143,0.5844155844155844,0.5555555555555556,0.26189246330824845
2034,baseline,row_weighted,0.5,0.49173789173789173,0.6168890633176347,0.6071428571428572,0.606060606060606,0.21957751641341997
2034,baseline,source_balanced,0.30194805194805185,0.5520682502363536,0.4307359307359307,0.5194805194805194,0.5183946488294314,0.040291148201268875
2034,baseline_plus_md,row_weighted,0.6428571428571429,0.55995670995671,0.7745421245421246,0.7023809523809523,0.6904761904761905,0.4147575310031266
2034,baseline_plus_md,source_balanced,0.3474025974025974,0.5635026737967914,0.5392857142857143,0.6201298701298701,0.6067527308838133,0.33868074965743356
2035,baseline,row_weighted,0.4285714285714286,0.45390720390720396,0.5753357753357753,0.45238095238095233,0.4484848484848485,-0.09759000729485333
2035,baseline,source_balanced,0.27272727272727265,0.5428005293209055,0.3962585034013605,0.41558441558441556,0.4155844155844156,-0.1688311688311691
2035,baseline_plus_md,row_weighted,0.6428571428571429,0.55995670995671,0.7745421245421246,0.7023809523809523,0.6904761904761905,0.4147575310031266
2035,baseline_plus_md,source_balanced,0.3474025974025974,0.5607429335370512,0.5392857142857143,0.6201298701298701,0.6067527308838133,0.33868074965743356
2036,baseline,row_weighted,0.5,0.486975986975987,0.6205738705738706,0.5357142857142857,0.5357142857142857,0.07142857142857142
2036,baseline,source_balanced,0.30194805194805185,0.5516819985569985,0.4345238095238095,0.48376623376623373,0.4791489361702127,-0.03436040663720258
2036,baseline_plus_md,row_weighted,0.6428571428571429,0.55995670995671,0.7745421245421246,0.6309523809523809,0.606060606060606,0.2828894749305018
2036,baseline_plus_md,source_balanced,0.3474025974025974,0.5539247517188693,0.5392857142857143,0.5844155844155844,0.5555555555555556,0.26189246330824845
2037,baseline,row_weighted,0.4761904761904762,0.475071225071225,0.6069684283969998,0.5357142857142857,0.5357142857142857,0.07142857142857142
2037,baseline,source_balanced,0.29220779220779214,0.5486591593272627,0.4247835497835497,0.48376623376623373,0.4791489361702127,-0.03436040663720258
2037,baseline_plus_md,row_weighted,0.6428571428571429,0.55995670995671,0.7745421245421246,0.6309523809523809,0.606060606060606,0.2828894749305018
2037,baseline_plus_md,source_balanced,0.3474025974025974,0.5618792971734148,0.5392857142857143,0.5844155844155844,0.5555555555555556,0.26189246330824845
2038,baseline,row_weighted,0.40476190476190477,0.45192307692307687,0.5379208093493808,0.5357142857142857,0.5357142857142857,0.07142857142857142
2038,baseline,source_balanced,0.26298701298701294,0.5408968774172536,0.3542053184910327,0.48376623376623373,0.4791489361702127,-0.03436040663720258
2038,baseline_plus_md,row_weighted,0.6428571428571429,0.55995670995671,0.7745421245421246,0.6309523809523809,0.606060606060606,0.2828894749305018
2038,baseline_plus_md,source_balanced,0.3474025974025974,0.5607429335370512,0.5392857142857143,0.5844155844155844,0.5555555555555556,0.26189246330824845
2039,baseline,row_weighted,0.4285714285714286,0.45390720390720396,0.5753357753357753,0.4642857142857143,0.46153846153846156,-0.07142857142857142
2039,baseline,source_balanced,0.27272727272727265,0.5428005293209055,0.3962585034013605,0.44805194805194803,0.4375,-0.11308055883843511
2039,baseline_plus_md,row_weighted,0.6428571428571429,0.55995670995671,0.7745421245421246,0.7023809523809523,0.6904761904761905,0.4147575310031266
2039,baseline_plus_md,source_balanced,0.3474025974025974,0.5618792971734148,0.5392857142857143,0.6201298701298701,0.6067527308838133,0.33868074965743356
2040,baseline,row_weighted,0.5476190476190477,0.5057239057239057,0.71212715855573,0.6071428571428572,0.606060606060606,0.21957751641341997
2040,baseline,source_balanced,0.30844155844155835,0.5537022371644582,0.4783549783549783,0.5194805194805194,0.5183946488294314,0.040291148201268875
2040,baseline_plus_md,row_weighted,0.5952380952380953,0.545970695970696,0.6793040293040293,0.6309523809523809,0.606060606060606,0.2828894749305018
2040,baseline_plus_md,source_balanced,0.3409090909090909,0.5602453102453102,0.4916666666666666,0.5844155844155844,0.5555555555555556,0.26189246330824845
2041,baseline,row_weighted,0.5,0.49173789173789173,0.6168890633176347,0.5357142857142857,0.5357142857142857,0.07142857142857142
2041,baseline,source_balanced,0.30194805194805185,0.5520682502363536,0.4307359307359307,0.48376623376623373,0.4791489361702127,-0.03436040663720258
2041,baseline_plus_md,row_weighted,0.5952380952380953,0.545970695970696,0.6793040293040293,0.7023809523809523,0.6904761904761905,0.4147575310031266
2041,baseline_plus_md,source_balanced,0.3409090909090909,0.5534271284271283,0.4916666666666666,0.6201298701298701,0.6067527308838133,0.33868074965743356
2042,baseline,row_weighted,0.4761904761904762,0.48247863247863243,0.5954604918890634,0.5357142857142857,0.5357142857142857,0.07142857142857142
2042,baseline,source_balanced,0.29220779220779214,0.5493564733768496,0.4077767470624613,0.48376623376623373,0.4791489361702127,-0.03436040663720258
2042,baseline_plus_md,row_weighted,0.5952380952380953,0.545970695970696,0.6793040293040293,0.7023809523809523,0.6904761904761905,0.4147575310031266
2042,baseline_plus_md,source_balanced,0.3409090909090909,0.5618686868686869,0.4916666666666666,0.6201298701298701,0.6067527308838133,0.33868074965743356
2043,baseline,row_weighted,0.4761904761904762,0.475071225071225,0.6069684283969998,0.5357142857142857,0.5357142857142857,0.07142857142857142
2043,baseline,source_balanced,0.29220779220779214,0.5486591593272627,0.4247835497835497,0.48376623376623373,0.4791489361702127,-0.03436040663720258
2043,baseline_plus_md,row_weighted,0.5952380952380953,0.545970695970696,0.6793040293040293,0.7738095238095238,0.7692307692307693,0.5476190476190477
2043,baseline_plus_md,source_balanced,0.3409090909090909,0.5618686868686869,0.4916666666666666,0.6558441558441559,0.6538461538461539,0.40771775315010056
2044,baseline,row_weighted,0.5,0.486975986975987,0.6205738705738706,0.45238095238095233,0.4484848484848485,-0.09759000729485333
2044,baseline,source_balanced,0.30194805194805185,0.5516819985569985,0.4345238095238095,0.41558441558441556,0.4155844155844156,-0.1688311688311691
2044,baseline_plus_md,row_weighted,0.5952380952380953,0.545970695970696,0.6793040293040293,0.6309523809523809,0.606060606060606,0.2828894749305018
2044,baseline_plus_md,source_balanced,0.3409090909090909,0.5602453102453102,0.4916666666666666,0.5844155844155844,0.5555555555555556,0.26189246330824845
2045,baseline,row_weighted,0.4523809523809524,0.4658119658119658,0.5855398569684284,0.4642857142857143,0.46153846153846156,-0.07142857142857142
2045,baseline,source_balanced,0.2824675324675324,0.5459473824677586,0.4018243661100803,0.44805194805194803,0.4375,-0.11308055883843511
2045,baseline_plus_md,row_weighted,0.5952380952380953,0.545970695970696,0.6793040293040293,0.6309523809523809,0.606060606060606,0.2828894749305018
2045,baseline_plus_md,source_balanced,0.3409090909090909,0.5618686868686869,0.4916666666666666,0.5844155844155844,0.5555555555555556,0.26189246330824845
2046,baseline,row_weighted,0.45238095238095244,0.46316646316646315,0.5967643467643468,0.45238095238095233,0.4484848484848485,-0.09759000729485333
2046,baseline,source_balanced,0.28246753246753237,0.5455123061804096,0.41921768707482987,0.41558441558441556,0.4155844155844156,-0.1688311688311691
2046,baseline_plus_md,row_weighted,0.6428571428571429,0.55995670995671,0.7745421245421246,0.7023809523809523,0.6904761904761905,0.4147575310031266
2046,baseline_plus_md,source_balanced,0.3474025974025974,0.5607429335370512,0.5392857142857143,0.6201298701298701,0.6067527308838133,0.33868074965743356
2047,baseline,row_weighted,0.5714285714285714,0.5176286676286675,0.7257326007326007,0.5357142857142857,0.5357142857142857,0.07142857142857142
2047,baseline,source_balanced,0.3181818181818181,0.556725076394194,0.488095238095238,0.48376623376623373,0.4791489361702127,-0.03436040663720258
2047,baseline_plus_md,row_weighted,0.5952380952380953,0.545970695970696,0.6793040293040293,0.6309523809523809,0.606060606060606,0.2828894749305018
2047,baseline_plus_md,source_balanced,0.3409090909090909,0.5602453102453102,0.4916666666666666,0.5844155844155844,0.5555555555555556,0.26189246330824845
2048,baseline,row_weighted,0.5,0.49173789173789173,0.6168890633176347,0.6071428571428572,0.606060606060606,0.21957751641341997
2048,baseline,source_balanced,0.30194805194805185,0.5520682502363536,0.4307359307359307,0.5194805194805194,0.5183946488294314,0.040291148201268875
2048,baseline_plus_md,row_weighted,0.5952380952380953,0.545970695970696,0.6793040293040293,0.6309523809523809,0.606060606060606,0.2828894749305018
2048,baseline_plus_md,source_balanced,0.3409090909090909,0.5602453102453102,0.4916666666666666,0.5844155844155844,0.5555555555555556,0.26189246330824845
2049,baseline,row_weighted,0.4761904761904762,0.475071225071225,0.6069684283969998,0.4642857142857143,0.46153846153846156,-0.07142857142857142
2049,baseline,source_balanced,0.29220779220779214,0.5486591593272627,0.4247835497835497,0.44805194805194803,0.4375,-0.11308055883843511
2049,baseline_plus_md,row_weighted,0.6428571428571429,0.55995670995671,0.7745421245421246,0.6309523809523809,0.606060606060606,0.2828894749305018
2049,baseline_plus_md,source_balanced,0.3474025974025974,0.5635026737967914,0.5392857142857143,0.5844155844155844,0.5555555555555556,0.26189246330824845
2050,baseline,row_weighted,0.4523809523809524,0.4658119658119658,0.5855398569684284,0.4642857142857143,0.46153846153846156,-0.07142857142857142
2050,baseline,source_balanced,0.2824675324675324,0.5459473824677586,0.4018243661100803,0.44805194805194803,0.4375,-0.11308055883843511
2050,baseline_plus_md,row_weighted,0.5952380952380953,0.545970695970696,0.6793040293040293,0.6309523809523809,0.606060606060606,0.2828894749305018
2050,baseline_plus_md,source_balanced,0.3409090909090909,0.5602453102453102,0.4916666666666666,0.5844155844155844,0.5555555555555556,0.26189246330824845
2051,baseline,row_weighted,0.5,0.486975986975987,0.6205738705738706,0.5357142857142857,0.5357142857142857,0.07142857142857142
2051,baseline,source_balanced,0.30194805194805185,0.5516819985569985,0.4345238095238095,0.48376623376623373,0.4791489361702127,-0.03436040663720258
2051,baseline_plus_md,row_weighted,0.6428571428571429,0.55995670995671,0.7745421245421246,0.6309523809523809,0.606060606060606,0.2828894749305018
2051,baseline_plus_md,source_balanced,0.3474025974025974,0.5607429335370512,0.5392857142857143,0.5844155844155844,0.5555555555555556,0.26189246330824845
2052,baseline,row_weighted,0.5238095238095238,0.5036426536426536,0.6304945054945055,0.5357142857142857,0.5357142857142857,0.07142857142857142
2052,baseline,source_balanced,0.3116883116883116,0.5550910894660894,0.4404761904761904,0.48376623376623373,0.4791489361702127,-0.03436040663720258
2052,baseline_plus_md,row_weighted,0.5952380952380953,0.545970695970696,0.6793040293040293,0.6309523809523809,0.606060606060606,0.2828894749305018
2052,baseline_plus_md,source_balanced,0.3409090909090909,0.5602453102453102,0.4916666666666666,0.5844155844155844,0.5555555555555556,0.26189246330824845
2053,baseline,row_weighted,0.40476190476190477,0.45192307692307687,0.5379208093493808,0.5357142857142857,0.5357142857142857,0.07142857142857142
2053,baseline,source_balanced,0.26298701298701294,0.5408968774172536,0.3542053184910327,0.48376623376623373,0.4791489361702127,-0.03436040663720258
2053,baseline_plus_md,row_weighted,0.6428571428571429,0.55995670995671,0.7745421245421246,0.6309523809523809,0.606060606060606,0.2828894749305018
2053,baseline_plus_md,source_balanced,0.3474025974025974,0.5618792971734148,0.5392857142857143,0.5844155844155844,0.5555555555555556,0.26189246330824845
2054,baseline,row_weighted,0.4761904761904762,0.475071225071225,0.6069684283969998,0.5357142857142857,0.5357142857142857,0.07142857142857142
2054,baseline,source_balanced,0.29220779220779214,0.5486591593272627,0.4247835497835497,0.48376623376623373,0.4791489361702127,-0.03436040663720258
2054,baseline_plus_md,row_weighted,0.5952380952380953,0.545970695970696,0.6793040293040293,0.6309523809523809,0.606060606060606,0.2828894749305018
2054,baseline_plus_md,source_balanced,0.3409090909090909,0.5618686868686869,0.4916666666666666,0.5844155844155844,0.5555555555555556,0.26189246330824845
2055,baseline,row_weighted,0.5,0.49173789173789173,0.6168890633176347,0.5357142857142857,0.5357142857142857,0.07142857142857142
2055,baseline,source_balanced,0.30194805194805185,0.5520682502363536,0.4307359307359307,0.48376623376623373,0.4791489361702127,-0.03436040663720258
2055,baseline_plus_md,row_weighted,0.6428571428571429,0.55995670995671,0.7745421245421246,0.6309523809523809,0.606060606060606,0.2828894749305018
2055,baseline_plus_md,source_balanced,0.3474025974025974,0.5607429335370512,0.5392857142857143,0.5844155844155844,0.5555555555555556,0.26189246330824845
2056,baseline,row_weighted,0.5238095238095238,0.4890572390572391,0.7022065236350951,0.45238095238095233,0.4484848484848485,-0.09759000729485333
2056,baseline,source_balanced,0.2987012987012986,0.5502931462553673,0.4724025974025974,0.41558441558441556,0.4155844155844156,-0.1688311688311691
2056,baseline_plus_md,row_weighted,0.6428571428571429,0.55995670995671,0.7745421245421246,0.7023809523809523,0.6904761904761905,0.4147575310031266
2056,baseline_plus_md,source_balanced,0.3474025974025974,0.5607429335370512,0.5392857142857143,0.6201298701298701,0.6067527308838133,0.33868074965743356
2057,baseline,row_weighted,0.5,0.49173789173789173,0.6168890633176347,0.5357142857142857,0.5357142857142857,0.07142857142857142
2057,baseline,source_balanced,0.30194805194805185,0.5520682502363536,0.4307359307359307,0.48376623376623373,0.4791489361702127,-0.03436040663720258
2057,baseline_plus_md,row_weighted,0.6428571428571429,0.55995670995671,0.7745421245421246,0.7023809523809523,0.6904761904761905,0.4147575310031266
2057,baseline_plus_md,source_balanced,0.3474025974025974,0.5635026737967914,0.5392857142857143,0.6201298701298701,0.6067527308838133,0.33868074965743356
2058,baseline,row_weighted,0.5238095238095238,0.4890572390572391,0.7022065236350951,0.5357142857142857,0.5357142857142857,0.07142857142857142
2058,baseline,source_balanced,0.2987012987012986,0.5502931462553673,0.4724025974025974,0.48376623376623373,0.4791489361702127,-0.03436040663720258
2058,baseline_plus_md,row_weighted,0.5952380952380953,0.545970695970696,0.6793040293040293,0.6309523809523809,0.606060606060606,0.2828894749305018
2058,baseline_plus_md,source_balanced,0.3409090909090909,0.5591089466089466,0.4916666666666666,0.5844155844155844,0.5555555555555556,0.26189246330824845
2059,baseline,row_weighted,0.5,0.49173789173789173,0.6168890633176347,0.5357142857142857,0.5357142857142857,0.07142857142857142
2059,baseline,source_balanced,0.30194805194805185,0.5520682502363536,0.4307359307359307,0.48376623376623373,0.4791489361702127,-0.03436040663720258
2059,baseline_plus_md,row_weighted,0.6428571428571429,0.55995670995671,0.7745421245421246,0.6309523809523809,0.606060606060606,0.2828894749305018
2059,baseline_plus_md,source_balanced,0.3474025974025974,0.5618792971734148,0.5392857142857143,0.5844155844155844,0.5555555555555556,0.26189246330824845
2060,baseline,row_weighted,0.4523809523809524,0.4658119658119658,0.5855398569684284,0.5357142857142857,0.5357142857142857,0.07142857142857142
2060,baseline,source_balanced,0.2824675324675324,0.5459473824677586,0.4018243661100803,0.48376623376623373,0.4791489361702127,-0.03436040663720258
2060,baseline_plus_md,row_weighted,0.5952380952380953,0.545970695970696,0.6793040293040293,0.6309523809523809,0.606060606060606,0.2828894749305018
2060,baseline_plus_md,source_balanced,0.3409090909090909,0.5618686868686869,0.4916666666666666,0.5844155844155844,0.5555555555555556,0.26189246330824845
2061,baseline,row_weighted,0.4761904761904762,0.475071225071225,0.6069684283969998,0.45238095238095233,0.4484848484848485,-0.09759000729485333
2061,baseline,source_balanced,0.29220779220779214,0.5486591593272627,0.4247835497835497,0.41558441558441556,0.4155844155844156,-0.1688311688311691
2061,baseline_plus_md,row_weighted,0.5952380952380953,0.545970695970696,0.6793040293040293,0.7023809523809523,0.6904761904761905,0.4147575310031266
2061,baseline_plus_md,source_balanced,0.3409090909090909,0.5602453102453102,0.4916666666666666,0.6201298701298701,0.6067527308838133,0.33868074965743356
2062,baseline,row_weighted,0.5238095238095238,0.5036426536426536,0.6304945054945055,0.6190476190476191,0.6153846153846154,0.23809523809523808
2062,baseline,source_balanced,0.3116883116883116,0.5550910894660894,0.4404761904761904,0.551948051948052,0.5418181818181819,0.1218289807746346
2062,baseline_plus_md,row_weighted,0.5952380952380953,0.545970695970696,0.6793040293040293,0.6309523809523809,0.606060606060606,0.2828894749305018
2062,baseline_plus_md,source_balanced,0.3409090909090909,0.5602453102453102,0.4916666666666666,0.5844155844155844,0.5555555555555556,0.26189246330824845
2063,baseline,row_weighted,0.4761904761904762,0.475071225071225,0.6069684283969998,0.5357142857142857,0.5357142857142857,0.07142857142857142
2063,baseline,source_balanced,0.29220779220779214,0.5486591593272627,0.4247835497835497,0.48376623376623373,0.4791489361702127,-0.03436040663720258
2063,baseline_plus_md,row_weighted,0.6428571428571429,0.55995670995671,0.7745421245421246,0.7023809523809523,0.6904761904761905,0.4147575310031266
2063,baseline_plus_md,source_balanced,0.3474025974025974,0.5618792971734148,0.5392857142857143,0.6201298701298701,0.6067527308838133,0.33868074965743356
2064,baseline,row_weighted,0.5,0.49173789173789173,0.6168890633176347,0.6071428571428572,0.606060606060606,0.21957751641341997
2064,baseline,source_balanced,0.30194805194805185,0.5520682502363536,0.4307359307359307,0.5194805194805194,0.5183946488294314,0.040291148201268875
2064,baseline_plus_md,row_weighted,0.5952380952380953,0.545970695970696,0.6793040293040293,0.6309523809523809,0.606060606060606,0.2828894749305018
2064,baseline_plus_md,source_balanced,0.3409090909090909,0.5618686868686869,0.4916666666666666,0.5844155844155844,0.5555555555555556,0.26189246330824845
2065,baseline,row_weighted,0.5,0.486975986975987,0.6205738705738706,0.5357142857142857,0.5357142857142857,0.07142857142857142
2065,baseline,source_balanced,0.30194805194805185,0.5516819985569985,0.4345238095238095,0.48376623376623373,0.4791489361702127,-0.03436040663720258
2065,baseline_plus_md,row_weighted,0.5952380952380953,0.545970695970696,0.6793040293040293,0.6309523809523809,0.606060606060606,0.2828894749305018
2065,baseline_plus_md,source_balanced,0.3409090909090909,0.5591089466089466,0.4916666666666666,0.5844155844155844,0.5555555555555556,0.26189246330824845
2066,baseline,row_weighted,0.4761904761904762,0.475071225071225,0.6069684283969998,0.5357142857142857,0.5357142857142857,0.07142857142857142
2066,baseline,source_balanced,0.29220779220779214,0.5486591593272627,0.4247835497835497,0.48376623376623373,0.4791489361702127,-0.03436040663720258
2066,baseline_plus_md,row_weighted,0.5952380952380953,0.545970695970696,0.6793040293040293,0.7023809523809523,0.6904761904761905,0.4147575310031266
2066,baseline_plus_md,source_balanced,0.3409090909090909,0.5602453102453102,0.4916666666666666,0.6201298701298701,0.6067527308838133,0.33868074965743356
2067,baseline,row_weighted,0.5238095238095238,0.5036426536426536,0.6304945054945055,0.5357142857142857,0.5357142857142857,0.07142857142857142
2067,baseline,source_balanced,0.3116883116883116,0.5550910894660894,0.4404761904761904,0.48376623376623373,0.4791489361702127,-0.03436040663720258
2067,baseline_plus_md,row_weighted,0.5952380952380953,0.545970695970696,0.6793040293040293,0.6309523809523809,0.606060606060606,0.2828894749305018
2067,baseline_plus_md,source_balanced,0.3409090909090909,0.5602453102453102,0.4916666666666666,0.5844155844155844,0.5555555555555556,0.26189246330824845
2068,baseline,row_weighted,0.4761904761904762,0.475071225071225,0.6069684283969998,0.5357142857142857,0.5357142857142857,0.07142857142857142
2068,baseline,source_balanced,0.29220779220779214,0.5486591593272627,0.4247835497835497,0.48376623376623373,0.4791489361702127,-0.03436040663720258
2068,baseline_plus_md,row_weighted,0.6428571428571429,0.55995670995671,0.7745421245421246,0.7023809523809523,0.6904761904761905,0.4147575310031266
2068,baseline_plus_md,source_balanced,0.3474025974025974,0.5618792971734148,0.5392857142857143,0.6201298701298701,0.6067527308838133,0.33868074965743356
2069,baseline,row_weighted,0.4761904761904762,0.475071225071225,0.6069684283969998,0.45238095238095233,0.4484848484848485,-0.09759000729485333
2069,baseline,source_balanced,0.29220779220779214,0.5486591593272627,0.4247835497835497,0.41558441558441556,0.4155844155844156,-0.1688311688311691
2069,baseline_plus_md,row_weighted,0.6428571428571429,0.55995670995671,0.7745421245421246,0.7023809523809523,0.6904761904761905,0.4147575310031266
2069,baseline_plus_md,source_balanced,0.3474025974025974,0.5618792971734148,0.5392857142857143,0.6201298701298701,0.6067527308838133,0.33868074965743356
2070,baseline,row_weighted,0.4761904761904762,0.48247863247863243,0.5954604918890634,0.5357142857142857,0.5357142857142857,0.07142857142857142
2070,baseline,source_balanced,0.29220779220779214,0.5493564733768496,0.4077767470624613,0.48376623376623373,0.4791489361702127,-0.03436040663720258
2070,baseline_plus_md,row_weighted,0.5952380952380953,0.545970695970696,0.6793040293040293,0.6309523809523809,0.606060606060606,0.2828894749305018
2070,baseline_plus_md,source_balanced,0.3409090909090909,0.5591089466089466,0.4916666666666666,0.5844155844155844,0.5555555555555556,0.26189246330824845
2071,baseline,row_weighted,0.5476190476190477,0.5152167277167278,0.6495421245421245,0.6071428571428572,0.606060606060606,0.21957751641341997
2071,baseline,source_balanced,0.32142857142857134,0.5579778196713681,0.4619047619047619,0.5194805194805194,0.5183946488294314,0.040291148201268875
2071,baseline_plus_md,row_weighted,0.6428571428571429,0.55995670995671,0.7745421245421246,0.7023809523809523,0.6904761904761905,0.4147575310031266
2071,baseline_plus_md,source_balanced,0.3474025974025974,0.5607429335370512,0.5392857142857143,0.6201298701298701,0.6067527308838133,0.33868074965743356
2072,baseline,row_weighted,0.40476190476190477,0.45192307692307687,0.5379208093493808,0.5357142857142857,0.5357142857142857,0.07142857142857142
2072,baseline,source_balanced,0.26298701298701294,0.5409887047818083,0.3542053184910327,0.48376623376623373,0.4791489361702127,-0.03436040663720258
2072,baseline_plus_md,row_weighted,0.6428571428571429,0.55995670995671,0.7745421245421246,0.6309523809523809,0.606060606060606,0.2828894749305018
2072,baseline_plus_md,source_balanced,0.3474025974025974,0.5635026737967914,0.5392857142857143,0.5844155844155844,0.5555555555555556,0.26189246330824845
2073,baseline,row_weighted,0.5,0.49173789173789173,0.6168890633176347,0.5357142857142857,0.5357142857142857,0.07142857142857142
2073,baseline,source_balanced,0.30194805194805185,0.5520682502363536,0.4307359307359307,0.48376623376623373,0.4791489361702127,-0.03436040663720258
2073,baseline_plus_md,row_weighted,0.6428571428571429,0.55995670995671,0.7745421245421246,0.7023809523809523,0.6904761904761905,0.4147575310031266
2073,baseline_plus_md,source_balanced,0.3474025974025974,0.5607429335370512,0.5392857142857143,0.6201298701298701,0.6067527308838133,0.33868074965743356
2074,baseline,row_weighted,0.4761904761904762,0.475071225071225,0.6069684283969998,0.5357142857142857,0.5357142857142857,0.07142857142857142
2074,baseline,source_balanced,0.29220779220779214,0.5486591593272627,0.4247835497835497,0.48376623376623373,0.4791489361702127,-0.03436040663720258
2074,baseline_plus_md,row_weighted,0.5952380952380953,0.545970695970696,0.6793040293040293,0.6309523809523809,0.606060606060606,0.2828894749305018
2074,baseline_plus_md,source_balanced,0.3409090909090909,0.5618686868686869,0.4916666666666666,0.5844155844155844,0.5555555555555556,0.26189246330824845
2075,baseline,row_weighted,0.4761904761904762,0.475071225071225,0.6069684283969998,0.5357142857142857,0.5357142857142857,0.07142857142857142
2075,baseline,source_balanced,0.29220779220779214,0.5486591593272627,0.4247835497835497,0.48376623376623373,0.4791489361702127,-0.03436040663720258
2075,baseline_plus_md,row_weighted,0.5952380952380953,0.545970695970696,0.6793040293040293,0.6309523809523809,0.606060606060606,0.2828894749305018
2075,baseline_plus_md,source_balanced,0.3409090909090909,0.5591089466089466,0.4916666666666666,0.5844155844155844,0.5555555555555556,0.26189246330824845
2076,baseline,row_weighted,0.4761904761904762,0.475071225071225,0.6069684283969998,0.5357142857142857,0.5357142857142857,0.07142857142857142
2076,baseline,source_balanced,0.29220779220779214,0.5486591593272627,0.4247835497835497,0.48376623376623373,0.4791489361702127,-0.03436040663720258
2076,baseline_plus_md,row_weighted,0.6428571428571429,0.55995670995671,0.7745421245421246,0.6309523809523809,0.606060606060606,0.2828894749305018
2076,baseline_plus_md,source_balanced,0.3474025974025974,0.5618792971734148,0.5392857142857143,0.5844155844155844,0.5555555555555556,0.26189246330824845
2077,baseline,row_weighted,0.5238095238095238,0.4890572390572391,0.7022065236350951,0.5357142857142857,0.5357142857142857,0.07142857142857142
2077,baseline,source_balanced,0.2987012987012986,0.5502931462553673,0.4724025974025974,0.48376623376623373,0.4791489361702127,-0.03436040663720258
2077,baseline_plus_md,row_weighted,0.6428571428571429,0.55995670995671,0.7745421245421246,0.6309523809523809,0.606060606060606,0.2828894749305018
2077,baseline_plus_md,source_balanced,0.3474025974025974,0.5618792971734148,0.5392857142857143,0.5844155844155844,0.5555555555555556,0.26189246330824845
2078,baseline,row_weighted,0.5,0.49173789173789173,0.6168890633176347,0.5357142857142857,0.5357142857142857,0.07142857142857142
2078,baseline,source_balanced,0.30194805194805185,0.5520682502363536,0.4307359307359307,0.48376623376623373,0.4791489361702127,-0.03436040663720258
2078,baseline_plus_md,row_weighted,0.6428571428571429,0.55995670995671,0.7745421245421246,0.6309523809523809,0.606060606060606,0.2828894749305018
2078,baseline_plus_md,source_balanced,0.3474025974025974,0.5618792971734148,0.5392857142857143,0.5844155844155844,0.5555555555555556,0.26189246330824845
2079,baseline,row_weighted,0.5,0.486975986975987,0.6205738705738706,0.6190476190476191,0.6153846153846154,0.23809523809523808
2079,baseline,source_balanced,0.30194805194805185,0.5516819985569985,0.4345238095238095,0.551948051948052,0.5418181818181819,0.1218289807746346
2079,baseline_plus_md,row_weighted,0.5952380952380953,0.545970695970696,0.6793040293040293,0.6309523809523809,0.606060606060606,0.2828894749305018
2079,baseline_plus_md,source_balanced,0.3409090909090909,0.5602453102453102,0.4916666666666666,0.5844155844155844,0.5555555555555556,0.26189246330824845
2080,baseline,row_weighted,0.4761904761904762,0.475071225071225,0.6069684283969998,0.5357142857142857,0.5357142857142857,0.07142857142857142
2080,baseline,source_balanced,0.29220779220779214,0.5486591593272627,0.4247835497835497,0.48376623376623373,0.4791489361702127,-0.03436040663720258
2080,baseline_plus_md,row_weighted,0.6428571428571429,0.55995670995671,0.7745421245421246,0.7023809523809523,0.6904761904761905,0.4147575310031266
2080,baseline_plus_md,source_balanced,0.3474025974025974,0.5635026737967914,0.5392857142857143,0.6201298701298701,0.6067527308838133,0.33868074965743356
2081,baseline,row_weighted,0.4523809523809524,0.4586339586339586,0.6562881562881563,0.38095238095238093,0.38095238095238093,-0.23809523809523808
2081,baseline,source_balanced,0.26948051948051943,0.54161319963459,0.4346938775510204,0.37987012987012986,0.37777777777777777,-0.2438488811817297
2081,baseline_plus_md,row_weighted,0.5952380952380953,0.545970695970696,0.6793040293040293,0.7023809523809523,0.6904761904761905,0.4147575310031266
2081,baseline_plus_md,source_balanced,0.3409090909090909,0.5602453102453102,0.4916666666666666,0.6201298701298701,0.6067527308838133,0.33868074965743356
2082,baseline,row_weighted,0.5238095238095238,0.5036426536426536,0.6304945054945055,0.5357142857142857,0.5357142857142857,0.07142857142857142
2082,baseline,source_balanced,0.3116883116883116,0.5550910894660894,0.4404761904761904,0.48376623376623373,0.4791489361702127,-0.03436040663720258
2082,baseline_plus_md,row_weighted,0.6428571428571429,0.55995670995671,0.7745421245421246,0.7738095238095238,0.7692307692307693,0.5476190476190477
2082,baseline_plus_md,source_balanced,0.3474025974025974,0.5618792971734148,0.5392857142857143,0.6558441558441559,0.6538461538461539,0.40771775315010056
2083,baseline,row_weighted,0.380952380952381,0.4426638176638177,0.5236350950636666,0.45238095238095233,0.4484848484848485,-0.09759000729485333
2083,baseline,source_balanced,0.2532467532467532,0.5380755608028335,0.345021645021645,0.41558441558441556,0.4155844155844156,-0.1688311688311691
2083,baseline_plus_md,row_weighted,0.5952380952380953,0.545970695970696,0.6793040293040293,0.6309523809523809,0.606060606060606,0.2828894749305018
2083,baseline_plus_md,source_balanced,0.3409090909090909,0.5602453102453102,0.4916666666666666,0.5844155844155844,0.5555555555555556,0.26189246330824845
2084,baseline,row_weighted,0.4761904761904762,0.475071225071225,0.6069684283969998,0.45238095238095233,0.4484848484848485,-0.09759000729485333
2084,baseline,source_balanced,0.29220779220779214,0.5486591593272627,0.4247835497835497,0.41558441558441556,0.4155844155844156,-0.1688311688311691
2084,baseline_plus_md,row_weighted,0.5952380952380953,0.545970695970696,0.6793040293040293,0.7023809523809523,0.6904761904761905,0.4147575310031266
2084,baseline_plus_md,source_balanced,0.3409090909090909,0.5591089466089466,0.4916666666666666,0.6201298701298701,0.6067527308838133,0.33868074965743356
2085,baseline,row_weighted,0.4761904761904762,0.475071225071225,0.6069684283969998,0.5357142857142857,0.5357142857142857,0.07142857142857142
2085,baseline,source_balanced,0.29220779220779214,0.5486591593272627,0.4247835497835497,0.48376623376623373,0.4791489361702127,-0.03436040663720258
2085,baseline_plus_md,row_weighted,0.6428571428571429,0.55995670995671,0.7745421245421246,0.7023809523809523,0.6904761904761905,0.4147575310031266
2085,baseline_plus_md,source_balanced,0.3474025974025974,0.5618792971734148,0.5392857142857143,0.6201298701298701,0.6067527308838133,0.33868074965743356
2086,baseline,row_weighted,0.4761904761904762,0.475071225071225,0.6069684283969998,0.4642857142857143,0.46153846153846156,-0.07142857142857142
2086,baseline,source_balanced,0.29220779220779214,0.5486591593272627,0.4247835497835497,0.44805194805194803,0.4375,-0.11308055883843511
2086,baseline_plus_md,row_weighted,0.6428571428571429,0.55995670995671,0.7745421245421246,0.6309523809523809,0.606060606060606,0.2828894749305018
2086,baseline_plus_md,source_balanced,0.3474025974025974,0.5618792971734148,0.5392857142857143,0.5844155844155844,0.5555555555555556,0.26189246330824845
2087,baseline,row_weighted,0.4761904761904762,0.475071225071225,0.6069684283969998,0.45238095238095233,0.4484848484848485,-0.09759000729485333
2087,baseline,source_balanced,0.29220779220779214,0.5486591593272627,0.4247835497835497,0.41558441558441556,0.4155844155844156,-0.1688311688311691
2087,baseline_plus_md,row_weighted,0.5952380952380953,0.545970695970696,0.6793040293040293,0.6309523809523809,0.606060606060606,0.2828894749305018
2087,baseline_plus_md,source_balanced,0.3409090909090909,0.5602453102453102,0.4916666666666666,0.5844155844155844,0.5555555555555556,0.26189246330824845
2088,baseline,row_weighted,0.5476190476190477,0.5009620009620009,0.7158119658119657,0.6190476190476191,0.6153846153846154,0.23809523809523808
2088,baseline,source_balanced,0.30844155844155835,0.5533159854851031,0.4821428571428571,0.551948051948052,0.5418181818181819,0.1218289807746346
2088,baseline_plus_md,row_weighted,0.6428571428571429,0.55995670995671,0.7745421245421246,0.7023809523809523,0.6904761904761905,0.4147575310031266
2088,baseline_plus_md,source_balanced,0.3474025974025974,0.5618792971734148,0.5392857142857143,0.6201298701298701,0.6067527308838133,0.33868074965743356
2089,baseline,row_weighted,0.4761904761904762,0.475071225071225,0.6069684283969998,0.5357142857142857,0.5357142857142857,0.07142857142857142
2089,baseline,source_balanced,0.29220779220779214,0.5486591593272627,0.4247835497835497,0.48376623376623373,0.4791489361702127,-0.03436040663720258
2089,baseline_plus_md,row_weighted,0.6428571428571429,0.55995670995671,0.7745421245421246,0.7023809523809523,0.6904761904761905,0.4147575310031266
2089,baseline_plus_md,source_balanced,0.3474025974025974,0.5618792971734148,0.5392857142857143,0.6201298701298701,0.6067527308838133,0.33868074965743356
2090,baseline,row_weighted,0.5714285714285714,0.5176286676286675,0.7257326007326007,0.6190476190476191,0.6153846153846154,0.23809523809523808
2090,baseline,source_balanced,0.3181818181818181,0.556725076394194,0.488095238095238,0.551948051948052,0.5418181818181819,0.1218289807746346
2090,baseline_plus_md,row_weighted,0.5952380952380953,0.545970695970696,0.6793040293040293,0.6309523809523809,0.606060606060606,0.2828894749305018
2090,baseline_plus_md,source_balanced,0.3409090909090909,0.5602453102453102,0.4916666666666666,0.5844155844155844,0.5555555555555556,0.26189246330824845
2091,baseline,row_weighted,0.5,0.49173789173789173,0.6168890633176347,0.6071428571428572,0.606060606060606,0.21957751641341997
2091,baseline,source_balanced,0.30194805194805185,0.5520682502363536,0.4307359307359307,0.5194805194805194,0.5183946488294314,0.040291148201268875
2091,baseline_plus_md,row_weighted,0.5952380952380953,0.545970695970696,0.6793040293040293,0.6309523809523809,0.606060606060606,0.2828894749305018
2091,baseline_plus_md,source_balanced,0.3409090909090909,0.5534271284271283,0.4916666666666666,0.5844155844155844,0.5555555555555556,0.26189246330824845
2092,baseline,row_weighted,0.4761904761904762,0.4777167277167277,0.599145299145299,0.5357142857142857,0.5357142857142857,0.07142857142857142
2092,baseline,source_balanced,0.29220779220779214,0.5489702216974944,0.4115646258503401,0.48376623376623373,0.4791489361702127,-0.03436040663720258
2092,baseline_plus_md,row_weighted,0.5952380952380953,0.545970695970696,0.6793040293040293,0.6309523809523809,0.606060606060606,0.2828894749305018
2092,baseline_plus_md,source_balanced,0.3409090909090909,0.5602453102453102,0.4916666666666666,0.5844155844155844,0.5555555555555556,0.26189246330824845
2093,baseline,row_weighted,0.5476190476190477,0.5195156695156695,0.6432496075353218,0.6190476190476191,0.6153846153846154,0.23809523809523808
2093,baseline,source_balanced,0.3214285714285714,0.5583378427128427,0.4503968253968253,0.551948051948052,0.5418181818181819,0.1218289807746346
2093,baseline_plus_md,row_weighted,0.5952380952380953,0.545970695970696,0.6793040293040293,0.6309523809523809,0.606060606060606,0.2828894749305018
2093,baseline_plus_md,source_balanced,0.3409090909090909,0.5618686868686869,0.4916666666666666,0.5844155844155844,0.5555555555555556,0.26189246330824845
2094,baseline,row_weighted,0.5,0.486975986975987,0.6205738705738706,0.45238095238095233,0.4484848484848485,-0.09759000729485333
2094,baseline,source_balanced,0.30194805194805185,0.5516819985569985,0.4345238095238095,0.41558441558441556,0.4155844155844156,-0.1688311688311691
2094,baseline_plus_md,row_weighted,0.5952380952380953,0.545970695970696,0.6793040293040293,0.7738095238095238,0.7692307692307693,0.5476190476190477
2094,baseline_plus_md,source_balanced,0.3409090909090909,0.5591089466089466,0.4916666666666666,0.6558441558441559,0.6538461538461539,0.40771775315010056
2095,baseline,row_weighted,0.4523809523809524,0.4658119658119658,0.5855398569684284,0.5357142857142857,0.5357142857142857,0.07142857142857142
2095,baseline,source_balanced,0.2824675324675324,0.5459473824677586,0.4018243661100803,0.48376623376623373,0.4791489361702127,-0.03436040663720258
2095,baseline_plus_md,row_weighted,0.5952380952380953,0.545970695970696,0.6793040293040293,0.6309523809523809,0.606060606060606,0.2828894749305018
2095,baseline_plus_md,source_balanced,0.3409090909090909,0.5602453102453102,0.4916666666666666,0.5844155844155844,0.5555555555555556,0.26189246330824845
2096,baseline,row_weighted,0.5,0.49173789173789173,0.6168890633176347,0.5357142857142857,0.5357142857142857,0.07142857142857142
2096,baseline,source_balanced,0.30194805194805185,0.5520682502363536,0.4307359307359307,0.48376623376623373,0.4791489361702127,-0.03436040663720258
2096,baseline_plus_md,row_weighted,0.6428571428571429,0.55995670995671,0.7745421245421246,0.7738095238095238,0.7692307692307693,0.5476190476190477
2096,baseline_plus_md,source_balanced,0.3474025974025974,0.5635026737967914,0.5392857142857143,0.6558441558441559,0.6538461538461539,0.40771775315010056
2097,baseline,row_weighted,0.5,0.486975986975987,0.6205738705738706,0.5357142857142857,0.5357142857142857,0.07142857142857142
2097,baseline,source_balanced,0.30194805194805185,0.5516819985569985,0.4345238095238095,0.48376623376623373,0.4791489361702127,-0.03436040663720258
2097,baseline_plus_md,row_weighted,0.5952380952380953,0.545970695970696,0.6793040293040293,0.6309523809523809,0.606060606060606,0.2828894749305018
2097,baseline_plus_md,source_balanced,0.3409090909090909,0.5618686868686869,0.4916666666666666,0.5844155844155844,0.5555555555555556,0.26189246330824845
2098,baseline,row_weighted,0.5238095238095238,0.5036426536426536,0.6304945054945055,0.6190476190476191,0.6153846153846154,0.23809523809523808
2098,baseline,source_balanced,0.3116883116883116,0.5550910894660894,0.4404761904761904,0.551948051948052,0.5418181818181819,0.1218289807746346
2098,baseline_plus_md,row_weighted,0.5952380952380953,0.545970695970696,0.6793040293040293,0.6309523809523809,0.606060606060606,0.2828894749305018
2098,baseline_plus_md,source_balanced,0.3409090909090909,0.5591089466089466,0.4916666666666666,0.5844155844155844,0.5555555555555556,0.26189246330824845
2099,baseline,row_weighted,0.4761904761904762,0.475071225071225,0.6069684283969998,0.45238095238095233,0.4484848484848485,-0.09759000729485333
2099,baseline,source_balanced,0.29220779220779214,0.5486591593272627,0.4247835497835497,0.41558441558441556,0.4155844155844156,-0.1688311688311691
2099,baseline_plus_md,row_weighted,0.5952380952380953,0.545970695970696,0.6793040293040293,0.6309523809523809,0.606060606060606,0.2828894749305018
2099,baseline_plus_md,source_balanced,0.3409090909090909,0.5618686868686869,0.4916666666666666,0.5844155844155844,0.5555555555555556,0.26189246330824845
2100,baseline,row_weighted,0.4761904761904762,0.475071225071225,0.6069684283969998,0.4642857142857143,0.46153846153846156,-0.07142857142857142
2100,baseline,source_balanced,0.29220779220779214,0.5486591593272627,0.4247835497835497,0.44805194805194803,0.4375,-0.11308055883843511
2100,baseline_plus_md,row_weighted,0.6428571428571429,0.55995670995671,0.7745421245421246,0.7023809523809523,0.6904761904761905,0.4147575310031266
2100,baseline_plus_md,source_balanced,0.3474025974025974,0.5618792971734148,0.5392857142857143,0.6201298701298701,0.6067527308838133,0.33868074965743356
2101,baseline,row_weighted,0.5476190476190477,0.5009620009620009,0.7158119658119657,0.5357142857142857,0.5357142857142857,0.07142857142857142
2101,baseline,source_balanced,0.30844155844155835,0.5533159854851031,0.4821428571428571,0.48376623376623373,0.4791489361702127,-0.03436040663720258
2101,baseline_plus_md,row_weighted,0.6428571428571429,0.55995670995671,0.7745421245421246,0.6309523809523809,0.606060606060606,0.2828894749305018
2101,baseline_plus_md,source_balanced,0.3474025974025974,0.5618792971734148,0.5392857142857143,0.5844155844155844,0.5555555555555556,0.26189246330824845
2102,baseline,row_weighted,0.5238095238095238,0.5036426536426536,0.6304945054945055,0.6071428571428572,0.606060606060606,0.21957751641341997
2102,baseline,source_balanced,0.3116883116883116,0.5550910894660894,0.4404761904761904,0.5194805194805194,0.5183946488294314,0.040291148201268875
2102,baseline_plus_md,row_weighted,0.5952380952380953,0.545970695970696,0.6793040293040293,0.7023809523809523,0.6904761904761905,0.4147575310031266
2102,baseline_plus_md,source_balanced,0.3409090909090909,0.5591089466089466,0.4916666666666666,0.6201298701298701,0.6067527308838133,0.33868074965743356
2103,baseline,row_weighted,0.4761904761904762,0.475071225071225,0.6069684283969998,0.5357142857142857,0.5357142857142857,0.07142857142857142
2103,baseline,source_balanced,0.29220779220779214,0.5486591593272627,0.4247835497835497,0.48376623376623373,0.4791489361702127,-0.03436040663720258
2103,baseline_plus_md,row_weighted,0.6428571428571429,0.55995670995671,0.7745421245421246,0.7023809523809523,0.6904761904761905,0.4147575310031266
2103,baseline_plus_md,source_balanced,0.3474025974025974,0.5618792971734148,0.5392857142857143,0.6201298701298701,0.6067527308838133,0.33868074965743356
2104,baseline,row_weighted,0.4761904761904762,0.475071225071225,0.6069684283969998,0.45238095238095233,0.4484848484848485,-0.09759000729485333
2104,baseline,source_balanced,0.29220779220779214,0.5486591593272627,0.4247835497835497,0.41558441558441556,0.4155844155844156,-0.1688311688311691
2104,baseline_plus_md,row_weighted,0.6428571428571429,0.55995670995671,0.7745421245421246,0.6309523809523809,0.606060606060606,0.2828894749305018
2104,baseline_plus_md,source_balanced,0.3474025974025974,0.5550611153552328,0.5392857142857143,0.5844155844155844,0.5555555555555556,0.26189246330824845
2105,baseline,row_weighted,0.5476190476190477,0.5195156695156695,0.6432496075353218,0.6190476190476191,0.6153846153846154,0.23809523809523808
2105,baseline,source_balanced,0.3214285714285714,0.5583378427128427,0.4503968253968253,0.551948051948052,0.5418181818181819,0.1218289807746346
2105,baseline_plus_md,row_weighted,0.5952380952380953,0.545970695970696,0.6793040293040293,0.6309523809523809,0.606060606060606,0.2828894749305018
2105,baseline_plus_md,source_balanced,0.3409090909090909,0.5602453102453102,0.4916666666666666,0.5844155844155844,0.5555555555555556,0.26189246330824845
2106,baseline,row_weighted,0.4761904761904762,0.475071225071225,0.6069684283969998,0.5357142857142857,0.5357142857142857,0.07142857142857142
2106,baseline,source_balanced,0.29220779220779214,0.5486591593272627,0.4247835497835497,0.48376623376623373,0.4791489361702127,-0.03436040663720258
2106,baseline_plus_md,row_weighted,0.6428571428571429,0.55995670995671,0.7745421245421246,0.6309523809523809,0.606060606060606,0.2828894749305018
2106,baseline_plus_md,source_balanced,0.3474025974025974,0.5607429335370512,0.5392857142857143,0.5844155844155844,0.5555555555555556,0.26189246330824845
2107,baseline,row_weighted,0.4761904761904762,0.475071225071225,0.6069684283969998,0.5357142857142857,0.5357142857142857,0.07142857142857142
2107,baseline,source_balanced,0.29220779220779214,0.5486591593272627,0.4247835497835497,0.48376623376623373,0.4791489361702127,-0.03436040663720258
2107,baseline_plus_md,row_weighted,0.5952380952380953,0.545970695970696,0.6793040293040293,0.6309523809523809,0.606060606060606,0.2828894749305018
2107,baseline_plus_md,source_balanced,0.3409090909090909,0.5591089466089466,0.4916666666666666,0.5844155844155844,0.5555555555555556,0.26189246330824845
2108,baseline,row_weighted,0.5238095238095238,0.4890572390572391,0.7022065236350951,0.5357142857142857,0.5357142857142857,0.07142857142857142
2108,baseline,source_balanced,0.2987012987012986,0.5502931462553673,0.4724025974025974,0.48376623376623373,0.4791489361702127,-0.03436040663720258
2108,baseline_plus_md,row_weighted,0.5952380952380953,0.545970695970696,0.6793040293040293,0.7023809523809523,0.6904761904761905,0.4147575310031266
2108,baseline_plus_md,source_balanced,0.3409090909090909,0.5618686868686869,0.4916666666666666,0.6201298701298701,0.6067527308838133,0.33868074965743356
2109,baseline,row_weighted,0.5,0.486975986975987,0.6205738705738706,0.45238095238095233,0.4484848484848485,-0.09759000729485333
2109,baseline,source_balanced,0.30194805194805185,0.5516819985569985,0.4345238095238095,0.41558441558441556,0.4155844155844156,-0.1688311688311691
2109,baseline_plus_md,row_weighted,0.5952380952380953,0.545970695970696,0.6793040293040293,0.6309523809523809,0.606060606060606,0.2828894749305018
2109,baseline_plus_md,source_balanced,0.3409090909090909,0.5602453102453102,0.4916666666666666,0.5844155844155844,0.5555555555555556,0.26189246330824845
2110,baseline,row_weighted,0.4761904761904762,0.48247863247863243,0.5954604918890634,0.6071428571428572,0.606060606060606,0.21957751641341997
2110,baseline,source_balanced,0.29220779220779214,0.5493564733768496,0.4077767470624613,0.5194805194805194,0.5183946488294314,0.040291148201268875
2110,baseline_plus_md,row_weighted,0.5952380952380953,0.545970695970696,0.6793040293040293,0.6309523809523809,0.606060606060606,0.2828894749305018
2110,baseline_plus_md,source_balanced,0.3409090909090909,0.5591089466089466,0.4916666666666666,0.5844155844155844,0.5555555555555556,0.26189246330824845
2111,baseline,row_weighted,0.42857142857142855,0.4565527065527065,0.5712541426827141,0.5357142857142857,0.5357142857142857,0.07142857142857142
2111,baseline,source_balanced,0.2727272727272727,0.5431260658533386,0.3926406926406926,0.48376623376623373,0.4791489361702127,-0.03436040663720258
2111,baseline_plus_md,row_weighted,0.5952380952380953,0.545970695970696,0.6793040293040293,0.6309523809523809,0.606060606060606,0.2828894749305018
2111,baseline_plus_md,source_balanced,0.3409090909090909,0.5602453102453102,0.4916666666666666,0.5844155844155844,0.5555555555555556,0.26189246330824845
2112,baseline,row_weighted,0.5238095238095238,0.5036426536426536,0.6304945054945055,0.6071428571428572,0.606060606060606,0.21957751641341997
2112,baseline,source_balanced,0.3116883116883116,0.5550910894660894,0.4404761904761904,0.5194805194805194,0.5183946488294314,0.040291148201268875
2112,baseline_plus_md,row_weighted,0.6428571428571429,0.55995670995671,0.7745421245421246,0.6309523809523809,0.606060606060606,0.2828894749305018
2112,baseline_plus_md,source_balanced,0.3474025974025974,0.5618792971734148,0.5392857142857143,0.5844155844155844,0.5555555555555556,0.26189246330824845
2113,baseline,row_weighted,0.4761904761904762,0.48247863247863243,0.5954604918890634,0.5357142857142857,0.5357142857142857,0.07142857142857142
2113,baseline,source_balanced,0.29220779220779214,0.5493564733768496,0.4077767470624613,0.48376623376623373,0.4791489361702127,-0.03436040663720258
2113,baseline_plus_md,row_weighted,0.6428571428571429,0.55995670995671,0.7745421245421246,0.6309523809523809,0.606060606060606,0.2828894749305018
2113,baseline_plus_md,source_balanced,0.3474025974025974,0.5635026737967914,0.5392857142857143,0.5844155844155844,0.5555555555555556,0.26189246330824845
2114,baseline,row_weighted,0.5476190476190477,0.5057239057239057,0.71212715855573,0.5357142857142857,0.5357142857142857,0.07142857142857142
2114,baseline,source_balanced,0.30844155844155835,0.5537022371644582,0.4783549783549783,0.48376623376623373,0.4791489361702127,-0.03436040663720258
2114,baseline_plus_md,row_weighted,0.6428571428571429,0.55995670995671,0.7745421245421246,0.6309523809523809,0.606060606060606,0.2828894749305018
2114,baseline_plus_md,source_balanced,0.3474025974025974,0.5607429335370512,0.5392857142857143,0.5844155844155844,0.5555555555555556,0.26189246330824845
2115,baseline,row_weighted,0.5476190476190477,0.5195156695156695,0.6432496075353218,0.6190476190476191,0.6153846153846154,0.23809523809523808
2115,baseline,source_balanced,0.3214285714285714,0.5583378427128427,0.4503968253968253,0.551948051948052,0.5418181818181819,0.1218289807746346
2115,baseline_plus_md,row_weighted,0.5952380952380953,0.545970695970696,0.6793040293040293,0.6309523809523809,0.606060606060606,0.2828894749305018
2115,baseline_plus_md,source_balanced,0.3409090909090909,0.5591089466089466,0.4916666666666666,0.5844155844155844,0.5555555555555556,0.26189246330824845
2116,baseline,row_weighted,0.4523809523809524,0.4658119658119658,0.5855398569684284,0.45238095238095233,0.4484848484848485,-0.09759000729485333
2116,baseline,source_balanced,0.2824675324675324,0.5459473824677586,0.4018243661100803,0.41558441558441556,0.4155844155844156,-0.1688311688311691
2116,baseline_plus_md,row_weighted,0.6428571428571429,0.55995670995671,0.7745421245421246,0.7023809523809523,0.6904761904761905,0.4147575310031266
2116,baseline_plus_md,source_balanced,0.3474025974025974,0.5635026737967914,0.5392857142857143,0.6201298701298701,0.6067527308838133,0.33868074965743356
2117,baseline,row_weighted,0.5476190476190477,0.5195156695156695,0.6432496075353218,0.6190476190476191,0.6153846153846154,0.23809523809523808
2117,baseline,source_balanced,0.3214285714285714,0.5583378427128427,0.4503968253968253,0.551948051948052,0.5418181818181819,0.1218289807746346
2117,baseline_plus_md,row_weighted,0.5952380952380953,0.545970695970696,0.6793040293040293,0.6309523809523809,0.606060606060606,0.2828894749305018
2117,baseline_plus_md,source_balanced,0.3409090909090909,0.5602453102453102,0.4916666666666666,0.5844155844155844,0.5555555555555556,0.26189246330824845
2118,baseline,row_weighted,0.5,0.486975986975987,0.6205738705738706,0.6190476190476191,0.6153846153846154,0.23809523809523808
2118,baseline,source_balanced,0.30194805194805185,0.5516819985569985,0.4345238095238095,0.551948051948052,0.5418181818181819,0.1218289807746346
2118,baseline_plus_md,row_weighted,0.6428571428571429,0.55995670995671,0.7745421245421246,0.7023809523809523,0.6904761904761905,0.4147575310031266
2118,baseline_plus_md,source_balanced,0.3474025974025974,0.5618792971734148,0.5392857142857143,0.6201298701298701,0.6067527308838133,0.33868074965743356
2119,baseline,row_weighted,0.5,0.4797979797979798,0.6807779522065236,0.5357142857142857,0.5357142857142857,0.07142857142857142
2119,baseline,source_balanced,0.28896103896103886,0.5475813693958632,0.449443413729128,0.48376623376623373,0.4791489361702127,-0.03436040663720258
2119,baseline_plus_md,row_weighted,0.5952380952380953,0.545970695970696,0.6793040293040293,0.6309523809523809,0.606060606060606,0.2828894749305018
2119,baseline_plus_md,source_balanced,0.3409090909090909,0.5618686868686869,0.4916666666666666,0.5844155844155844,0.5555555555555556,0.26189246330824845
2120,baseline,row_weighted,0.5238095238095238,0.5036426536426536,0.6304945054945055,0.5357142857142857,0.5357142857142857,0.07142857142857142
2120,baseline,source_balanced,0.3116883116883116,0.5550910894660894,0.4404761904761904,0.48376623376623373,0.4791489361702127,-0.03436040663720258
2120,baseline_plus_md,row_weighted,0.6428571428571429,0.55995670995671,0.7745421245421246,0.6309523809523809,0.606060606060606,0.2828894749305018
2120,baseline_plus_md,source_balanced,0.3474025974025974,0.5618792971734148,0.5392857142857143,0.5844155844155844,0.5555555555555556,0.26189246330824845
2121,baseline,row_weighted,0.5476190476190477,0.5057239057239057,0.71212715855573,0.5357142857142857,0.5357142857142857,0.07142857142857142
2121,baseline,source_balanced,0.30844155844155835,0.5537022371644582,0.4783549783549783,0.48376623376623373,0.4791489361702127,-0.03436040663720258
2121,baseline_plus_md,row_weighted,0.6428571428571429,0.55995670995671,0.7745421245421246,0.6309523809523809,0.606060606060606,0.2828894749305018
2121,baseline_plus_md,source_balanced,0.3474025974025974,0.5635026737967914,0.5392857142857143,0.5844155844155844,0.5555555555555556,0.26189246330824845
2122,baseline,row_weighted,0.4761904761904762,0.48247863247863243,0.5954604918890634,0.5357142857142857,0.5357142857142857,0.07142857142857142
2122,baseline,source_balanced,0.29220779220779214,0.5493564733768496,0.4077767470624613,0.48376623376623373,0.4791489361702127,-0.03436040663720258
2122,baseline_plus_md,row_weighted,0.5952380952380953,0.545970695970696,0.6793040293040293,0.6309523809523809,0.606060606060606,0.2828894749305018
2122,baseline_plus_md,source_balanced,0.3409090909090909,0.5618686868686869,0.4916666666666666,0.5844155844155844,0.5555555555555556,0.26189246330824845
2123,baseline,row_weighted,0.4761904761904762,0.475071225071225,0.6069684283969998,0.5357142857142857,0.5357142857142857,0.07142857142857142
2123,baseline,source_balanced,0.29220779220779214,0.5486591593272627,0.4247835497835497,0.48376623376623373,0.4791489361702127,-0.03436040663720258
2123,baseline_plus_md,row_weighted,0.5952380952380953,0.545970695970696,0.6793040293040293,0.6309523809523809,0.606060606060606,0.2828894749305018
2123,baseline_plus_md,source_balanced,0.3409090909090909,0.5591089466089466,0.4916666666666666,0.5844155844155844,0.5555555555555556,0.26189246330824845
2124,baseline,row_weighted,0.4761904761904762,0.475071225071225,0.6069684283969998,0.45238095238095233,0.4484848484848485,-0.09759000729485333
2124,baseline,source_balanced,0.29220779220779214,0.5486591593272627,0.4247835497835497,0.41558441558441556,0.4155844155844156,-0.1688311688311691
2124,baseline_plus_md,row_weighted,0.5952380952380953,0.545970695970696,0.6793040293040293,0.6309523809523809,0.606060606060606,0.2828894749305018
2124,baseline_plus_md,source_balanced,0.3409090909090909,0.5602453102453102,0.4916666666666666,0.5844155844155844,0.5555555555555556,0.26189246330824845
2125,baseline,row_weighted,0.4761904761904762,0.475071225071225,0.6069684283969998,0.5357142857142857,0.5357142857142857,0.07142857142857142
2125,baseline,source_balanced,0.29220779220779214,0.5486591593272627,0.4247835497835497,0.48376623376623373,0.4791489361702127,-0.03436040663720258
2125,baseline_plus_md,row_weighted,0.6428571428571429,0.55995670995671,0.7745421245421246,0.6309523809523809,0.606060606060606,0.2828894749305018
2125,baseline_plus_md,source_balanced,0.3474025974025974,0.5607429335370512,0.5392857142857143,0.5844155844155844,0.5555555555555556,0.26189246330824845
2126,baseline,row_weighted,0.5,0.49173789173789173,0.6168890633176347,0.5357142857142857,0.5357142857142857,0.07142857142857142
2126,baseline,source_balanced,0.30194805194805185,0.5520682502363536,0.4307359307359307,0.48376623376623373,0.4791489361702127,-0.03436040663720258
2126,baseline_plus_md,row_weighted,0.6428571428571429,0.55995670995671,0.7745421245421246,0.6309523809523809,0.606060606060606,0.2828894749305018
2126,baseline_plus_md,source_balanced,0.3474025974025974,0.5618792971734148,0.5392857142857143,0.5844155844155844,0.5555555555555556,0.26189246330824845
2127,baseline,row_weighted,0.4761904761904762,0.475071225071225,0.6069684283969998,0.5357142857142857,0.5357142857142857,0.07142857142857142
2127,baseline,source_balanced,0.29220779220779214,0.5486591593272627,0.4247835497835497,0.48376623376623373,0.4791489361702127,-0.03436040663720258
2127,baseline_plus_md,row_weighted,0.5952380952380953,0.545970695970696,0.6793040293040293,0.6309523809523809,0.606060606060606,0.2828894749305018
2127,baseline_plus_md,source_balanced,0.3409090909090909,0.5602453102453102,0.4916666666666666,0.5844155844155844,0.5555555555555556,0.26189246330824845
2128,baseline,row_weighted,0.5238095238095238,0.4890572390572391,0.7022065236350951,0.5357142857142857,0.5357142857142857,0.07142857142857142
2128,baseline,source_balanced,0.2987012987012986,0.5502931462553673,0.4724025974025974,0.48376623376623373,0.4791489361702127,-0.03436040663720258
2128,baseline_plus_md,row_weighted,0.5952380952380953,0.545970695970696,0.6793040293040293,0.7738095238095238,0.7692307692307693,0.5476190476190477
2128,baseline_plus_md,source_balanced,0.3409090909090909,0.5618686868686869,0.4916666666666666,0.6558441558441559,0.6538461538461539,0.40771775315010056
2129,baseline,row_weighted,0.5,0.49173789173789173,0.6168890633176347,0.5357142857142857,0.5357142857142857,0.07142857142857142
2129,baseline,source_balanced,0.30194805194805185,0.5520682502363536,0.4307359307359307,0.48376623376623373,0.4791489361702127,-0.03436040663720258
2129,baseline_plus_md,row_weighted,0.6428571428571429,0.55995670995671,0.7745421245421246,0.7023809523809523,0.6904761904761905,0.4147575310031266
2129,baseline_plus_md,source_balanced,0.3474025974025974,0.5635026737967914,0.5392857142857143,0.6201298701298701,0.6067527308838133,0.33868074965743356
2130,baseline,row_weighted,0.5238095238095238,0.5036426536426536,0.6304945054945055,0.5357142857142857,0.5357142857142857,0.07142857142857142
2130,baseline,source_balanced,0.3116883116883116,0.5550910894660894,0.4404761904761904,0.48376623376623373,0.4791489361702127,-0.03436040663720258
2130,baseline_plus_md,row_weighted,0.6428571428571429,0.55995670995671,0.7745421245421246,0.6309523809523809,0.606060606060606,0.2828894749305018
2130,baseline_plus_md,source_balanced,0.3474025974025974,0.5607429335370512,0.5392857142857143,0.5844155844155844,0.5555555555555556,0.26189246330824845
2131,baseline,row_weighted,0.4285714285714286,0.45390720390720396,0.5753357753357753,0.38095238095238093,0.38095238095238093,-0.23809523809523808
2131,baseline,source_balanced,0.27272727272727265,0.5428005293209055,0.3962585034013605,0.37987012987012986,0.37777777777777777,-0.2438488811817297
2131,baseline_plus_md,row_weighted,0.6428571428571429,0.55995670995671,0.7745421245421246,0.7738095238095238,0.7692307692307693,0.5476190476190477
2131,baseline_plus_md,source_balanced,0.3474025974025974,0.5618792971734148,0.5392857142857143,0.6558441558441559,0.6538461538461539,0.40771775315010056
2132,baseline,row_weighted,0.4523809523809524,0.4658119658119658,0.5855398569684284,0.5357142857142857,0.5357142857142857,0.07142857142857142
2132,baseline,source_balanced,0.2824675324675324,0.5459473824677586,0.4018243661100803,0.48376623376623373,0.4791489361702127,-0.03436040663720258
2132,baseline_plus_md,row_weighted,0.6428571428571429,0.55995670995671,0.7745421245421246,0.7738095238095238,0.7692307692307693,0.5476190476190477
2132,baseline_plus_md,source_balanced,0.3474025974025974,0.5618792971734148,0.5392857142857143,0.6558441558441559,0.6538461538461539,0.40771775315010056
2133,baseline,row_weighted,0.4761904761904762,0.475071225071225,0.6069684283969998,0.4642857142857143,0.46153846153846156,-0.07142857142857142
2133,baseline,source_balanced,0.29220779220779214,0.5486591593272627,0.4247835497835497,0.44805194805194803,0.4375,-0.11308055883843511
2133,baseline_plus_md,row_weighted,0.6428571428571429,0.55995670995671,0.7745421245421246,0.6309523809523809,0.606060606060606,0.2828894749305018
2133,baseline_plus_md,source_balanced,0.3474025974025974,0.5618792971734148,0.5392857142857143,0.5844155844155844,0.5555555555555556,0.26189246330824845
2134,baseline,row_weighted,0.5,0.486975986975987,0.6205738705738706,0.5357142857142857,0.5357142857142857,0.07142857142857142
2134,baseline,source_balanced,0.30194805194805185,0.5516819985569985,0.4345238095238095,0.48376623376623373,0.4791489361702127,-0.03436040663720258
2134,baseline_plus_md,row_weighted,0.5952380952380953,0.545970695970696,0.6793040293040293,0.7023809523809523,0.6904761904761905,0.4147575310031266
2134,baseline_plus_md,source_balanced,0.3409090909090909,0.5591089466089466,0.4916666666666666,0.6201298701298701,0.6067527308838133,0.33868074965743356
2135,baseline,row_weighted,0.5,0.486975986975987,0.6205738705738706,0.45238095238095233,0.4484848484848485,-0.09759000729485333
2135,baseline,source_balanced,0.30194805194805185,0.5516819985569985,0.4345238095238095,0.41558441558441556,0.4155844155844156,-0.1688311688311691
2135,baseline_plus_md,row_weighted,0.6428571428571429,0.55995670995671,0.7745421245421246,0.7023809523809523,0.6904761904761905,0.4147575310031266
2135,baseline_plus_md,source_balanced,0.3474025974025974,0.5635026737967914,0.5392857142857143,0.6201298701298701,0.6067527308838133,0.33868074965743356
2136,baseline,row_weighted,0.4761904761904762,0.475071225071225,0.6069684283969998,0.5357142857142857,0.5357142857142857,0.07142857142857142
2136,baseline,source_balanced,0.29220779220779214,0.5486591593272627,0.4247835497835497,0.48376623376623373,0.4791489361702127,-0.03436040663720258
2136,baseline_plus_md,row_weighted,0.6428571428571429,0.55995670995671,0.7745421245421246,0.6309523809523809,0.606060606060606,0.2828894749305018
2136,baseline_plus_md,source_balanced,0.3474025974025974,0.5618792971734148,0.5392857142857143,0.5844155844155844,0.5555555555555556,0.26189246330824845
2137,baseline,row_weighted,0.45238095238095244,0.46316646316646315,0.5967643467643468,0.4642857142857143,0.46153846153846156,-0.07142857142857142
2137,baseline,source_balanced,0.28246753246753237,0.5455123061804096,0.41921768707482987,0.44805194805194803,0.4375,-0.11308055883843511
2137,baseline_plus_md,row_weighted,0.6428571428571429,0.55995670995671,0.7745421245421246,0.7023809523809523,0.6904761904761905,0.4147575310031266
2137,baseline_plus_md,source_balanced,0.3474025974025974,0.5618792971734148,0.5392857142857143,0.6201298701298701,0.6067527308838133,0.33868074965743356
2138,baseline,row_weighted,0.4523809523809524,0.4658119658119658,0.5855398569684284,0.45238095238095233,0.4484848484848485,-0.09759000729485333
2138,baseline,source_balanced,0.2824675324675324,0.5459473824677586,0.4018243661100803,0.41558441558441556,0.4155844155844156,-0.1688311688311691
2138,baseline_plus_md,row_weighted,0.6428571428571429,0.55995670995671,0.7745421245421246,0.7023809523809523,0.6904761904761905,0.4147575310031266
2138,baseline_plus_md,source_balanced,0.3474025974025974,0.5607429335370512,0.5392857142857143,0.6201298701298701,0.6067527308838133,0.33868074965743356
2139,baseline,row_weighted,0.5476190476190477,0.5009620009620009,0.7158119658119657,0.5238095238095238,0.5125,0.05143444998736397
2139,baseline,source_balanced,0.30844155844155835,0.5533159854851031,0.4821428571428571,0.4512987012987013,0.4514835605453088,-0.09631426606617752
2139,baseline_plus_md,row_weighted,0.6428571428571429,0.55995670995671,0.7745421245421246,0.6309523809523809,0.606060606060606,0.2828894749305018
2139,baseline_plus_md,source_balanced,0.3474025974025974,0.5618792971734148,0.5392857142857143,0.5844155844155844,0.5555555555555556,0.26189246330824845
2140,baseline,row_weighted,0.5238095238095238,0.5036426536426536,0.6304945054945055,0.5357142857142857,0.5357142857142857,0.07142857142857142
2140,baseline,source_balanced,0.3116883116883116,0.5550910894660894,0.4404761904761904,0.48376623376623373,0.4791489361702127,-0.03436040663720258
2140,baseline_plus_md,row_weighted,0.5952380952380953,0.545970695970696,0.6793040293040293,0.6309523809523809,0.606060606060606,0.2828894749305018
2140,baseline_plus_md,source_balanced,0.3409090909090909,0.5550505050505049,0.4916666666666666,0.5844155844155844,0.5555555555555556,0.26189246330824845
2141,baseline,row_weighted,0.5,0.49173789173789173,0.6168890633176347,0.5357142857142857,0.5357142857142857,0.07142857142857142
2141,baseline,source_balanced,0.30194805194805185,0.5520682502363536,0.4307359307359307,0.48376623376623373,0.4791489361702127,-0.03436040663720258
2141,baseline_plus_md,row_weighted,0.5952380952380953,0.545970695970696,0.6793040293040293,0.6309523809523809,0.606060606060606,0.2828894749305018
2141,baseline_plus_md,source_balanced,0.3409090909090909,0.5618686868686869,0.4916666666666666,0.5844155844155844,0.5555555555555556,0.26189246330824845
2142,baseline,row_weighted,0.4285714285714286,0.45390720390720396,0.5753357753357753,0.45238095238095233,0.4484848484848485,-0.09759000729485333
2142,baseline,source_balanced,0.27272727272727265,0.5428005293209055,0.3962585034013605,0.41558441558441556,0.4155844155844156,-0.1688311688311691
2142,baseline_plus_md,row_weighted,0.5952380952380953,0.545970695970696,0.6793040293040293,0.6309523809523809,0.606060606060606,0.2828894749305018
2142,baseline_plus_md,source_balanced,0.3409090909090909,0.5618686868686869,0.4916666666666666,0.5844155844155844,0.5555555555555556,0.26189246330824845
2143,baseline,row_weighted,0.4761904761904762,0.475071225071225,0.6069684283969998,0.5357142857142857,0.5357142857142857,0.07142857142857142
2143,baseline,source_balanced,0.29220779220779214,0.5486591593272627,0.4247835497835497,0.48376623376623373,0.4791489361702127,-0.03436040663720258
2143,baseline_plus_md,row_weighted,0.5952380952380953,0.545970695970696,0.6793040293040293,0.6309523809523809,0.606060606060606,0.2828894749305018
2143,baseline_plus_md,source_balanced,0.3409090909090909,0.5602453102453102,0.4916666666666666,0.5844155844155844,0.5555555555555556,0.26189246330824845
2144,baseline,row_weighted,0.5476190476190477,0.5195156695156695,0.6432496075353218,0.6190476190476191,0.6153846153846154,0.23809523809523808
2144,baseline,source_balanced,0.3214285714285714,0.5583378427128427,0.4503968253968253,0.551948051948052,0.5418181818181819,0.1218289807746346
2144,baseline_plus_md,row_weighted,0.5952380952380953,0.545970695970696,0.6793040293040293,0.7023809523809523,0.6904761904761905,0.4147575310031266
2144,baseline_plus_md,source_balanced,0.3409090909090909,0.5591089466089466,0.4916666666666666,0.6201298701298701,0.6067527308838133,0.33868074965743356
2145,baseline,row_weighted,0.5,0.49173789173789173,0.6168890633176347,0.4642857142857143,0.46153846153846156,-0.07142857142857142
2145,baseline,source_balanced,0.30194805194805185,0.5520682502363536,0.4307359307359307,0.44805194805194803,0.4375,-0.11308055883843511
2145,baseline_plus_md,row_weighted,0.6428571428571429,0.55995670995671,0.7745421245421246,0.6309523809523809,0.606060606060606,0.2828894749305018
2145,baseline_plus_md,source_balanced,0.3474025974025974,0.5607429335370512,0.5392857142857143,0.5844155844155844,0.5555555555555556,0.26189246330824845
2146,baseline,row_weighted,0.4761904761904762,0.475071225071225,0.6069684283969998,0.5357142857142857,0.5357142857142857,0.07142857142857142
2146,baseline,source_balanced,0.29220779220779214,0.5486591593272627,0.4247835497835497,0.48376623376623373,0.4791489361702127,-0.03436040663720258
2146,baseline_plus_md,row_weighted,0.5952380952380953,0.545970695970696,0.6793040293040293,0.6309523809523809,0.606060606060606,0.2828894749305018
2146,baseline_plus_md,source_balanced,0.3409090909090909,0.5602453102453102,0.4916666666666666,0.5844155844155844,0.5555555555555556,0.26189246330824845
2147,baseline,row_weighted,0.5,0.49173789173789173,0.6168890633176347,0.6071428571428572,0.606060606060606,0.21957751641341997
2147,baseline,source_balanced,0.30194805194805185,0.5520682502363536,0.4307359307359307,0.5194805194805194,0.5183946488294314,0.040291148201268875
2147,baseline_plus_md,row_weighted,0.5952380952380953,0.545970695970696,0.6793040293040293,0.6309523809523809,0.606060606060606,0.2828894749305018
2147,baseline_plus_md,source_balanced,0.3409090909090909,0.5591089466089466,0.4916666666666666,0.5844155844155844,0.5555555555555556,0.26189246330824845
2148,baseline,row_weighted,0.4523809523809524,0.4658119658119658,0.5855398569684284,0.5357142857142857,0.5357142857142857,0.07142857142857142
2148,baseline,source_balanced,0.2824675324675324,0.5459473824677586,0.4018243661100803,0.48376623376623373,0.4791489361702127,-0.03436040663720258
2148,baseline_plus_md,row_weighted,0.6428571428571429,0.55995670995671,0.7745421245421246,0.6309523809523809,0.606060606060606,0.2828894749305018
2148,baseline_plus_md,source_balanced,0.3474025974025974,0.5607429335370512,0.5392857142857143,0.5844155844155844,0.5555555555555556,0.26189246330824845
2149,baseline,row_weighted,0.5,0.49173789173789173,0.6168890633176347,0.5357142857142857,0.5357142857142857,0.07142857142857142
2149,baseline,source_balanced,0.30194805194805185,0.5520682502363536,0.4307359307359307,0.48376623376623373,0.4791489361702127,-0.03436040663720258
2149,baseline_plus_md,row_weighted,0.5952380952380953,0.545970695970696,0.6793040293040293,0.6309523809523809,0.606060606060606,0.2828894749305018
2149,baseline_plus_md,source_balanced,0.3409090909090909,0.5602453102453102,0.4916666666666666,0.5844155844155844,0.5555555555555556,0.26189246330824845
2150,baseline,row_weighted,0.5238095238095238,0.5036426536426536,0.6304945054945055,0.5357142857142857,0.5357142857142857,0.07142857142857142
2150,baseline,source_balanced,0.3116883116883116,0.5550910894660894,0.4404761904761904,0.48376623376623373,0.4791489361702127,-0.03436040663720258
2150,baseline_plus_md,row_weighted,0.6428571428571429,0.55995670995671,0.7745421245421246,0.6309523809523809,0.606060606060606,0.2828894749305018
2150,baseline_plus_md,source_balanced,0.3474025974025974,0.5618792971734148,0.5392857142857143,0.5844155844155844,0.5555555555555556,0.26189246330824845
2151,baseline,row_weighted,0.4761904761904762,0.475071225071225,0.6069684283969998,0.45238095238095233,0.4484848484848485,-0.09759000729485333
2151,baseline,source_balanced,0.29220779220779214,0.5486591593272627,0.4247835497835497,0.41558441558441556,0.4155844155844156,-0.1688311688311691
2151,baseline_plus_md,row_weighted,0.6428571428571429,0.55995670995671,0.7745421245421246,0.7023809523809523,0.6904761904761905,0.4147575310031266
2151,baseline_plus_md,source_balanced,0.3474025974025974,0.5550611153552328,0.5392857142857143,0.6201298701298701,0.6067527308838133,0.33868074965743356
2152,baseline,row_weighted,0.4761904761904762,0.475071225071225,0.6069684283969998,0.5357142857142857,0.5357142857142857,0.07142857142857142
2152,baseline,source_balanced,0.29220779220779214,0.5486591593272627,0.4247835497835497,0.48376623376623373,0.4791489361702127,-0.03436040663720258
2152,baseline_plus_md,row_weighted,0.6428571428571429,0.55995670995671,0.7745421245421246,0.7023809523809523,0.6904761904761905,0.4147575310031266
2152,baseline_plus_md,source_balanced,0.3474025974025974,0.5607429335370512,0.5392857142857143,0.6201298701298701,0.6067527308838133,0.33868074965743356
2153,baseline,row_weighted,0.5,0.49173789173789173,0.6168890633176347,0.5357142857142857,0.5357142857142857,0.07142857142857142
2153,baseline,source_balanced,0.30194805194805185,0.5520682502363536,0.4307359307359307,0.48376623376623373,0.4791489361702127,-0.03436040663720258
2153,baseline_plus_md,row_weighted,0.6428571428571429,0.55995670995671,0.7745421245421246,0.6309523809523809,0.606060606060606,0.2828894749305018
2153,baseline_plus_md,source_balanced,0.3474025974025974,0.5618792971734148,0.5392857142857143,0.5844155844155844,0.5555555555555556,0.26189246330824845
2154,baseline,row_weighted,0.5,0.49173789173789173,0.6168890633176347,0.5357142857142857,0.5357142857142857,0.07142857142857142
2154,baseline,source_balanced,0.30194805194805185,0.5520682502363536,0.4307359307359307,0.48376623376623373,0.4791489361702127,-0.03436040663720258
2154,baseline_plus_md,row_weighted,0.6428571428571429,0.55995670995671,0.7745421245421246,0.7023809523809523,0.6904761904761905,0.4147575310031266
2154,baseline_plus_md,source_balanced,0.3474025974025974,0.5607429335370512,0.5392857142857143,0.6201298701298701,0.6067527308838133,0.33868074965743356
2155,baseline,row_weighted,0.4761904761904762,0.475071225071225,0.6069684283969998,0.5357142857142857,0.5357142857142857,0.07142857142857142
2155,baseline,source_balanced,0.29220779220779214,0.5486591593272627,0.4247835497835497,0.48376623376623373,0.4791489361702127,-0.03436040663720258
2155,baseline_plus_md,row_weighted,0.6428571428571429,0.55995670995671,0.7745421245421246,0.6309523809523809,0.606060606060606,0.2828894749305018
2155,baseline_plus_md,source_balanced,0.3474025974025974,0.5618792971734148,0.5392857142857143,0.5844155844155844,0.5555555555555556,0.26189246330824845
2156,baseline,row_weighted,0.4761904761904762,0.475071225071225,0.6069684283969998,0.5357142857142857,0.5357142857142857,0.07142857142857142
2156,baseline,source_balanced,0.29220779220779214,0.5486591593272627,0.4247835497835497,0.48376623376623373,0.4791489361702127,-0.03436040663720258
2156,baseline_plus_md,row_weighted,0.6428571428571429,0.55995670995671,0.7745421245421246,0.6309523809523809,0.606060606060606,0.2828894749305018
2156,baseline_plus_md,source_balanced,0.3474025974025974,0.5618792971734148,0.5392857142857143,0.5844155844155844,0.5555555555555556,0.26189246330824845
2157,baseline,row_weighted,0.4761904761904762,0.475071225071225,0.6069684283969998,0.45238095238095233,0.4484848484848485,-0.09759000729485333
2157,baseline,source_balanced,0.29220779220779214,0.5486591593272627,0.4247835497835497,0.41558441558441556,0.4155844155844156,-0.1688311688311691
2157,baseline_plus_md,row_weighted,0.5952380952380953,0.545970695970696,0.6793040293040293,0.6309523809523809,0.606060606060606,0.2828894749305018
2157,baseline_plus_md,source_balanced,0.3409090909090909,0.5618686868686869,0.4916666666666666,0.5844155844155844,0.5555555555555556,0.26189246330824845
2158,baseline,row_weighted,0.5,0.486975986975987,0.6205738705738706,0.5476190476190476,0.5357142857142857,0.09759000729485333
2158,baseline,source_balanced,0.30194805194805185,0.5516819985569985,0.4345238095238095,0.5162337662337663,0.4957983193277311,0.03999232221113232
2158,baseline_plus_md,row_weighted,0.6428571428571429,0.55995670995671,0.7745421245421246,0.7023809523809523,0.6904761904761905,0.4147575310031266
2158,baseline_plus_md,source_balanced,0.3474025974025974,0.5607429335370512,0.5392857142857143,0.6201298701298701,0.6067527308838133,0.33868074965743356
2159,baseline,row_weighted,0.4761904761904762,0.48247863247863243,0.5954604918890634,0.6071428571428572,0.606060606060606,0.21957751641341997
2159,baseline,source_balanced,0.29220779220779214,0.5493564733768496,0.4077767470624613,0.5194805194805194,0.5183946488294314,0.040291148201268875
2159,baseline_plus_md,row_weighted,0.5952380952380953,0.545970695970696,0.6793040293040293,0.6309523809523809,0.606060606060606,0.2828894749305018
2159,baseline_plus_md,source_balanced,0.3409090909090909,0.5602453102453102,0.4916666666666666,0.5844155844155844,0.5555555555555556,0.26189246330824845
2160,baseline,row_weighted,0.4761904761904762,0.475071225071225,0.6069684283969998,0.4642857142857143,0.46153846153846156,-0.07142857142857142
2160,baseline,source_balanced,0.29220779220779214,0.5486591593272627,0.4247835497835497,0.44805194805194803,0.4375,-0.11308055883843511
2160,baseline_plus_md,row_weighted,0.5952380952380953,0.545970695970696,0.6793040293040293,0.6309523809523809,0.606060606060606,0.2828894749305018
2160,baseline_plus_md,source_balanced,0.3409090909090909,0.5618686868686869,0.4916666666666666,0.5844155844155844,0.5555555555555556,0.26189246330824845
2161,baseline,row_weighted,0.5,0.49173789173789173,0.6168890633176347,0.6071428571428572,0.606060606060606,0.21957751641341997
2161,baseline,source_balanced,0.30194805194805185,0.5520682502363536,0.4307359307359307,0.5194805194805194,0.5183946488294314,0.040291148201268875
2161,baseline_plus_md,row_weighted,0.5952380952380953,0.545970695970696,0.6793040293040293,0.7023809523809523,0.6904761904761905,0.4147575310031266
2161,baseline_plus_md,source_balanced,0.3409090909090909,0.5618686868686869,0.4916666666666666,0.6201298701298701,0.6067527308838133,0.33868074965743356
2162,baseline,row_weighted,0.4761904761904762,0.475071225071225,0.6069684283969998,0.5357142857142857,0.5357142857142857,0.07142857142857142
2162,baseline,source_balanced,0.29220779220779214,0.5486591593272627,0.4247835497835497,0.48376623376623373,0.4791489361702127,-0.03436040663720258
2162,baseline_plus_md,row_weighted,0.6428571428571429,0.55995670995671,0.7745421245421246,0.7023809523809523,0.6904761904761905,0.4147575310031266
2162,baseline_plus_md,source_balanced,0.3474025974025974,0.5618792971734148,0.5392857142857143,0.6201298701298701,0.6067527308838133,0.33868074965743356
2163,baseline,row_weighted,0.5238095238095238,0.5036426536426536,0.6304945054945055,0.6190476190476191,0.6153846153846154,0.23809523809523808
2163,baseline,source_balanced,0.3116883116883116,0.5550910894660894,0.4404761904761904,0.551948051948052,0.5418181818181819,0.1218289807746346
2163,baseline_plus_md,row_weighted,0.6428571428571429,0.55995670995671,0.7745421245421246,0.6309523809523809,0.606060606060606,0.2828894749305018
2163,baseline_plus_md,source_balanced,0.3474025974025974,0.5618792971734148,0.5392857142857143,0.5844155844155844,0.5555555555555556,0.26189246330824845
2164,baseline,row_weighted,0.5476190476190477,0.5195156695156695,0.6432496075353218,0.6904761904761905,0.6904761904761905,0.38095238095238093
2164,baseline,source_balanced,0.3214285714285714,0.5583378427128427,0.4503968253968253,0.5876623376623377,0.5847382431233363,0.19738550848793068
2164,baseline_plus_md,row_weighted,0.5952380952380953,0.545970695970696,0.6793040293040293,0.6309523809523809,0.606060606060606,0.2828894749305018
2164,baseline_plus_md,source_balanced,0.3409090909090909,0.5602453102453102,0.4916666666666666,0.5844155844155844,0.5555555555555556,0.26189246330824845
2165,baseline,row_weighted,0.4761904761904762,0.475071225071225,0.6069684283969998,0.5357142857142857,0.5357142857142857,0.07142857142857142
2165,baseline,source_balanced,0.29220779220779214,0.5486591593272627,0.4247835497835497,0.48376623376623373,0.4791489361702127,-0.03436040663720258
2165,baseline_plus_md,row_weighted,0.6428571428571429,0.55995670995671,0.7745421245421246,0.7023809523809523,0.6904761904761905,0.4147575310031266
2165,baseline_plus_md,source_balanced,0.3474025974025974,0.5550611153552328,0.5392857142857143,0.6201298701298701,0.6067527308838133,0.33868074965743356
2166,baseline,row_weighted,0.4761904761904762,0.475071225071225,0.6069684283969998,0.5357142857142857,0.5357142857142857,0.07142857142857142
2166,baseline,source_balanced,0.29220779220779214,0.5486591593272627,0.4247835497835497,0.48376623376623373,0.4791489361702127,-0.03436040663720258
2166,baseline_plus_md,row_weighted,0.6428571428571429,0.55995670995671,0.7745421245421246,0.6309523809523809,0.606060606060606,0.2828894749305018
2166,baseline_plus_md,source_balanced,0.3474025974025974,0.5635026737967914,0.5392857142857143,0.5844155844155844,0.5555555555555556,0.26189246330824845
2167,baseline,row_weighted,0.4761904761904762,0.48247863247863243,0.5954604918890634,0.5357142857142857,0.5357142857142857,0.07142857142857142
2167,baseline,source_balanced,0.29220779220779214,0.5493564733768496,0.4077767470624613,0.48376623376623373,0.4791489361702127,-0.03436040663720258
2167,baseline_plus_md,row_weighted,0.6428571428571429,0.55995670995671,0.7745421245421246,0.6309523809523809,0.606060606060606,0.2828894749305018
2167,baseline_plus_md,source_balanced,0.3474025974025974,0.5618792971734148,0.5392857142857143,0.5844155844155844,0.5555555555555556,0.26189246330824845
2168,baseline,row_weighted,0.5,0.49173789173789173,0.6168890633176347,0.6071428571428572,0.606060606060606,0.21957751641341997
2168,baseline,source_balanced,0.30194805194805185,0.5520682502363536,0.4307359307359307,0.5194805194805194,0.5183946488294314,0.040291148201268875
2168,baseline_plus_md,row_weighted,0.5952380952380953,0.545970695970696,0.6793040293040293,0.7023809523809523,0.6904761904761905,0.4147575310031266
2168,baseline_plus_md,source_balanced,0.3409090909090909,0.5602453102453102,0.4916666666666666,0.6201298701298701,0.6067527308838133,0.33868074965743356
2169,baseline,row_weighted,0.5,0.49173789173789173,0.6168890633176347,0.6071428571428572,0.606060606060606,0.21957751641341997
2169,baseline,source_balanced,0.30194805194805185,0.5520682502363536,0.4307359307359307,0.5194805194805194,0.5183946488294314,0.040291148201268875
2169,baseline_plus_md,row_weighted,0.6428571428571429,0.55995670995671,0.7745421245421246,0.7738095238095238,0.7692307692307693,0.5476190476190477
2169,baseline_plus_md,source_balanced,0.3474025974025974,0.5618792971734148,0.5392857142857143,0.6558441558441559,0.6538461538461539,0.40771775315010056
2170,baseline,row_weighted,0.4761904761904762,0.475071225071225,0.6069684283969998,0.5357142857142857,0.5357142857142857,0.07142857142857142
2170,baseline,source_balanced,0.29220779220779214,0.5486591593272627,0.4247835497835497,0.48376623376623373,0.4791489361702127,-0.03436040663720258
2170,baseline_plus_md,row_weighted,0.6428571428571429,0.55995670995671,0.7745421245421246,0.6309523809523809,0.606060606060606,0.2828894749305018
2170,baseline_plus_md,source_balanced,0.3474025974025974,0.5607429335370512,0.5392857142857143,0.5844155844155844,0.5555555555555556,0.26189246330824845
2171,baseline,row_weighted,0.4523809523809524,0.4658119658119658,0.5855398569684284,0.4642857142857143,0.46153846153846156,-0.07142857142857142
2171,baseline,source_balanced,0.2824675324675324,0.5459473824677586,0.4018243661100803,0.44805194805194803,0.4375,-0.11308055883843511
2171,baseline_plus_md,row_weighted,0.5952380952380953,0.545970695970696,0.6793040293040293,0.7023809523809523,0.6904761904761905,0.4147575310031266
2171,baseline_plus_md,source_balanced,0.3409090909090909,0.5602453102453102,0.4916666666666666,0.6201298701298701,0.6067527308838133,0.33868074965743356
2172,baseline,row_weighted,0.5,0.49173789173789173,0.6168890633176347,0.5357142857142857,0.5357142857142857,0.07142857142857142
2172,baseline,source_balanced,0.30194805194805185,0.5520682502363536,0.4307359307359307,0.48376623376623373,0.4791489361702127,-0.03436040663720258
2172,baseline_plus_md,row_weighted,0.6428571428571429,0.55995670995671,0.7745421245421246,0.6309523809523809,0.606060606060606,0.2828894749305018
2172,baseline_plus_md,source_balanced,0.3474025974025974,0.5635026737967914,0.5392857142857143,0.5844155844155844,0.5555555555555556,0.26189246330824845
2173,baseline,row_weighted,0.4761904761904762,0.4777167277167277,0.599145299145299,0.45238095238095233,0.4484848484848485,-0.09759000729485333
2173,baseline,source_balanced,0.29220779220779214,0.5489702216974944,0.4115646258503401,0.41558441558441556,0.4155844155844156,-0.1688311688311691
2173,baseline_plus_md,row_weighted,0.5952380952380953,0.545970695970696,0.6793040293040293,0.6309523809523809,0.606060606060606,0.2828894749305018
2173,baseline_plus_md,source_balanced,0.3409090909090909,0.5618686868686869,0.4916666666666666,0.5844155844155844,0.5555555555555556,0.26189246330824845
2174,baseline,row_weighted,0.5,0.49173789173789173,0.6168890633176347,0.5357142857142857,0.5357142857142857,0.07142857142857142
2174,baseline,source_balanced,0.30194805194805185,0.5520682502363536,0.4307359307359307,0.48376623376623373,0.4791489361702127,-0.03436040663720258
2174,baseline_plus_md,row_weighted,0.6428571428571429,0.55995670995671,0.7745421245421246,0.7023809523809523,0.6904761904761905,0.4147575310031266
2174,baseline_plus_md,source_balanced,0.3474025974025974,0.5618792971734148,0.5392857142857143,0.6201298701298701,0.6067527308838133,0.33868074965743356
2175,baseline,row_weighted,0.4761904761904762,0.475071225071225,0.6069684283969998,0.5357142857142857,0.5357142857142857,0.07142857142857142
2175,baseline,source_balanced,0.29220779220779214,0.5486591593272627,0.4247835497835497,0.48376623376623373,0.4791489361702127,-0.03436040663720258
2175,baseline_plus_md,row_weighted,0.6428571428571429,0.55995670995671,0.7745421245421246,0.6309523809523809,0.606060606060606,0.2828894749305018
2175,baseline_plus_md,source_balanced,0.3474025974025974,0.5635026737967914,0.5392857142857143,0.5844155844155844,0.5555555555555556,0.26189246330824845
2176,baseline,row_weighted,0.4761904761904762,0.475071225071225,0.6069684283969998,0.5357142857142857,0.5357142857142857,0.07142857142857142
2176,baseline,source_balanced,0.29220779220779214,0.5486591593272627,0.4247835497835497,0.48376623376623373,0.4791489361702127,-0.03436040663720258
2176,baseline_plus_md,row_weighted,0.5952380952380953,0.545970695970696,0.6793040293040293,0.6309523809523809,0.606060606060606,0.2828894749305018
2176,baseline_plus_md,source_balanced,0.3409090909090909,0.5550505050505049,0.4916666666666666,0.5844155844155844,0.5555555555555556,0.26189246330824845
2177,baseline,row_weighted,0.4761904761904762,0.475071225071225,0.6069684283969998,0.5357142857142857,0.5357142857142857,0.07142857142857142
2177,baseline,source_balanced,0.29220779220779214,0.5486591593272627,0.4247835497835497,0.48376623376623373,0.4791489361702127,-0.03436040663720258
2177,baseline_plus_md,row_weighted,0.5952380952380953,0.545970695970696,0.6793040293040293,0.6309523809523809,0.606060606060606,0.2828894749305018
2177,baseline_plus_md,source_balanced,0.3409090909090909,0.5591089466089466,0.4916666666666666,0.5844155844155844,0.5555555555555556,0.26189246330824845
2178,baseline,row_weighted,0.5,0.49173789173789173,0.6168890633176347,0.5357142857142857,0.5357142857142857,0.07142857142857142
2178,baseline,source_balanced,0.30194805194805185,0.5520682502363536,0.4307359307359307,0.48376623376623373,0.4791489361702127,-0.03436040663720258
2178,baseline_plus_md,row_weighted,0.6428571428571429,0.55995670995671,0.7745421245421246,0.6309523809523809,0.606060606060606,0.2828894749305018
2178,baseline_plus_md,source_balanced,0.3474025974025974,0.5550611153552328,0.5392857142857143,0.5844155844155844,0.5555555555555556,0.26189246330824845
2179,baseline,row_weighted,0.5238095238095238,0.5036426536426536,0.6304945054945055,0.6190476190476191,0.6153846153846154,0.23809523809523808
2179,baseline,source_balanced,0.3116883116883116,0.5550910894660894,0.4404761904761904,0.551948051948052,0.5418181818181819,0.1218289807746346
2179,baseline_plus_md,row_weighted,0.5952380952380953,0.545970695970696,0.6793040293040293,0.6309523809523809,0.606060606060606,0.2828894749305018
2179,baseline_plus_md,source_balanced,0.3409090909090909,0.5602453102453102,0.4916666666666666,0.5844155844155844,0.5555555555555556,0.26189246330824845
2180,baseline,row_weighted,0.5,0.486975986975987,0.6205738705738706,0.6190476190476191,0.6153846153846154,0.23809523809523808
2180,baseline,source_balanced,0.30194805194805185,0.5516819985569985,0.4345238095238095,0.551948051948052,0.5418181818181819,0.1218289807746346
2180,baseline_plus_md,row_weighted,0.6428571428571429,0.55995670995671,0.7745421245421246,0.7023809523809523,0.6904761904761905,0.4147575310031266
2180,baseline_plus_md,source_balanced,0.3474025974025974,0.5618792971734148,0.5392857142857143,0.6201298701298701,0.6067527308838133,0.33868074965743356
2181,baseline,row_weighted,0.5476190476190477,0.5057239057239057,0.71212715855573,0.6071428571428572,0.606060606060606,0.21957751641341997
2181,baseline,source_balanced,0.30844155844155835,0.5537022371644582,0.4783549783549783,0.5194805194805194,0.5183946488294314,0.040291148201268875
2181,baseline_plus_md,row_weighted,0.6428571428571429,0.55995670995671,0.7745421245421246,0.7738095238095238,0.7692307692307693,0.5476190476190477
2181,baseline_plus_md,source_balanced,0.3474025974025974,0.5607429335370512,0.5392857142857143,0.6558441558441559,0.6538461538461539,0.40771775315010056
2182,baseline,row_weighted,0.4761904761904762,0.475071225071225,0.6069684283969998,0.5357142857142857,0.5357142857142857,0.07142857142857142
2182,baseline,source_balanced,0.29220779220779214,0.5486591593272627,0.4247835497835497,0.48376623376623373,0.4791489361702127,-0.03436040663720258
2182,baseline_plus_md,row_weighted,0.6428571428571429,0.55995670995671,0.7745421245421246,0.6309523809523809,0.606060606060606,0.2828894749305018
2182,baseline_plus_md,source_balanced,0.3474025974025974,0.5635026737967914,0.5392857142857143,0.5844155844155844,0.5555555555555556,0.26189246330824845
2183,baseline,row_weighted,0.4761904761904762,0.48247863247863243,0.5954604918890634,0.5357142857142857,0.5357142857142857,0.07142857142857142
2183,baseline,source_balanced,0.29220779220779214,0.5493564733768496,0.4077767470624613,0.48376623376623373,0.4791489361702127,-0.03436040663720258
2183,baseline_plus_md,row_weighted,0.6428571428571429,0.55995670995671,0.7745421245421246,0.7023809523809523,0.6904761904761905,0.4147575310031266
2183,baseline_plus_md,source_balanced,0.3474025974025974,0.5618792971734148,0.5392857142857143,0.6201298701298701,0.6067527308838133,0.33868074965743356
2184,baseline,row_weighted,0.5,0.49173789173789173,0.6168890633176347,0.5357142857142857,0.5357142857142857,0.07142857142857142
2184,baseline,source_balanced,0.30194805194805185,0.5520682502363536,0.4307359307359307,0.48376623376623373,0.4791489361702127,-0.03436040663720258
2184,baseline_plus_md,row_weighted,0.5952380952380953,0.545970695970696,0.6793040293040293,0.7023809523809523,0.6904761904761905,0.4147575310031266
2184,baseline_plus_md,source_balanced,0.3409090909090909,0.5618686868686869,0.4916666666666666,0.6201298701298701,0.6067527308838133,0.33868074965743356
2185,baseline,row_weighted,0.5,0.486975986975987,0.6205738705738706,0.45238095238095233,0.4484848484848485,-0.09759000729485333
2185,baseline,source_balanced,0.30194805194805185,0.5516819985569985,0.4345238095238095,0.41558441558441556,0.4155844155844156,-0.1688311688311691
2185,baseline_plus_md,row_weighted,0.5952380952380953,0.545970695970696,0.6793040293040293,0.6309523809523809,0.606060606060606,0.2828894749305018
2185,baseline_plus_md,source_balanced,0.3409090909090909,0.5602453102453102,0.4916666666666666,0.5844155844155844,0.5555555555555556,0.26189246330824845
2186,baseline,row_weighted,0.4523809523809524,0.4658119658119658,0.5855398569684284,0.5357142857142857,0.5357142857142857,0.07142857142857142
2186,baseline,source_balanced,0.2824675324675324,0.5459473824677586,0.4018243661100803,0.48376623376623373,0.4791489361702127,-0.03436040663720258
2186,baseline_plus_md,row_weighted,0.6428571428571429,0.55995670995671,0.7745421245421246,0.7023809523809523,0.6904761904761905,0.4147575310031266
2186,baseline_plus_md,source_balanced,0.3474025974025974,0.5618792971734148,0.5392857142857143,0.6201298701298701,0.6067527308838133,0.33868074965743356
2187,baseline,row_weighted,0.4761904761904762,0.475071225071225,0.6069684283969998,0.5357142857142857,0.5357142857142857,0.07142857142857142
2187,baseline,source_balanced,0.29220779220779214,0.5486591593272627,0.4247835497835497,0.48376623376623373,0.4791489361702127,-0.03436040663720258
2187,baseline_plus_md,row_weighted,0.6428571428571429,0.55995670995671,0.7745421245421246,0.6309523809523809,0.606060606060606,0.2828894749305018
2187,baseline_plus_md,source_balanced,0.3474025974025974,0.5539247517188693,0.5392857142857143,0.5844155844155844,0.5555555555555556,0.26189246330824845
2188,baseline,row_weighted,0.5,0.49173789173789173,0.6168890633176347,0.6071428571428572,0.606060606060606,0.21957751641341997
2188,baseline,source_balanced,0.30194805194805185,0.5520682502363536,0.4307359307359307,0.5194805194805194,0.5183946488294314,0.040291148201268875
2188,baseline_plus_md,row_weighted,0.6428571428571429,0.55995670995671,0.7745421245421246,0.6309523809523809,0.606060606060606,0.2828894749305018
2188,baseline_plus_md,source_balanced,0.3474025974025974,0.5618792971734148,0.5392857142857143,0.5844155844155844,0.5555555555555556,0.26189246330824845
2189,baseline,row_weighted,0.4761904761904762,0.475071225071225,0.6069684283969998,0.5238095238095238,0.5125,0.05143444998736397
2189,baseline,source_balanced,0.29220779220779214,0.5486591593272627,0.4247835497835497,0.4512987012987013,0.4514835605453088,-0.09631426606617752
2189,baseline_plus_md,row_weighted,0.6428571428571429,0.55995670995671,0.7745421245421246,0.6309523809523809,0.606060606060606,0.2828894749305018
2189,baseline_plus_md,source_balanced,0.3474025974025974,0.5607429335370512,0.5392857142857143,0.5844155844155844,0.5555555555555556,0.26189246330824845
2190,baseline,row_weighted,0.5,0.49173789173789173,0.6168890633176347,0.5357142857142857,0.5357142857142857,0.07142857142857142
2190,baseline,source_balanced,0.30194805194805185,0.5520682502363536,0.4307359307359307,0.48376623376623373,0.4791489361702127,-0.03436040663720258
2190,baseline_plus_md,row_weighted,0.5952380952380953,0.545970695970696,0.6793040293040293,0.6309523809523809,0.606060606060606,0.2828894749305018
2190,baseline_plus_md,source_balanced,0.3409090909090909,0.5534271284271283,0.4916666666666666,0.5844155844155844,0.5555555555555556,0.26189246330824845
2191,baseline,row_weighted,0.5238095238095238,0.5036426536426536,0.6304945054945055,0.6190476190476191,0.6153846153846154,0.23809523809523808
2191,baseline,source_balanced,0.3116883116883116,0.5550910894660894,0.4404761904761904,0.551948051948052,0.5418181818181819,0.1218289807746346
2191,baseline_plus_md,row_weighted,0.5952380952380953,0.545970695970696,0.6793040293040293,0.6309523809523809,0.606060606060606,0.2828894749305018
2191,baseline_plus_md,source_balanced,0.3409090909090909,0.5602453102453102,0.4916666666666666,0.5844155844155844,0.5555555555555556,0.26189246330824845
2192,baseline,row_weighted,0.4761904761904762,0.475071225071225,0.6069684283969998,0.5357142857142857,0.5357142857142857,0.07142857142857142
2192,baseline,source_balanced,0.29220779220779214,0.5486591593272627,0.4247835497835497,0.48376623376623373,0.4791489361702127,-0.03436040663720258
2192,baseline_plus_md,row_weighted,0.5952380952380953,0.545970695970696,0.6793040293040293,0.6309523809523809,0.606060606060606,0.2828894749305018
2192,baseline_plus_md,source_balanced,0.3409090909090909,0.5602453102453102,0.4916666666666666,0.5844155844155844,0.5555555555555556,0.26189246330824845
2193,baseline,row_weighted,0.4761904761904762,0.475071225071225,0.6069684283969998,0.5357142857142857,0.5357142857142857,0.07142857142857142
2193,baseline,source_balanced,0.29220779220779214,0.5486591593272627,0.4247835497835497,0.48376623376623373,0.4791489361702127,-0.03436040663720258
2193,baseline_plus_md,row_weighted,0.6428571428571429,0.55995670995671,0.7745421245421246,0.7023809523809523,0.6904761904761905,0.4147575310031266
2193,baseline_plus_md,source_balanced,0.3474025974025974,0.5607429335370512,0.5392857142857143,0.6201298701298701,0.6067527308838133,0.33868074965743356
2194,baseline,row_weighted,0.4523809523809524,0.4658119658119658,0.5855398569684284,0.5357142857142857,0.5357142857142857,0.07142857142857142
2194,baseline,source_balanced,0.2824675324675324,0.5459473824677586,0.4018243661100803,0.48376623376623373,0.4791489361702127,-0.03436040663720258
2194,baseline_plus_md,row_weighted,0.6428571428571429,0.55995670995671,0.7745421245421246,0.7023809523809523,0.6904761904761905,0.4147575310031266
2194,baseline_plus_md,source_balanced,0.3474025974025974,0.5607429335370512,0.5392857142857143,0.6201298701298701,0.6067527308838133,0.33868074965743356
2195,baseline,row_weighted,0.5238095238095238,0.5036426536426536,0.6304945054945055,0.5357142857142857,0.5357142857142857,0.07142857142857142
2195,baseline,source_balanced,0.3116883116883116,0.5550910894660894,0.4404761904761904,0.48376623376623373,0.4791489361702127,-0.03436040663720258
2195,baseline_plus_md,row_weighted,0.6428571428571429,0.55995670995671,0.7745421245421246,0.6309523809523809,0.606060606060606,0.2828894749305018
2195,baseline_plus_md,source_balanced,0.3474025974025974,0.5618792971734148,0.5392857142857143,0.5844155844155844,0.5555555555555556,0.26189246330824845
2196,baseline,row_weighted,0.5,0.49173789173789173,0.6168890633176347,0.5357142857142857,0.5357142857142857,0.07142857142857142
2196,baseline,source_balanced,0.30194805194805185,0.5520682502363536,0.4307359307359307,0.48376623376623373,0.4791489361702127,-0.03436040663720258
2196,baseline_plus_md,row_weighted,0.6428571428571429,0.55995670995671,0.7745421245421246,0.7023809523809523,0.6904761904761905,0.4147575310031266
2196,baseline_plus_md,source_balanced,0.3474025974025974,0.5607429335370512,0.5392857142857143,0.6201298701298701,0.6067527308838133,0.33868074965743356
2197,baseline,row_weighted,0.4761904761904762,0.475071225071225,0.6069684283969998,0.5357142857142857,0.5357142857142857,0.07142857142857142
2197,baseline,source_balanced,0.29220779220779214,0.5486591593272627,0.4247835497835497,0.48376623376623373,0.4791489361702127,-0.03436040663720258
2197,baseline_plus_md,row_weighted,0.5952380952380953,0.545970695970696,0.6793040293040293,0.6309523809523809,0.606060606060606,0.2828894749305018
2197,baseline_plus_md,source_balanced,0.3409090909090909,0.5602453102453102,0.4916666666666666,0.5844155844155844,0.5555555555555556,0.26189246330824845
2198,baseline,row_weighted,0.4523809523809524,0.4658119658119658,0.5855398569684284,0.5357142857142857,0.5357142857142857,0.07142857142857142
2198,baseline,source_balanced,0.26948051948051943,0.5425853160558388,0.36372912801484225,0.48376623376623373,0.4791489361702127,-0.03436040663720258
2198,baseline_plus_md,row_weighted,0.6428571428571429,0.55995670995671,0.7745421245421246,0.6309523809523809,0.606060606060606,0.2828894749305018
2198,baseline_plus_md,source_balanced,0.3474025974025974,0.5635026737967914,0.5392857142857143,0.5844155844155844,0.5555555555555556,0.26189246330824845
2199,baseline,row_weighted,0.42857142857142855,0.4685897435897436,0.5478414442700157,0.5357142857142857,0.5357142857142857,0.07142857142857142
2199,baseline,source_balanced,0.2727272727272727,0.5443059683263445,0.3601576994434137,0.48376623376623373,0.4791489361702127,-0.03436040663720258
2199,baseline_plus_md,row_weighted,0.6428571428571429,0.55995670995671,0.7745421245421246,0.7023809523809523,0.6904761904761905,0.4147575310031266
2199,baseline_plus_md,source_balanced,0.3474025974025974,0.5618792971734148,0.5392857142857143,0.6201298701298701,0.6067527308838133,0.33868074965743356
